productId,brand,name,price,oldPrice
"1000192781","Allure","Носки женские Pierre Cardin/Allure Метц 20 den бежевые",99,119
"1000192778","Allure","Гольфы женские Эври Pierre Cardin/Allure 20 den бежевые",129,0
"8000010022","Allure","Колготки женские Allure Avignon бежевые р.3",406,0
"8000053900","Allure","Колготки женские Brilliant Allure коричневые 50Д р.2",199,379
"1186439951","Allure","Колготки женские Allure Vista 40 бежевые р.3",212,249
"8000010024","Allure","Колготки женские Allure Avignon черные р.3",406,0
"1000029831","Allure","Чулки женские Pierre Cardin/Allure Ля Рошель 20 den черные р4",499,0
"4000041712","Allure","Носки мужские Pierre Cardin/Allure Андреа черные р29-31 (43-46)",179,0
"4000042103","Allure","Гольфы женские Ним Pierre Cardin/Ним Allure черные",139,0
"4000041710","Allure","Носки мужские Pierre Cardin/Allure Андреа черные р25-27 (39-42)",179,0
"4000044973","Allure","Чулки женские Pierre Cardin/Allure Ля Рошель 20 den бежевые р3",499,0
"6949990046","Allure","Колготки женские Allure Vista 20 черные р.5",199,0
"6949990069","Allure","Колготки женские Allure Vista 20 телесные р.4",199,0
"4000044974","Allure","Чулки женские Pierre Cardin/Allure Ля Рошель 20 den бежевые р4",499,0
"6949990058","Allure","Колготки женские Allure Vista 20 телесные р.5",199,0
"6949990068","Allure","Колготки женские Allure Vista 20 телесные р.3",199,0
"1186439952","Allure","Колготки женские Allure Vista 40 бежевые р.4",212,249
"6949990067","Allure","Колготки женские Allure Vista 20 телесные р.2",199,0
"1000026329","Allure","Колготки женские Pierre Cardin/Allure Тулон 40 den бежевые р3",368,449
"6949990106","Allure","Колготки женские Allure Vista 20 черные р.3",199,0
"1186439956","Allure","Колготки женские Allure Vista 40 черные р.4",212,249
"1186439953","Allure","Колготки женские Allure Vista 40 бежевые р.5",249,0
"1189990202","Allure","Колготки женские Pierre Cardin/Allure Тулон 40 den черные р4",368,0
"1000192774","Allure","Гольфы женские Эври Pierre Cardin/Allure 20 den черные",129,0
"1000029830","Allure","Чулки женские Pierre Cardin/Allure Ля Рошель 20 den черные р3",499,0
"1186439955","Allure","Колготки женские Allure Vista 40 черные р.3",249,0
"8000063654","Allure","Бордовые колготки женские 20 den р.2 Allure Perlеs",337,0
"1189990201","Allure","Колготки женские Pierre Cardin/Allure Тулон 40 den черные р3",368,449
"1189992347","Allure","Носки мужские Pierre Cardin/Allure Карло черные р29-31 (43-46)",249,0
"1000029829","Allure","Чулки женские Pierre Cardin/Allure Ля Рошель 20 den черные р2",499,0
"6949990107","Allure","Колготки женские Allure Vista 20 черные р.4",199,0
"1000026330","Allure","Колготки женские Pierre Cardin/Allure Тулон 40 den бежевые р4",368,0
"1186439957","Allure","Колготки женские Allure Vista 40 черные р.5",249,0
"1189990360","Allure","Носки мужские Pierre Cardin/Allure Карло черные р25 (39-40)",249,0
"4000044972","Allure","Чулки женские Pierre Cardin/Allure Ля Рошель 20 den бежевые р2",499,0
"1000029824","Allure","Колготки женские Pierre Cardin/Allure ЛаМанш 40 den черные р4",299,0
"1189990360","Allure","Носки мужские Pierre Cardin/Allure Карло черные р25 (39-40)",249,0
"4000044972","Allure","Чулки женские Pierre Cardin/Allure Ля Рошель 20 den бежевые р2",499,0
"1000029824","Allure","Колготки женские Pierre Cardin/Allure ЛаМанш 40 den черные р4",299,0
"6949990105","Allure","Колготки женские Allure Vista 20 черные р.2",199,0
"1189990361","Allure","Носки мужские Pierre Cardin/Allure Карло черные р27 (41-42)",249,0
"8000010019","Allure","Колготки женские Allure Avignon черные р.4",406,0
"1189990200","Allure","Колготки женские Pierre Cardin/Allure Тулон 40 den черные р2",368,0
"1186439950","Allure","Колготки женские Allure Vista 40 бежевые р2",249,0
"1000057566","Allure","Колготки женские Pierre Cardin/Allure ЛаМанш 40 den бежевые р4",299,0
"8000063662","Allure","Чёрные колготки женские 40 den р.3 Nero Allure Stars",699,0
"8000063652","Allure","Бордовые колготки женские 20 den р.3 Allure Perlеs",349,0
"1000057565","Allure","Колготки женские Pierre Cardin/Allure ЛаМанш 40 den бежевые р3",299,0
"1186439954","Allure","Колготки женские Allure Vista 40 черные р.2",249,0
"1000029823","Allure","Колготки женские Pierre Cardin/Allure ЛаМанш 40 den черные р3",299,0
"4000030760","Allure","Колготки женские Allure Velour 120 черные р.4",281,399
"8000010021","Allure","Колготки женские Allure Avignon 40 бежевые р.2",406,0
"1000057564","Allure","Колготки женские Pierre Cardin/Allure ЛаМанш 40 den бежевые р2",299,0
"8000063657","Allure","Бордовые колготки женские 20 den р.4 Allure Perlеs",349,0
"1000029822","Allure","Колготки женские Pierre Cardin/Allure ЛаМанш 40 den черные р2",299,0
"8000010023","Allure","Колготки женские Allure Avignon 40 бежевые р.4",406,0
"8000063660","Allure","Чёрные колготки женские 40 den р.2 Nero Allure Stars",699,0
"8000063663","Allure","Чёрные колготки женские 40 den р.4 Nero Allure Stars",699,0
"8000010020","Allure","Колготки женские Allure Avignon 40 черные р.2",406,0
"4000105643","Allure","Колготки женские Allure Velour 120 черные р.5",281,399
"4000020749","Allure","Колготки женские Pierre Cardin/Allure Ла Манш 40 den черные макс",299,0
"4000020750","Allure","Колготки женские Pierre Cardin/Allure ЛаМанш 40 den бежевые макси",299,0
"1000307715","Always","Прокладки Always Platinum Ultra Ночные экстра-защита 5шт",129,189
"8000105656","Always","Гигиенические прокладки женские Maxi Secure Night Extra Always 6шт",129,0
"8000009788","Always","Прокладки Always Ultra Sensitive Night 7шт",139,189
"8000009791","Always","Прокладки Always Ultra Sensitive Normal Plus 20шт",199,249
"1000442249","Always","Прокладки Always Ultra Ночные экстра-защита 6шт",139,179
"1016090001","Always","Прокладки Always Ultra Super гигиенические 8шт",146,189
"8000009787","Always","Прокладки Always Ultra Normal 10шт",168,0
"1000385235","Always","Прокладки Always Ultra Ночные экстра-защита плюс 5шт",139,199
"1000209155","Always","Прокладки Always Platinum Ultra Night 6шт",129,169
"1016090067","Always","Прокладки Always Ultra Night Duo 14шт",233,366
"1000194530","Always","Прокладки Always Ultra Night 26шт",449,649
"1000280948","Always","Гигиенические прокладки нормальные незаметная защита Always 32шт",279,339
"1000205803","Always","Прокладки Always Platinum Ultra Нормал 8шт",129,169
"8000009789","Always","Прокладки Always Ultra Sensitive Super 8шт",139,189
"1000194531","Always","Прокладки Normal Ultra Always 36шт",449,649
"1000237803","Always","Прокладки Always Platinum Ultra Нормал 16шт",259,345
"1000209154","Always","Прокладки Always Platinum Ultra Супер 7шт",129,169
"1000459974","Always","Парфюмерная вода This Love Today Tomorrow Always Avon женская 50мл",2999,0
"1016300015","Always","Прокладки Always Ultra Night 7шт",146,189
"1000385237","Always","Прокладки Always Ultra Ночные экстра-защита плюс 10шт",279,345
"8000024018","Always","Прокладки Always Ultra женские гигиенические Nignt Ouatro 22шт",449,649
"1019990016","Always","Прокладки Always Ultra Super 16шт",269,366
"1000147867","Always","Прокладки Always Ultra Normal/Light 10шт в ассортименте",146,189
"8000009925","Always","Прокладки Always Ultra Night Duo Sensitive 14шт",269,333
"1000307716","Always","Прокладки Always Platinum Ultra Ночные экстра-защита 10шт",254,339
"8000105659","Always","Ежедневные прокладки гигиенические Незаметная защита Duo 24шт",259,0
"1000280951","Always","Прокладки ежедневные Always Everyday Незаметная защита экстраудлиненные 18шт",254,349
"1000259595","Always","Прокладки Always Platinum Ultra Super 14шт",249,345
"1000459973","Always","Парфюмерная вода Today Tomorrow Always Avon женская 45мл",2099,2999
"1000280950","Always","Прокладки ежедневные Always Everyday Незаметная защита удлиненные 28шт",299,349
"1000094924","Always","Прокладки Always Ultra Secure Night 12шт",279,356
"1000237802","Always","Прокладки Always Platinum Ultra Ночные 12шт",249,345
"1000280947","Always","Прокладки ежедневные Always Normal 20шт",178,239
"1000280949","Always","Прокладки ежедневные Always Everyday удлиненные 16шт",178,239
"1016300011","Always","Прокладки Always Ultra Normal 20шт",269,366
"1000525668","Always","Карандаш для глаз Wet N Wild Cike Youre Always White",172,269
"1000280949","Always","Прокладки ежедневные Always Everyday удлиненные 16шт",178,239
"1016300011","Always","Прокладки Always Ultra Normal 20шт",269,366
"1000525668","Always","Карандаш для глаз Wet N Wild Cike Youre Always White",172,269
"1000004749","Antonio Banderas","Туалетная вода Blue Seduction Antonio Banderas/Banderas мужская 50мл",1888,2499
"1000024176","Antonio Banderas","Туалетная вода Blue Seduction мужская Antonio Banderas/Banderas 100мл",2508,3499
"1000121742","Antonio Banderas","Туалетная вода King Of Seduction Antonio Banderas/Banderas мужская 100мл",2195,3499
"1000091112","Antonio Banderas","Туалетная вода Her Golden Secret Antonio Banderas/Banderas женская 50мл",2034,2999
"1000172770","Antonio Banderas","Туалетная вода Queen Of Seduction Antonio Banderas/Banderas женская 80мл",3332,0
"1000172771","Antonio Banderas","Туалетная вода Queen Of Seduction Antonio Banderas/Banderas женская 50мл",1858,2499
"1000249931","Antonio Banderas","Туалетная вода Power Of Seduction Antonio Banderas/Banderas мужская 100мл",2469,3499
"1000004748","Antonio Banderas","Туалетная вода Black Seduction Antonio Banderas/Banderas мужская 100мл",2469,3499
"1000004750","Antonio Banderas","Туалетная вода Blue Seduction For Women Antonio Banderas/Banderas женская 50мл",2499,0
"8000058632","Antonio Banderas","Парфюмерная вода Her Secret Pink Absolu Antonio Banderas/Banderas женская 50мл",2999,0
"1000024177","Antonio Banderas","Туалетная вода The Golden Secret Antonio Banderas/Banderas мужская 100мл",2715,3999
"1000392732","Antonio Banderas","Парфюмерная вода The Icon Antonio Banderas/Banderas мужская 100мл",3213,4499
"1000551596","Antonio Banderas","Парфюмерная вода The Icon Elixir Antonio Banderas/Banderas мужская 100мл",3385,4499
"1000023072","Antonio Banderas","Туалетная вода The Secret Antonio Banderas/Banderas мужская 100мл",2715,3999
"1000551598","Antonio Banderas","Парфюмерная вода The Secret Absolu Antonio Banderas/Banderas мужская 100мл",2886,3999
"1000207442","Antonio Banderas","Туалетная вода Her Secret Tempation Antonio Banderas/Banderas женская 50мл",2034,2999
"1000344160","Antonio Banderas","Туалетная вода The Icon Antonio Banderas/Banderas мужская 100мл",2961,3999
"1000301227","Antonio Banderas","Туалетная вода Her Secret Desire Antonio Banderas/Banderas женская 50мл",2034,2999
"1000121741","Antonio Banderas","Туалетная вода King Of Seduction Antonio Banderas/Banderas мужская 50мл",1858,2499
"1000158389","Antonio Banderas","Туалетная вода King of Seduction Antonio Banderas/Banderas мужская 50мл",1888,2499
"1000551597","Antonio Banderas","Парфюмерная вода The Icon Elixir Antonio Banderas/Banderas мужская 50мл",2540,3499
"1000551599","Antonio Banderas","Парфюмерная вода Her Secret Absolu Antonio Banderas/Banderas женская 50мл",2163,2999
"1000425632","Antonio Banderas","Туалетная вода Queen Of Seduction Antonio Banderas/Banderas женская 30мл",1299,0
"1000249932","Antonio Banderas","Туалетная вода Power Of Seduction Antonio Banderas/Banderas мужская 50мл",1858,2499
"1000392731","Antonio Banderas","Парфюмерная вода The Icon Antonio Banderas/Banderas мужская 50мл",2406,3499
"1000019245","Antonio Banderas","Туалетная вода Seduction In Black Antonio Banderas/Banderas мужская 50мл",1888,2699
"1000425631","Antonio Banderas","Туалетная вода Blue Seduction For Women Antonio Banderas/Banderas женская 30мл",1299,0
"8000058630","Antonio Banderas","Парфюмерная вода The Icon Woman Antonio Banderas/Banderas женская 50мл",3187,0
"1000425634","Antonio Banderas","Туалетная вода Blue Seduction Antonio Banderas/Banderas мужская 30мл",1349,0
"1000004751","Antonio Banderas","Туалетная вода The Secret Antonio Banderas/Banderas мужская 50мл",2034,2999
"1000344159","Antonio Banderas","Туалетная вода The Icon Antonio Banderas/Banderas мужская 50мл",2112,2999
"8000044012","Antonio Banderas","Парфюмерная вода Icon Man Supreme Antonio Banderas/Banderas мужская 100мл",3703,4499
"1000425630","Antonio Banderas","Туалетная вода King of Seduction Antonio Banderas/Banderas мужская 30мл",1349,0
"1000425635","Antonio Banderas","Туалетная вода Her Golden Secret Antonio Banderas/Banderas женская 30мл",1299,0
"1000425633","Antonio Banderas","Туалетная вода The Golden Secret Antonio Banderas/Banderas мужская 30мл",1349,0
"8000111919","Antonio Banderas","Парфюмерная вода мужская Seduction X Banderas 100мл",3999,0
"1000425635","Antonio Banderas","Туалетная вода Her Golden Secret Antonio Banderas/Banderas женская 30мл",1299,0
"1000425633","Antonio Banderas","Туалетная вода The Golden Secret Antonio Banderas/Banderas мужская 30мл",1349,0
"8000111919","Antonio Banderas","Парфюмерная вода мужская Seduction X Banderas 100мл",3999,0
"8000111918","Antonio Banderas","Парфюмерная вода женская The Icon Elixir Banderas 50мл",3499,0
"1000500878","Art-Visage","Подводка для глаз с кистью Черная Art-Visage Ink Line",154,299
"1000455664","Art-Visage","Финишная пудра Art-Visage Matte Infinity 100",356,499
"1000453796","Art-Visage","Тушь для ресниц Art-Visage Chicago объемная коричневая",396,449
"8000026593","Art-Visage","Подводка-фломастер для глаз Черная Art-Visage Chicago",374,423
"1000453797","Art-Visage","Тушь для ресниц Art-Visage Lash In The City",269,399
"1000453807","Art-Visage","Основа под макияж Art-Visage Skin Primer выравнивающая",233,269
"1000455674","Art-Visage","Консилер Art-Visage Fresh Viev светоотражающий стойкий тон 102",350,499
"1000455675","Art-Visage","Консилер Art-Visage Fresh Viev светоотражающий стойкий тон 103",350,499
"1000455663","Art-Visage","Скульптор Art-Visage Eclipse пудровый 202",374,499
"8000026594","Art-Visage","Гель для бровей ультра фиксация Art-Visage Ultimate Fix",263,349
"1000455671","Art-Visage","Тени для век Art-Visage Charm Duet двойные тон 04",337,449
"1000500876","Art-Visage","Подводка для глаз Черная Art-Visage Ink Line",191,299
"1000424356","Art-Visage","Гель для бровей и ресниц Art-Visage средней фиксации",237,279
"1000455666","Art-Visage","Пудра для лица Art-Visage Matte Control компактная матирующая тон 102",547,699
"1000455679","Art-Visage","Тональный крем Art-Visage perfect stay устойчивый 205",449,499
"1000455670","Art-Visage","Тени для век Art-Visage Charm Duet двойные тон 03",337,449
"1000455668","Art-Visage","Тени для век Art-Visage Charm Duet двойные тон 01",337,449
"1000455678","Art-Visage","Тональный крем Art-Visage perfect stay устойчивый 203",449,499
"1000455681","Art-Visage","Тональный СС-крем для лица Art-Visage Nude Stay увлажняющий 303",440,649
"1000424361","Art-Visage","Карандаш для бровей Art-Visage темно-серый тон 402",175,349
"1000455683","Art-Visage","Тональный СС-крем для лица Art-Visage Nude Stay увлажняющий 301",472,649
"1000455667","Art-Visage","Пудра Art-Visage Matte Control компактная матирующая 103",547,699
"8000026600","Art-Visage","Блеск для губ Avenue тон 511 Pink Glaze Art-Visage",268,355
"1000455669","Art-Visage","Тени для век Art-Visage Charm Duet двойные тон 02",337,449
"1000455677","Art-Visage","Тональный крем Art-Visage perfect stay устойчивый 202",449,499
"1000453798","Art-Visage","Тушь для ресниц Art-Visage Panoramic",400,453
"8000026602","Art-Visage","Блеск для губ Avenue тон 509 Celebrity Art-Visage",268,355
"1000455680","Art-Visage","Тональный СС-крем для лица Art-Visage Nude Stay увлажняющий тон 302",469,649
"8000026599","Art-Visage","Блеск для губ Avenue тон 501 Glass Art-Visage",268,355
"1000455665","Art-Visage","Пудра Art-Visage Matte Control компактная матирующая 101",547,699
"1000424354","Art-Visage","Гель для бровей и ресниц Art-Visage оттенок шатен",236,279
"8000026597","Art-Visage","Блеск для губ Avenue тон 502 Iconic Art-Visage",268,355
"8000026598","Art-Visage","Блеск для губ Avenue тон 512 Sangria Art-Visage",268,355
"8000026596","Art-Visage","Блеск для губ Avenue тон 508 Praline Art-Visage",268,355
"8000026606","Art-Visage","Блеск для губ Avenue тон 506 Nectar Art-Visage",268,355
"1000455682","Art-Visage","Тональный СС-крем для лица Art-Visage Nude Stay увлажняющий 304",469,649
"8000026596","Art-Visage","Блеск для губ Avenue тон 508 Praline Art-Visage",268,355
"8000026606","Art-Visage","Блеск для губ Avenue тон 506 Nectar Art-Visage",268,355
"1000455682","Art-Visage","Тональный СС-крем для лица Art-Visage Nude Stay увлажняющий 304",469,649
"8000026603","Art-Visage","Блеск для губ Avenue тон 503 Candy Rose Art-Visage",268,355
"8000026595","Art-Visage","Блеск для губ Avenue тон 505 French Rose Art-Visage",268,355
"8000026601","Art-Visage","Блеск для губ Avenue тон 507 Sandy Art-Visage",268,355
"1000424358","Art-Visage","Гель для бровей и ресниц Art-Visage оттенок брюнет",236,279
"8000026604","Art-Visage","Блеск для губ Avenue тон 510 Lilac Nude Art-Visage",268,355
"8000026605","Art-Visage","Блеск для губ Avenue тон 504 Prosseco Art-Visage",268,355
"8000106862","Beauty Bomb","Маркер для веснушек тон 01 Sun Factory Beauty Bomb",328,399
"8000106878","Beauty Bomb","Маска для губ тон 01 Lip Dreamland Beauty Bomb",458,549
"8000106865","Beauty Bomb","Палетка теней тон 01 Land Beauty Bomb",1199,0
"8000106882","Beauty Bomb","Блеск для губ тон 02 Merry-Go-Round Beauty Bomb",448,549
"8000044617","Beauty Bomb","Фиксирующая пудра для лица Milky Powder Beauty Bomb",419,0
"8000106864","Beauty Bomb","Бронзер для лица тон 01 Ferris Wheely Beauty Bomb",498,599
"8000044619","Beauty Bomb","Рассыпчатая пудра для лица Baking Powder Beauty Bomb",471,0
"8000106866","Beauty Bomb","Суфле для губ и щёк тон 02 Fun-Fair Beauty Bomb",350,599
"8000106871","Beauty Bomb","Накладные ресницы Carnival Craze Beauty Bomb",458,0
"8000076247","Beauty Bomb","Накладные ногти Horns'n Hooves Beauty Bomb",315,428
"8000012675","Beauty Bomb","Влагостойкая тушь для ресниц Kawaii тон 02 Beauty Bomb",194,385
"8000106875","Beauty Bomb","Тинт-маркер для глаз тон 01 Circus Smooch Beauty Bomb",315,549
"1000545613","Beauty Bomb","Контуринг для лица Beautyrone тон 01 Beauty Bomb",402,549
"8000106860","Beauty Bomb","Праймер желе для лица Enerjelly Beauty Bomb",498,0
"8000106881","Beauty Bomb","Блеск для губ тон 03 Merry-Go-Round Beauty Bomb",445,549
"8000073050","Beauty Bomb","Карандаш для губ Oops Beauty Bomb Romcore тон 01 Пыльно-розовый",98,219
"8000106873","Beauty Bomb","Суфле для губ и щек тон 01 Fun-fair Beauty Bomb",498,599
"8000076245","Beauty Bomb","Гелевый карандаш для губ Noon Saloon Beauty Bomb тон 01",194,499
"8000073054","Beauty Bomb","Карандаш для губ Oops Beauty Bomb Romcore тон 04 Тёмно-коричневый",98,219
"8000106874","Beauty Bomb","Блеск для губ  тон 01 Merry-Go-Round Beauty Bomb",448,549
"1000521945","Beauty Bomb","Дуохромный глиттер Tetrasomata тон 02 Beauty Bomb Ufo",449,0
"8000106861","Beauty Bomb","Палетка для лица тон 01 Roller Coaster Beauty Bomb",668,0
"8000020699","Beauty Bomb","Кремовая помада для губ Cream Crime тон 14 Beauty Bomb",164,399
"1000460914","Beauty Bomb","Палетка глиттеров Glitter Mania тон 01 Beauty Bomb",634,0
"1000460920","Beauty Bomb","Помада для губ в стике Lips Lipstick тон 02 Beauty Bomb",145,329
"8000104875","Beauty Bomb","Палетка теней для век двойная тон 04 Beauty Bomb",493,599
"8000086000","Beauty Bomb","Крем для рук Peach Yogurt Beauty Bomb 25мл",169,0
"8000073051","Beauty Bomb","Влагостойкая тушь для ресниц Color Smash Beauty Bomb тон 03",316,549
"1000542844","Beauty Bomb","Хайлайтер для лица Fairystone тон 01 Beauty Bomb",363,495
"1000460917","Beauty Bomb","Глиттер гель для лица Glitter Mania тон 03 Beauty Bomb",289,414
"1000460909","Beauty Bomb","Жидкий консилер для лица Smiley тон 01 Beauty Bomb",404,0
"8000104877","Beauty Bomb","Палетка теней для век двойная тон 03 Beauty Bomb",499,599
"8000020704","Beauty Bomb","Кремовая помада для губ Cream Crime тон 06 Beauty Bomb",164,399
"8000104872","Beauty Bomb","Палетка теней для век двойная тон 01 Beauty Bomb",499,599
"1000460919","Beauty Bomb","Помада для губ в стике Lips Lipstick тон 01 Beauty Bomb",145,329
"8000020707","Beauty Bomb","Кремовая помада для губ Cream Crime тон 04 Beauty Bomb",164,399
"8000104872","Beauty Bomb","Палетка теней для век двойная тон 01 Beauty Bomb",499,599
"1000460919","Beauty Bomb","Помада для губ в стике Lips Lipstick тон 01 Beauty Bomb",145,329
"8000020707","Beauty Bomb","Кремовая помада для губ Cream Crime тон 04 Beauty Bomb",164,399
"1000460905","Beauty Bomb","Помада для губ в стике Lips Lipstick тон 05 Beauty Bomb",145,329
"8000076234","Beauty Bomb","Палетка теней Cowgirl Beauty Bomb тон 01",349,498
"1000419817","Beauty Bomb","Пудра для лица Beauty Bomb Miner powder Минеральная тон 01",435,505
"8000076246","Beauty Bomb","Гель для умывания Gold Field Beauty Bomb 100мл",246,358
"8000020695","Beauty Bomb","Кремовая помада для губ Cream Crime тон 03 Beauty Bomb",164,399
"8000076243","Beauty Bomb","Плампер для губ Cactus Flower Beauty Bomb тон 01",293,418
"8000106876","Beauty Bomb","Тинт-маркер для глаз тон 02 Circus Smooch Beauty Bomb",445,549
"1000460916","Beauty Bomb","Глиттер гель для лица Glitter Mania тон 02 Beauty Bomb",289,414
"1000246951","Beauty Bomb","Консилер Beauty Bomb Bomb Concealer тон 01",282,0
"1000275341","Beauty Bomb","Карандаш для бровей Beauty Bomb Brow Tint тон 01",575,0
"8000076236","Beauty Bomb","Палетка теней Desert Eagle Beauty Bomb тон 01",349,498
"8000106863","Beauty Bomb","Двойная подводка для глаз тон 01 Magick Wand Beauty Bomb",558,649
"8000073045","Beauty Bomb","Тушь для ресниц удлиняющая тон 01 Beauty Bomb Piercy Drama Volume Mascara",451,799
"1000246955","Beauty Bomb","Палетка для контуринга Beauty Bomb тон 02",554,0
"8000012778","Beauty Bomb","Тени-желе для век 404 Not found тон 02 Beauty Bomb Cyberbomb",459,0
"8000073044","Beauty Bomb","Тональный крем-тинт для лица тон 01 Princess Skin Beauty Bomb ",366,599
"1000460923","Beauty Bomb","Помада для губ в стике Lips Lipstick тон 06 Beauty Bomb",145,329
"1000460911","Beauty Bomb","Жидкий консилер для лица Smiley тон 03 Beauty Bomb",404,0
"8000012781","Beauty Bomb","Тушь для бровей тон 02 Beauty Bomb Cyberbomb",359,0
"8000044620","Beauty Bomb","Румяна для лица Blush Sweetheart тон 01 Beauty Bomb",376,0
"1000450136","Beauty Bomb","Карандаш для губ Beauty Bomb Alt Lolita тон 05",278,0
"8000020702","Beauty Bomb","Кремовая помада для губ Cream Crime тон 07 Beauty Bomb",164,399
"8000044629","Beauty Bomb","Муссовая помада для губ тон 03 Beauty Bomb",419,0
"8000106867","Beauty Bomb","Гель-сыворотка для бровей Fix Festival Beauty Bomb",358,0
"1000558507","Beauty Bomb","Твердая тушь для ресниц SPB тон 01 Beauty Bomb Hooliguns",323,699
"8000012691","Beauty Bomb","Бальзам-тинт для губ HQTint тон 01 Beauty Bomb",321,439
"1000460915","Beauty Bomb","Глиттер гель для лица Glitter Mania тон 01 Beauty Bomb",289,414
"8000020700","Beauty Bomb","Кремовая помада для губ CreamCrime тон 10 Beauty Bomb",164,399
"8000012676","Beauty Bomb","Палетка для контуринга лица Contouring Princess тон 01 Beauty Bomb",449,515
"8000073047","Beauty Bomb","Влагостойкая тушь для ресниц Color Smash Beauty Bomb тон 01",316,549
"1000460910","Beauty Bomb","Жидкий консилер для лица Smiley тон 02 Beauty Bomb",404,0
"8000020697","Beauty Bomb","Кремовая помада для губ Cream Crime тон 08 Beauty Bomb",164,399
"8000009864","Beauty Bomb","Палетка консилеров для лица Total Cover тон 01 Beauty Bomb",587,0
"1000460910","Beauty Bomb","Жидкий консилер для лица Smiley тон 02 Beauty Bomb",404,0
"8000020697","Beauty Bomb","Кремовая помада для губ Cream Crime тон 08 Beauty Bomb",164,399
"8000009864","Beauty Bomb","Палетка консилеров для лица Total Cover тон 01 Beauty Bomb",587,0
"8000044621","Beauty Bomb","Румяна для лица Blush Sweetheart тон 02 Beauty Bomb",376,0
"1000445771","Beauty Bomb","Блеск для губ Beauty Bomb Glossy Bossy тон 02",298,0
"8000020703","Beauty Bomb","Кремовая помада для губ Cream Crime тон 02 Beauty Bomb",164,399
"1000460918","Beauty Bomb","Глиттер гель для лица Glitter Mania тон 04 Beauty Bomb",289,414
"1000460904","Beauty Bomb","Помада для губ в стике Lips Lipstick тон 08 Beauty Bomb",344,0
"8000020698","Beauty Bomb","Кремовая помада для губ Cream Crime тон 15 Beauty Bomb",164,399
"8000104874","Beauty Bomb","Блеск-уход для губ Glow Up тон 01 Beauty Bomb",493,599
"8000020694","Beauty Bomb","Кремовая помада для губ Cream Crime тон 05 Beauty Bomb",164,399
"8000020693","Beauty Bomb","Кремовая помада для губ Cream Crime тон 09 Beauty Bomb",164,399
"8000044618","Beauty Bomb","Румяна для лица Blush Sweetheart тон 03 Beauty Bomb",418,0
"1000445781","Beauty Bomb","Карандаш для бровей Beauty Bomb автоматический тон 03",382,0
"8000073048","Beauty Bomb","Объемная тушь для ресниц тон 01 Beauty Bomb Piercy",451,799
"8000020696","Beauty Bomb","Кремовая помада для губ Cream Crime тон 01 Beauty Bomb",164,399
"1000376845","Beauty Bomb","Помада-бальзам Beauty Bomb для губ тон 06",315,460
"8000106880","Beauty Bomb","Двойная подводка для глаз тон 02 Magick Wand Beauty Bomb",558,649
"8000076235","Beauty Bomb","Жидкая подводка для глаз Arrowhead Beauty Bomb тон 01",305,438
"1000450137","Beauty Bomb","Карандаш для губ Beauty Bomb Alt Lolita тон 09",278,0
"1000545614","Beauty Bomb","Контуринг для лица Beautyrone тон 02 Beauty Bomb",402,549
"8000012684","Beauty Bomb","Тушь для ресниц Kitty Eye Lash Beauty Bomb",450,0
"1000320693","Beauty Bomb","Жидкий консилер Beauty Bomb No Troubles тон 01",455,0
"8000106859","Beauty Bomb","Помадка для бровей тон 02 Loona Park Beauty Bomb",498,599
"1000445779","Beauty Bomb","Блеск для губ Beauty Bomb Glossy Bossy тон 03",298,0
"8000044626","Beauty Bomb","Влагостойкая тушь для ресниц Kawaii тон 03 Beauty Bomb",450,0
"8000012795","Beauty Bomb","Тушь для бровей тон 01 Beauty Bomb Cyberbomb",359,0
"1000559785","Beauty Bomb","Кремовый тинт для губ Scream Tint тон 01 Beauty Bomb",325,471
"8000020706","Beauty Bomb","Кремовая помада для губ Cream Crime тон 12 Beauty Bomb",164,399
"8000012680","Beauty Bomb","Тушь для ресниц Brown Power Beauty Bomb",450,0
"1000445770","Beauty Bomb","Блеск для губ Beauty Bomb Glossy Bossy тон 01",298,0
"1000542842","Beauty Bomb","Хайлайтер для лица Alien Queen тон 01 Beauty Bomb",362,495
"8000073049","Beauty Bomb","Влагостойкая тушь для ресниц Color Smash Beauty Bomb тон 02",316,549
"8000073040","Beauty Bomb","Тональный крем-тинт для лица тон 02 Princess Skin Beauty Bomb ",366,599
"1000452118","Beauty Bomb","Подводка для глаз Beauty Bomb жидкая Bad Doll тон 01",355,0
"8000020705","Beauty Bomb","Кремовая помада для губ Cream Crime тон 11 Beauty Bomb",164,399
"8000073040","Beauty Bomb","Тональный крем-тинт для лица тон 02 Princess Skin Beauty Bomb ",366,599
"1000452118","Beauty Bomb","Подводка для глаз Beauty Bomb жидкая Bad Doll тон 01",355,0
"8000020705","Beauty Bomb","Кремовая помада для губ Cream Crime тон 11 Beauty Bomb",164,399
"8000104876","Beauty Bomb","Блеск-уход для губ Glow Up тон 02 Beauty Bomb",493,599
"1000559786","Beauty Bomb","Кремовый тинт для губ Scream Tint тон 02 Beauty Bomb",325,471
"8000044631","Beauty Bomb","Муссовая помада для губ тон 04 Beauty Bomb",419,0
"1000460924","Beauty Bomb","Помада для губ в стике Lips Lipstick тон 07 Beauty Bomb",329,0
"1000450131","Beauty Bomb","Карандаш для губ Beauty Bomb Alt Lolita тон 03",278,0
"8000104873","Beauty Bomb","Блеск-уход для губ Glow Up тон 04 Beauty Bomb",493,599
"1000275325","Beauty Bomb","Карандаш для бровей Beauty Bomb Brow Tint тон 02",575,0
"8000106879","Beauty Bomb","Помадка для бровей тон 01 Loona Park Beauty Bomb",498,599
"8000044633","Beauty Bomb","Муссовая помада для губ тон 06 Beauty Bomb",419,0
"8000012672","Beauty Bomb","Глянцевый бальзам для губ Holy Duck тон 05 Beauty Bomb",402,575
"8000044622","Beauty Bomb","Румяна для лица Blush Sweetheart тон 04 Beauty Bomb",376,0
"8000044630","Beauty Bomb","Муссовая помада для губ тон 05 Beauty Bomb",419,0
"8000073041","Beauty Bomb","Увлажняющий тональный крем для лица тон 02 Waterbomb Beauty Bomb",627,699
"8000020701","Beauty Bomb","Кремовая помада для губ Cream Crime тон 16 Beauty Bomb",164,399
"1000376844","Beauty Bomb","Помада-бальзам Beauty Bomb для губ тон 05",321,460
"1000460906","Beauty Bomb","Кремовые румяна для лица в стике тон 02 Beauty Bomb",540,0
"8000012696","Beauty Bomb","Глянцевый бальзам для губ Holy Duck тон 01 Beauty Bomb",402,575
"8000073043","Beauty Bomb","Увлажняющий тональный крем для лица тон 01 Waterbomb Beauty Bomb",627,699
"1000419818","Beauty Bomb","Пудра для лица Beauty Bomb Miner powder Минеральная тон 02",429,505
"8000044628","Beauty Bomb","Муссовая помада для губ тон 02 Beauty Bomb",419,0
"8000012693","Beauty Bomb","Тушь для ресниц Volume Star Beauty Bomb",450,0
"8000012695","Beauty Bomb","Бальзам-тинт для губ HQTint тон 04 Beauty Bomb",321,439
"1000246937","Beauty Bomb","Палетка для контуринга Beauty Bomb тон 01",449,529
"1000450138","Beauty Bomb","Карандаш для губ Beauty Bomb Alt Lolita тон 10",278,0
"8000012669","Beauty Bomb","Бальзам-тинт для губ HQTint тон 03 Beauty Bomb",321,439
"8000073046","Beauty Bomb","Тональный крем-тинт для лица тон 03 Princess Skin Beauty Bomb ",366,599
"1000376847","Beauty Bomb","Бальзам для губ Beauty Bomb тон 02",353,439
"1000320694","Beauty Bomb","Жидкий консилер Beauty Bomb No Troubles тон 02",460,0
"8000012667","Beauty Bomb","Влагостойкая тушь для ресниц Watertastic Beauty Bomb",450,0
"8000073042","Beauty Bomb","Увлажняющий тональный крем для лица тон 03 Waterbomb Beauty Bomb",627,699
"8000020708","Beauty Bomb","Кремовая помада для губ Cream Crime тон 13 Beauty Bomb",164,399
"8000012687","Beauty Bomb","Глянцевый бальзам для губ Holy Duck тон 03 Beauty Bomb",402,575
"1000460921","Beauty Bomb","Помада для губ в стике Lips Lipstick тон 03 Beauty Bomb",268,329
"8000020708","Beauty Bomb","Кремовая помада для губ Cream Crime тон 13 Beauty Bomb",164,399
"8000012687","Beauty Bomb","Глянцевый бальзам для губ Holy Duck тон 03 Beauty Bomb",402,575
"1000460921","Beauty Bomb","Помада для губ в стике Lips Lipstick тон 03 Beauty Bomb",268,329
"8000104871","Beauty Bomb","Палетка теней для век двойная тон 02 Beauty Bomb",499,599
"1000376846","Beauty Bomb","Бальзам для губ Beauty Bomb тон 01",368,439
"1000460908","Beauty Bomb","Кремовые румяна для лица в стике тон 03 Beauty Bomb",540,0
"1000460907","Beauty Bomb","Кремовые румяна для лица в стике тон 01 Beauty Bomb",540,0
"1000320692","Beauty Bomb","Румяна Beauty Bomb Blush Sweetheart тон 04",409,0
"1000480693","Beauty Bomb","Матовая помада для губ жидкая тон 04 Beauty Bomb",565,0
"8000044627","Beauty Bomb","Муссовая помада для губ тон 01 Beauty Bomb",419,0
"1000445772","Beauty Bomb","Блеск для губ Beauty Bomb Glossy Bossy тон 04",298,0
"8000012670","Beauty Bomb","Глянцевый бальзам для губ Holy Duck тон 02 Beauty Bomb",402,575
"8000012690","Beauty Bomb","Бальзам-тинт для губ HQTint тон 02 Beauty Bomb",321,439
"8000012668","Beauty Bomb","Глянцевый бальзам для губ Holy Duck тон 04 Beauty Bomb",402,575
"1000460922","Beauty Bomb","Помада для губ в стике Lips Lipstick тон 04 Beauty Bomb",344,0
"1000480694","Beauty Bomb","Матовая помада для губ жидкая тон 01 Beauty Bomb",565,0
"1000376849","Beauty Bomb","Бальзам для губ Beauty Bomb тон 04",353,439
"1000450130","Beauty Bomb","Карандаш для губ Beauty Bomb Alt Lolita тон 02",268,0
"1000263638","Beauty Bomb","Подводка-фломастер для глаз Beauty Bomb тон 01",368,439
"1000376840","Beauty Bomb","Помада-бальзам Beauty Bomb для губ тон 01",321,460
"1000376841","Beauty Bomb","Помада-бальзам Beauty Bomb для губ тон 02",321,460
"1000376842","Beauty Bomb","Помада-бальзам Beauty Bomb для губ тон 03",321,460
"1000376843","Beauty Bomb","Помада-бальзам Beauty Bomb для губ тон 04",321,460
"1000379896","Beauty Bomb","Бальзам для губ Beauty Bomb тон 02",206,365
"1000382126","Beauty Bomb","Тональный крем Beauty Bomb Acne Fighter тон 03",339,539
"1000417212","Beauty Bomb","Крем для лица Beauty Bomb Agne Fighter матирующий 40мл",187,267
"1000417214","Beauty Bomb","Очищающие полоски для носа Beauty Bomb Acne Fighter 2шт",169,0
"1000420155","Beauty Bomb","Гель от прыщей Beauty Bomb Acne fighter точечный 15мл",241,0
"1000420202","Beauty Bomb","Спрей от прыщей Beauty Bomb Acne fighter 65мл",275,334
"1000445775","Beauty Bomb","Мыло для бровей Beauty Bomb Beach Brows 10г",414,0
"1000445776","Beauty Bomb","Бальзам для губ Beauty Bomb Bla-bla-balm тон 01",173,239
"1000445777","Beauty Bomb","Бальзам для губ Beauty Bomb Bla-bla-balm тон 04",173,239
"1000445778","Beauty Bomb","Бальзам для губ Beauty Bomb Bla-bla-balm тон 02",173,239
"1000445780","Beauty Bomb","Бальзам для губ Beauty Bomb Bla-bla-balm тон 03",173,239
"1000450127","Beauty Bomb","Маска для губ Beauty Bomb тон 01",428,0
"1000450128","Beauty Bomb","Маска для губ Beauty Bomb тон 02",428,0
"1000445780","Beauty Bomb","Бальзам для губ Beauty Bomb Bla-bla-balm тон 03",173,239
"1000450127","Beauty Bomb","Маска для губ Beauty Bomb тон 01",428,0
"1000450128","Beauty Bomb","Маска для губ Beauty Bomb тон 02",428,0
"1000450129","Beauty Bomb","Карандаш для губ Beauty Bomb Alt Lolita тон 01",278,0
"1000450132","Beauty Bomb","Карандаш для губ Beauty Bomb Alt Lolita тон 04",275,0
"1000450133","Beauty Bomb","Карандаш для губ Beauty Bomb Alt Lolita тон 06",278,0
"1000450134","Beauty Bomb","Карандаш для губ Beauty Bomb Alt Lolita тон 07",278,0
"1000450135","Beauty Bomb","Карандаш для губ Beauty Bomb Alt Lolita тон 08",278,0
"1000452264","Beauty Bomb","Гель для бровей Beauty Bomb Brow Freez-z-zer тон 01",324,0
"1000460912","Beauty Bomb","ВВ-крем для лица Amazing Smiley тон 01 Beauty Bomb",355,485
"1000460913","Beauty Bomb","ВВ-крем для лица Amazing Smiley тон 02 Beauty Bomb",508,0
"1000461280","Beauty Bomb","Тинт для губ Blood Shot тон 01 Beauty Bomb",307,419
"1000461281","Beauty Bomb","Тинт для губ Blood Shot тон 02 Beauty Bomb",307,419
"1000480695","Beauty Bomb","Матовая помада для губ жидкая тон 02 Beauty Bomb",565,0
"1000480696","Beauty Bomb","Матовая помада для губ жидкая тон 03 Beauty Bomb",565,0
"1000480697","Beauty Bomb","Матовая помада для губ жидкая тон 05 Beauty Bomb",565,0
"1000480698","Beauty Bomb","Матовая помада для губ жидкая тон 06 Beauty Bomb",565,0
"1000505960","Beauty Bomb","Гелевый карандаш для глаз Laser Blade тон 02 Beauty Bomb",428,0
"1000507011","Beauty Bomb","Гелевый карандаш для глаз Laser Blade тон 05 Beauty Bomb",428,0
"1000507012","Beauty Bomb","Гелевый карандаш для глаз Laser Blade тон 01 Beauty Bomb",428,0
"1000515069","Beauty Bomb","Крем для рук Beauty Bomb Lemon Meringue 25мл",152,0
"1000515070","Beauty Bomb","Крем для рук Beauty Bomb Coconut Pudding 25мл",152,0
"1000515251","Beauty Bomb","Деревянный карандаш для глаз тон 01 Peaky Black Beauty Bomb",198,0
"1000515252","Beauty Bomb","Деревянный карандаш для глаз тон 03 Peaky White Beauty Bomb",198,0
"1000515253","Beauty Bomb","Деревянный карандаш для глаз тон 02 Peaky Brown Beauty Bomb",198,0
"1000516868","Beauty Bomb","Блеск для губ Lip Gloss Juicy тон 01 Beauty Bomb",456,0
"1000516869","Beauty Bomb","Блеск для губ Lip Gloss Juicy тон 02 Beauty Bomb",456,0
"1000516870","Beauty Bomb","Блеск для губ Lip Gloss Juicy тон 03 Beauty Bomb",456,0
"1000516871","Beauty Bomb","Блеск для губ Lip Gloss Juicy тон 04 Beauty Bomb",456,0
"1000516872","Beauty Bomb","Блеск для губ Lip Gloss Juicy тон 05 Beauty Bomb",456,0
"1000516873","Beauty Bomb","Блеск для губ Lip Gloss Juicy тон 06 Beauty Bomb",456,0
"8000008532","Beauty Bomb","Гель для лица Beauty Bomb Waterbomb увлажняющий 50мл",394,0
"8000008533","Beauty Bomb","Энзимная пудра Beauty Bomb Waterbomb для умывания 65г",460,0
"8000008536","Beauty Bomb","Sos-маска для лица Beauty Bomb Waterbomb увлажняющая 70мл",322,439
"8000008537","Beauty Bomb","Сыворотка для лица Beauty Bomb Waterbomb с гиалуроновой кислотой 30мл",183,349
"8000009045","Beauty Bomb","Гель для душа Beauty Bomb Acne Fighter с кислотами 250мл",362,518
"8000008536","Beauty Bomb","Sos-маска для лица Beauty Bomb Waterbomb увлажняющая 70мл",322,439
"8000008537","Beauty Bomb","Сыворотка для лица Beauty Bomb Waterbomb с гиалуроновой кислотой 30мл",183,349
"8000009045","Beauty Bomb","Гель для душа Beauty Bomb Acne Fighter с кислотами 250мл",362,518
"8000009049","Beauty Bomb","Сыворотка для лица Beauty Bomb Acne Fighter себорегулирующая",229,439
"8000009050","Beauty Bomb","Сыворотка для лица Beauty Bomb Acne Fighter с кислотами 30мл",230,439
"8000010896","Beauty Bomb","Лосьон для лица Beauty Bomb Acne Fighter очищающий 150мл",219,299
"8000012666","Beauty Bomb","Масло для губ Glossy Oops тон 05 Beauty Bomb",327,485
"8000012671","Beauty Bomb","Помада для губ с глиттером GlitterCrime тон 03 Beauty Bomb",321,439
"8000012673","Beauty Bomb","Дуохромный карандаш для глаз Conspiracy тон 03 Beauty Bomb Ufo",483,691
"8000012674","Beauty Bomb","Масло для губ Glossy Oops тон 02 Beauty Bomb",327,485
"8000012677","Beauty Bomb","Масло для губ Glossy Oops тон 01 Beauty Bomb",327,485
"8000012678","Beauty Bomb","Дуохромный карандаш для глаз Conspiracy тон 02 Beauty Bomb Ufo",483,691
"8000012679","Beauty Bomb","Помада для губ с глиттером GlitterCrime тон 02 Beauty Bomb",321,439
"8000012681","Beauty Bomb","Гель для бровей Fix Bro Beauty Bomb",183,0
"8000012683","Beauty Bomb","Помада для губ с глиттером GlitterCrime тон 04 Beauty Bomb",321,439
"8000012685","Beauty Bomb","Помада для губ с глиттером GlitterCrime тон 01 Beauty Bomb",321,439
"8000012686","Beauty Bomb","Масло для губ Glossy Oops тон 03 Beauty Bomb",327,485
"8000012688","Beauty Bomb","Дуохромный карандаш для глаз Conspiracy тон 01 Beauty Bomb Ufo",483,691
"8000012689","Beauty Bomb","Палетка для контуринга лица Contouring Princess тон 02 Beauty Bomb",554,0
"8000012692","Beauty Bomb","Масло для губ Glossy Oops тон 04 Beauty Bomb",327,485
"8000012694","Beauty Bomb","Масло для губ Glossy Oops тон 06 Beauty Bomb",327,485
"8000025115","Beauty Bomb","Карандаш для глаз Beauty Recipe тон 03 Beauty Bomb",149,449
"8000025121","Beauty Bomb","Карандаш для глаз Beauty Recipe тон 01 Beauty Bomb",149,449
"8000025127","Beauty Bomb","Карандаш для глаз Beauty Recipe тон 02 Beauty Bomb",185,449
"8000043582","Beauty Bomb","Патчи для глаз Goldfish Beauty Bomb Jelly Pirates 15г",99,158
"8000044623","Beauty Bomb","Тональный крем для лица Acne Fighter Shade тон 02 Beauty Bomb",393,599
"8000044624","Beauty Bomb","Тональный крем для лица Acne Fighter Shade тон 03 Beauty Bomb",339,599
"8000044625","Beauty Bomb","Тональный крем для лица Acne Fighter Shade тон 01 Beauty Bomb",393,599
"8000044632","Beauty Bomb","Блеск для губ Lip Gloss Juicy тон 08 Beauty Bomb",456,0
"8000044634","Beauty Bomb","Блеск для губ Beauty Bomb Lip Gloss Juicy тон 07",456,0
"8000044635","Beauty Bomb","Блеск для губ Lip Gloss Juicy тон 10 Beauty Bomb",456,0
"8000044636","Beauty Bomb","Блеск для губ Lip Gloss Juicy тон 09 Beauty Bomb",461,0
"8000044637","Beauty Bomb","Блеск для губ Lip Gloss Juicy тон 11 Beauty Bomb",456,0
"8000044638","Beauty Bomb","Блеск для губ Lip Gloss Juicy тон 12 Beauty Bomb",456,0
"8000044639","Beauty Bomb","Блеск для губ Lip Gloss Juicy тон 15 Beauty Bomb",461,0
"8000044640","Beauty Bomb","Блеск для губ Lip Gloss Juicy тон 13 Beauty Bomb",456,0
"8000044638","Beauty Bomb","Блеск для губ Lip Gloss Juicy тон 12 Beauty Bomb",456,0
"8000044639","Beauty Bomb","Блеск для губ Lip Gloss Juicy тон 15 Beauty Bomb",461,0
"8000044640","Beauty Bomb","Блеск для губ Lip Gloss Juicy тон 13 Beauty Bomb",456,0
"8000044641","Beauty Bomb","Блеск для губ Lip Gloss Juicy тон 14 Beauty Bomb",456,0
"8000046587","Beauty Bomb","Пенка-мусс для умывания Waterbomb Beauty Bomb 170мл",471,0
"8000047565","Beauty Bomb","Гель для умывания Beauty Bomb с кислотами Acne Fighter",256,304
"8000106868","Beauty Bomb","Крем-суфле для рук и тела Whippy Cream Beauty Bomb 100мл",358,0
"8000106869","Beauty Bomb","Переводные тату-веснушки Confetty Party Beauty Bomb 6г",199,0
"8000106870","Beauty Bomb","Ободок Friend Or Frog Beauty Bomb 47г",499,0
"8000106872","Beauty Bomb","Набор резинок для волос Fluffy Staff Beauty Bomb 26г",459,0
"8000106877","Beauty Bomb","Крем-суфле для рук и тела Whippy Cream Beauty Bomb 100мл",398,0
"8000106883","Beauty Bomb","Свеча для дома Popcornopolis Beauty Bomb 100г",499,0
"1000453561","Belor Design","Карандаш для глаз Belor Design Party тон 2",74,150
"8000025170","Belor Design","Спрей-фиксатор макияжа Mist Fix Belor Design",574,796
"1000572039","Belor Design","База под макияж Belor Design Prefix",272,442
"1000572038","Belor Design","База под макияж Glass Molecule Belor Design",567,1007
"1000454165","Belor Design","Подводка для глаз Belor Design Линия стиля",195,347
"1000458275","Belor Design","Карандаш для губ Belor Design механический тон 201",114,232
"1000453548","Belor Design","Стик-румяна для лица Belor Design Multitalent",300,499
"1000454162","Belor Design","Консилер для лица Belor Design Soft Focus жидкий тон 102",257,399
"1000458291","Belor Design","Хайлайтер для лица Lumi Touch тон 2 Belor Design",225,400
"1000458276","Belor Design","Карандаш для губ Belor Design механический тон 202",114,232
"1000453545","Belor Design","Стик-скульптор для лица BelorDesign Multitalent",294,522
"1000458302","Belor Design","Блеск для губ Party тон 4 Belor Design",167,303
"1000458299","Belor Design","Механический карандаш для глаз тон 301 Belor Design",114,232
"1000453544","Belor Design","Корректор Belor Design Miss Perfect тон 22",154,268
"1000572083","Belor Design","Обновляющий скраб-бальзам для губ Belor Design",129,174
"1000574296","Belor Design","Румяна для лица Velvet Touch тон 104 Belor Design",238,469
"1000453541","Belor Design","Маркер для бровей Belor Design Microblade Effect тон 21",247,409
"1000454109","Belor Design","Бальзам-тинт для губ Belor Design Bad Doll Малина",143,380
"1000454173","Belor Design","Бальзам для губ Belor Design Скорая помощь",103,174
"1000453574","Belor Design","Тушь для ресниц Belor Design суперобъем Maximission",230,396
"8000025507","Belor Design","Стайлер для бровей Fixcellent Belor Design",362,0
"1000458284","Belor Design","Скульптор для лица Relief Touch тон 2 Belor Design",241,400
"1000453579","Belor Design","Фиксатор для бровей Belor Design Fixtop",144,290
"1000453543","Belor Design","Корректор Belor Design Miss Perfect тон 12",151,268
"1000454174","Belor Design","Помада для губ Belor Design гигиеническая Сочные губки",119,159
"1000454189","Belor Design","Набор скульпторов Belor Design Sculpting Trio тон 2",485,862
"1000453558","Belor Design","Карандаш для бровей Belor Design Party тон 105",117,177
"1000453546","Belor Design","Стик-хайлайтер для лица Belor Design Multitalent",294,522
"1000574297","Belor Design","Румяна для лица Velvet Touch тон 105 Belor Design",257,469
"1000574302","Belor Design","Помада для губ Be Color тон 104 Belor Design",157,292
"1000458304","Belor Design","Блеск для губ Party тон 10 Belor Design",167,303
"8000025176","Belor Design","Тушь для ресниц Intellect умноженный объем+длина Belor Design",465,0
"8000025181","Belor Design","Тушь для ресниц Funhouse феноменальный объем Levioso Belor Design",232,360
"1000453562","Belor Design","Карандаш для глаз Belor Design Party тон 20",74,150
"1000453550","Belor Design","Тональный крем Belor Design Nude Harmony тон 202",377,694
"1000458274","Belor Design","Карандаш для глаз Belor Design механический тон 306",130,232
"1000453562","Belor Design","Карандаш для глаз Belor Design Party тон 20",74,150
"1000453550","Belor Design","Тональный крем Belor Design Nude Harmony тон 202",377,694
"1000458274","Belor Design","Карандаш для глаз Belor Design механический тон 306",130,232
"1000574281","Belor Design","Помада для губ Be Color тон 130 Belor Design",154,292
"1000458272","Belor Design","Карандаш для глаз Belor Design механический тон 304",114,232
"1000458298","Belor Design","Карандаш для бровей Party тон 102 Belor Design",117,177
"1000454206","Belor Design","Помада губная Belor Design Party тон 46",146,247
"1000454170","Belor Design","Тушь для ресниц Belor Design Podium Extreme",267,451
"1000454163","Belor Design","Консилер для лица Belor Design Soft Focus жидкий тон 103",257,399
"1000458300","Belor Design","Механический карандаш для глаз тон 302 Belor Design",114,232
"8000025499","Belor Design","Тинт-гель для бровей Grafix тон 2 Belor Design",200,338
"1000453542","Belor Design","Корректор Belor Design Miss Perfect тон 11",176,268
"1000453554","Belor Design","Тушь для ресниц Belor Design объем Overeyes",246,388
"1000458290","Belor Design","Хайлайтер для лица Lumi Touch тон 1 Belor Design",299,400
"1000454166","Belor Design","Помада для губ Belor Design гигиеническая Облепиховая",103,159
"1000574305","Belor Design","Помада для губ Be Color тон 131 Belor Design",168,292
"1000453552","Belor Design","Тональный крем Belor Design Nude Harmony тон 204",370,694
"1000453551","Belor Design","Тональный крем Belor Design Nude Harmony тон 203",370,694
"1000572080","Belor Design","Плампер-тинт для губ Wunsh Punsh Belor Design",260,507
"1000454184","Belor Design","Помада-карандаш Belor Design Satin Colors тон 14",215,330
"1000454195","Belor Design","Блеск для губ Belor Design Shine Bright тон 9",127,369
"1000454178","Belor Design","Крем-пудра для лица Belor Design Энергия минералов тон 402",368,723
"1000458281","Belor Design","Механический карандаш для губ тон 207 Belor Design",114,232
"1000574269","Belor Design","Помада для губ Be Color тон 106 Belor Design",197,292
"1000488681","Belor Design","Объемная тушь для ресниц Bad Doll Revolution Belor Design",286,499
"1000458292","Belor Design","Скульптор для лица Relief Touch тон 1 Belor Design",291,400
"1000453549","Belor Design","Тональный крем Belor Design Nude Harmony тон 201",370,694
"8000025504","Belor Design","Тинт-гель для бровей Grafix тон 1 Belor Design",200,338
"1000453584","Belor Design","Корректор Belor Design Miss Perfect тон 21",206,268
"1000458301","Belor Design","Помада-карандаш для губ Satin Colors тон 12 Belor Design",183,330
"1000573548","Belor Design","Подводка для глаз Pro Ink тон 2 Belor Design",226,379
"8000085622","Belor Design","Тональный крем для лица Nude Harmony тон 200 Belor Design",599,0
"8000025503","Belor Design","Тинт-гель для бровей Grafix тон 3 Belor Design",204,338
"1000574295","Belor Design","Румяна для лица Velvet Touch тон 103 Belor Design",266,469
"1000458293","Belor Design","Карандаш для губ Party тон 21 Belor Design",74,148
"1000453559","Belor Design","Карандаш для бровей Belor Design Party тон 107",109,177
"1000574295","Belor Design","Румяна для лица Velvet Touch тон 103 Belor Design",266,469
"1000458293","Belor Design","Карандаш для губ Party тон 21 Belor Design",74,148
"1000453559","Belor Design","Карандаш для бровей Belor Design Party тон 107",109,177
"1000574298","Belor Design","Тени для век Delicate тон 40 Belor Design",468,625
"1000454182","Belor Design","Помада-карандаш Belor Design Satin Colors тон 13",186,330
"1000454177","Belor Design","Помада-карандаш Belor Design Satin Colors тон 11",186,330
"1000454188","Belor Design","Помада-карандаш Belor Design Satin Colors тон 4",186,330
"1000454190","Belor Design","Набор скульпторов Belor Design Sculpting Trio тон 1",493,862
"1000574308","Belor Design","Тени для век Delicate тон 45 Belor Design",468,625
"1000453547","Belor Design","Корректор Belor Design Miss Perfecto тон 23",268,0
"1000574300","Belor Design","Тональный ВВ крем для лица Funhouse Skin Teen тон 50 Belor Design",435,753
"1000454200","Belor Design","Помада губная Belor Design Party тон 139",181,247
"1000454128","Belor Design","Тушь для ресниц Belor Design 5 звезд 9.5г",244,377
"1000574270","Belor Design","Помада для губ Be Color тон 107 Belor Design",160,292
"1000574280","Belor Design","Помада для губ Be Color тон 129 Belor Design",183,292
"1000454185","Belor Design","Помада-карандаш Belor Design Satin Colors тон 2",186,330
"1000574288","Belor Design","Матовая краска для губ Intellect тон 4 Belor Design",219,453
"1000574265","Belor Design","Помада для губ Be Color тон 101 Belor Design",174,292
"1000574273","Belor Design","Помада для губ Be Color тон 115 Belor Design",162,292
"1000453563","Belor Design","Карандаш для глаз Belor Design Party тон 3",74,150
"1000574277","Belor Design","Помада для губ Be Color тон 120 Belor Design",197,292
"1000454108","Belor Design","Бальзам-тинт для губ Belor Design Bad Doll Ежевика",198,380
"1000454197","Belor Design","Консилер для лица Belor Design Soft Focus Жидкий тон 101",399,0
"1000574309","Belor Design","Помада для губ Party тон 92 Belor Design",181,247
"1000454205","Belor Design","Помада губная Belor Design Party тон 28",178,247
"1000453556","Belor Design","Блеск для губ Belor Design Party тон 8",167,303
"1000574294","Belor Design","Румяна для лица Velvet Touch тон 102 Belor Design",312,469
"1000574289","Belor Design","Матовая краска для губ Intellect тон 5 Belor Design",232,453
"1000454180","Belor Design","Помада-карандаш Belor Design Satin Colors тон 3",219,330
"1000454181","Belor Design","Помада-карандаш Belor Design Satin Colors тон 9",219,330
"1000574301","Belor Design","Тональный ВВ крем для лица Funhouse Skin Teen тон 51 Belor Design",391,753
"1000453569","Belor Design","Помада губная Belor Design Party тон 131",181,247
"1000454183","Belor Design","Помада-карандаш Belor Design Satin Colors тон 1",259,330
"1000574275","Belor Design","Помада для губ Be Color тон 117 Belor Design",206,292
"1000574267","Belor Design","Помада для губ Be Color тон 103 Belor Design",292,0
"1000574266","Belor Design","Помада для губ Be Color тон 102 Belor Design",200,292
"1000574275","Belor Design","Помада для губ Be Color тон 117 Belor Design",206,292
"1000574267","Belor Design","Помада для губ Be Color тон 103 Belor Design",292,0
"1000574266","Belor Design","Помада для губ Be Color тон 102 Belor Design",200,292
"1000515920","Belor Design","Объемная тушь для ресниц Funhouse Virtuoso Belor Design",271,472
"1000454175","Belor Design","Крем-пудра для лица Belor Design Энергия минералов тон 401",368,723
"1000498066","Belor Design","Подводка для глаз Streamline Belor Design",439,0
"1000574272","Belor Design","Помада для губ Be Color тон 111 Belor Design",183,292
"8000025175","Belor Design","Тени для век Delicate тон 52 Belor Design",468,625
"1000454203","Belor Design","Помада губная Belor Design Party тон 40",184,247
"1000454201","Belor Design","Помада губная Belor Design Party тон 140",181,247
"1000458303","Belor Design","Блеск для губ Party тон 6 Belor Design",199,303
"1000453555","Belor Design","Блеск для губ Belor Design Party тон 7",167,303
"1000454199","Belor Design","Помада губная Belor Design Party тон 138",192,247
"1000454204","Belor Design","Помада губная Belor Design Party тон 18",178,247
"1000453568","Belor Design","Помада губная Belor Design Party тон 133",181,247
"1000574285","Belor Design","Помада-карандаш для губ Satin Colors тон 15 Belor Design",248,0
"1000574268","Belor Design","Помада для губ Be Color тон 105 Belor Design",160,292
"1000453570","Belor Design","Помада губная Belor Design Party тон 136",181,247
"1000574286","Belor Design","Матовая краска для губ Intellect тон 1 Belor Design",253,453
"1000574284","Belor Design","Помада для губ Be Color тон 134 Belor Design",197,292
"1000574290","Belor Design","Матовая краска для губ Intellect тон 10 Belor Design",293,453
"8000025502","Belor Design","Тинт-гель для бровей Grafix тон 4 Belor Design",200,338
"1000574283","Belor Design","Помада для губ Be Color тон 133 Belor Design",200,292
"1000453567","Belor Design","Помада губная Belor Design Party тон 125",178,247
"1000454207","Belor Design","Помада губная Belor Design Party тон 60",181,247
"1000574291","Belor Design","Матовая краска для губ Intellect тон 7 Belor Design",293,453
"1000574292","Belor Design","Матовая краска для губ Intellect тон 8 Belor Design",280,453
"1000454187","Belor Design","Помада губная Belor Design Party тон 65",184,247
"1000574314","Belor Design","Помада для губ Party тон 96 Belor Design",194,247
"1000573546","Belor Design","Тональный ВВ крем для лица Funhouse Skin Teen тон 52 Belor Design",420,753
"1000574311","Belor Design","Помада для губ Party тон 39 Belor Design",146,247
"1000574274","Belor Design","Помада для губ Be Color тон 116 Belor Design",174,292
"1000574271","Belor Design","Помада для губ Be Color тон 109 Belor Design",197,292
"1000574312","Belor Design","Помада для губ Party тон 81 Belor Design",178,247
"1000574303","Belor Design","Помада для губ Be Color тон 110 Belor Design",212,292
"8000085624","Belor Design","Тональный крем для лица Nude Harmony тон 205 Belor Design",599,0
"1000574312","Belor Design","Помада для губ Party тон 81 Belor Design",178,247
"1000574303","Belor Design","Помада для губ Be Color тон 110 Belor Design",212,292
"8000085624","Belor Design","Тональный крем для лица Nude Harmony тон 205 Belor Design",599,0
"1000574313","Belor Design","Помада для губ Party тон 37 Belor Design",186,247
"1000574282","Belor Design","Помада для губ Be Color тон 132 Belor Design",292,0
"1000574287","Belor Design","Матовая краска для губ Intellect тон 6 Belor Design",280,453
"1000454186","Belor Design","Помада губная Belor Design Party тон 17",181,247
"1000454160","Belor Design","Помада губная Belor Design Party тон 84",178,247
"1000574293","Belor Design","Матовая краска для губ Intellect тон 9 Belor Design",257,453
"1000574307","Belor Design","Пудра для лица Nude Harmony тон 4 Belor Design",422,696
"1000574306","Belor Design","Матовая краска для губ Intellect тон 3 Belor Design",293,453
"1000574276","Belor Design","Помада для губ Be Color тон 118 Belor Design",197,292
"1000454202","Belor Design","Помада губная Belor Design Party тон 15",178,247
"1000574279","Belor Design","Помада для губ Be Color тон 122 Belor Design",197,292
"1000574304","Belor Design","Помада для губ Be Color тон 119 Belor Design",197,292
"1000574310","Belor Design","Помада для губ Party тон 21 Belor Design",181,247
"1000574278","Belor Design","Помада для губ Be Color тон 121 Belor Design",197,292
"1000572066","Belor Design","Помада для губ Party тон 123 Belor Design",181,247
"1000458278","Belor Design","Карандаш для губ Belor Design механический тон 204",114,232
"1000458279","Belor Design","Карандаш для губ Belor Design механический тон 205",114,232
"1000458280","Belor Design","Карандаш для губ Belor Design механический тон 206",114,232
"1000458294","Belor Design","Карандаш для губ Party тон 24 Belor Design",74,148
"1000458295","Belor Design","Карандаш для губ Party тон 27 Belor Design",74,148
"1000458296","Belor Design","Карандаш для губ Party тон 29 Belor Design",74,148
"1000458297","Belor Design","Карандаш для губ Party тон 39 Belor Design",74,148
"1000572002","Belor Design","Пудра для лица Nude Harmony тон 1 Belor Design",422,696
"1000572003","Belor Design","Пудра для лица Nude Harmony тон 2 Belor Design",422,696
"1000572004","Belor Design","Пудра для лица Nude Harmony тон 3 Belor Design",402,696
"1000572042","Belor Design","Блеск для губ Nude Harmony тон 22 Belor Design",488,0
"1000572072","Belor Design","Блеск для губ Nude Harmony тон 20 Belor Design",488,0
"1000572073","Belor Design","Блеск для губ Nude Harmony тон 21 Belor Design",488,0
"1000572077","Belor Design","Блеск для губ Nude Harmony тон 26 Belor Design",488,0
"1000572079","Belor Design","Блеск для губ Nude Harmony тон 28 Belor Design",488,0
"1000509146","Colgate","Зубная щетка Colgate Extra Density средняя 2шт",149,189
"1000050469","Colgate","Зубная паста Colgate Total 12 Здоровье десен 75мл",194,319
"1000144222","Colgate","Зубная щетка Colgate Шелковые нити с древесным углем 1 + 1 Мягкая в ассортименте",204,329
"8000024005","Colgate","Зубная паста Colgate Total для чувствительных зубов Активная защита 100мл",221,319
"1000116729","Colgate","Зубная паста Colgate Доктор Заяц детская 50мл",122,0
"1034351001","Colgate","Зубная щетка Colgate Зиг Заг средней жесткости в ассортименте",109,129
"1115930128","Colgate","Зубная щетка Colgate Макс Блеск средняя жесткость 1 + 1 в ассортименте",179,219
"1000097334","Colgate","Ополаскиватель для полости рта Colgate Алтайские травы 500мл",256,379
"1000412191","Colgate","Зубная паста Colgate Максимальная защита от кариеса Свежая мята 150мл",159,229
"1000328752","Colgate","Ополаскиватель для рта Colgate Plax Свежесть Чая антибактериальный 500мл",239,379
"1000451055","Colgate","Зубная паста Colgate Total 12 Профессионал Глубокая Чистка 80г",179,0
"1030080165","Colgate","Зубная щетка Colgate Классика здоровья средней жесткости в ассортименте",89,0
"1000308049","Colgate","Зубная щетка Colgate Зиг заг 2 + 1 Древесный уголь средней жесткости",209,269
"8000009286","Colgate","Зубная паста Colgate Бережное отбеливание с фтором и кальцием 150мл",179,229
"1000289563","Colgate","Ополаскиватель Colgate Тройное действие 500мл",263,379
"8000057437","Colgate","Зубная паста Optic White Colgate 75мл",291,449
"1000053233","Colgate","Зубная щетка Colgate 360 суперчистота средней жесткости 1+1 в ассортименте",249,349
"1000362755","Colgate","Зубная щетка Colgate Cushion Clean мягкая в ассортименте",221,349
"1115930079","Colgate","Зубная паста Colgate Лечебные травы отбеливающая 100мл",139,199
"1115930081","Colgate","Зубная щетка Colgate Доктор заяц для детей 2+ Супермягкая в ассортименте",101,0
"1000316840","Colgate","Зубная щетка Colgate Neo средней жесткости в ассортименте",125,169
"1000285866","Colgate","Зубная паста Colgate Тройное действие Экстра отбеливание 100мл",139,199
"1000008076","Colgate","Зубная паста Colgate Тройное действие 150мл",179,229
"1000562824","Colgate","Зубная щетка Colgate Сенсация Свежести средней жесткости 4шт",277,349
"2400004006","Colgate","Зубная паста Colgate Макс Фреш Нежная мята 100мл",189,379
"1000316850","Colgate","Зубная щетка Colgate Ультрамягкость в ассортименте",139,199
"1115930007","Colgate","Зубная паста Colgate Максимальная защита от кариеса 100мл",141,199
"1000451903","Colgate","Зубная паста Colgate Макс Фреш Экстра свежесть Взрывная мята 80г",209,0
"1000031085","Colgate","Электрическая зубная щетка Colgate 360 Sonic мягкая в ассортименте",955,1599
"1000039717","Colgate","Зубная щетка Colgate Зиг Заг 2+1 бесплатно",201,269
"1115930077","Colgate","Зубная паста Colgate Бережное отбеливание 100мл",199,0
"1115930013","Colgate","Зубная паста Colgate Прополис Отбеливающая 100мл",139,199
"1000200941","Colgate","Зубная щетка Colgate Зиг Заг Древесный уголь средней жесткости в ассортименте",102,139
"1034350106","Colgate","Зубная паста Colgate Тройное действие 100мл",139,199
"1000146188","Colgate","Зубная щетка Colgate 360 древесный уголь средней жесткости в ассортименте",212,329
"1000183952","Colgate","Зубная паста Colgate Total 12 Чистая мята 75мл",194,319
"1034350106","Colgate","Зубная паста Colgate Тройное действие 100мл",139,199
"1000146188","Colgate","Зубная щетка Colgate 360 древесный уголь средней жесткости в ассортименте",212,329
"1000183952","Colgate","Зубная паста Colgate Total 12 Чистая мята 75мл",194,319
"1000418899","Colgate","Зубная паста Colgate Кальций-Ремин 100мл",189,319
"1000183953","Colgate","Зубная паста Colgate Total 12 Профессиональная Отбеливающая 75мл",194,319
"1000509145","Colgate","Зубная паста Colgate Sens Pro-Relief отбеливание 75мл",289,419
"1000183954","Colgate","Зубная паста Colgate Total 12 Профессиональная чистка гель 75мл",194,319
"1000183955","Colgate","Зубная паста Colgate Total 12 Профессиональная чистка комплексная антибактериальная 75мл",221,319
"1115930114","Colgate","Зубная паста Colgate МаксБлеск Кристальная мята 100мл",189,379
"8000133749","Conte","Женские колготки 20 den размер 4 Bronzo Conte Solo",319,0
"1000241657","Conte","Контейнер для сбора биоматериала Болеар медика с ложкой 60мл",26,0
"1000241656","Conte","Контейнер для сбора биоматериала Болеар медика без ложки",34,0
"1000209916","Conte","Гель-смазка Contex Wave 30мл",349,0
"8000079286","Conte","Контейнер стекло Вишня Wellfort 800мл",299,499
"8000080105","Conte","Набор контейнеров с крышкой 650мл Wellfort",149,0
"1000105941","Conte","Стеклянный контейнер с крышкой 550мл",299,0
"4000098237","Conte","Колготки женские Conte Nuance 40 бежевые р.5",259,0
"8000010861","Conte","Невидимки для волос LAF черные в контейнере 30шт",159,0
"1015782703","Conte","Презервативы Contex Ribbed 3шт",199,0
"8000010656","Conte","Презервативы Contex Lights 6шт",549,0
"9157288006","Conte","Презервативы Contex Classic 3шт",199,0
"1000105939","Conte","Стеклянная тара с крышкой 800мл",399,0
"8000090282","Conte","Герметичный контейнер Вишня Wellfort 0.5л",129,219
"1000026034","Conte","Колготки женские Conte X-Press 40 черные р.3",509,599
"8000090281","Conte","Герметичный контейнер Вишня Wellfort 1.1л",149,249
"4000060703","Conte","Набор контейнеров Спецторг 0.2+0.5+0.9+1.5+2.6л 5шт",299,0
"1015728803","Conte","Презервативы Contex Classic 12шт",525,699
"4000098234","Conte","Колготки женские Conte Active 40 черные р.5",399,0
"1000005221","Conte","Колготки женские Conte Nuance 20 бежевые р.2",199,269
"6949995050","Conte","Колготки женские Conte Active 40 бежевые р.3",399,0
"4000073078","Conte","Контейнер для корма животных Полимербыт 5л",299,0
"4000033520","Conte","Емкость М-Пластика для продуктов прямоугольная 4л",249,0
"4000060698","Conte","Набор квадратных контейнеров Спецторг 900мл 3шт",199,0
"1000042872","Conte","Колготки женские Conte Solo 20 черные р.2",249,0
"1015728802","Conte","Презервативы Contex Lights особо тонкие 12шт",790,999
"4000033486","Conte","Емкость М-Пластика для продуктов прямоугольная 400мл",99,0
"1000029328","Conte","Контейнер Полимербыт Премиум 1.2л в ассортименте",169,0
"1000105937","Conte","Стеклянная тара с крышкой 1.2л",549,0
"5011782706","Conte","Презервативы Contex Lights 3шт",299,0
"6949990334","Conte","Комплект контейнеров Полимербыт Каскад квадро 5шт 460мл в ассортименте",209,0
"4000022735","Conte","Контейнер для CВЧ Полимербыт с защелками 750мл в ассортименте",114,149
"4000033487","Conte","Емкость М-Пластика для продуктов прямоугольная 800мл",119,0
"6949990334","Conte","Комплект контейнеров Полимербыт Каскад квадро 5шт 460мл в ассортименте",209,0
"4000022735","Conte","Контейнер для CВЧ Полимербыт с защелками 750мл в ассортименте",114,149
"4000033487","Conte","Емкость М-Пластика для продуктов прямоугольная 800мл",119,0
"6949995048","Conte","Колготки женские Conte Active 40 черные р.4",396,0
"4000059398","Conte","Контейнер Полимербыт Butterfly герметичный 500мл",199,0
"8000010859","Conte","Шпильки для волос LAF черные в контейнере 30шт",149,0
"6949995047","Conte","Колготки женские Conte Active 40 черные р.3",398,0
"1000026043","Conte","Колготки Conte Elegant Solo 40 Natural р. 3",216,259
"1000005224","Conte","Колготки женские Conte Nuance 20 черные р.2",199,269
"6949995049","Conte","Колготки женские Conte Active 40 бежевые р.2",399,0
"4000059404","Conte","Контейнер Полимербыт Wellfort Butterfly герметичный 750мл",219,0
"4000098238","Conte","Колготки женские Conte Solo 40 черные р.5",216,249
"1000026038","Conte","Колготки женские Conte X-Press 40 бежевые р.4",599,0
"4000098236","Conte","Колготки женские Conte Nuance 40 черные р.5",259,0
"1000005225","Conte","Колготки женские Conte Nuance 20 черные р.3",199,269
"4000098239","Conte","Колготки женские Conte Solo 40 бежевые р.5",249,0
"1000026044","Conte","Колготки Conte Elegant Solo 40 Natural р. 4",216,259
"6949995044","Conte","Колготки женские Conte Nuance 40 бежевые р.3",249,299
"1000026118","Conte","Контейнер для СВЧ Полимербыт Премиум 2.4л в ассортименте",249,299
"8000133751","Conte","Женские колготки Solo Conte бронзовые 20 den р.2",319,0
"1000020686","Conte","Контейнер для СВЧ Полимербыт Каскад 1л в ассортименте",79,0
"6949995046","Conte","Колготки женские Conte Active 40 черные р.2",399,0
"1000473246","Conte","Приманка от тараканов и муравьев Магнит в контейнере 6шт",102,0
"4000098235","Conte","Колготки женские Conte Active 40 бежевые р.5",399,0
"1000026042","Conte","Колготки женские Conte Solo Соло 40 бежевые р.2",222,259
"6949995051","Conte","Колготки женские Conte Active 40 бежевые р.4",399,0
"1000005226","Conte","Колготки женские Conte Nuance 20 черные р.4",199,269
"4000022736","Conte","Контейнер для СВЧ Полимербыт Лок Декор 1.1л",159,0
"1000005223","Conte","Колготки женские Conte Nuance 20 бежевые р.4",199,269
"1000026040","Conte","Колготки женские Conte Solo 40 черные р.3",214,259
"1000042873","Conte","Колготки женские Conte Solo 20 черные р.3",249,0
"6949995043","Conte","Колготки женские Conte Nuance 40 бежевые р.2",249,299
"1000026037","Conte","Колготки женские Conte X-Press 40 бежевые р.3",599,0
"1000026033","Conte","Колготки женские Conte X-Press 40 черные р.2",599,0
"1000130470","Conte","Поглотитель запаха Greenfield для холодильника контейнер-яйцо 2шт*7г",219,0
"1000038440","Conte","Набор контейнеров для СВЧ Полимербыт Каскад 1.4л 3шт",219,299
"1000026033","Conte","Колготки женские Conte X-Press 40 черные р.2",599,0
"1000130470","Conte","Поглотитель запаха Greenfield для холодильника контейнер-яйцо 2шт*7г",219,0
"1000038440","Conte","Набор контейнеров для СВЧ Полимербыт Каскад 1.4л 3шт",219,299
"6949995042","Conte","Колготки женские Conte Nuance 40 черные р.4",249,299
"6949995045","Conte","Колготки женские Conte Nuance 40 бежевые р.4",249,299
"1000076658","Conte","Комплект контейнеров Бытпласт Арт-Декор 1.25л*2шт в ассортименте",209,0
"4000054183","Conte","Колготки женские Conte X-Press 40 черные р.5",649,0
"4000098241","Conte","Колготки женские Conte Solo 20 черные р.5",239,0
"1000026036","Conte","Колготки женские Conte X-Press 40 бежевые р.2",599,0
"6949995040","Conte","Колготки женские Conte Nuance 40 черные р.2",249,299
"4000054184","Conte","Колготки женские Conte X-Press 40 бежевые р.5",649,0
"4000059401","Conte","Контейнер Полимербыт Wellfort Butterfly герметичный 1.2л в ассортименте",329,0
"1000026039","Conte","Колготки женские Conte Solo 40 черные р.2",216,259
"6949995041","Conte","Колготки женские Conte Nuance 40 черные р.3",249,299
"4000060226","Conte","Контейнер Бытпласт Арт-Декор 5л",349,0
"1000026041","Conte","Колготки Conte Elegant Solo 40 размер 4",259,0
"1000313675","Divage","Пудра для лица Divage Beauty Killer Banana Powder тон 01",439,712
"8000040191","Divage","Палетка теней для глаз Eye Game тон 02 Нюд Divage",299,508
"8000070539","Divage","Тушь для ресниц тон 01 Чёрный Black Wing Divage",192,299
"1000334992","Divage","Консилер для лица Divage True Color тон 01N",299,508
"1000335003","Divage","Бальзам для губ Divage Lip Rehab Balm Папайя",179,276
"1000335002","Divage","Бальзам для губ Divage Lip Rehab Balm Кокос",179,276
"8000040189","Divage","Палетка теней для век Easy Nude Plum Divage",666,740
"1000455273","Divage","Основа под макияж Divage One&Only",329,542
"1000334997","Divage","Бальзам для губ Divage Lip Rehab Balm Арбуз",179,276
"1000553973","Divage","Бальзам для губ Marbled Lip Balm тон 04 Divage",249,406
"1000334996","Divage","Бальзам для губ Divage Lip Rehab Balm Ананас",179,276
"1000507099","Divage","Палетка для лица Monday to Friday Divage",616,684
"1000506194","Divage","Палетка теней для век Colors Sand&Flowers Divage",560,622
"1000335001","Divage","Бальзам для губ Divage Lip Rehab Balm Манго",179,276
"8000070536","Divage","Стик для контуринга лица тон 01 Amber нейтральный коричневый Divage 5.5г",528,599
"1000334979","Divage","Блеск для губ Divage Lip Cult тон 05",318,399
"8000040181","Divage","Масло для губ Diamond Lip Oil тон 03 Ягодный Divage",379,542
"8000040190","Divage","Палетка теней для глаз Eye Game тон 01 Смоки Divage",299,508
"1000527920","Divage","Помада для губ Matte Cloud Liquid Lipstick тон 04 Divage",299,486
"8000040180","Divage","Масло для губ Diamond Lip Oil тон 02 Персиковый Divage",379,542
"1000527929","Divage","Помада для губ Butter Gloss Liquid Lipstick тон 04 Divage",269,436
"1000566987","Divage","Тени для век The Mono тон 07 Divage",239,440
"1000506197","Divage","Запеченный хайлайтер для лица тон 03 Divage",416,0
"8000040192","Divage","Палетка теней для глаз Eye Game тон 03 Коричнево-золотистый Divage",299,508
"8000070534","Divage","Румяна для лица в стике тон 02 Candy розовый Divage 5.5г",529,599
"1000389474","Divage","Тинт для лица Divage Chic Touch матовый тон 01",349,609
"8000040193","Divage","Палетка теней для глаз Eye Game тон 04 Коричневый Divage",299,508
"1000376586","Divage","Палетка для лица Divage Sculpt&Shine Скульптурирующая",499,790
"1000553977","Divage","Палетка теней для век Easy Nude Smokey Divage",666,749
"1000095240","Divage","Тушь для ресниц Divage 90*60*90 Luxury Lashes Объем и удлинение черная",349,499
"8000070538","Divage","Тушь для ресниц термостойкая Divage тон 02 коричневый",375,617
"1000527924","Divage","Рассыпчатая пудра для лица Skin Cult Glow Loose Powder Divage",711,0
"8000058068","Divage","Карандаш для губ Divage On The Way тон 08 Mocco Мокко",243,269
"8000040186","Divage","Карандаш для глаз On The Way тон 04 Жемчужно-серый Divage",201,224
"1000455250","Divage","Карандаш для бровей Divage Basic тон 03",223,249
"8000058059","Divage","Карандаш для губ Divage On The Way тон 01 Caramel Карамельный",243,269
"8000040186","Divage","Карандаш для глаз On The Way тон 04 Жемчужно-серый Divage",201,224
"1000455250","Divage","Карандаш для бровей Divage Basic тон 03",223,249
"8000058059","Divage","Карандаш для губ Divage On The Way тон 01 Caramel Карамельный",243,269
"1000334973","Divage","Пудра для лица Divage True Color компактная тон 01",299,508
"8000040182","Divage","Карандаш для глаз On The Way тон 02 Коричневый Divage",201,0
"1000566984","Divage","Карандаш для бровей Slim тон 02 Divage",406,452
"1000506198","Divage","Запеченный хайлайтер для лица тон 01 Divage",416,463
"1000553976","Divage","Палетка теней для век Easy Nude Tanned Divage",666,749
"1000455274","Divage","Карандаш для бровей Divage Basic тон 02",223,249
"1000527935","Divage","Тушь для бровей Brow Tint Long-Lasting тон 01 Divage",299,449
"8000040177","Divage","Масло для губ Diamond Lip Oil тон 01 Перламутровый Divage",379,542
"1000334980","Divage","Блеск для губ Divage Lip Cult тон 06",318,399
"1000334993","Divage","Консилер для лица Divage True Color тон 01W",299,508
"1000455266","Divage","Румяна для лица Divage Solo компактные тон 03",299,508
"1000455267","Divage","Румяна для лица Divage Solo компактные тон 04",299,508
"1000376588","Divage","Тушь для ресниц Divage 4D Big&Black тон черный",299,379
"1000455265","Divage","Румяна для лица Divage Solo компактные тон 02",298,499
"8000058052","Divage","Пептидный бальзам для губ Divage тон 08 винный",330,508
"1000455269","Divage","Румяна для лица Divage Solo компактные тон 06",299,508
"1000527906","Divage","Помада для губ Sensuality Semi Matte Lipstick тон 03 Divage",399,565
"1000334977","Divage","Пудра для лица Divage True Color компактная тон 04",299,508
"1000334988","Divage","Блеск для губ Divage Lip Cult тон 03",318,399
"8000058069","Divage","Карандаш для губ Divage On The Way тон 11 Red Красный",243,269
"8000058067","Divage","Карандаш для губ Divage On The Way тон 09 Terra Терракотовый",243,269
"1000334998","Divage","Бальзам для губ Divage Lip Rehab Balm банан",179,276
"1000527921","Divage","Помада для губ Matte Cloud Liquid Lipstick тон 08 Divage",299,486
"1000389463","Divage","Помада для губ Divage Praline тон 10",366,406
"1000527913","Divage","Помада для губ Sensuality Semi Matte Lipstick тон 07 Divage",399,565
"1000527914","Divage","Подводка для глаз Shimmer&Shine тон 05 Divage",448,497
"1000527900","Divage","Помада для губ Sensuality Semi Matte Lipstick тон 05 Divage",399,565
"8000070535","Divage","Термостойкая тушь для ресниц Divage тон 01 черный",375,617
"1000527911","Divage","Помада для губ Butter Gloss Liquid Lipstick тон 07 Divage",269,436
"1000527933","Divage","Помада для губ Matte Cloud Liquid Lipstick тон 06 Divage",299,486
"8000070537","Divage","Румяна для лица в стике тон 01 Coral коралловый Divage 5.5г",529,599
"1000389465","Divage","Помада для губ Divage Praline тон 12",366,406
"1000566989","Divage","Тени для век The Mono тон 01 Divage",239,440
"8000070537","Divage","Румяна для лица в стике тон 01 Coral коралловый Divage 5.5г",529,599
"1000389465","Divage","Помада для губ Divage Praline тон 12",366,406
"1000566989","Divage","Тени для век The Mono тон 01 Divage",239,440
"1000334994","Divage","Консилер для лица Divage True Color тон 02N",299,508
"1000527919","Divage","Помада для губ Butter Gloss Liquid Lipstick тон 05 Divage",269,436
"1000553979","Divage","Бальзам для губ Marbled Lip Balm тон 01 Divage",249,406
"1000313676","Divage","Тушь для ресниц Divage Beauty Killer тон 01",203,379
"8000040187","Divage","Карандаш для глаз On The Way тон 06 Фиолетовый Divage",201,224
"1000334974","Divage","Консилер для лица Divage True Color тон 02W",299,508
"1000566994","Divage","Тени для век The Mono тон 08 Divage",239,440
"1000334982","Divage","Блеск для губ Divage Lip Cult тон 10",318,399
"1000553980","Divage","Бальзам для губ Marbled Lip Balm тон 02 Divage",249,406
"8000040188","Divage","Карандаш для глаз On The Way тон 05 Синий Divage",201,224
"1000527904","Divage","Помада для губ Sensuality Semi Matte Lipstick тон 01 Divage",399,565
"1000527925","Divage","Помада для губ Butter Gloss Liquid Lipstick тон 02 Divage",269,436
"1000566992","Divage","Тени для век The Mono тон 05 Divage",239,440
"8000058058","Divage","Помада для губ Praline New Divage тон 15 Mysterious Kiss",366,406
"8000040185","Divage","Карандаш для глаз On The Way тон 03 Графитовый Divage",201,0
"1000389458","Divage","Помада для губ Divage Praline тон 04",366,406
"1000334975","Divage","Пудра для лица Divage True Color компактная тон 02",299,508
"1000527934","Divage","Помада для губ Matte Cloud Liquid Lipstick тон 07 Divage",299,486
"1000527927","Divage","Помада для губ Matte Cloud Liquid Lipstick тон 02 Divage",299,486
"1000566990","Divage","Тени для век The Mono тон 02 Divage",239,440
"1000095245","Divage","Тушь для ресниц Divage 90*60*90 Объём разделение и уход чёрная",349,499
"1000389456","Divage","Помада для губ Divage Praline тон 02",366,406
"1000455252","Divage","Карандаш для бровей Divage Basic тон 01",223,249
"8000058054","Divage","Пептидный бальзам для губ Divage тон 04 баблгам",330,508
"1000566995","Divage","Тени для век The Mono тон 04 Divage",239,440
"1000205470","Divage","Тушь для ресниц Divage 90х60х90 Pump It Up тон 01",349,499
"8000058051","Divage","Пептидный бальзам для губ Divage тон 02 вишневый",330,508
"8000058060","Divage","Помада для губ Praline New Divage тон 14 Tender Dreams",366,406
"1000455268","Divage","Румяна для лица Divage Solo компактные тон 05",298,508
"1000334976","Divage","Пудра для лица Divage True Color компактная тон 03",299,508
"1000553972","Divage","Бальзам для губ Marbled Lip Balm тон 03 Divage",249,406
"8000040170","Divage","Компактная пудра для лица тон 04 Sand Divage Matte Touch",576,639
"8000058064","Divage","Карандаш для губ Divage On The Way тон 03 Rose Taupe Пыльно-розовый",243,269
"1000553972","Divage","Бальзам для губ Marbled Lip Balm тон 03 Divage",249,406
"8000040170","Divage","Компактная пудра для лица тон 04 Sand Divage Matte Touch",576,639
"8000058064","Divage","Карандаш для губ Divage On The Way тон 03 Rose Taupe Пыльно-розовый",243,269
"1000566991","Divage","Тени для век The Mono тон 03 Divage",239,440
"1000527932","Divage","Помада для губ Matte Cloud Liquid Lipstick тон 05 Divage",299,486
"1000389473","Divage","Помада для губ Divage Praline тон 06",366,406
"1000527916","Divage","Тушь для ресниц Venera тон 01 Черный Divage",247,575
"1000506200","Divage","Палетка для лица тон 01 Divage Duo Face Palette",529,587
"1000527918","Divage","Помада для губ Butter Gloss Liquid Lipstick тон 01 Divage",269,436
"1000389455","Divage","Помада для губ Divage Praline тон 01",366,406
"8000040184","Divage","Карандаш для глаз On The Way тон 01 Черный Divage",201,224
"1000527930","Divage","Помада для губ Butter Gloss Liquid Lipstick тон 06 Divage",269,436
"1000389464","Divage","Помада для губ Divage Praline тон 11",366,406
"1000566988","Divage","Палетка теней для век Easy Nude Fresh Divage",666,749
"1000527931","Divage","Помада для губ Matte Cloud Liquid Lipstick тон 03 Divage",299,486
"8000058056","Divage","Помада для губ Praline New Divage тон 13 Rose Quartz",366,406
"1000507085","Divage","Тушь для ресниц Karenina тон 01 Черная Divage",345,575
"1000389476","Divage","Тинт для лица Divage Chic Touch матовый тон 04",349,609
"1000507097","Divage","Пудра для лица Skin Cult тон 04 Divage",385,609
"1000095243","Divage","Тушь для ресниц Divage 90*60*90 Long Lashes удлиняющая черная",349,499
"8000040178","Divage","Консилер для лица тон 02w Розово-бежевый Divage Matte Touch",504,560
"1000527926","Divage","Помада для губ Matte Cloud Liquid Lipstick тон 01 Divage",299,486
"8000014541","Divage","Карандаш для бровей Brow Addiction тон 02 Divage",487,549
"8000040175","Divage","Консилер для лица тон 01w Светло-розовый Divage Matte Touch",504,560
"1000566985","Divage","Карандаш для бровей Slim тон 03 Divage",406,449
"1000527928","Divage","Помада для губ Butter Gloss Liquid Lipstick тон 03 Divage",269,436
"8000040173","Divage","Компактная пудра для лица тон 02 Ivory Divage Matte Touch",576,639
"1000527936","Divage","Тушь для бровей Brow Tint Long-Lasting тон 02 Divage",299,449
"1000527912","Divage","Помада для губ Butter Gloss Liquid Lipstick тон 08 Divage",269,436
"8000058065","Divage","Карандаш для губ Divage On The Way тон 06 Marsala Ягодный",243,269
"1000566983","Divage","Карандаш для бровей Slim тон 01 Divage",406,449
"8000058063","Divage","Карандаш для губ Divage On The Way тон 04 Shiny Rose Сатиновый розовый",243,269
"1000389472","Divage","Помада для губ Divage Praline тон 05",366,406
"1000389457","Divage","Помада для губ Divage Praline тон 03",366,406
"8000014545","Divage","Карандаш для бровей Brow Addiction тон 01 Divage",487,549
"1000389460","Divage","Тинт для лица Divage Chic Touch матовый тон 03",349,609
"1000389457","Divage","Помада для губ Divage Praline тон 03",366,406
"8000014545","Divage","Карандаш для бровей Brow Addiction тон 01 Divage",487,549
"1000389460","Divage","Тинт для лица Divage Chic Touch матовый тон 03",349,609
"8000058062","Divage","Карандаш для губ Divage On The Way тон 05 Blush Глубокий розовый",243,269
"1000506191","Divage","Палетка для лица тон 02 Divage Duo Face Palette",529,599
"8000040171","Divage","Компактная пудра для лица тон 01 Fair Divage Matte Touch",576,639
"8000040179","Divage","Консилер для лица тон 01n Светло-бежевый Divage Matte Touch",504,0
"8000058070","Divage","Карандаш для губ Divage On The Way тон 10 Tea Rose Чайная роза",243,269
"8000058066","Divage","Карандаш для губ Divage On The Way тон 07 Rosewood Розовое дерево",243,269
"8000040176","Divage","Консилер для лица тон 02n Золотисто-бежевый Divage Matte Touch",504,560
"1000527899","Divage","Помада для губ Sensuality Semi Matte Lipstick тон 04 Divage",399,565
"1000566993","Divage","Тени для век The Mono тон 06 Divage",239,440
"1000527907","Divage","Помада для губ Sensuality Semi Matte Lipstick тон 11 Divage",399,565
"1000527902","Divage","Помада для губ Sensuality Semi Matte Lipstick тон 08 Divage",399,565
"1000566986","Divage","Карандаш для бровей Slim тон 04 Divage",406,449
"8000040174","Divage","Компактная пудра для лица тон 03 Beige Divage Matte Touch",576,0
"1000527901","Divage","Помада для губ Sensuality Semi Matte Lipstick тон 06 Divage",399,565
"8000058061","Divage","Карандаш для губ Divage On The Way тон 02 Nude Розово-бежевый",243,269
"1000193429","Divage","Карандаш для глаз Divage Khol черный",247,274
"1000313683","Divage","Тушь для ресниц Divage Good Vibes Only тон 01",379,575
"1000334978","Divage","Тональный крем Divage True Color тон 01 Fair",399,662
"1000334983","Divage","Блеск для губ Divage Lip Cult тон 11",318,399
"1000334984","Divage","Блеск для губ Divage Lip Cult тон 14",318,399
"1000334985","Divage","Тональный крем Divage True Color тон 04 Sand",399,662
"1000334986","Divage","Блеск для губ Divage Lip Cult тон 01",318,399
"1000334990","Divage","Тональный крем Divage True Color тон 02 Ivory",399,662
"1000334991","Divage","Тональный крем Divage True Color тон 03 beige",399,662
"1000334995","Divage","Блеск для губ Divage Lip Cult тон 15",318,399
"1000334999","Divage","Блеск для губ Divage Lip Cult тон 17",318,399
"1000389459","Divage","Тинт для лица Divage Chic Touch матовый тон 02",349,609
"1000389469","Divage","Маркер для бровей Divage Microblading Effect тон 01",369,594
"1000389470","Divage","Маркер для бровей Divage Microblading Effect тон 03",369,594
"1000389471","Divage","Маркер для бровей Divage Microblading Effect тон 02",369,594
"1000449243","Divage","Бальзам для губ Divage Lip Rehab Balm с ароматом ванили",179,276
"1000449244","Divage","Бальзам для губ Divage Lip Rehab Balm с ароматом медового яблока",179,276
"1000449245","Divage","Бальзам для губ Divage Lip Rehab Balm с ароматом маршмэллоу",179,276
"1000449243","Divage","Бальзам для губ Divage Lip Rehab Balm с ароматом ванили",179,276
"1000449244","Divage","Бальзам для губ Divage Lip Rehab Balm с ароматом медового яблока",179,276
"1000449245","Divage","Бальзам для губ Divage Lip Rehab Balm с ароматом маршмэллоу",179,276
"1000449246","Divage","Бальзам для губ Divage Lip Rehab Balm с ароматом карамели",179,276
"1000449247","Divage","Бальзам для губ Divage Lip Rehab Balm с ароматом шоколада",179,276
"1000449248","Divage","Бальзам для губ Divage Lip Rehab Balm с ароматом сладкой мяты",179,276
"1000495282","Divage","Масло для губ Elixir Lip Oil тон 01 Divage",299,508
"1000495284","Divage","Масло для губ Elixir Lip Oil тон 03 Divage",299,508
"1000495285","Divage","Масло для губ Elixir Lip Oil тон 04 Divage",299,508
"1000495286","Divage","Подводка-фломастер для глаз Microliner тон 01 Черный Divage",458,508
"1000506171","Divage","Блеск для губ Push Up Lip Plumper тон 02 Divage",349,537
"1000506172","Divage","Блеск для губ Push Up Lip Plumper тон 04 Divage",349,537
"1000506173","Divage","Автоматический карандаш для глаз Intense Color тон 01 Черный Divage",249,406
"1000506174","Divage","Автоматический карандаш для глаз Intense Color тон 02 Коричневый Divage",249,406
"1000506175","Divage","Блеск для губ Push Up Lip Plumper тон 01 Divage",349,537
"1000506177","Divage","Помада-бальзам для губ Nude Balm Lipstick тон 04 Divage",319,508
"1000506178","Divage","Помада-бальзам для губ Nude Balm Lipstick тон 03 Divage",319,508
"1000506179","Divage","Помада-бальзам для губ Nude Balm Lipstick тон 05 Divage",319,508
"1000506180","Divage","Помада-бальзам для губ Nude Balm Lipstick тон 06 Divage",319,508
"1000506181","Divage","Помада-бальзам для губ Nude Balm Lipstick тон 02 Divage",319,508
"1000506185","Divage","Масло для губ Dewy Lip Oil с ароматом ванили Divage",336,373
"1000506188","Divage","Помада-бальзам для губ Nude Balm Lipstick тон 01 Divage",319,508
"1000506192","Divage","Блеск для губ Push Up Lip Plumper тон 03 Divage",349,537
"1000507089","Divage","Карандаш каял для глаз Kajal Eyeliner тон 01 Divage",269,493
"1000507090","Divage","Карандаш каял для глаз Kajal Eyeliner тон 03 Divage",269,493
"1000507091","Divage","Карандаш каял для глаз Kajal Eyeliner тон 04 Divage",269,493
"1000507095","Divage","Карандаш каял для глаз Kajal Eyeliner тон 02 Divage",269,493
"1000507100","Divage","Тушь для ресниц Acapella тон 01 Черный Divage",345,575
"1000527922","Divage","Подводка для глаз Shimmer&Shine тон 01 Divage",448,497
"1000527923","Divage","Подводка для глаз Shimmer&Shine тон 04 Divage",448,497
"1000527938","Divage","Подводка для глаз Shimmer&Shine тон 03 Divage",448,497
"1000553970","Divage","Карандаш для губ Let's Talk Long-Lasting тон 03 Divage",269,463
"1000553971","Divage","Карандаш для губ Let's Talk Long-Lasting тон 04 Divage",269,463
"1000553974","Divage","Карандаш для губ Let's Talk Long-Lasting тон 02 Divage",269,463
"1000553975","Divage","Карандаш для губ Let's Talk Long-Lasting тон 01 Divage",269,463
"1000553978","Divage","Карандаш для губ Let's Talk Long-Lasting тон 05 Divage",269,463
"1000553974","Divage","Карандаш для губ Let's Talk Long-Lasting тон 02 Divage",269,463
"1000553975","Divage","Карандаш для губ Let's Talk Long-Lasting тон 01 Divage",269,463
"1000553978","Divage","Карандаш для губ Let's Talk Long-Lasting тон 05 Divage",269,463
"1000553982","Divage","Автоматический карандаш для глаз Intense Color тон 05 Черный металлик Divage",269,458
"1000553983","Divage","Автоматический карандаш для глаз Intense Color тон 06 Бронзово-золотистый Divage",269,458
"1000553984","Divage","Автоматический карандаш для глаз Intense Color тон 07 Жемчужный серый Divage",269,458
"8000014542","Divage","СС-крем для лица тон 02 Divage",641,712
"8000014543","Divage","СС-крем для лица тон 01 Divage",641,712
"8000040172","Divage","СС-крем для лица тон 03 Divage",641,712
"8000040183","Divage","Масло для губ Diamond Lip Oil тон 04 Кремовый Divage",379,542
"8000058053","Divage","Пептидный бальзам для губ Divage тон 01 холодный розовый",330,508
"8000058057","Divage","Пептидный бальзам для губ Divage тон 09 ежевичное суфле",330,508
"8000106313","Divage","Тинт для губ тон 03 Honey Peach Kiss Stay Divage",495,549
"8000106314","Divage","Тинт для губ тон 01 Caramel Latte Kiss Stay Divage",495,549
"8000106315","Divage","Тинт для губ тон 02 Rose Bliss Kiss Stay Divage",495,549
"8000106316","Divage","Тинт для губ тон 06 Deep Lilac Kiss Stay Divage",495,549
"8000106326","Divage","Тинт для губ тон 04 Berry Delight Kiss Stay Divage",347,549
"8000106327","Divage","Тинт для губ тон 05 Sangria Kiss Stay Divage",495,549
"8000063443","Dzintars","Подарочный набор Dzintars Крем для рук 75мл + Бальзам для губ 12мл в ассортименте",529,899
"1000524028","Dzintars","Крем для лица Dzintars Roja Увлажняющий 50мл",376,699
"8000040666","Dzintars","Бальзам для лица Dzintars Afterglow после загара восстанавливающий",149,0
"1000524031","Dzintars","Тоник Dzintars Melnsils сбалансированный 200мл",499,0
"1000524018","Dzintars","Крем для кожи вокруг глаз Dzintars Roja 15мл",406,699
"8000063442","Dzintars","Подарочный набор Dzintars Шампунь для волос 300мл + Маска для волос 250мл + Крем для рук 75мл в ассортименте",952,1699
"1000524025","Dzintars","Шампунь Dzintars Dubulti для окрашенных волос 300мл",399,699
"1000524007","Dzintars","Шампунь для чувствительной кожи и тонких волос Dzintars Tuja 300мл",399,699
"1000524030","Dzintars","Шампунь Dzintars Dzintari для тонких и поврежденных волос 300мл",399,699
"1000524019","Dzintars","Сыворотка для роста ресниц и бровей Dzintars Roja 10мл",699,0
"1000524036","Dzintars","Средство против акне Dzintars Melnsils быстродействующее 7.5г",649,0
"1000524033","Dzintars","Зубная паста Dzintars Asari отбеливающая с черной смородиной 75мл",450,599
"8000040667","Dzintars","Увлажняющий крем для лица SPF50+ Dzintars Amberglow",1121,2387
"1000524000","Dzintars","Питательный бальзам для губ Dzintari Dzintars",267,299
"1000524002","Dzintars","Увлажняющий бальзам для губ Kolka Dzintars",207,299
"1000523998","Dzintars","Крем Dzintars Nica универсальный питательный 75мл",349,0
"1000523999","Dzintars","Защитный бальзам для губ Dubulti Dzintars",267,299
"1000524008","Dzintars","Пенка для умывания Dzintars Roja 150мл",449,0
"1000524022","Dzintars","Кондиционер для окрашенных волос Dzintars Dubulti 200мл",749,0
"1000524024","Dzintars","Кондиционер Dzintars Dzintari для тонких и поврежденных 200мл",749,0
"1000524029","Dzintars","Шампунь для сухих волос Dzintars Kolka 300мл",399,699
"1000524020","Dzintars","Шампунь Dzintars Nica для всех типов волос 300мл",399,699
"1000524016","Dzintars","Зубная паста Dzintars Asari отбеливающая с апельсином и мятой 75мл",438,599
"1000524027","Dzintars","Зубная паста Dzintars Gauja ультракомплексная 75мл",438,499
"1000524023","Dzintars","Кондиционер для сухих волос Dzintars Kolka 200мл",749,0
"1000524038","Dzintars","Средство для душа Dzintars Melnsils с отшелушивающим эффектом 200мл",499,0
"1000524004","Dzintars","Зубная паста Dzintars Asari отбеливающая с ревнем 75мл",599,0
"1000524014","Dzintars","Крем для рук Dzintars Kolka увлажняющий 50мл",399,0
"1000524037","Dzintars","Гель для тела Dzintars Melnsils 200мл",499,0
"1000524035","Dzintars","Зубная паста Dzintars Kemeri для здоровых десен 75мл",549,0
"1000524009","Dzintars","Мицеллярная вода Dzintars Roja 3в1 200мл",549,0
"1000524011","Dzintars","Тоник для лица Dzintars Roja увлажняющий 200мл",499,0
"1000524006","Dzintars","Зубная паста Dzintars Tuja для чувствительных зубов 75мл",549,0
"1000524021","Dzintars","Кондиционер для тонких волос Dzintars Tuja 200мл",749,0
"1000524026","Dzintars","Средство для умывания Dzintars Melnsils 3в1 150мл",499,0
"8000063441","Dzintars","Подарочный набор Совершенный ритуал ухода Dzintars Шампунь для волос 300мл + Бальзам для губ 12мл + Крем для рук 75мл в ассортименте",909,1699
"1000524021","Dzintars","Кондиционер для тонких волос Dzintars Tuja 200мл",749,0
"1000524026","Dzintars","Средство для умывания Dzintars Melnsils 3в1 150мл",499,0
"8000063441","Dzintars","Подарочный набор Совершенный ритуал ухода Dzintars Шампунь для волос 300мл + Бальзам для губ 12мл + Крем для рук 75мл в ассортименте",909,1699
"1000523997","Dzintars","Смягчающий бальзам для губ Tuja Dzintars",349,0
"1000483300","Estel","Шампунь для жирных волос Estel Curex Volume Живой объем 300мл",280,499
"1000483344","Estel","Шампунь для светлых оттенков волос Estel Curex Color Intense Чистый цвет 300мл",280,499
"1000483301","Estel","Шампунь для сухих поврежденных волос Estel Curex Volume Живой объем 300мл",419,499
"1000315716","Estel","Бальзам для волос Estel Curex Color Save Цвет-эксперт 250мл",419,549
"1000315714","Estel","Крем-бальзам Estel Curex Vita-терапия 250мл",291,549
"1000315715","Estel","Шампунь Estel Curex Цвет-эксперт Color save 300мл",397,549
"1000483343","Estel","Бальзам для волос Estel Curex Classic Основной уход 250мл",419,499
"1000315713","Estel","Маска для волос Estel Curex Classic Основной уход 500мл",480,999
"1000380316","Estel","Бальзам-Хайлайтер Estel Secrets для окрашенных и мелированных волос 200мл",294,549
"1000315708","Estel","Жидкий шелк Estel Curex Блеск-эффект Brillianc 100мл",427,799
"1000380329","Estel","Спрей Estel Secrets мультифункциональный 17в1 для всех типов волос 200мл",327,649
"1000315711","Estel","Шампунь Estel Curex основной уход Classic 300мл",280,549
"1000380321","Estel","Маска-восстановление Estel Secrets для поврежденных волос 275мл",798,899
"1000315718","Estel","Шампунь Estel Curex Чистый цвет Color intense 300мл",280,549
"1000483339","Estel","Бальзам для всех типов волос Estel Curex Balance Водный баланс 250мл",419,499
"1000387818","Estel","Краска для бровей и ресниц Estel only looks коричневый тон 80мл",179,349
"1000483341","Estel","Шампунь для всех типов волос Estel Curex Balance Водный баланс 300мл",280,499
"1000315717","Estel","Бальзам Estel curex чистый цвет color intense 250мл",291,549
"1000315709","Estel","Двухфазный лосьон-спрей Estel Curex Vita-терапия 200мл",322,649
"1000483338","Estel","Шампунь-гель для волос и тела Estel Curex Active Спорт и фитнес 300мл",382,469
"1000318235","Estel","Крем-краска для волос Estel Celebrity 5/7 Шоколад 140мл",269,329
"1000315712","Estel","Кондиционер-спрей Estel Curex Основной уход Classic 200мл",322,649
"1000380318","Estel","Маска-уход Estel Secrets мультифункциональная для всех типов волос 275мл",443,899
"1000380320","Estel","Маска-хайлайтер Estel Secrets для окрашенных и мелированных волос 275мл",709,899
"1000387814","Estel","Маска для волос Estel Ятон Тонирующая Перламутровый 60мл",199,0
"8000083646","Estel","Трансдермальная гидрогелевая лифтинг маска с коллагеновым комплексом Institute Estelare 34г",399,499
"1000315723","Estel","Крем-краска для волос Estel Celebrity 7/45 Тициан 140мл",269,329
"1000387815","Estel","Тонирующая маска для волос Estel Ятон Сатиновый 60мл",199,0
"1000507829","Estel","Крем-гель краска для волос Estel Color Signature тон 7/71 Фраппе",499,0
"1000506872","Estel","Крем-гель краска для волос Estel Color Signature тон 10/16 Завораживающий бриллиант",264,499
"1000315724","Estel","Крем-краска для волос Estel Celebrity 7/7 Лесной орех 140мл",269,329
"1000318236","Estel","Крем-краска для волос Estel Celebrity 6/76 Горький шоколад 140мл",269,329
"1000507830","Estel","Крем-гель краска для волос Estel Color Signature тон 1/0 Черный классический",499,0
"1000380323","Estel","Шампунь-восстановление Estel Secrets для поврежденных волос 250мл",649,0
"1000380322","Estel","Шампунь-хайлайтер Estel Secrets для окрашенных и мелированых волос 250мл",649,0
"1000506884","Estel","Крем-гель краска для волос Estel Color Signature тон 4/7 Мокко",499,0
"1000380323","Estel","Шампунь-восстановление Estel Secrets для поврежденных волос 250мл",649,0
"1000380322","Estel","Шампунь-хайлайтер Estel Secrets для окрашенных и мелированых волос 250мл",649,0
"1000506884","Estel","Крем-гель краска для волос Estel Color Signature тон 4/7 Мокко",499,0
"1000380325","Estel","Гидро-шампунь Estel Secrets бессульфатный для ослабленных волос 250мл",649,0
"1000315710","Estel","Маска Estel Curex Vita-терапия для повреждённых волос 500мл",699,999
"1000387813","Estel","Маска для волос Estel Ятон Тонирующая Пепельный 60мл",199,0
"1000318238","Estel","Крем-краска для волос Estel Celebrity 1/0 Черный 140мл",269,329
"1000380317","Estel","Бальзам Estel Secrets Восстановление для поврежденных волос 200мл",599,0
"1000318237","Estel","Крем-краска для волос Estel Celebrity 7/0 Русый 140мл",269,329
"8000083645","Estel","Трансдермальная гидрогелевая аквамаска с гиалуроновым комплексом Institute Estelare 34г",399,499
"1000318234","Estel","Крем-краска для волос Estel Celebrity 4/7 Мокко 140мл",269,329
"1000315721","Estel","Крем-краска для волос Estel Celebrity 5/65 Спелая вишня 140мл",269,329
"1000380324","Estel","Шампунь-уход Estel Secrets мультифункциональный для всех типов волос 250мл",598,0
"1000315720","Estel","Крем-краска для волос Estel Celebrity 8/0 Светло-русый 140мл",269,329
"1000387822","Estel","Краска для волос Estel White Balance тон 12.7 Завораживающий Жемчуг 350мл",699,0
"1000387809","Estel","Краска для волос Estel White Balance Аметист 350мл",699,0
"1000387821","Estel","Краска для бровей и ресниц Estel Only looks чёрный тон 80мл",369,0
"1000506888","Estel","Крем-гель краска для волос Estel Color Signature тон 10/0 Белый песок",499,0
"1000506860","Estel","Крем-гель краска для волос Estel Color Signature тон 5/77 Горячий шоколад",499,0
"1000506869","Estel","Крем-гель краска для волос Estel Color Signature тон 7/44 Морской коралл",499,0
"1000387812","Estel","Краска для волос Estel White Balance Бриллиант 350мл",699,0
"1000507837","Estel","Крем-гель краска для волос Estel Color Signature тон 9/17 Шелковая вуаль",499,0
"1000318231","Estel","Крем-краска для волос Estel Celebrity 10/0 Платиновый блонд 140мл",269,329
"1000506867","Estel","Крем-гель краска для волос Estel Color Signature тон 10/65 Сияние сакуры",499,0
"1000387810","Estel","Краска для волос Estel White Balance Сапфир 350мл",699,0
"1000387811","Estel","Краска для волос Estel White Balance Топаз 350мл",699,0
"1000456412","Eva Mosaic","Румяна для лица Eva Mosaiс тон 04 Розовый искрящийся",469,609
"1000456359","Eva Mosaic","Бальзам для губ Eva Mosaic Ultra Shine Lip Balm",270,459
"1000456406","Eva Mosaic","Губная помада Eva Mosaic Cream Desire тон 02",275,679
"1000456403","Eva Mosaic","Консилер для лица Eva Mosaiс Naked Effect тон 01 слоновая кость",367,619
"1000456415","Eva Mosaic","Пудра для лица Eva Mosaiс компактная тон 01 Слоновая кость",648,875
"8000014221","Eva Mosaic","Карандаш для глаз Черный Eva Mosaic Smokey Make Up",298,449
"1000456329","Eva Mosaic","Подводка-фломастер для глаз Eva Mosaiс Epic Black",449,589
"1000456330","Eva Mosaic","Карандаш для глаз Eva Mosaic Kayal Intense Черный",316,449
"1000456427","Eva Mosaic","Тональный ВВ-крем Eva Mosaiс тон 01 Слоновая кость",481,599
"1000456349","Eva Mosaic","Тушь для ресниц Eva Mosaiс Zoom Lashes 5D Взрывной объем черная",493,0
"8000014241","Eva Mosaic","Блеск для губ тон 57 Eva Mosaic Power Gloss",419,529
"1000456324","Eva Mosaic","Блеск для губ Eva Mosaic Power Gloss тон 26",419,529
"1000456351","Eva Mosaic","Тушь для ресниц Eva Mosaiс Hi Tech объем и удлинение",519,574
"8000014276","Eva Mosaic","Универсальный консилер для лица Натуральный Eva Mosaic",347,549
"1000456407","Eva Mosaic","Пудра для лица Eva Mosaiс финишная прозрачная",845,0
"1000456334","Eva Mosaic","Карандаш для глаз Eva Mosaic Eye Color Make Up Темный шоколад",275,309
"1000456350","Eva Mosaic","Тушь для ресниц Eva Mosaiс Wow! Mascara супер объем",398,579
"8000014257","Eva Mosaic","Тональный крем для коррекции цвета кожи тон 01 Фарфор Eva Mosaic СС Color Correction Cream",476,649
"1000456433","Eva Mosaic","Румяна для лица Eva Mosaiс Солнечная палитра тон 01",892,1249
"1000456321","Eva Mosaic","Блеск для губ Eva Mosaic Power Gloss тон 15",419,529
"8000014190","Eva Mosaic","Тени для век тон 03 Eva Mosaic Mono",485,629
"1000456421","Eva Mosaic","Тональный крем-флюид Eva Mosaiс Fluid Touch тон 02 Светло-бежевый",801,999
"1000456352","Eva Mosaic","Тени для глаз и бровей Eva Mosaiс Ideal Eyebrow тон 01",785,1149
"8000014226","Eva Mosaic","Карандаш-кайал для глаз Белый Eva Mosaic Kayal Intense",418,0
"1000456323","Eva Mosaic","Блеск для губ Eva Mosaic Power Gloss тон 23",419,529
"1000456318","Eva Mosaic","Блеск для губ Eva Mosaic Power Gloss тон 11",419,529
"1000456420","Eva Mosaic","Тональный крем-флюид Eva Mosaiс Fluid Touch тон 01 Фарфор",801,999
"1000456426","Eva Mosaic","Губная помада Eva Mosaic Cream Desire тон 13",616,679
"8000014210","Eva Mosaic","Карандаш для глаз Шоколад Eva Mosaic Smokey Make Up",329,449
"8000014212","Eva Mosaic","Тени для век тон 07 Eva Mosaic Mono",421,629
"8000014184","Eva Mosaic","Увлажняющая пудра для лица тон 02 Светло-бежевый Eva Mosaic",650,899
"1000456409","Eva Mosaic","Тональный ВВ-крем Eva Mosaiс тон 03 Медовый",481,599
"8000014229","Eva Mosaic","Рассыпчатая пудра для лица Вуаль Effect Eva Mosaic",933,1049
"1000456338","Eva Mosaic","Тени для век Eva Mosaiс Mono тон 14",421,629
"1000456431","Eva Mosaic","Тональный крем Eva Mosaiс HD Comfort матирующий тон 03 Натуральный бежевый",636,0
"1000456327","Eva Mosaic","Карандаш для глаз Eva Mosaic Eye Color Make Up Черный",275,309
"1000456338","Eva Mosaic","Тени для век Eva Mosaiс Mono тон 14",421,629
"1000456431","Eva Mosaic","Тональный крем Eva Mosaiс HD Comfort матирующий тон 03 Натуральный бежевый",636,0
"1000456327","Eva Mosaic","Карандаш для глаз Eva Mosaic Eye Color Make Up Черный",275,309
"8000014249","Eva Mosaic","Карандаш для глаз Карамельный нюд Eva Mosaic Smokey Eyes Nude",399,549
"8000014269","Eva Mosaic","Универсальный консилер для лица Светло-бежевый Eva Mosaic",347,549
"1000456417","Eva Mosaic","Губная помада Eva Mosaic Cream Desire тон 04",523,679
"1000456404","Eva Mosaic","Консилер для лица Eva Mosaic Naked Effect тон 04 зеленый",477,619
"1000456401","Eva Mosaic","Пудра для лица Eva Mosaiс компактная тон 03 Песок",648,875
"8000014192","Eva Mosaic","Румяна для лица тон 09 Алая роза Eva Mosaic",469,609
"1000456432","Eva Mosaic","Хайлайтер для лица Eva Mosaiс тон 13 Лунный свет",579,0
"8000014250","Eva Mosaic","Увлажняющая помада для губ тон 164 Eva Mosaic Deep Shine",572,0
"8000014209","Eva Mosaic","Карандаш для глаз Eva Mosaic Smokey Eyes Nude",399,549
"1000456435","Eva Mosaic","Консилер для лица Eva Mosaiс Naked Effect тон 02 Светло-бежевый",386,619
"1000456416","Eva Mosaic","Губная помада Eva Mosaic Cream Desire тон 03",523,679
"1000456348","Eva Mosaic","Тушь для ресниц Eva Mosaiс On And On Balm Mascara Черная",372,609
"1000456408","Eva Mosaic","Тональный ВВ-крем Eva Mosaiс тон 02 Бежевый",499,599
"1000456353","Eva Mosaic","Карандаш для губ Eva Mosaic Lip Color Make Up Вельвет",239,309
"1000456315","Eva Mosaic","Масло для губ Eva Mosaiс Lip Oil ультра нежное тон 01",429,0
"1000456423","Eva Mosaic","Губная помада Eva Mosaic Cream Desire тон 10",616,679
"8000014187","Eva Mosaic","Увлажняющая помада для губ тон 311 Eva Mosaic Deep Shine",541,0
"1000456424","Eva Mosaic","Губная помада Eva Mosaic Cream Desire тон 11",465,679
"8000014247","Eva Mosaic","Увлажняющая помада для губ тон 160 Eva Mosaic Deep Shine",543,0
"1000456422","Eva Mosaic","Тональный крем-флюид Eva Mosaiс Fluid Touch тон 04 Бежевый",768,999
"8000014195","Eva Mosaic","Карандаш для глаз Серый Eva Mosaic Smokey Make Up",329,449
"8000014233","Eva Mosaic","Тени для век тон 01 Eva Mosaic Mono",421,629
"1000456358","Eva Mosaic","Карандаш для губ Eva Mosaic Lip Color Make Up Флирт",239,309
"1000456316","Eva Mosaic","Блеск для губ Eva Mosaic Power Gloss тон 01",419,529
"1000456347","Eva Mosaic","Тушь для ресниц Eva Mosaiс Fantasy Mascara удлиняющая Черная",545,0
"1000456332","Eva Mosaic","Тени для век Eva Mosaiс Mono тон 02",421,629
"1000456414","Eva Mosaic","Румяна для лица Eva Mosaiс тон 15 Кашемир",446,609
"1000456336","Eva Mosaic","Тени для век Eva Mosaiс Mono тон 11",598,0
"1000456418","Eva Mosaic","Губная помада Eva Mosaic Cream Desire тон 07",616,679
"1000456356","Eva Mosaic","Карандаш для губ Eva Mosaic Lip Color Make Up Кофейно-розовый",239,309
"1000456399","Eva Mosaic","Губная помада Eva Mosaic Cream Desire тон 05",498,679
"1000456322","Eva Mosaic","Блеск для губ Eva Mosaic Power Gloss тон 19",419,529
"8000014236","Eva Mosaic","Тушь для ресниц Eva Mosaic Easy Volume",542,0
"1000456399","Eva Mosaic","Губная помада Eva Mosaic Cream Desire тон 05",498,679
"1000456322","Eva Mosaic","Блеск для губ Eva Mosaic Power Gloss тон 19",419,529
"8000014236","Eva Mosaic","Тушь для ресниц Eva Mosaic Easy Volume",542,0
"8000056129","Eva Mosaic","Карандаш для бровей Капучино Eva Mosaic",497,659
"8000014259","Eva Mosaic","Тени для век четырехцветные тон 03 Eva Mosaic",1035,0
"8000014242","Eva Mosaic","Блеск для губ тон 34 Eva Mosaic Power Gloss",419,529
"8000014217","Eva Mosaic","Карандаш для глаз Лавандовый нюд Eva Mosaic Smokey Eyes Nude",399,549
"8000014188","Eva Mosaic","Тени для век тон 05 Eva Mosaic Mono",421,629
"1000456425","Eva Mosaic","Губная помада Eva Mosaic Cream Desire тон 12",616,679
"8000014272","Eva Mosaic","Тональный крем для коррекции цвета кожи тон 02 Золотисто-бежевый Eva Mosaic СС Color Correction Cream",497,649
"8000014267","Eva Mosaic","Блеск для губ тон 56 Eva Mosaic Power Gloss",419,529
"8000014214","Eva Mosaic","Палетка для контурирования лица тон 01 Eva Mosaic Face Contour",643,899
"8000014219","Eva Mosaic","Увлажняющая помада для губ тон 064 Eva Mosaic Deep Shine",572,0
"8000014230","Eva Mosaic","Тени для век четырехцветные тон 01 Eva Mosaic",839,1099
"1000456354","Eva Mosaic","Карандаш для губ Eva Mosaic Lip Color Make Up Вишня",239,309
"1000456419","Eva Mosaic","Губная помада Eva Mosaic Cream Desire тон 09",465,679
"8000014256","Eva Mosaic","Увлажняющая помада для губ тон 163 Eva Mosaic Deep Shine",543,0
"1000456317","Eva Mosaic","Блеск для губ Eva Mosaic Power Gloss тон 03",419,529
"8000014198","Eva Mosaic","Увлажняющая пудра для лица тон 01 Слоновая кость Eva Mosaic",771,899
"8000014231","Eva Mosaic","Увлажняющая помада для губ тон 030 Eva Mosaic Deep Shine",543,0
"1000456428","Eva Mosaic","Тональный крем Eva Mosaiс HD Comfort матирующий тон 02 Золотисто-бежевый",516,669
"1000456355","Eva Mosaic","Карандаш для губ Eva Mosaic Lip Color Make Up Кофе с молоком",239,309
"1000456326","Eva Mosaic","Блеск для губ Eva Mosaic Power Gloss тон 22",419,529
"1000456337","Eva Mosaic","Тени для век Eva Mosaiс Mono тон 12",485,629
"1000456333","Eva Mosaic","Тени для век Eva Mosaiс Mono тон 09",485,629
"1000456331","Eva Mosaic","Карандаш для глаз Eva Mosaic Eye Color Make Up Серый",238,309
"1000456402","Eva Mosaic","Пудра для лица Eva Mosaic компактная тон 04 Бежевый",650,875
"1000456413","Eva Mosaic","Румяна для лица Eva Mosaiс тон 07 Морозная свежесть",446,609
"8000014239","Eva Mosaic","Увлажняющая помада для губ тон 067 Eva Mosaic Deep Shine",543,0
"8000014216","Eva Mosaic","Тени для век тон 13 Eva Mosaic Mono",597,0
"8000014201","Eva Mosaic","Увлажняющая пудра для лица тон 03 Бежевый Eva Mosaic",771,899
"8000014235","Eva Mosaic","Увлажняющая помада для губ тон 003 Eva Mosaic Deep Shine",514,569
"8000014205","Eva Mosaic","Увлажняющая пудра для лица тон 04 Золотисто-бежевый Eva Mosaic",649,899
"8000014265","Eva Mosaic","Тональный крем для коррекции цвета кожи тон 03 Ваниль Eva Mosaic СС Color Correction Cream",497,649
"8000056127","Eva Mosaic","Карандаш для бровей Латте Eva Mosaic",499,659
"8000056128","Eva Mosaic","Карандаш для бровей Эспрессо Eva Mosaic",464,659
"8000014265","Eva Mosaic","Тональный крем для коррекции цвета кожи тон 03 Ваниль Eva Mosaic СС Color Correction Cream",497,649
"8000056127","Eva Mosaic","Карандаш для бровей Латте Eva Mosaic",499,659
"8000056128","Eva Mosaic","Карандаш для бровей Эспрессо Eva Mosaic",464,659
"1000496745","Funky Monkey","Набор для теней и бровей тон 02 Funky Monkey Brow Powder Set",355,649
"8000074960","Funky Monkey","Термостойкая тушь для ресниц Blink Blink Funky Monkey тон 01",375,549
"8000074945","Funky Monkey","Тинт для губ глянцевый Lasting Kiss тон 02 Funky Monkey",398,549
"1000496020","Funky Monkey","Помада для губ тон 02 Funky Monkey Plushy Lip Stylo",563,899
"1000496027","Funky Monkey","Основа под макияж тон 01 Funky Monkey Blurring Primer",499,999
"8000074958","Funky Monkey","Маркер для бровей Brow Your Mind Funky Monkey тон 02 Коричневый",461,549
"1000495851","Funky Monkey","Карандаш для губ тон 04 Funky Monkey Longlasting Lip Pencil",275,499
"1000496725","Funky Monkey","Карандаш для глаз тон 04 Funky Monkey Longlasting Eye Pencil",331,499
"8000074936","Funky Monkey","Увлажняющий консилер для лица тон 03 Medium Rose Funky Monkey Chill Conceal",452,599
"1000496744","Funky Monkey","Набор для теней и бровей тон 01 Funky Monkey Brow Powder Set",438,649
"1000495849","Funky Monkey","Карандаш для губ тон 02 Funky Monkey Longlasting Lip Pencil",331,469
"8000074943","Funky Monkey","Тинт для губ глянцевый Lasting Kiss тон 01 Funky Monkey",398,549
"1000496024","Funky Monkey","Основа под макияж тон 01 Funky Monkey Aqua Primer",660,999
"8000074959","Funky Monkey","Маркер для бровей Brow Your Mind Funky Monkey тон 03 Брюнет",463,549
"1000495848","Funky Monkey","Карандаш для губ тон 01 Funky Monkey Longlasting Lip Pencil",331,469
"1000495850","Funky Monkey","Карандаш для губ тон 03 Funky Monkey Longlasting Lip Pencil",331,469
"8000074953","Funky Monkey","Помада для губ Plushy Lipstick Funky Monkey тон 105 Розовый карамельный",440,599
"8000074946","Funky Monkey","Тинт для губ глянцевый Lasting Kiss тон 04 Funky Monkey",398,549
"8000074957","Funky Monkey","Маркер для бровей Brow Your Mind Funky Monkey тон 01 Светлый русый",461,549
"1000496019","Funky Monkey","Помада для губ тон 01 Funky Monkey Plushy Lip Stylo",563,899
"8000074948","Funky Monkey","Помада для губ Balmy Lipstick Funky Monkey тон 102 Розовый",442,599
"1000496021","Funky Monkey","Помада для губ тон 03 Funky Monkey Plushy Lip Stylo",563,999
"8000074941","Funky Monkey","Увлажняющий тональный крем тон 03 Netrual Funky Monkey Chill Tone",504,699
"8000074951","Funky Monkey","Помада для губ Plushy Lipstick Funky Monkey тон 101 Пыльный розовый",440,599
"8000074956","Funky Monkey","Помада для губ Plushy Lipstick Funky Monkey тон 112 Винный",442,599
"8000074962","Funky Monkey","Матирующая компактная пудра для лица тон 01 Radiant Funky Monkey Chill Matte",420,599
"1000496022","Funky Monkey","Помада для губ тон 04 Funky Monkey Plushy Lip Stylo",563,899
"8000074940","Funky Monkey","Увлажняющий тональный крем тон 02 Vanilla Funky Monkey Chill Tone",458,699
"1000496723","Funky Monkey","Карандаш для глаз тон 02 Funky Monkey Longlasting Eye Pencil",331,499
"8000074955","Funky Monkey","Помада для губ Plushy Lipstick Funky Monkey тон 109 Кирпично-терракотовый",442,599
"8000074963","Funky Monkey","Матирующая компактная пудра для лица тон 02 Amber Funky Monkey Chill Matte",420,599
"8000074947","Funky Monkey","Помада для губ Balmy Lipstick Funky Monkey тон 101 Розовое дерево",440,599
"8000074954","Funky Monkey","Помада для губ Plushy Lipstick Funky Monkey тон 108 Горький шоколад",440,599
"8000074952","Funky Monkey","Помада для губ Plushy Lipstick Funky Monkey тон 102 Розовый",440,599
"8000074950","Funky Monkey","Помада для губ Balmy Lipstick Funky Monkey тон 103 Чайная роза",442,599
"8000074965","Funky Monkey","Матирующая компактная пудра для лица тон 04 Caramel Funky Monkey Chill Matte",420,599
"8000074952","Funky Monkey","Помада для губ Plushy Lipstick Funky Monkey тон 102 Розовый",440,599
"8000074950","Funky Monkey","Помада для губ Balmy Lipstick Funky Monkey тон 103 Чайная роза",442,599
"8000074965","Funky Monkey","Матирующая компактная пудра для лица тон 04 Caramel Funky Monkey Chill Matte",420,599
"8000074964","Funky Monkey","Матирующая компактная пудра для лица тон 03 Golden Glow Funky Monkey Chill Matte",420,599
"8000074942","Funky Monkey","Увлажняющий тональный крем тон 04 Warm Beige Funky Monkey Chill Tone",504,699
"1000428220","Garnier","Шампунь Garnier Fructis Укрепляющий SOS Восстановление для поврежденных волос 700мл",489,799
"1000235155","Garnier","Сухой cпрей Garnier Детский Ambre Solaire солнцезащитный Эксперт Защита Kids анти-песок SPF50 150мл",1279,1699
"1000500418","Garnier","Маска для длинных и тусклых волос Garnier Fructis 3в1 Superfood Ананас 390мл",899,0
"1000241683","Garnier","Бальзам-ополаскиватель Garnier Fructis SOS Восстановление с кератином Блеск и легкое расчесывание для поврежденных волос 387мл",389,549
"1000273528","Garnier","Дезодорант-антиперспирант Garnier Mineral Активный контроль+ 72 женский роликовый 50мл",188,269
"1000421910","Garnier","Молочко Garnier Ambre Solaire легкое солнцезащитное Эксперт Защита SPF50+ гипоаллергенный водостойкий 175мл",1129,1499
"1000417552","Garnier","Солнцезащитное молочко для лица и тела водостойкое SPF50 Ambre Solaire Garnier 50мл",573,699
"1056060015","Garnier","Масло для интенсивного загара Garnier Ambre Solaire с маслом кокоса питающее смягчающее придает сияние 200мл",759,999
"1000226706","Garnier","Спрей для лица Garnier Ambre Solaire солнцезащитный увлажняющий сухой Эксперт защита гипоаллергенный SPF50+ 75мл",798,1049
"8000026557","Garnier","Молочко для тела Garnier Ambre Solaire Автозагар 175мл",949,1249
"8000052009","Garnier","Тканевая маска для лица гиалуроновая с церамидами Garnier 28г",199,249
"1000491690","Garnier","Крем детский Garnier Ambre Solaire Солнцезащитный для нежной чувствительной кожи Kids эксперт защита SPF50 175мл ",1229,1649
"1000537293","Garnier","Флюид Ambre Solaire невидимый солнцезащитный SPF50 40мл",879,1149
"1000496839","Garnier","Крем-сыворотка для лица Garnier с витамином С 2в1 Супер сияние SPF25 50мл",727,1049
"1000525115","Garnier","Гель-пенка для умывания Garnier Витамин С 200мл",262,449
"8000026558","Garnier","Молочко для тела Garnier Ambre Solaire солнцезащитное классическое SPF30 175мл",849,1149
"1000525117","Garnier","Флюид для лица с витамином С SPF50 Совершенное сияние Garnier 40мл",838,1249
"1000549924","Garnier","Флюид для лица Garnier витамин С ниацинамидом SPF 50 40мл",838,1249
"1000505312","Garnier","Сыворотка для лица Garnier Skin Naturals Черная против несовершенств 30мл",754,1099
"1000376186","Garnier","Маска для лица Garnier Тканевая Увлажнение + Витамин С c гиалуроновой кислотой и витамином С",199,269
"1000525122","Garnier","Эмульсия Garnier Чистая кожа легкая матирующая 50мл",580,899
"1000342948","Garnier","Маска-молочко Garnier Тканевая с миндальным молочком Питание-Бомба 28г",199,269
"1000324942","Garnier","Алоэ-крем для лица Garnier Skin Naturals Гиалуроновый питательный для сухой и чувствительной кожи 50мл",464,699
"8000025522","Garnier","Спрей-вуаль для лица Garnier Skin Naturals Витамин С 75мл",693,999
"8000048628","Garnier","Шампунь для волос Ламинирование и блеск Garnier Fructis 250мл",387,0
"8000026556","Garnier","Молочко для тела Garnier Ambre Solaire солнцезащитное классическое SPF50 175мл",969,1299
"1000042929","Garnier","Стойкая крем-краска для волос Garnier Color Sensation Роскошь цвета оттенок 5.62 Царский гранат 110мл",268,399
"1000495389","Garnier","Дезодорант-антиперспирант Garnier Mineral Гиалуроновый уход 72ч женский роликовый 50мл",218,269
"1000042943","Garnier","Стойкая крем-краска для волос Garnier Color Sensation Роскошь цвета оттенок 3.0 Роскошный каштан 100мл",306,399
"1000182717","Garnier","Маска для лица Garnier Тканевая Увлажнение + Свежесть с гиалуроновой П-Анисовой кислотами экстрактом чайного листа",185,269
"1000290055","Garnier","Алоэ-гель для лица Garnier Skin Naturals Гиалуроновый увлажняющий дневной с алоэ вера и гиалуроновой кислотой для интенсивного увлажнения и упругости нормальной и смешанной кожи 50мл",496,749
"1000209130","Garnier","Стойкая крем-краска для волос Garnier Color Sensation Роскошь цвета оттенок 7.40 Янтарный Ярко-рыжий 110мл",306,399
"1000256002","Garnier","Тканевые патчи под глаза Garnier Увлажнение + Свежий взгляд с гиалуроновой кислотой против мешков и темных кругов под глазами",145,189
"1126060025","Garnier","Гель-пенка для лица Garnier Основной уход Экстракт винограда очищающий для нормальной и смешанной кожи 200мл",292,399
"1000238737","Garnier","Маска для лица Garnier черная тканевая Очищающий уголь + Черные водоросли с гиалуроновой кислотой увлажняющая сужающая поры 28г",265,0
"1000182716","Garnier","Маска для лица Garnier Тканевая Увлажнение + Аква Бомба c гиалуроновой П-Анисовой кислотами экстрактом граната",179,269
"1000256002","Garnier","Тканевые патчи под глаза Garnier Увлажнение + Свежий взгляд с гиалуроновой кислотой против мешков и темных кругов под глазами",145,189
"1126060025","Garnier","Гель-пенка для лица Garnier Основной уход Экстракт винограда очищающий для нормальной и смешанной кожи 200мл",292,399
"1000238737","Garnier","Маска для лица Garnier черная тканевая Очищающий уголь + Черные водоросли с гиалуроновой кислотой увлажняющая сужающая поры 28г",265,0
"1000182716","Garnier","Маска для лица Garnier Тканевая Увлажнение + Аква Бомба c гиалуроновой П-Анисовой кислотами экстрактом граната",179,269
"1000158265","Garnier","Шампунь Garnier Fructis Рост во всю Силу Укрепляющий против выпадения для гладкости и блеска слабых тонких волос с керамидом и витаминами 400мл",389,549
"1000317133","Garnier","Алоэ-маска для лица Garnier Гиалуроновая Тканевая с гиалуроновой кислотой и органическим алоэ вера",176,269
"1000209129","Garnier","Стойкая крем-краска для волос Garnier Color Sensation Роскошь цвета оттенок 6.45 Янтарный Темно-рыжий 110мл",306,399
"1000460833","Garnier","Патчи для глаз Garnier Skin Naturals тканевые восстанавливающие с пробиотиками 6г",159,199
"1000525119","Garnier","Патчи для глаз Garnier тканевые Эксперт + Крио Гель 5мл",154,199
"1106060003","Garnier","Стойкая крем-краска для волос Garnier Color Naturals Питательная оттенок 8 Пшеница",349,0
"1000317691","Garnier","Мицеллярная розовая вода Garnier Очищение + Сияние для тусклой и чувствительной кожи 400мл",399,549
"1000525118","Garnier","Маска для лица Garnier тканевая Эксперт + Крио Гель",267,0
"8000048627","Garnier","Шампунь для волос Ламинирование и блеск Garnier Fructis 400мл",557,0
"8000009278","Garnier","Шампунь для волос Алоэ Fructis Garnier 250мл",387,0
"1000499876","Garnier","Стойкая крем-краска для волос Garnier Color Naturals Питательная оттенок 5.12 Ледяной светлый шатен",269,319
"1000458925","Garnier","Гель-сияние для лица Garnier Дневной с Витамином С 50мл",497,699
"1000219531","Garnier","Маска для лица Garnier Тканевая Увлажнение + Антистресс с гиалуроновой кислотой и маслом лаванды против следов усталости для увлажнения питания и восстановления сияния кожи 28г",182,299
"1000390991","Garnier","Сыворотка для лица с витамином С и ниацинамидом Ровный тон+Сияние Garnier 30мл",809,1049
"1000430477","Garnier","Краска для волос Garnier Color Sensation 8.11 Ультрапепельный блонд 110мл",306,399
"1000551368","Garnier","Крем-краска для волос Garnier Color Naturals 5.34 112г",269,319
"1000158489","Garnier","Крем-краска для волос Garnier Color Sensation стойкая Роскошь цвета оттенок 6.12 Сверкающий холодный мокко 110мл",306,399
"1000551364","Garnier","Краска для волос Garnier Color Sensation 5.0 Сияющий светло-каштановый 114мл",306,399
"1000324941","Garnier","Алоэ Гель-пенка для умывания Garnier Skin Naturals Гиалуроновый 200мл",320,449
"1000093577","Garnier","Стойкая крем-краска для волос Garnier Color Naturals Питательная оттенок 7.40 Пленительный медный",349,0
"1000342947","Garnier","Маска-молочко Garnier Тканевая с кокосовым молочком Питание-Бомба 28г",182,269
"1000390990","Garnier","Алоэ-сыворотка для лица Garnier Гиалуроновая Супер гладкость с 3% комплекса из глицерина гиалуроновой кислоты и алоэ вера 30мл",672,769
"1000320060","Garnier","Стойкая крем-краска для волос Garnier Color Sensation Платиновый блонд 901 Серебристый блонд 110мл",306,399
"1000256001","Garnier","Маска для кожи вокруг глаз Garnier Тканевая увлажнение + упругость с гиалуроновой кислотой против мешков под глазами 6г",149,189
"1106060080","Garnier","Стойкая крем-краска для волос Garnier Color Naturals Питательная оттенок 1 Черный",269,319
"1000042930","Garnier","Стойкая крем-краска для волос Garnier Color Sensation Роскошь цвета оттенок 6.0 Роскошный темно-русый 110мл",306,399
"8000026554","Garnier","Молочко после загара Ambre Solaire Garnier 175мл",698,899
"1000357663","Garnier","Стойкая крем-краска для волос Garnier Color Naturals Питательная оттенок 4.12 Холодный шатен",269,319
"1000234167","Garnier","Бальзам-ополаскиватель для волос Garnier Fructis Укрепляющий Годжи Стойкий цвет для окрашенных или мелированных волос 200мл",228,349
"1000411038","Garnier","Стойкая крем-краска Garnier Color Sensation Роскошный цвет с перламутром и эссенцией розы оттенок 8.12 Розовый перламутр 110мл",306,399
"1056060074","Garnier","Гель для умывания лица Garnier Чистая кожа Актив Очищающий с щеткой с салициловой кислотой против прыщей черных точек угрей акне и жирного блеска 150мл",645,799
"1000427539","Garnier","Стойкая крем-краска для волос Garnier Color Naturals Питательная оттенок 5 Светло-каштановый",269,319
"1000411038","Garnier","Стойкая крем-краска Garnier Color Sensation Роскошный цвет с перламутром и эссенцией розы оттенок 8.12 Розовый перламутр 110мл",306,399
"1056060074","Garnier","Гель для умывания лица Garnier Чистая кожа Актив Очищающий с щеткой с салициловой кислотой против прыщей черных точек угрей акне и жирного блеска 150мл",645,799
"1000514077","Garnier","Маска для волос Garnier Fructis SOS восстановление реанимирующая 320мл",603,749
"1000427539","Garnier","Стойкая крем-краска для волос Garnier Color Naturals Питательная оттенок 5 Светло-каштановый",269,319
"1000500418","Garnier","Маска для длинных и тусклых волос Garnier Fructis 3в1 Superfood Ананас 390мл",899,0
"1000210480","Garnier","Гель + Скраб + Маска для лица Garnier Чистая кожа Актив 3-в-1 с углем с экстрактом черники углем и салициловой кислотой 150мл",648,799
"1000388948","Garnier","Крем-краска для волос Garnier Color Naturals оттенок 112 Суперосветляющий Жемчужно-платиновый блонд",318,0
"1000042941","Garnier","Стойкая крем-краска для волос Garnier Color Sensation Роскошь цвета оттенок 1.0 Драгоценный черный агат 110мл",306,399
"1000132646","Garnier","Мицеллярная вода Garnier Чистая Кожа для снятия макияжа и очищения кожи для чувствительной жирной и комбинированной кожи 400мл",375,549
"1106060017","Garnier","Стойкая крем-краска для волос Garnier Color Naturals Питательная оттенок 7 Капучино",349,0
"1000458933","Garnier","Мицеллярная вода Garnier Витамин С очищающая 400мл",429,599
"1000234169","Garnier","Шампунь для волос Garnier Fructis Укрепляющий Годжи Стойкий цвет для окрашенных или мелированных волос 250мл",257,349
"1000281364","Garnier","SOS Кератин Филлер для волос Fructis 10в1 несмываемый крем 400мл",585,749
"1000169546","Garnier","Стойкая крем-краска для волос Garnier Color Naturals Питательная оттенок 8.132 Натуральный светло-русый",269,319
"1000376190","Garnier","Мицеллярная вода Garnier Гиалуроновая Алоэ Вода для ежедневного очищения демакияжа увлажнения сияния и красоты всех типов кожи 400мл",403,599
"1000241684","Garnier","Бальзам-ополаскиватель Garnier Fructis Рост во всю силу Укрепляющий с экстрактом яблока и ниацином для ослабленных волос склонных к выпадению 387мл",389,549
"1106060019","Garnier","Стойкая крем-краска для волос Garnier Color Naturals питательная оттенок 3 Темный каштан",269,319
"1106060004","Garnier","Стойкая крем-краска для волос Garnier Color Naturals Питательная оттенок 10 Белое солнце",269,319
"1000550252","Garnier","Сыворотка-спрей для волос Fructis Sos Кератин 150мл",686,849
"1000093982","Garnier","Краска для волос Garnier Color Sensation 7.12 Жемчужный блондин",306,399
"1000428222","Garnier","Сыворотка для волос Garnier Fructis Grow Strong 125мл",619,749
"1000388946","Garnier","Крем для волос Garnier Fructis Тройное Восстановление 10в1 несмываемый 400мл",514,749
"1000169548","Garnier","Стойкая крем-краска для волос Garnier Color Sensation Роскошь цвета оттенок 910 Пепельно-платиновый Блонд 110мл",306,399
"1000042935","Garnier","Стойкая крем-краска для волос Garnier Color Sensation Роскошь цвета оттенок 8.0 Переливающийся светло-русый 110мл",306,399
"1000245898","Garnier","Шампунь Garnier Fructis Укрепляющий Кокосовый баланс для волос жирных у корней и сухих на кончиках 400мл",414,499
"1000336434","Garnier","Крем для волос Garnier Fructis Рост во всю силу 10в1 Комплексный несмываемый с экстрактом яблока и ниацином 400мл",514,749
"1000075457","Garnier","Масло-эликсир Garnier Fructis Преображение для восстановления питания блеска и легкого расчесывания сухих поврежденных и окрашенных волос против секущихся кончиков 150мл",1010,1149
"1000458928","Garnier","Маска для лица Garnier Тканевая Восстанавливающая с Пробиотиками",173,269
"1000428219","Garnier","Шампунь Garnier Fructis Укрепляющий Рост во всю силу для ослабленных волос склонных к выпадению 700мл",544,749
"1000077813","Garnier","Стойкая крем-краска для волос Garnier Color Naturals Питательная оттенок 4.15 Морозный каштан",269,319
"1126060019","Garnier","Гель + Скраб + Маска Garnier Чистая кожа 3в1 с глиной цинком и салициловой кислотой против прыщей и черных точек для жирной и комбинированной кожи 150мл",564,699
"1000233427","Garnier","Стойкая крем-краска для волос Garnier Color Sensation Роскошь цвета с перламутром и эссенцией розы 3.16 Аметист 110мл",306,399
"1106060015","Garnier","Крем-краска для волос Garnier Color Naturals Суперосветляющая оттенок 111 Суперосветляющий Платиновый блонд",269,319
"1000356458","Garnier","Стойкая крем-краска для волос Garnier Color Naturals Питательная оттенок 1.10 Холодный черный",269,319
"1000105814","Garnier","Мицеллярная вода для лица Garnier 3в1 с глицерином и П-анисовой кислотой для всех типов кожи 400мл",399,549
"1000234168","Garnier","Шампунь Garnier Fructis Укрепляющий Огуречная Свежесть для склонных к жирности волос 400мл",414,499
"1000356458","Garnier","Стойкая крем-краска для волос Garnier Color Naturals Питательная оттенок 1.10 Холодный черный",269,319
"1000105814","Garnier","Мицеллярная вода для лица Garnier 3в1 с глицерином и П-анисовой кислотой для всех типов кожи 400мл",399,549
"1000234168","Garnier","Шампунь Garnier Fructis Укрепляющий Огуречная Свежесть для склонных к жирности волос 400мл",414,499
"1000042936","Garnier","Крем-краска для волос Garnier Color Sensation стойкая Роскошь цвета оттенок 9.13 Кремовый перламутр 110мл",260,399
"1000169549","Garnier","Стойкая крем-краска для волос Garnier Color Sensation Роскошь цвета оттенок 101 Платиновый блонд 110мл",306,399
"1000551361","Garnier","Крем-краска для волос Garnier Color Naturals 7.34 112г",269,319
"1000320061","Garnier","Стойкая крем-краска Garnier Color Sensation Роскошный цвет с перламутром и эссенцией розы оттенок 9.02 Перламутровый блонд 110мл",306,399
"1056060008","Garnier","Стойкая крем-краска для волос Garnier Color Naturals Питательная оттенок 6.25 Шоколад",269,319
"1000077814","Garnier","Стойкая крем-краска для волос Garnier Color Naturals питательная оттенок 5.25 Горячий шоколад",269,319
"1000133148","Garnier","Стойкая крем-краска для волос Garnier Color Naturals Питательная оттенок 3.23 Темный шоколад",269,319
"1000093984","Garnier","Стойкая крем-краска для волос Garnier Color Sensation Роскошь цвета оттенок 10.21 Перламутровый шелк 110мл",306,399
"1000427534","Garnier","Краска для волос Garnier Color Naturals тон 4 Каштан",269,319
"1000356465","Garnier","Стойкая крем-краска для волос Garnier Color Naturals питательная оттенок 3.12 Ледяной темный шатен",269,319
"1000169547","Garnier","Стойкая крем-краска для волос Garnier Color Naturals Питательная оттенок 9.132 Натуральный блонд",269,319
"1000356184","Garnier","Бальзам-ополаскиватель Garnier Fructis Укрепляющий Тройное восстановление для сухих и ломких волос 387мл",413,499
"1010025206","Garnier","Шампунь Garnier Fructis Укрепляющий Годжи Стойкий цвет для окрашенных или мелированных волос 400мл",458,0
"1000092768","Garnier","Шампунь для сухих и ломких волос Garnier Fructis укрепляющий Тройное восстановление 400мл",414,499
"1000336435","Garnier","Бальзам-ополаскиватель Garnier Fructis Укрепляющий Огуречная свежесть для волос склонных к жирности 387мл",413,499
"1106060006","Garnier","Стойкая крем-краска для волос Garnier Color Naturals Питательная оттенок 9.1 Солнечный пляж",349,0
"1000551362","Garnier","Крем-краска для волос Garnier Color Naturals 9 112г",269,319
"8000048629","Garnier","Спрей для волос 10в1 Мгновенный эффект Garnier Fructis 150мл",921,0
"1000428221","Garnier","Шампунь Garnier Fructis Укрепляющий Рост во всю силу Красный апельсин для тонких волос склонных к выпадению 400мл",414,499
"1000551363","Garnier","Краска для волос Garnier Color Sensation 4.0 Королевский оникс 114мл",306,399
"1000505311","Garnier","Крем для лица Garnier Skin Naturals Витамин С дневной 50мл",502,749
"1010025202","Garnier","Шампунь Garnier Fructis Сила и блеск 2в1 укрепляющий с экстрактом Грейпфрута для нормальных волос 400мл",414,499
"8000105001","Garnier","Маска для лица салициловая Garnier 23г",250,0
"8000009279","Garnier","Шампунь для волос Garnier Fructis Алое 400мл",417,499
"1000106714","Gillette","Кассеты для бритья Gillette Fusion 5 8шт",2618,3399
"1000029252","Gillette","Кассеты для бритья Gillette Fusion Proglide 8шт",2574,3899
"1020070620","Gillette","Кассеты для бритья Gillette Mach3 8шт",1834,2289
"1006090031","Gillette","Сменные кассеты для бритья Gillette Fusion 5 Power 2шт",1299,0
"8000015957","Gillette","Лосьон после бритья Gillette освежающий 50мл",299,399
"1006040049","Gillette","Бритва Gillette Blue II одноразовая женская 4шт+1шт подарок",191,219
"1006090012","Gillette","Бритва Gillette Venus Breeze с 2 кассетами",872,1449
"1000317519","Gillette","Бритва Gillette Fusion 5 с 4 сменными кассетами",1699,0
"1020071110","Gillette","Кассеты для бритья Gillette Venus 2шт",590,899
"1006040137","Gillette","Станок Gillette Venus Embrace 2шт",1066,1299
"1000000027","Gillette","Гель для бритья Gillette Venus Satin Care Sensitive Skin 200мл",379,649
"8000057708","Gillette","Cменные кассеты для бритвы Gillette Labs 4шт",1696,3499
"1000213017","Gillette","Кассеты для бритья Gillette Venus Embrace 4шт",1360,1849
"1000028206","Gillette","Кассеты для бритья Gillette Fusion 5 ProGlide 2шт",1199,0
"1020070002","Gillette","Лезвия для бритья Gillette Sputnik 5шт",49,59
"1020070904","Gillette","Гель для бритья Gillette Series Увлажняющий 200мл",379,649
"1006040131","Gillette","Гель для бритья Gillette Fusion 5 для чувствительной кожи 200мл",499,749
"1006040138","Gillette","Кассеты для бритья Gillette Venus Embrace 2шт",1066,1189
"1000136558","Gillette","Бритва Gillette Venus Snap Embrace с одной сменной кассетой",1049,1299
"1020070758","Gillette","Гель Gillette Series для бритья для чувствительной кожи успокаивающий 75мл",299,369
"1006090048","Gillette","Кассеты для бритья Gillette Fusion 5 Power 4шт",1905,2499
"1020071111","Gillette","Кассеты для бритья Gillette Venus 4шт",853,1299
"1006040135","Gillette","Кассеты для бритья Gillette Fusion 5 4шт",1566,2149
"1006040129","Gillette","Бритва Gillette Fusion 5 с 2 сменными кассетами",969,1499
"1000348898","Gillette","Кассеты для бритья Gillette Mach3 6шт",1541,1989
"1000378682","Gillette","Станок Gillette Venus и 3 кассеты с чехлом",1346,1849
"1000317518","Gillette","Бритва Gillette Mach3 с 5 сменными кассетами",1454,1799
"1000181885","Gillette","Кассеты для бритья Gillette Venus Swirl 2шт",1266,1399
"1000371553","Gillette","Сменные кассеты для бритья Gillete Fusion 6шт",2799,0
"1020071104","Gillette","Одноразовый бритвенный станок Gillette Venus Simply 2 женская 2шт",169,219
"1006090014","Gillette","Кассеты для бритья Gillette Venus Breeze 2шт",965,1099
"1020070608","Gillette","Кассеты для бритья Gillette Mach3 4шт",1099,1279
"1000028145","Gillette","Кассеты для бритья Gillette Fusion 5 ProGlide 4шт",1602,2299
"1000456658","Gillette","Бритвы Venus 3 одноразовые женские 3лезвия 4шт",358,419
"1000122010","Gillette","Кассеты для бритья Gillette Mach3 12шт",2424,2999
"1000118311","Gillette","Бритва Gillette Mach3 с 2 сменными кассетами",796,889
"1000456658","Gillette","Бритвы Venus 3 одноразовые женские 3лезвия 4шт",358,419
"1000122010","Gillette","Кассеты для бритья Gillette Mach3 12шт",2424,2999
"1000118311","Gillette","Бритва Gillette Mach3 с 2 сменными кассетами",796,889
"1000317517","Gillette","Кассеты для бритья Gillette Venus 6шт",1602,1999
"1000456657","Gillette","Бритвы Gillette Blue II одноразовые мужские 2 лезвия 10шт",416,549
"8000018710","Gillette","Бодрящий лосьон после бритья Gillette 100мл",591,0
"1000000024","Gillette","Бритва Gillette Satin Care одноразовая 4шт",242,269
"1000187493","Gillette","Бритвы Gillette 2 одноразовые 5шт",162,229
"1000167969","Gillette","Бритва Gillette Venus Swirl со сменной кассетой",1099,1299
"1006040130","Gillette","Кассеты для станка Gillette Fusion 5 2шт",1092,0
"1000029254","Gillette","Кассеты для бритья Gillette Fusion Proglide Power 4шт",1999,2499
"1000144048","Gillette","Бритва Gillette Fusion Proglide Power со сменной кассетой",1212,2499
"1020070754","Gillette","Гель после бритья Gillette для чувствительной кожи 75мл",399,549
"1000425358","Gillette","Гель для бритья Gillette Series очищающий 200мл",379,649
"1006090019","Gillette","Бритва Gillette 2 одноразовая 10шт",259,289
"1000029253","Gillette","Кассеты для бритья Gillette Fusion 5 ProGlide Power 2шт",1099,1499
"1000565057","Gillette","Гелевый дезодорант-антиперспирант Gillette Arctic Ice/Triumph Sport 70мл в ассортименте",499,599
"1000029256","Gillette","Гель для бритья Gillette Fusion 5 увлажняющий 200мл",499,749
"1000118307","Gillette","Бритва Gillette Fusion 5 Power со сменной кассетой",999,1749
"1006040128","Gillette","Бритва Gillette Venus женская со сменной кассетой",533,749
"1002400010","Gillette","Пена для бритья Gillette для чувствительной кожи 200мл",225,399
"8000057710","Gillette","Безопасная бритва с 1 сменной кассетой Gillette Labs",1495,2249
"1020070615","Gillette","Кассеты для бритья Gillette Mach3 2шт",776,0
"1002400007","Gillette","Одноразовые станки Gillette Blue II 5шт",229,254
"1056090148","Gillette","Бритвенный станок Gillette Mach3",390,699
"1020070738","Gillette","Гель для бритья Gillette Series для чувствительной кожи 200мл",362,649
"1000144059","Gillette","Бритва Gillette Fusion 5 Proglide Flexball с 1 сменной кассетой",901,1749
"1000201081","Gillette","Бритва Gillette Blue Simple одноразовая 8шт",529,599
"8000017926","Gillette","Охлаждающая пена для бритья Gillette Series 200мл",319,499
"1000499081","Gillette","Пена для бритья Gillette Series Успокаивающая 200мл",319,499
"1000029257","Gillette","Бальзам Gillette после бритья Комфортное охлаждение 100мл",549,799
"1000000023","Gillette","Кассеты для бритья Gillette Mach3 Turbo 4шт",1478,0
"1006090027","Gillette","Гель для бритья Gillette Venus Satin Care Avocado Twist 200мл",699,0
"1000122011","Gillette","Сменные кассеты для бритья Gillette Mach3 Turbo Aloe 2шт",921,0
"8000057711","Gillette","Cменные кассеты для бритвы Gillette Labs 2шт",1699,2149
"1000000031","Gillette","Бритва Gillette Mach3 Turbo с 2 сменными кассетами",999,1249
"1000122011","Gillette","Сменные кассеты для бритья Gillette Mach3 Turbo Aloe 2шт",921,0
"8000057711","Gillette","Cменные кассеты для бритвы Gillette Labs 2шт",1699,2149
"1000000031","Gillette","Бритва Gillette Mach3 Turbo с 2 сменными кассетами",999,1249
"1000382008","Influence Beauty","Увлажняющий фиксатор-спрей для макияжа Hydra Influence Beauty 100мл",593,0
"1000546599","Influence Beauty","Кремовый консилер для лица тон 01 Influence Beauty Ultra Eraser",519,749
"8000067384","Influence Beauty","Увлажняющий праймер для лица Influence Beauty Skinfluence",494,649
"8000102092","Influence Beauty","Блеск для губ Metamorphix тон 01 Influence Beauty",732,0
"8000067382","Influence Beauty","Консилер для лица с гиалуроновой кислотой тон 01 Influence Beauty Skinfluence",451,649
"8000070873","Influence Beauty","Контуринг для лица Influence Beauty Creatium тон 01",699,0
"8000013118","Influence Beauty","Тушь для ресниц тон 01 Influence Beauty Manipula",805,0
"8000067474","Influence Beauty","Тушь для ресниц Manipula Influence Beauty тон 02",805,0
"1000381965","Influence Beauty","Хайлайтер Influence Beauty Illuminati тон 01",814,0
"1000381487","Influence Beauty","Карандаш для глаз Influence Beauty Spectrum автоматический тон 08 Малиновый",298,499
"1000381966","Influence Beauty","Хайлайтер Influence Beauty Illuminati тон 02",786,0
"8000102091","Influence Beauty","Блеск для губ Metamorphix тон 02 Influence Beauty",683,0
"8000033224","Influence Beauty","Экстра плампер для губ тон 03 Полупрозрачный розовый Influence Beauty Cryoplump",654,0
"1000381461","Influence Beauty","Блеск для губ Influence Beauty Plexiglass тон 09 ",307,499
"1000546600","Influence Beauty","Кремовый консилер для лица тон 02 Influence Beauty Ultra Eraser",519,749
"8000051450","Influence Beauty","Дуохромные тени для век Neochrome тон 01 Influence Beauty",701,0
"1000381525","Influence Beauty","Палетка для контуринга Influence Beauty Golden Decagon тон 01",897,1299
"1000381529","Influence Beauty","Консилер Influence Beauty Equilibrium для молодой кожи тон 01",466,699
"1000381959","Influence Beauty","Тушь Influence Beauty для бровей Brow Robot тон 01",504,599
"1000381527","Influence Beauty","Палетка теней Influence Beauty Color Algorithm мини тон 04",491,849
"8000067391","Influence Beauty","Кремовый тинт для губ тон 02 Коричнево-розовый Influence Beauty Skinfluence",451,599
"8000033225","Influence Beauty","Экстра плампер для губ тон 02 Полупрозрачный коричневый Influence Beauty Cryoplump",654,0
"8000067381","Influence Beauty","BB-крем для лица SPF15 тон 01 Светло-бежевый Influence Beauty Skinfluence",632,849
"1000381967","Influence Beauty","Хайлайтер Influence Beauty Illuminati тон 03",832,0
"1000382033","Influence Beauty","Пудра для лица Influence Beauty Zero Gravity рассыпчатая тон 01",708,1049
"1000381936","Influence Beauty","Основа тональная Influence Beauty Skinnovation I Matte матирующая тон 02 ",660,999
"8000102090","Influence Beauty","Блеск для губ Metamorphix тон 03 Influence Beauty",683,0
"8000070875","Influence Beauty","Блеск для губ Influence Beauty Creatium тон 01",617,0
"8000070867","Influence Beauty","Жидкие румяна Influence Beauty Creatium тон 01",617,0
"1000382011","Influence Beauty","Румяна для лица Influence Beauty Soft Skills компактные тон 04 ",429,649
"1000381935","Influence Beauty","Основа тональная Influence Beauty Skinnovation I Matte матирующая тон 01 ",660,999
"1000381473","Influence Beauty","Тени жидкие Influence Beauty Interstellar тон 02",626,899
"1000381516","Influence Beauty","Палетка теней Influence Beauty Color Algorithm мини тон 01",683,849
"8000013106","Influence Beauty","Пудра для лица SPF30 тон 01 Influence Beauty Solaris",1011,0
"8000020036","Influence Beauty","Кремовые румяна тон 03 Influence Beauty Cream Skills",429,699
"1000382016","Influence Beauty","Румяна для лица Influence Beauty Soft Skills компактные тон 06 ",429,649
"8000013106","Influence Beauty","Пудра для лица SPF30 тон 01 Influence Beauty Solaris",1011,0
"8000020036","Influence Beauty","Кремовые румяна тон 03 Influence Beauty Cream Skills",429,699
"1000382016","Influence Beauty","Румяна для лица Influence Beauty Soft Skills компактные тон 06 ",429,649
"1000381542","Influence Beauty","Консилер Influence Beauty Replicant стойкий тон 01",590,749
"1000381539","Influence Beauty","Консилер Influence Beauty Imitation легкий тон 01",498,699
"1000381552","Influence Beauty","Маркер для бровей Influence Beauty Brow Robot тон 03",539,799
"8000033223","Influence Beauty","Экстра плампер для губ тон 01 Прозрачный Influence Beauty Cryoplump",654,0
"8000063885","Influence Beauty","Тени для век в стике Neostylus Influence Beauty тон 08",599,849
"8000013108","Influence Beauty","Бальзам-стик для губ тон 07 Influence Beauty Injection",666,0
"8000051454","Influence Beauty","Дуохромные тени для век Neochrome тон 03 Influence Beauty",701,0
"1000381540","Influence Beauty","Консилер Influence Beauty Imitation легкий тон 02",498,699
"1000381511","Influence Beauty","Палетка глиттеров Influence Beauty Supernova тон 01",615,999
"1000381468","Influence Beauty","Глиттер Influence Beauty Glitter Dose на гелевой основе тон 03",421,499
"1000381480","Influence Beauty","Карандаш для бровей Influence Beauty Brow Robot автоматический тон 03",520,0
"8000020046","Influence Beauty","Румяна кремовые тон 02 Influence Beauty Cream Skills",690,0
"8000020042","Influence Beauty","Консилер для лица тон 01 Influence Beauty Cool Touch",749,0
"8000067385","Influence Beauty","BB-крем для лица SPF15 тон 02 Бежевый Influence Beauty Skinfluence",632,849
"8000102089","Influence Beauty","Блеск для губ Metamorphix тон 04 Influence Beauty",675,749
"8000070872","Influence Beauty","Бальзам для губ Influence Beauty Creatium тон 01",617,0
"1000381932","Influence Beauty","Сыворотка Influence Beauty для роста ресниц и бровей",512,749
"1000381490","Influence Beauty","Карандаш для глаз Influence Beauty Spectrum автоматический тон 12 Желтый",499,0
"8000051448","Influence Beauty","Дуохромные тени для век Neochrome тон 02 Influence Beauty",709,0
"1000381528","Influence Beauty","Подводка для глаз Influence Beauty Event Horizon тон 02",749,0
"1000546595","Influence Beauty","Универсальный пигмент для макияжа тон 06 Influence Beauty Technicolor",760,0
"8000063882","Influence Beauty","Кремовые тени для век в стике тон 04 Холодный коричневый Neostylus Influence Beauty",599,849
"1000381551","Influence Beauty","Маркер для бровей Influence Beauty Brow Robot тон 02",539,799
"1000381553","Influence Beauty","Маркер для бровей Influence Beauty Brow Robot тон 04",693,799
"8000063883","Influence Beauty","Кремовые тени для век в стике тон 01 Серо-розовый Neostylus Influence Beauty 1.1г",599,849
"8000063880","Influence Beauty","Тени для век в стике Neostylus Influence Beauty тон 05",599,849
"8000033226","Influence Beauty","Экстра плампер для губ тон 04 Полупрозрачный фиолетовый Influence Beauty Cryoplump",654,0
"1000381530","Influence Beauty","Консилер Influence Beauty Replicant стойкий тон 02",616,749
"8000067386","Influence Beauty","Компактная пудра для лица с коллагеном тон 01 Светло-бежевый Influence Beauty Skinfluence",632,899
"8000063884","Influence Beauty","Кремовые тени для век в стике тон 06 Серый металлик Neostylus Influence Beauty 1.1г",599,849
"8000020044","Influence Beauty","Румяна кремовые тон 01 Influence Beauty Cream Skills",644,0
"1000546614","Influence Beauty","Бальзам-стик для губ тон 02 Influence Beauty Glow Injection",614,699
"8000077820","Influence Beauty","Компактная пудра для лица тон 02 Светло-бежевый Influence Beauty Mattronic",709,1049
"8000020044","Influence Beauty","Румяна кремовые тон 01 Influence Beauty Cream Skills",644,0
"1000546614","Influence Beauty","Бальзам-стик для губ тон 02 Influence Beauty Glow Injection",614,699
"8000077820","Influence Beauty","Компактная пудра для лица тон 02 Светло-бежевый Influence Beauty Mattronic",709,1049
"1000381479","Influence Beauty","Карандаш для бровей Influence Beauty Brow Robot автоматический тон 02",571,0
"8000051455","Influence Beauty","Дуохромные тени для век Neochrome тон 05 Influence Beauty",701,0
"1000546594","Influence Beauty","Универсальный пигмент для макияжа тон 05 Influence Beauty Technicolor",752,0
"1000381992","Influence Beauty","Помада-стик для губ Influence Beauty тон 03 ",514,599
"1000381517","Influence Beauty","Палетка теней Influence Beauty Color Algorithm мини тон 02",797,0
"1000546611","Influence Beauty","Глянцевая помада для губ тон 04 Influence Beauty Iridium",240,799
"8000067388","Influence Beauty","Масло-блеск для губ тон 01 Розовый Influence Beauty Skinfluence",406,549
"8000063879","Influence Beauty","Тени для век в стике Neostylus Influence Beauty тон 03",599,849
"1000546610","Influence Beauty","Глянцевая помада для губ тон 03 Influence Beauty Iridium",240,799
"1000546592","Influence Beauty","Универсальный пигмент для макияжа тон 03 Influence Beauty Technicolor",760,0
"8000013124","Influence Beauty","Бальзам-стик для губ тон 10 Influence Beauty Injection",606,699
"8000063886","Influence Beauty","Кремовые тени для век в стике тон 07 Шампань Neostylus Influence Beauty 1.1г",599,849
"8000067383","Influence Beauty","Консилер для лица с гиалуроновой кислотой тон 02 Influence Beauty Skinfluence",451,649
"1000381470","Influence Beauty","Глиттер Influence Beauty Glitter Dose на гелевой основе тон 05",479,0
"1000382010","Influence Beauty","Румяна для лица Influence Beauty Soft Skills компактные тон 03 ",429,649
"8000051456","Influence Beauty","Дуохромные тени для век Neochrome тон 04 Influence Beauty",701,0
"1000381995","Influence Beauty","Помада-стик Influence Beauty тон 16 ",507,599
"1000381541","Influence Beauty","Консилер Influence Beauty Imitation легкий тон 03",498,699
"1000546605","Influence Beauty","Цветная тушь для ресниц тон 04 Influence Beauty Chromophora",629,899
"1000518600","Influence Beauty","Палетка теней для век тон 01 Influence Beauty Time Traveler",979,1499
"1000381493","Influence Beauty","Карандаш для губ Influence Beauty Lipfluence автоматический тон 04 ",518,0
"1000381537","Influence Beauty","Консилер Influence Beauty Equilibrium для молодой кожи тон 02",606,699
"8000013111","Influence Beauty","Бальзам-стик для губ тон 08 Influence Beauty Injection",606,699
"1000381495","Influence Beauty","Карандаш для губ Influence Beauty Lipfluence автоматический тон 06 ",466,0
"1000381485","Influence Beauty","Карандаш для глаз Influence Beauty Spectrum автоматический тон 06 Синий",363,499
"8000067387","Influence Beauty","Компактная пудра для лица с коллагеном тон 02 Бежевый Influence Beauty Skinfluence",632,899
"1000546609","Influence Beauty","Глянцевая помада для губ тон 02 Influence Beauty Iridium",240,799
"1000381999","Influence Beauty","Помада-стик Influence Beauty тон 20 ",585,0
"8000067389","Influence Beauty","Масло-блеск для губ тон 02 Темно-ежевичный Influence Beauty Skinfluence",406,549
"1000381986","Influence Beauty","Помада-стик для губ Influence Beauty тон 02 ",475,599
"1000381987","Influence Beauty","Помада-стик Influence Beauty тон 06 ",520,599
"8000013123","Influence Beauty","Бальзам-стик для губ тон 09 Influence Beauty Injection",666,0
"1000546601","Influence Beauty","Тушь для ресниц тон 01 Influence Beauty Lash Singularity",681,0
"1000381987","Influence Beauty","Помада-стик Influence Beauty тон 06 ",520,599
"8000013123","Influence Beauty","Бальзам-стик для губ тон 09 Influence Beauty Injection",666,0
"1000546601","Influence Beauty","Тушь для ресниц тон 01 Influence Beauty Lash Singularity",681,0
"1000381994","Influence Beauty","Помада-стик для губ Influence Beauty тон 15 ",481,599
"8000063881","Influence Beauty","Тени для век в стике Neostylus Influence Beauty тон 02",599,849
"8000077819","Influence Beauty","Компактная пудра для лица тон 03 Бежевый Influence Beauty Mattronic",709,1049
"1000381991","Influence Beauty","Помада-стик для губ Influence Beauty тон 05 ",520,599
"1000381543","Influence Beauty","Консилер Influence Beauty Replicant стойкий тон 03",683,0
"1000381989","Influence Beauty","Помада-стик для губ Influence Beauty тон 08 ",520,599
"1000382022","Influence Beauty","Помада-стик для губ Influence Beauty тон 10 ",585,0
"1000381937","Influence Beauty","Основа тональная Influence Beauty Skinnovation I Matte матирующая тон 03 ",702,999
"1000381466","Influence Beauty","Глиттер Influence Beauty Glitter Dose на гелевой основе тон 01",303,499
"1000381478","Influence Beauty","Карандаш для бровей Influence Beauty Brow Robot автоматический тон 01",469,549
"1000381962","Influence Beauty","Тушь Influence Beauty для бровей Brow Robot тон 04",525,599
"1000381998","Influence Beauty","Помада-стик для губ Influence Beauty тон 18 ",507,599
"1000381469","Influence Beauty","Глиттер Influence Beauty Glitter Dose на гелевой основе тон 04",351,499
"1000546604","Influence Beauty","Цветная тушь для ресниц тон 03 Influence Beauty Chromophora",629,899
"8000067390","Influence Beauty","Кремовый тинт для губ тон 01 Розовый Influence Beauty Skinfluence",451,599
"1000381961","Influence Beauty","Тушь Influence Beauty для бровей Brow Robot тон 03",538,599
"8000032954","Influence Beauty","Бальзам-стик для губ тон 13 Influence Beauty Injection",621,699
"8000051449","Influence Beauty","Тональный бальзам тон 02 Бежевый Transcream Influence Beauty 6.3г",804,999
"1000546590","Influence Beauty","Универсальный пигмент для макияжа тон 01 Influence Beauty Technicolor",752,0
"8000032953","Influence Beauty","Бальзам-стик для губ тон 14 Influence Beauty Injection",606,699
"1000381990","Influence Beauty","Помада-стик для губ Influence Beauty тон 04 ",507,599
"1000381531","Influence Beauty","Карандаш для губ Influence Beauty Lipfluence автоматический тон 07 ",368,499
"1000381538","Influence Beauty","Консилер Influence Beauty Equilibrium для молодой кожи тон 03",614,699
"8000077818","Influence Beauty","Компактная пудра для лица тон 01 Бело-бежевый Influence Beauty Mattronic",709,1049
"8000051452","Influence Beauty","Тональный бальзам тон 03 Темно-бежевый Transcream Influence Beauty 6.3г",928,0
"8000013103","Influence Beauty","Бальзам-стик для губ тон 11 Influence Beauty Injection",599,699
"1000381993","Influence Beauty","Помада-стик для губ Influence Beauty тон 09 ",520,599
"8000020043","Influence Beauty","Консилер для лица тон 02 Influence Beauty Cool Touch",749,0
"1000546603","Influence Beauty","Цветная тушь для ресниц тон 02 Influence Beauty Chromophora",629,899
"1000546597","Influence Beauty","Универсальный пигмент для макияжа тон 08 Influence Beauty Technicolor",760,0
"8000051451","Influence Beauty","Тональный бальзам тон 01 Светло-бежевый Transcream Influence Beauty 6.3г",804,999
"1000546593","Influence Beauty","Универсальный пигмент для макияжа тон 04 Influence Beauty Technicolor",760,0
"1000381550","Influence Beauty","Маркер для бровей Influence Beauty Brow Robot тон 01",556,799
"8000051451","Influence Beauty","Тональный бальзам тон 01 Светло-бежевый Transcream Influence Beauty 6.3г",804,999
"1000546593","Influence Beauty","Универсальный пигмент для макияжа тон 04 Influence Beauty Technicolor",760,0
"1000381550","Influence Beauty","Маркер для бровей Influence Beauty Brow Robot тон 01",556,799
"1000546596","Influence Beauty","Универсальный пигмент для макияжа тон 07 Influence Beauty Technicolor",760,0
"1000382007","Influence Beauty","Румяна для лица Influence Beauty Soft Skills компактные тон 02 ",429,649
"1000381996","Influence Beauty","Помада-стик Influence Beauty тон 17 ",585,0
"1000381957","Influence Beauty","Тушь Influence Beauty Lash Scaf для ресниц влажная тон 01",805,0
"8000013122","Influence Beauty","Бальзам-стик для губ тон 12 Influence Beauty Injection",606,699
"1000546602","Influence Beauty","Цветная тушь для ресниц тон 01 Influence Beauty Chromophora",629,899
"1000546591","Influence Beauty","Универсальный пигмент для макияжа тон 02 Influence Beauty Technicolor",760,0
"1000382025","Influence Beauty","Помада-стик для губ Influence Beauty тон 13 ",514,599
"1000381997","Influence Beauty","Помада-стик Influence Beauty тон 19 ",585,0
"1000381471","Influence Beauty","Глиттер Influence Beauty Glitter Dose на гелевой основе тон 06",303,499
"1000382024","Influence Beauty","Помада-стик Influence Beauty тон 12 ",514,599
"8000077821","Influence Beauty","Пудра компактная Mattronic тон 04 Influence Beauty",709,1049
"1000381985","Influence Beauty","Помада-стик для губ Influence Beauty тон 01 ",520,599
"1000381988","Influence Beauty","Помада-стик для губ Influence Beauty тон 07 ",507,599
"1000382023","Influence Beauty","Помада-стик для губ Influence Beauty тон 11 ",514,599
"1000381456","Influence Beauty","Блеск для губ Influence Beauty Volume Shot Увеличение объема тон 01",524,599
"1000381457","Influence Beauty","Блеск для губ Influence Beauty Volume Shot Увеличение объема тон 02",524,599
"1000381465","Influence Beauty","Гель для бровей Influence Beauty Brow Robot",356,499
"1000381467","Influence Beauty","Глиттер Influence Beauty Glitter Dose на гелевой основе тон 02",303,499
"1000381482","Influence Beauty","Карандаш для глаз Influence Beauty Spectrum автоматический тон 02 Коричневый",367,499
"1000381483","Influence Beauty","Карандаш для глаз Influence Beauty Spectrum автоматический тон 03 Темно-серый",367,499
"1000381486","Influence Beauty","Карандаш для глаз Influence Beauty Spectrum автоматический тон 07 Фиолетовый",367,499
"1000381488","Influence Beauty","Карандаш для глаз Influence Beauty Spectrum автоматический тон 09 Ярко-голубой",367,499
"1000381492","Influence Beauty","Карандаш для губ Influence Beauty Lipfluence автоматический тон 02 ",426,499
"1000381494","Influence Beauty","Карандаш для губ Influence Beauty Lipfluence автоматический тон 05 ",466,0
"1000381496","Influence Beauty","Карандаш для глаз Influence Beauty Spectrum автоматический тон 01 Черный",367,499
"1000381497","Influence Beauty","Карандаш для глаз Influence Beauty Spectrum автоматический тон 05 Серебряный",367,499
"1000381498","Influence Beauty","Карандаш для глаз Influence Beauty Spectrum автоматический тон 10 Бледно-голубой",367,499
"1000381499","Influence Beauty","Карандаш для губ Influence Beauty Lipfluence автоматический тон 03 ",466,0
"1000381509","Influence Beauty","Масло для губ Influence Beauty Lava Lip Oil двухфазное тон 05 ",649,0
"1000381510","Influence Beauty","Средство Influence Beauty для фиксации бровей",548,799
"1000381522","Influence Beauty","Подводка для глаз Influence Beauty Event Horizon тон 01",729,0
"1000381532","Influence Beauty","Карандаш для губ Influence Beauty Lipfluence автоматический тон 08 ",518,0
"1000381510","Influence Beauty","Средство Influence Beauty для фиксации бровей",548,799
"1000381522","Influence Beauty","Подводка для глаз Influence Beauty Event Horizon тон 01",729,0
"1000381532","Influence Beauty","Карандаш для губ Influence Beauty Lipfluence автоматический тон 08 ",518,0
"1000381533","Influence Beauty","Карандаш для губ Influence Beauty Lipfluence автоматический тон 09 ",466,0
"1000381534","Influence Beauty","Карандаш для губ Influence Beauty Lipfluence автоматический тон 10 ",518,0
"1000381536","Influence Beauty","Карандаш для губ Influence Beauty Lipfluence автоматический тон 12 ",518,0
"1000381555","Influence Beauty","Масло для губ Influence Beauty Lava Lip Oil двухфазное тон 01 ",369,649
"1000381556","Influence Beauty","Масло для губ Influence Beauty Lava Lip Oil двухфазное тон 02 ",649,0
"1000381557","Influence Beauty","Масло для губ Influence Beauty Lava Lip Oil двухфазное тон 03 ",649,0
"1000381938","Influence Beauty","Тональная основа Influence Beauty Skinnovation I Matte матирующая тон 04 ",775,999
"1000381939","Influence Beauty","Основа тональная Influence Beauty Skinnovation I Matte матирующая тон 05 ",943,0
"1000381940","Influence Beauty","Основа тональная Influence Beauty Skinnovation II Hydra увлажняющая тон 01 ",943,0
"1000381941","Influence Beauty","Основа тональная Influence Beauty Skinnovation II Hydra увлажняющая тон 02 ",943,0
"1000381942","Influence Beauty","Основа тональная Influence Beauty Skinnovation II Hydra увлажняющая тон 03 ",943,0
"1000381943","Influence Beauty","Основа тональная Influence Beauty Skinnovation II Hydra увлажняющая тон 04 ",943,0
"1000381944","Influence Beauty","Тональная основа Influence Beauty Skinnovation II Hydra увлажняющая тон 05 ",681,999
"1000381950","Influence Beauty","СС-крем для лица Influence Beauty Skin Transformer тон 01 ",943,0
"1000381951","Influence Beauty","СС-крем для лица Influence Beauty Skin Transformer тон 02 ",942,0
"1000381955","Influence Beauty","Тушь для ресниц Influence Beauty Futuristic тон 01",559,849
"1000381956","Influence Beauty","Тушь для ресниц Influence Beauty Cybertruck тон 01",559,849
"1000381958","Influence Beauty","Тушь для ресниц Influence Beauty New Era тон 01",559,849
"1000381963","Influence Beauty","Хайлайтер Influence Beauty Lunar тон 01",506,699
"1000381964","Influence Beauty","Хайлайтер Influence Beauty Solar тон 01",506,699
"1000479948","Influence Beauty","Фиксирующий гель для бровей Influence Beauty",732,0
"1000479950","Influence Beauty","Блеск для увеличения объема губ тон 04 Influence Beauty",531,599
"1000479951","Influence Beauty","Блеск для увеличения объема губ тон 06 Influence Beauty",576,0
"1000479952","Influence Beauty","Блеск для увеличения объема губ тон 03 Influence Beauty",575,0
"1000479953","Influence Beauty","Блеск для увеличения объема губ тон 05 Influence Beauty",467,599
"1000499993","Influence Beauty","Тональный СС-крем для лица тон 00 Influence Beauty Skin Transformer",806,999
"1000518601","Influence Beauty","Палетка теней для век тон 01 Influence Beauty Neuromorph",1337,1499
"1000518602","Influence Beauty","Палетка теней для век тон 01 Influence Beauty Butterfly Effect",1176,1499
"1000518603","Influence Beauty","Палетка теней для век тон 01 Influence Beauty Metaverse",1450,0
"1000520707","Influence Beauty","Тональная основа для лица тон 02 Influence Beauty Superfluid",696,999
"1000520708","Influence Beauty","Тональная основа для лица тон 03 Influence Beauty Superfluid",696,999
"1000520709","Influence Beauty","Тональная основа для лица тон 04 Influence Beauty Superfluid",696,999
"1000520710","Influence Beauty","Тональная основа для лица тон 01 Influence Beauty Superfluid",696,999
"1000520708","Influence Beauty","Тональная основа для лица тон 03 Influence Beauty Superfluid",696,999
"1000520709","Influence Beauty","Тональная основа для лица тон 04 Influence Beauty Superfluid",696,999
"1000520710","Influence Beauty","Тональная основа для лица тон 01 Influence Beauty Superfluid",696,999
"1000520711","Influence Beauty","Тональная основа для лица тон 05 Influence Beauty Superfluid",696,999
"1000546607","Influence Beauty","Автоматический карандаш для губ тон 01 Influence Beauty",518,0
"1000546608","Influence Beauty","Автоматический карандаш для губ тон 11 Influence Beauty",518,0
"1000546613","Influence Beauty","Бальзам-стик для губ тон 01 Influence Beauty Glow Injection",473,699
"1000546615","Influence Beauty","Бальзам-стик для губ тон 03 Influence Beauty Glow Injection",540,699
"1000546616","Influence Beauty","Бальзам-стик для губ тон 04 Influence Beauty Glow Injection",666,0
"1000546617","Influence Beauty","Бальзам-стик для губ тон 05 Influence Beauty Glow Injection",473,699
"1000546618","Influence Beauty","Бальзам-стик для губ тон 06 Influence Beauty Glow Injection",473,699
"1000562508","Influence Beauty","Подводка для глаз тон 01 Influence Beauty Cyberwing",753,0
"1000562510","Influence Beauty","Тональная основа для лица SPF25 тон 01 Influence Beauty Solaris",931,1149
"1000562511","Influence Beauty","Тональная основа для лица SPF25 тон 03 Influence Beauty Solaris",931,1149
"1000562512","Influence Beauty","Спрей для лица с SPF30 Influence Beauty Solaris",439,749
"1000562513","Influence Beauty","Тональная основа для лица SPF25 тон 02 Influence Beauty Solaris",931,1149
"1000562514","Influence Beauty","Подводка для глаз тон 01 Influence Beauty Lazerline",673,749
"8000013101","Influence Beauty","Гель-блеск для губ тон 03 Influence Beauty Gloss-X",419,599
"8000013102","Influence Beauty","Подводка для глаз тон 01 Influence Beauty Manipula",509,799
"8000013104","Influence Beauty","Гель-блеск для губ тон 06 Influence Beauty Gloss-X",419,599
"8000013105","Influence Beauty","Тональная основа для лица тон 03 Influence Beauty Ekso Skin",927,0
"8000013107","Influence Beauty","Гель-блеск для губ тон 07 Influence Beauty Gloss-X",419,599
"8000013109","Influence Beauty","Гель-блеск для губ тон 04 Influence Beauty Gloss-X",419,599
"8000013110","Influence Beauty","Тональная основа тон 05 Ekso Skin Influence Beauty",927,0
"8000013112","Influence Beauty","Гель-блеск для губ тон 05 Influence Beauty Gloss-X",419,599
"8000013113","Influence Beauty","Тональная основа для лица тон 01 Influence Beauty Ekso Skin",927,0
"8000013114","Influence Beauty","Тональная основа для лица тон 04 Influence Beauty Ekso Skin",927,0
"8000013115","Influence Beauty","Гель-блеск для губ тон 09 Influence Beauty Gloss-X",419,599
"8000013116","Influence Beauty","Гель-блеск для губ тон 08 Influence Beauty Gloss-X",419,599
"8000013117","Influence Beauty","Подводка для глаз тон 02 Коричневый Influence Beauty Horizon",729,0
"8000013120","Influence Beauty","Тональная основа для лица тон 02 Influence Beauty Ekso Skin",927,0
"8000013121","Influence Beauty","Гель-блеск для губ тон 02 Influence Beauty Gloss-X",419,599
"8000013125","Influence Beauty","Гель-блеск для губ тон 10 Influence Beauty Gloss-X",419,599
"8000013126","Influence Beauty","Гель-блеск для губ тон 01 Influence Beauty Gloss-X",419,599
"8000020033","Influence Beauty","Карандаш для глаз Influence Beauty Neochrome тон 01",781,0
"8000020034","Influence Beauty","Консилер для лица тон 03 Influence Beauty Cool Touch",683,799
"8000013126","Influence Beauty","Гель-блеск для губ тон 01 Influence Beauty Gloss-X",419,599
"8000020033","Influence Beauty","Карандаш для глаз Influence Beauty Neochrome тон 01",781,0
"8000020034","Influence Beauty","Консилер для лица тон 03 Influence Beauty Cool Touch",683,799
"8000020035","Influence Beauty","Тональная основа для лица тон 02 Influence Beauty Adaptogen",459,999
"8000020037","Influence Beauty","Тональная основа для лица тон 05 Influence Beauty Adaptogen",459,999
"8000020038","Influence Beauty","Карандаш для глаз Influence Beauty Neochrome тон 02",781,0
"8000020039","Influence Beauty","Тональная основа для лица тон 01 Influence Beauty Adaptogen",459,999
"8000020040","Influence Beauty","Тональная основа для лица тон 03 Influence Beauty Adaptogen",459,999
"8000020041","Influence Beauty","Тональная основа для лица тон 04 Influence Beauty Adaptogen",459,999
"8000020045","Influence Beauty","Карандаш для глаз Influence Beauty Neochrome тон 03",781,0
"8000105524","Influence Beauty","Тушь-топпер для ресниц Hydrogenesis Influence Beauty тон 01",799,0
"8000105525","Influence Beauty","Матовая помада Hydrogenesis Influence Beauty тон 03",699,0
"8000105526","Influence Beauty","Двойные тени Hydrogenesis Influence Beauty тон 01",660,0
"8000105527","Influence Beauty","Матовая помада Hydrogenesis Influence Beauty тон 01",699,0
"8000105528","Influence Beauty","Бальзам-стик для губ Hydrogenesis Influence Beauty тон 03",720,0
"8000105529","Influence Beauty","Тени-желе в стике Hydrogenesis Influence Beauty тон 01",599,0
"8000105530","Influence Beauty","Матовая помада Hydrogenesis Influence Beauty тон 02",699,0
"8000105531","Influence Beauty","Подводка для глаз Hydrogenesis Influence Beauty тон 02 0.5мл",699,0
"8000105532","Influence Beauty","Тени-желе в стике Hydrogenesis Influence Beauty тон 02",599,0
"8000105533","Influence Beauty","Кремовый хайлайтер Hydrogenesis Influence Beauty тон 01",699,0
"8000105534","Influence Beauty","Жидкие румяна Hydrogenesis Influence Beauty тон 01 4.5мл",799,999
"8000105535","Influence Beauty","Бальзам-стик для губ Hydrogenesis Influence Beauty тон 02",699,0
"8000105536","Influence Beauty","Бальзам-стик для губ Hydrogenesis Influence Beauty тон 01",513,699
"8000105537","Influence Beauty","Подводка для глаз Hydrogenesis Influence Beauty тон 01",699,0
"8000105538","Influence Beauty","Тени-желе в стике Hydrogenesis Influence Beauty тон 03",599,0
"8000105539","Influence Beauty","Двойные тени Hydrogenesis Influence Beauty тон 02",660,0
"8000105540","Influence Beauty","Фиксирующая пудра Hydrogenesis Influence Beauty тон 01",699,798
"1000518916","Kumiho","Маска для лица Kumiho тканевая с экстрактом молочного протеина 20мл",71,119
"8000015257","Kumiho","Маска для лица Kumiho Ku подтягивающая со змеиным пептидом",81,0
"1000521050","Kumiho","Маска для лица Kumiho Ku тканевая придающая сияние с черным жемчугом 20мл",81,0
"1000352170","Kumiho","Маска тканевая для лица Kumiho Интенсивное питание с экстрактом икры лосося 20мл",71,119
"1000467787","Kumiho","Шампунь для поврежденных волос Kumiho восстанавливающий Пион 400мл",649,999
"1000521051","Kumiho","Маска для лица Kumiho Ku тканевая успокаивающая с центеллой 20мл",81,0
"1000467783","Kumiho","Масло для поврежденных волос Kumiho в капсулах восстановление 0.75мл*7шт",259,399
"1000521049","Kumiho","Маска для лица Kumiho Ku тканевая увлажняющая с гиалуроновой кислотой 20мл",81,0
"1000351986","Kumiho","Маска Kumiho тканевая для лица с витамином С 25мл",98,195
"1000467781","Kumiho","Крем для поврежденных волос Kumiho восстанавливающий Манго 125мл",454,699
"1000351971","Kumiho","Маска Kumiho для лица гидрогелиевая с экстрактом черного жемчуга",234,329
"1000352171","Kumiho","Маска Kumiho тканевая для лица очищающая с черным углем 20мл",83,119
"1000425662","Kumiho","Крем для лица Kumiho питательный дневной с ферментированным рисом 50мл",598,849
"1000352007","Kumiho","Крем для лица Kumiho увлажняющий с гиалуроновой кислотой 50мл",711,0
"8000029299","Kumiho","Маска для лица Kumiho Truffle ночная 50мл",446,629
"1000351972","Kumiho","Маска Kumiho для лица гидрогелиевая с экстрактом чайного дерева и ромашки",234,329
"1000425663","Kumiho","Сыворотка для кожи вокруг глаз Kumiho Ферментированный рис 30мл",499,749
"1000351983","Kumiho","Маска для лица Kumiho тканевая с экстрактом черники 23мл",114,164
"1000521052","Kumiho","Маска для лица Kumiho Ku тканевая укрепляющая с коллагеном 20мл",81,0
"1000351967","Kumiho","Маска для лица Kumiho гидрогелиевая с экстрактом икры",234,329
"1000348210","Kumiho","Маска для лица Kumiho тканевая увлажняющая с экстрактом ласточкиного гнезда 20мл",83,119
"1000425650","Kumiho","Сыворотка для лица Kumiho лифтинг с ферментированным рисом 50мл",969,0
"1000425656","Kumiho","Тоник для лица Kumiho увлажняющий с ферментированным рисом 180мл",524,749
"8000029305","Kumiho","Эссенция для лица Kumiho Truffle 50мл",671,949
"8000029306","Kumiho","Сыворотка для области вокруг глаз Kumiho Truffle 30мл",561,789
"1000351968","Kumiho","Крем для области вокруг глаз Kumiho Увлажняющий с гиалуроновой кислотой 30мл",548,0
"8000025781","Kumiho","Тоник-спрей для лица с церамидами и витамином В5 Kumiho 100мл",629,0
"1000351999","Kumiho","Маска-носочки для ног Kumiho питательная с экстрактом авокадо 20мл",269,0
"1000351993","Kumiho","Тоник для лица Kumiho увлажняющий с гиалуроновой кислотой 180мл",711,0
"1000351976","Kumiho","Патчи для глаз Kumiho с экстрактом кофе и гиалуроновой кислотой 90г",1270,0
"1000348209","Kumiho","Маска тканевая для лица Kumiho Антивозрастная с муцином улитки 20мл",119,0
"1000352177","Kumiho","Сыворотка Kumiho для точечного применения с экстрактом центеллы и чайного дерева 30мл",462,649
"8000015385","Kumiho","Патчи для глаз Kumiho тканевые освежающие с гиалуроновой кислотой",259,0
"1000467785","Kumiho","Маска для волос и кожи головы Kumiho Очищающая с розмарином 250мл",419,699
"1000351994","Kumiho","Маска для лица Kumiho ночная подтягивающая с экстрактом авокадо 50мл",579,0
"1000352159","Kumiho","Крем Kumiho для рук питательный с экстрактом авокадо и масла ши 50мл",229,0
"1000467785","Kumiho","Маска для волос и кожи головы Kumiho Очищающая с розмарином 250мл",419,699
"1000351994","Kumiho","Маска для лица Kumiho ночная подтягивающая с экстрактом авокадо 50мл",579,0
"1000352159","Kumiho","Крем Kumiho для рук питательный с экстрактом авокадо и масла ши 50мл",229,0
"1000352156","Kumiho","Патчи для глаз Kumiho с экстрактом черного жемчуга и муцина улитки 90г 60шт",1299,0
"1000352173","Kumiho","Маска Kumiho тканевая для сияния лица с экстрактом меда манука 20мл",119,0
"1000425661","Kumiho","Пенка для умывания Kumiho ферментированный рис и овес 120мл",529,739
"1000352166","Kumiho","Пенка Kumiho для умывания с центеллой и зеленым чаем 120мл",529,739
"1000351970","Kumiho","Крем для области вокруг глаз Kumiho Антивозрастной с золотом и муцином улитки 30мл",569,0
"1000352010","Kumiho","Крем-лифтинг для лица Kumiho с золотом и экстрактом меда 50мл",849,0
"8000029304","Kumiho","Крем-сыворотка для лица Kumiho Truffle двухкомпонентная 60мл",898,1249
"1000449122","Kumiho","Патч для губ Kumiho Экстракт розы и ментол",141,193
"1000352001","Kumiho","Крем Kumiho для лица питательный дневной с муцином улитки 50мл",749,0
"1000518918","Kumiho","Сыворотка для лица Kumiho восстановление с муцином улитки 50мл",969,0
"1000351998","Kumiho","Пилинг-носочки для ног Kumiho с экстрактом папайи 30мл",379,0
"8000015384","Kumiho","Патчи для глаз Kumiho тканевые увлажняющие с витаминным комплексом",259,0
"1000518919","Kumiho","Маска-перчатки для рук Kumiho восстановление с маслом ши и какао 20мл",269,0
"1000351975","Kumiho","Маска для лица Kumiho тканевая с экстрактом алоэ 23мл",164,0
"1000351964","Kumiho","Патчи Kumiho для глаз с экстрактом папайи и коллагеном 1 пара",123,209
"1000351963","Kumiho","Пилинг-гель для лица Kumiho яблоко с лимоном и Aha-кислотами 100мл",457,0
"1000467786","Kumiho","Шампунь для объёма волос Kumiho хризантема 400мл",999,0
"1000352005","Kumiho","Маска Kumiho для лица фольгированная Золото 27мл",249,0
"1000351996","Kumiho","Тоник Kumiho для лица антивозрастной с золотом и женьшенем 180мл",749,0
"1000351979","Kumiho","Маска Kumiho тканевая для лица с экстрактом лимона 23мл",164,0
"1000351997","Kumiho","Маска-пленка Kumiho для лица очищающая с углем 50мл",579,0
"1000505087","Kumiho","Тоник для лица Kumiho восстанавливающий с муцином улитки 180мл",749,0
"1000351973","Kumiho","Маска-перчатки для рук Kumiho питательная с маслом оливы 20мл",269,0
"8000025779","Kumiho","Сыворотка для лица Kumiho Fluid ночная увлажняющая с церамидами и витамином С 50мл",879,0
"1000351991","Kumiho","Сыворотка для лица Kumiho Антивозрастная с золотом и ретинолом 50мл",879,0
"1000351962","Kumiho","Крем Kumiho для лица ночной с муцином улитки и экстрактом женьшеня 50мл",749,0
"1000351978","Kumiho","Маска для лица Kumiho тканевая с гиалуроновой кислотой 25мл",192,0
"8000025780","Kumiho","Пилинг-гель для лица Kumiho Fluid с церамидами и витамином В9 100мл",519,0
"1000518917","Kumiho","Маска для лица Kumiho тканевая с экстрактом масла авокадо 23мл",114,164
"1000351990","Kumiho","Сыворотка Kumiho активное увлажнение с гиалуроновой кислотой 50мл",853,0
"1000351987","Kumiho","Маска Kumiho тканевая для лица с ВНА-кислотами 25мл",195,0
"1000352008","Kumiho","Масло гидрофильное для лица Kumiho с календулой и медом 100мл",490,799
"8000025783","Kumiho","Очищающий гель для лица с церамидами и витамином В1 Kumiho 120мл",749,0
"1000351987","Kumiho","Маска Kumiho тканевая для лица с ВНА-кислотами 25мл",195,0
"1000352008","Kumiho","Масло гидрофильное для лица Kumiho с календулой и медом 100мл",490,799
"8000025783","Kumiho","Очищающий гель для лица с церамидами и витамином В1 Kumiho 120мл",749,0
"1000467784","Kumiho","Бальзам для объёма волос Kumiho с авокадо 250мл",699,0
"8000029300","Kumiho","Крем для лица Kumiho Truffle 50мл",949,0
"8000025785","Kumiho","Маска для лица Kumiho Fluid ночная с церамидами и витамином D 50мл",629,0
"1000449123","Kumiho","Гель для тела Kumiho 2в1 увлажняющий с экстрактом улитки и витамином Е 500мл",669,0
"1000351988","Kumiho","Маска Kumiho тканевая для лица с пептидами 25мл",195,0
"8000029302","Kumiho","Тоник для лица Kumiho Truffle 180мл",849,0
"8000025782","Kumiho","Крем-флюид для области вокруг глаз Kumiho Fluid увлажняющий с церамидами 30мл",589,0
"1000352168","Kumiho","Пенка Kumiho для умывания восстанавливающая с муцином улитки 120мл",739,0
"8000025784","Kumiho","Увлажняющий крем-гель для лица SPF30 с витамином Е и церамидами Kumiho Fluid 50мл",849,0
"1000351969","Kumiho","Гель для тела Kumiho 2в1 увлажняющий с алоэ и кокосом 500мл",466,669
"1000352161","Kumiho","Крем для рук Kumiho восстанавливающий с экстрактом манго и мандарина 50мл",229,0
"1000352006","Kumiho","Маска Kumiho для лица фольгированная Серебро 27мл",249,0
"1000351981","Kumiho","Маска для лица Kumiho тканевая с экстрактом розы 23мл",164,0
"1000351974","Kumiho","Маска для лица Kumiho тканевая с экстрактом клубники 23мл",164,0
"8000029301","Kumiho","Сыворотка для лица Kumiho Truffle двухфазная 70мл",1149,0
"1000351977","Kumiho","Маска для лица Kumiho тканевая с экстрактом кокоса 23мл",164,0
"1000351984","Kumiho","Маска для лица Kumiho тканевая с экстрактом граната 23мл",164,0
"1000352011","Kumiho","Патчи для глаз Kumiho с экстрактом зеленого чая и алоэ 1 пара",203,0
"1000467782","Kumiho","Сыворотка для волос Kumiho ночная с муцином улитки 5 ампул 100мл",899,0
"1000351982","Kumiho","Маска Kumiho тканевая для лица с экстрактом плаценты 25мл",195,0
"1000352167","Kumiho","Пенка Kumiho для умывания питательная с бананом и кокосом 120мл",739,0
"8000029303","Kumiho","Крем-пенка для умывания Kumiho Truffle 120мл",849,0
"4000094130","LAF","Пилка LAF маникюрная наждачная 180/200",55,99
"8000040397","LAF","Косметичка полосатая полиэтиленовая LAF",75,149
"4000104962","LAF","Пемза для удаления кутикулы LAF в ассортименте",21,34
"8000061463","LAF","Бисерное двойное ожерелье Звезда серебро LAF",199,249
"8000003236","LAF","Набор кистей для макияжа LAF White 5шт",269,399
"8000061460","LAF","Бисерное ожерелье Звезда LAF",149,199
"4000047211","LAF","Аппликатор для теней LAF MU26095 4шт 5*9.5*см",43,89
"8000061474","LAF","Жемчужный браслет серебро LAF",149,199
"8000061464","LAF","Набор колец Море LAF 3шт",149,199
"8000040401","LAF","Бежевая косметичка LAF",199,299
"8000091021","LAF","Набор для макияжа 8 кистей в чехле LAF",1199,0
"8000010995","LAF","Зонт-мини LAF механический 6 спиц в ассортименте",399,0
"8000061472","LAF","Набор колец жемчуг LAF 3шт в ассортименте",99,149
"8000061462","LAF","Ожерелье Море золото с подвесками LAF",149,199
"8000015690","LAF","Набор пилок для ногтей LAF 100/180 5 штук",179,0
"8000015806","LAF","Пилка для ногтей LAF 100/180",50,99
"4000094120","LAF","Пилка LAF маникюрная наждачная широкая 200/240",59,0
"8000010991","LAF","Зонт LAF детский ПВХ полуавтомат 6 спиц",249,0
"8000002447","LAF","Кисть для румян и контуринга LAF Colour",149,199
"8000056472","LAF","Кисть для тонального крема и пудры Beige LAF",249,0
"8000000805","LAF","Набор кистей для макияжа LAF Black 5шт",599,0
"8000040402","LAF","Косметичка сетка плоская LAF",151,199
"8000088937","LAF","Косметичка-сундук розовая LAF",799,0
"8000000805","LAF","Набор кистей для макияжа LAF Black 5шт",599,0
"8000040402","LAF","Косметичка сетка плоская LAF",151,199
"8000088937","LAF","Косметичка-сундук розовая LAF",799,0
"4000092846","LAF","Механический зонт женский мини LAF в ассортименте",399,749
"4000094117","LAF","Пилка LAF маникюрная алмазная большая 11см",41,149
"8000015688","LAF","Набор разноцветных пилок для ногтей LAF 200/240 5шт",167,0
"4000094349","LAF","Дождевик детский LAF плотный 19*28*3см в ассортименте",169,0
"8000010997","LAF","Дождевик LAF пончо на рост от 150см в ассортименте",319,0
"8000091062","LAF","Сотуар жемчужный LAF",799,0
"4000103189","LAF","Спонж для макияжа LAF Pastel в ассортименте",109,0
"8000040403","LAF","Дорожная косметичка Горы LAF",449,0
"8000002445","LAF","Кисть для румян и контуринга LAF Beige",269,0
"8000002456","LAF","Кисть для теней LAF Beige растушевка",159,0
"8000010116","LAF","Набор мини спонжей для макияжа LAF 6шт",99,0
"8000003235","LAF","Аппликаторы для теней LAF длинные 5шт",99,149
"4000092853","LAF","Зонт LAF полуавтомат дизайн 8 спиц в ассортименте",749,0
"8000040409","LAF","Тканевая косметичка большая молочная LAF",599,0
"8000002449","LAF","Кисть LAF Colour для тональной основы и консилера",199,0
"8000019029","LAF","Косметичка-органайзер Washbag LAF",449,0
"8000000803","LAF","Набор щеточек для бровей и ресниц LAF 10шт",149,0
"8000020170","LAF","Квадратная косметичка Washbag LAF",319,0
"8000002458","LAF","Пуховка для пудры LAF велюровая",79,0
"8000002434","LAF","Кисть для пудры LAF Rose",279,0
"8000040394","LAF","Косметичка сетка квадратная LAF",299,0
"4000093990","LAF","Дождевик LAF ПЭ18",169,0
"8000002434","LAF","Кисть для пудры LAF Rose",279,0
"8000040394","LAF","Косметичка сетка квадратная LAF",299,0
"4000093990","LAF","Дождевик LAF ПЭ18",169,0
"8000056471","LAF","Кисть для кремовых текстур Black LAF",249,0
"8000002440","LAF","Набор кистей для макияжа LAF Perfect eye 3шт",349,0
"8000015689","LAF","Набор пилок для ногтей 200/240 LAF 3шт",62,129
"8000056474","LAF","Набор спонжей для макияжа градиент LAF 2шт в ассортименте",229,0
"8000029537","LAF","Набор спонжей для макияжа LAF 7шт",279,0
"8000002437","LAF","Кисть для бровей и теней LAF Rose",159,0
"4000047318","LAF","Кисть для пудры LAF база CB-006 4*16.5*1.5см",199,0
"8000002452","LAF","Кисть LAF Beige для тональной основы и консилера",279,0
"8000003228","LAF","Спонж для макияжа LAF в футляре яйцо в ассортименте",99,129
"4000094109","LAF","Пилка LAF маникюрная стеклянная 1*9*0.3см",129,0
"4000088887","LAF","Спонжи для макияжа LAF в банке 7шт",429,0
"8000002438","LAF","Кисть для теней LAF Rose растушевка",129,0
"4000047229","LAF","Кисть для теней LAF база СВ-004 4*16.5*1.5см",139,0
"4000094137","LAF","Пилка маникюрная LAF наждачная бумеранг 100/180 0.4*2*17.8см",58,99
"4000104288","LAF","Спонж для макияжа LAF Ombre в ассортименте",149,0
"8000002451","LAF","Кисть для кремовых текстур LAF Colour",119,0
"8000003225","LAF","Набор LAF пуховка велюровая для пудры круглые 2шт",149,0
"8000002428","LAF","Спонж для макияжа LAF Colour бриллиант",149,0
"8000002436","LAF","Кисть LAF Rose для тональной основы и консилера",169,0
"8000057552","LAF","Кисть для румян Black LAF",249,0
"4000094129","LAF","Блок LAF маникюрный полировочный 2.8*3.4*9.2см",86,149
"8000003231","LAF","Набор спонжей LAF для умывания 5шт",149,0
"8000009766","LAF","Набор спонжей LAF в коробе 4шт",99,189
"8000057832","LAF","Кисть для пудры Black LAF",279,0
"8000002455","LAF","Кисть для губ LAF Beige",179,0
"4000047227","LAF","Кисть для тональной основы LAF база СВ-002 4*21*2см",169,0
"8000040407","LAF","Дорожный органайзер серый LAF",499,0
"8000015687","LAF","Набор мини пилок для ногтей 200/240 LAF 3шт",65,129
"8000002442","LAF","Кисть для пудры LAF Colour",229,0
"4000091769","LAF","Зонт LAF автоматический в ассортименте",699,0
"8000015687","LAF","Набор мини пилок для ногтей 200/240 LAF 3шт",65,129
"8000002442","LAF","Кисть для пудры LAF Colour",229,0
"4000091769","LAF","Зонт LAF автоматический в ассортименте",699,0
"4000046211","LAF","Косметичка плоская Fashion Care СВ30055-2 в ассортименте",249,0
"8000040408","LAF","Тканевая косметичка квадратная молочная LAF",549,0
"4000072789","LAF","Набор косметических спонжей LAF в коробке 3шт 10*8*2см в ассортименте",169,0
"8000002431","LAF","Спонж для макияжа LAF в футляре треугольники 6шт",249,0
"8000008083","LAF","Повязка для умывания LAF",149,0
"8000002453","LAF","Кисть для растушевки теней LAF Colour",119,0
"8000002439","LAF","Кисть для кремовых текстур LAF Rose",159,0
"4000047224","LAF","Помазок для бритья LAF 5204-0016 4.1*14*4см",99,169
"1000498454","LAF","Консилер для лица тон 02 LAF",389,0
"8000012991","LAF","Очки солнцезащитные детские LAF GX240318145_B",229,0
"8000002427","LAF","Набор спонжей LAF с держателем 2шт",189,0
"8000002444","LAF","Кисть для пудры LAF Beige",349,0
"8000012993","LAF","Очки солнцезащитные детские LAF GX23061764",269,0
"1000498452","LAF","Сухой хайлайтер для лица LAF",284,379
"8000002429","LAF","Набор спонжей LAF с держателем в коробке 6шт",249,0
"8000040405","LAF","Маленькая косметичка LAF в ассортименте",349,0
"8000003224","LAF","Спонж для макияжа LAF велюровый в футляре",199,0
"1000498231","LAF","Палетка теней для век 9 тонов тон 02 LAF",499,665
"8000013010","LAF","Очки солнцезащитные детские LAF GX240318131",249,0
"1000498453","LAF","Консилер для лица тон 01 LAF",389,0
"8000040406","LAF","Тканевая косметичка маленькая молочная LAF",399,0
"8000040393","LAF","Твидовая косметичка LAF в ассортименте",399,0
"1000498237","LAF","Палетка теней для век 9 тонов тон 03 LAF",499,665
"1000498248","LAF","Кремовый хайлайтер для лица тон 02 LAF",299,0
"8000091016","LAF","Набор Ободок + Резинки чёрные 2шт LAF",599,0
"8000040391","LAF","Косметичка большая черная LAF",499,0
"8000004182","LAF","Набор спонжей LAF конжаковых для умывания 2шт",171,279
"8000018719","LAF","Дорожная косметичка квадратная LAF в ассортименте",299,349
"4000073484","LAF","Спонж LAF конжаковый для очищения лица",199,0
"8000001483","LAF","Набор спонжей для макияжа LAF треугольники 12шт",169,0
"1000498250","LAF","Деревянный карандаш для бровей с щеточкой тон 01 LAF",199,0
"8000091020","LAF","Набор для волос Резинки чёрные 2шт + Резинки розовые 2штLAF",399,0
"8000001483","LAF","Набор спонжей для макияжа LAF треугольники 12шт",169,0
"1000498250","LAF","Деревянный карандаш для бровей с щеточкой тон 01 LAF",199,0
"8000091020","LAF","Набор для волос Резинки чёрные 2шт + Резинки розовые 2штLAF",399,0
"1000498451","LAF","Палетка теней для век 4 цвета тон 04 LAF",349,0
"1000498257","LAF","Жидкая помада для губ матовая устойчивая тон 03 LAF",359,0
"1000498252","LAF","Деревянный карандаш для бровей с щеточкой тон 03 LAF",199,0
"1000498449","LAF","Палетка теней для век 4 цвета тон 02 LAF",349,0
"1000498255","LAF","Жидкая помада для губ матовая устойчивая тон 01 LAF",359,0
"8000018718","LAF","Дорожная косметичка LAF в ассортименте",349,0
"1000498229","LAF","Палетка теней для век 9 тонов тон 01 LAF",499,665
"8000012951","LAF","Солнцезащитные очки LAF GX24031918",349,0
"1000498210","LAF","Жидкая помада для губ матовая устойчивая тон 05 LAF",359,0
"8000040395","LAF","Квадратная косметичка LAF в ассортименте",349,0
"1000498251","LAF","Деревянный карандаш для бровей с щеточкой тон 02 LAF",199,0
"8000040404","LAF","Квадратная косметичка LAF в ассортименте",429,0
"1000498450","LAF","Палетка теней для век 4 цвета тон 03 LAF",349,0
"1000498455","LAF","Консилер для лица тон 03 LAF",389,0
"1000498221","LAF","Автоматический карандаш для бровей тон 01 LAF",349,0
"1000042675","LAF","Лак для волос LAF Professional Объем сильной фиксации",159,209
"1000074349","LAF","Полоски для носа LAF 10шт",249,0
"1000426953","LAF","Салфетки LAF Матирующие",54,104
"1000426954","LAF","Маска для лица LAF тканевая укрепляющая с коллагеном",89,0
"1000426955","LAF","Маска для лица LAF тканевая питательная",89,0
"1000463496","LAF","Бомбочка для ванн LAF форма пчелка и черепаха в ассортименте",149,0
"1000498208","LAF","Жидкая помада для губ матовая устойчивая тон 06 LAF",359,0
"1000498209","LAF","Жидкая помада для губ матовая устойчивая тон 04 LAF",359,0
"1000498211","LAF","Основа-праймер под макияж LAF",369,0
"1000498212","LAF","Автоматический карандаш для бровей тон 01 LAF",219,0
"1000498213","LAF","Автоматический карандаш для бровей тон 02 LAF",219,0
"1000498214","LAF","Автоматический карандаш для бровей тон 03 LAF",219,0
"1000498215","LAF","Тональный крем для лица тон 01 LAF",399,0
"1000498216","LAF","Тушь для бровей тон 01 LAF",299,0
"1000498217","LAF","Тушь для бровей тон 02 LAF",299,0
"1000498218","LAF","Тональный крем для лица тон 02 LAF",399,0
"1000498219","LAF","Тональный крем для лица тон 03 LAF",399,0
"1000498220","LAF","Тональный крем для лица тон 04 LAF",399,0
"1000498218","LAF","Тональный крем для лица тон 02 LAF",399,0
"1000498219","LAF","Тональный крем для лица тон 03 LAF",399,0
"1000498220","LAF","Тональный крем для лица тон 04 LAF",399,0
"1000498224","LAF","Автоматический карандаш для глаз тон 01 LAF",194,259
"1000498225","LAF","Автоматический карандаш для глаз тон 02 LAF",194,259
"1000498226","LAF","Компактные румяна для лица тон 02 LAF",429,0
"1000498227","LAF","Компактные румяна для лица тон 03 LAF",429,0
"1000498228","LAF","Прозрачный гель для бровей LAF",229,0
"1000498230","LAF","Компактные румяна для лица тон 01 LAF",429,0
"1000498233","LAF","Автоматический карандаш для глаз тон 05 LAF",194,259
"1000498234","LAF","Автоматический карандаш для глаз тон 06 LAF",194,259
"1000498235","LAF","Автоматический карандаш для глаз тон 07 LAF",194,259
"1000498236","LAF","Автоматический карандаш для глаз тон 03 LAF",194,259
"1000498238","LAF","Мыло для бровей LAF",349,0
"1000498239","LAF","Деревянный карандаш для губ LAF тон 01 LAF",104,139
"1000498240","LAF","Деревянный карандаш для губ LAF тон 02 LAF",104,139
"1000498241","LAF","Деревянный карандаш для губ LAF тон 03 LAF",86,139
"1000498242","LAF","Деревянный карандаш для губ LAF тон 04 LAF",104,139
"1000498243","LAF","Деревянный карандаш для губ LAF тон 05 LAF",104,139
"1000498244","LAF","Деревянный карандаш для губ LAF тон 06 LAF",104,139
"1000498245","LAF","Деревянный карандаш для губ LAF тон 07 LAF",104,139
"1000498246","LAF","Деревянный карандаш для губ LAF тон 08 LAF",104,139
"1000498247","LAF","Кремовый хайлайтер для лица тон 01 LAF",299,0
"1000498249","LAF","Подводка фломастер для глаз Черная LAF",349,0
"1000498253","LAF","Набор для макияжа бровей тон 01 LAF",322,429
"1000498256","LAF","Жидкая помада для губ матовая устойчивая тон 02 LAF",359,0
"1000498439","LAF","Деревянный карандаш для глаз тон 05 LAF",134,179
"1000498440","LAF","Деревянный карандаш для глаз тон 06 LAF",134,179
"1000498442","LAF","Тинт для губ тон 01 LAF",369,0
"1000498443","LAF","Тональный кушон для лица тон 01 LAF",599,799
"1000498444","LAF","Компактная пудра для лица тон 01 LAF",449,0
"1000498445","LAF","Компактная пудра для лица тон 02 LAF",449,0
"1000498446","LAF","Компактная пудра для лица тон 03 LAF",449,0
"1000498447","LAF","Компактная пудра для лица тон 04 LAF",449,0
"1000498448","LAF","Палетка теней для век 4 цвета тон 01 LAF",349,0
"1000498456","LAF","Румяна кушон для лица тон 01 LAF",347,469
"1000498447","LAF","Компактная пудра для лица тон 04 LAF",449,0
"1000498448","LAF","Палетка теней для век 4 цвета тон 01 LAF",349,0
"1000498456","LAF","Румяна кушон для лица тон 01 LAF",347,469
"1000498457","LAF","Румяна кушон для лица тон 02 LAF",347,469
"1000498458","LAF","Румяна кушон для лица тон 03 LAF",347,469
"1000498459","LAF","Помада для губ тон 01 LAF",329,0
"1000498460","LAF","Помада для губ тон 02 LAF",329,0
"1000498461","LAF","Помада для губ тон 03 LAF",329,0
"1000498462","LAF","Помада для губ тон 04 LAF",329,0
"1000498464","LAF","Деревянный карандаш для глаз тон 02 LAF",134,179
"1000498465","LAF","Помада для губ тон 06 LAF",329,0
"1000498466","LAF","Помада для губ тон 07 LAF",329,0
"1000498467","LAF","Помада для губ тон 08 LAF",329,0
"1000498468","LAF","Помада для губ тон 09 LAF",329,0
"1000498469","LAF","Помада для губ тон 10 LAF",329,0
"1000498470","LAF","Деревянный карандаш для глаз тон 03 LAF",134,179
"1000498471","LAF","Деревянный карандаш для глаз тон 04 LAF",134,179
"1000498472","LAF","Масло для губ тон 01 LAF",329,0
"1000498473","LAF","Масло для губ тон 02 LAF",329,0
"1000498474","LAF","Масло для губ тон 03 LAF",329,0
"1000498475","LAF","Масло для губ тон 04 LAF",329,0
"1000498476","LAF","Деревянный карандаш для губ LAF тон 09 LAF",85,139
"1000498477","LAF","Деревянный карандаш для губ LAF тон 10 LAF",104,139
"1000498478","LAF","Тинт для губ тон 02 LAF",359,0
"1000498479","LAF","Тинт для губ тон 03 LAF",369,0
"1000498480","LAF","Тинт для губ тон 04 LAF",359,0
"1000498481","LAF","Тональный кушон для лица тон 02 LAF",599,799
"1000498482","LAF","Помада для губ тон 05 LAF",329,0
"1000499410","LAF","Автоматический карандаш для глаз тон 08 LAF",194,259
"1000499411","LAF","Автоматический карандаш для глаз тон 09 LAF",194,259
"1000499412","LAF","Автоматический карандаш для глаз тон 12 LAF",194,259
"1000499413","LAF","Автоматический карандаш для глаз тон 10 LAF",194,259
"1000499414","LAF","Автоматический карандаш для глаз тон 11 LAF",194,259
"1000504121","LAF","Маска для губ LAF",329,0
"1000504122","LAF","Тушь для ресниц супер-объем Черная LAF",329,0
"1000504123","LAF","Блеск для губ тон 01 LAF",247,329
"1000504121","LAF","Маска для губ LAF",329,0
"1000504122","LAF","Тушь для ресниц супер-объем Черная LAF",329,0
"1000504123","LAF","Блеск для губ тон 01 LAF",247,329
"1000504124","LAF","Блеск для губ тон 03 LAF",247,329
"1000504125","LAF","Блеск для губ тон 02 LAF",247,329
"1000504126","LAF","Блеск для губ тон 04 LAF",247,329
"1000504127","LAF","Блеск для губ тон 05 LAF",247,329
"1000504128","LAF","Блеск для губ тон 06 LAF",247,329
"1000504129","LAF","Подкручивающая тушь для ресниц Черная LAF",329,0
"1000504130","LAF","Удлиняющая тушь для ресниц Черная LAF",329,0
"1000533997","LAF","Матирующие салфетки LAF зеленые 50шт",46,104
"1000541414","LAF","Влажные салфетки для снятия макияжа LAF с мицеллярной водой 8шт",39,0
"1000559990","LAF","Подарочный набор для макияжа губ LAF Помада + Карандаш в ассортименте",165,238
"4000034203","LAF","Терка для ног LAF наждак BA60332 5.8*23*1.8см",199,0
"4000036604","LAF","Резинка для волос LAF 1891 2*15*11.5см в ассортименте",89,0
"4000047206","LAF","Зажим для завивки ресниц LAF PB45241 11*14*3см",219,0
"4000050891","LAF","Резинки для волос LAF прозрачные 1317T 2*7*7см в ассортименте",129,0
"4000055596","LAF","Набор для окрашивания волос LAF SA39005",259,0
"4000056361","LAF","Резинки для волос LAF разноцветные базовые 1400 3*13*6см в ассортименте",119,0
"4000057242","LAF","Петля косметическая LAF для проблемной кожи Pb35521 0.3*12.5*0.3см",99,0
"4000073378","LAF","Резинка-прядь для волос LAF в ассортименте",139,0
"4000091046","LAF","Расческа LAF массажная овальная Лаванда 7.8*24.5*3см",329,0
"4000091047","LAF","Дорожный набор LAF силиконовых флаконов ПР 11*3.8*5.4см",399,0
"4000091053","LAF","Расческа LAF скелетная широкая Лаванда 7.5*25.5*5.3см",249,0
"4000094106","LAF","Шабер LAF маникюрный металл 0.8*12.7*0.5см",99,0
"4000094112","LAF","Пилка маникюрная LAF наждачная 180/220",79,0
"4000094113","LAF","Ножницы LAF маникюрные прямые безопасное лезвие 4.2*9*0.24см",169,0
"4000094114","LAF","Пемза для ног LAF 5*9.5*2.3см",108,179
"4000094119","LAF","Пинцет для бровей LAF металлический 1.7*11.7*0.9см",42,99
"4000094121","LAF","Книпсер маникюрный LAF с пилкой 2*8.1*1.6см",169,0
"4000094122","LAF","Набор маникюрный LAF мини ножницы+пилка алмазная 4.2*9.7*0.8см",229,0
"4000094123","LAF","Ножницы LAF маникюрные для кутикулы 4.5*8.9*0.24см",199,0
"4000094126","LAF","Ножницы LAF маникюрные прямое лезвие",229,0
"4000094128","LAF","Пемза для ног LAF овальная 1.5*5*10см",69,0
"4000094133","LAF","Пилка LAF маникюрная полировочная 2.2*18*1.65см",129,0
"4000094134","LAF","Кусачки маникюрные LAF малое лезвие 5*0.9*10см",399,0
"4000094140","LAF","Палочки LAF маникюрные апельсиновые набор 0.58*11.5*0.58см",79,0
"4000103194","LAF","Набор резинок для волос LAF силиконовых 11*14.5*2.5см в ассортименте",59,89
"4000103203","LAF","Резинки для волос LAF База 6шт",69,0
"4000104301","LAF","Краб для волос LAF База 9*9*4.5см",179,0
"4000104313","LAF","Ободок LAF Color в ассортименте",99,149
"4000104316","LAF","Автоматическая заколка Бант LAF в ассортименте",249,0
"4000104356","LAF","Краб для волос LAF прозрачный с переливом в ассортименте",149,0
"4000104313","LAF","Ободок LAF Color в ассортименте",99,149
"4000104316","LAF","Автоматическая заколка Бант LAF в ассортименте",249,0
"4000104356","LAF","Краб для волос LAF прозрачный с переливом в ассортименте",149,0
"4000108665","LAF","Кюретка педикюрная LAF",129,0
"8000000116","LAF","Салфетки для очищения кистей для макияжа LAF Wipes",79,0
"8000001485","LAF","Дорожный набор мягких флаконов LAF 3шт",149,0
"8000001487","LAF","Дорожный набор LAF флаконов 6шт",399,0
"8000002430","LAF","Зажим для подкручивания ресниц LAF металл",139,0
"8000002432","LAF","Точилка для косметических карандашей LAF",149,0
"8000002441","LAF","Коврик для очистки кистей и спонжей LAF Силиконовый",49,159
"8000002448","LAF","Маска для глаз LAF Гидрогелевая охлаждающая",269,0
"8000002450","LAF","Пинцет LAF косметический черный",189,0
"8000002457","LAF","Карманное зеркало LAF квадратное",199,0
"8000002587","LAF","Щетка для умывания и лопатка LAF для нанесения масок",119,0
"8000003233","LAF","Зеркало LAF настольное пластиковое",299,0
"8000010342","LAF","Резинки для волос LAF тонкие черные 20шт",56,99
"8000010344","LAF","Краб для волос LAF средний коричневый",69,0
"8000010346","LAF","Набор крабов для волос LAF малые Коллекция бежевые 2шт",109,169
"8000010347","LAF","Резинки для волос LAF тонкие База 20шт",49,0
"8000010348","LAF","Набор крабов для волос LAF малый Коллекция синий 2шт",149,0
"8000010349","LAF","Резинки для волос LAF черные плоские 10шт",69,0
"8000010352","LAF","Резинки для волос LAF тонкие черные 20шт",74,0
"8000010354","LAF","Краб для волос LAF матовый Неон в ассортименте",109,0
"8000010357","LAF","Краб для волос LAF средний коричневый глянец",49,79
"8000010358","LAF","Набор мини-крабов для волос LAF черные глянец 6шт",149,0
"8000010362","LAF","Набор мини-крабов для волос LAF База 10шт",149,0
"8000010364","LAF","Резинки для волос LAF фигурные черные 10шт",69,0
"8000010366","LAF","Краб для волос LAF большой коричневый",84,0
"8000010388","LAF","Краб для волос LAF черный матовый База",99,149
"8000010390","LAF","Ободок LAF с зубчиками черный soft-touch",89,0
"8000010392","LAF","Набор резинок для волос LAF детские фигурные 60шт",179,0
"8000010396","LAF","Набор мягких мини резинок для волос LAF 20шт",84,189
"8000010392","LAF","Набор резинок для волос LAF детские фигурные 60шт",179,0
"8000010396","LAF","Набор мягких мини резинок для волос LAF 20шт",84,189
"8000010397","LAF","Краб для волос LAF металлический средний Серебро",169,0
"8000010400","LAF","Набор мини-крабов для волос LAF База матовые 6шт",129,0
"8000010401","LAF","Резинки для волос LAF силиконовые 300шт",129,0
"8000010402","LAF","Заколки для волос LAF клик-клак софт тач 3шт",99,0
"8000010403","LAF","Набор резинок для волос LAF База 30шт",49,99
"8000010404","LAF","Набор крабов для волос LAF малые Серебро 2шт",109,0
"8000010405","LAF","Набор клик-клаков для волос LAF мини черные 6шт",69,0
"8000010406","LAF","Набор шпилек LAF жемчуг 10шт",129,199
"8000010407","LAF","Набор крабов для волос LAF малые Золото 2шт",199,0
"8000010409","LAF","Набор заколок для волос LAF клик-клак черные 4шт",79,0
"8000010411","LAF","Краб для волос LAF черный матовый прямоугольный База",149,0
"8000010416","LAF","Краб для волос LAF черный матовый большой База",119,0
"8000010419","LAF","Зажимы для волос LAF цветные 4шт",139,0
"8000010420","LAF","Резинки для волос LAF мягкие базовые в банке 20шт",129,0
"8000010421","LAF","Резинки для волос LAF мягкие черные в банке 20шт",129,0
"8000010608","LAF","Расческа LAF компактная с декором",129,0
"8000010858","LAF","Резинки для волос LAF атласные тонкие черные 3шт",129,0
"8000010859","LAF","Шпильки для волос LAF черные в контейнере 30шт",149,0
"8000010861","LAF","Невидимки для волос LAF черные в контейнере 30шт",159,0
"8000010992","LAF","Зонт LAF автоматический 8 спиц ручка крюк",849,0
"8000010996","LAF","Зонт трость LAF полуавтомат 16 спиц",499,749
"8000011648","LAF","Расческа для волос LAF скелетная узкая градиент",279,0
"8000011650","LAF","Расческа для волос LAF массажная узкая хром",249,369
"8000011652","LAF","Расческа-термобрашинг для волос LAF черный d-5см",449,0
"8000011654","LAF","Расческа LAF скелетная овальная Softach",279,0
"8000011656","LAF","Расческа массажная LAF фигурная softach",269,0
"8000011657","LAF","Гребень для волос LAF с металлическим наконечником черный",129,0
"8000011658","LAF","Расческа для волос LAF термобрашинг перламутровая d-3.5см",169,0
"8000011662","LAF","Бигуди-липучки LAF черные 5см 4шт",159,0
"8000011668","LAF","Расческа для волос LAF массажная узкая Softach",249,0
"8000011658","LAF","Расческа для волос LAF термобрашинг перламутровая d-3.5см",169,0
"8000011662","LAF","Бигуди-липучки LAF черные 5см 4шт",159,0
"8000011668","LAF","Расческа для волос LAF массажная узкая Softach",249,0
"8000011669","LAF","Расческа для волос LAF массажная овальная Softach",249,0
"8000011670","LAF","Расческа для волос LAF скелетная хром",199,349
"8000011672","LAF","Расческа LAF продувная Бережное расчесывание",219,0
"8000011674","LAF","Расческа для волос LAF скелетная квадратная градиент",319,0
"8000011676","LAF","Расческа для волос LAF массажная компактная градиент",269,0
"8000011677","LAF","Расческа для волос LAF бомбаж Softach",229,0
"8000011678","LAF","Расческа для волос массажная фигурная хром",299,0
"8000011679","LAF","Расческа LAF массажная овальная перламутр",199,0
"8000011681","LAF","Бигуди-липучки LAF черные 3см 6шт",139,0
"8000011682","LAF","Бигуди-липучки LAF черные 4см 6шт",139,0
"8000011683","LAF","Гребень для укладки локонов LAF",74,0
"8000011724","LAF","Краб для волос LAF петля металлический Серебро",169,229
"8000011726","LAF","Резинки для волос LAF с ворсом 3шт",139,0
"8000011728","LAF","Набор детских резинок для волос LAF 10шт в ассортименте",49,89
"8000011729","LAF","Зажимы для волос LAF черные Softach 4шт",179,0
"8000011732","LAF","Набор резинок для волос LAF с декором черные 3шт",89,0
"8000011733","LAF","Резинки для волос LAF атласные толстые 2шт в ассортименте",149,0
"8000012168","LAF","Полоски для носа LAF 6шт",219,0
"8000013142","LAF","Повязка для умывания LAF в ассортименте",199,0
"8000013352","LAF","Органайзер для хранения спонжей и ватных палочек LAF",149,0
"8000013353","LAF","Органайзер для хранения украшений и аксессуаров для волос LAF",129,229
"8000013354","LAF","Органайзер для хранения кистей LAF",219,0
"8000017175","LAF","Терка для педикюра LAF двусторонняя 100/180",139,0
"8000021925","LAF","Щетки для маникюра LAF набор 3шт",79,0
"8000022757","LAF","Щетка для очищения лица LAF",199,0
"8000023031","LAF","Футляр для хранения спонжа силиконовый LAF в ассортименте",76,99
"8000024717","LAF","Металлический органайзер для хранения косметики LAF",299,0
"8000024718","LAF","Металлический органайзер для хранения кистей LAF",199,0
"8000025154","LAF","Педикюрная терка розовая LAF",249,0
"8000025884","LAF","Мини-расческа для волос Pastel LAF в ассортименте",139,0
"8000026108","LAF","Ободок корона LAF ДС5",129,249
"8000025884","LAF","Мини-расческа для волос Pastel LAF в ассортименте",139,0
"8000026108","LAF","Ободок корона LAF ДС5",129,249
"8000029478","LAF","Косметический пинцет LAF в ассортименте",102,179
"8000030001","LAF","Двухсторонняя терка для педикюра металлическая LAF",199,0
"8000038157","LAF","Массажер для мытья головы LAF в ассортименте",109,0
"8000040396","LAF","Черная косметичка квадратная LAF",399,0
"8000048218","LAF","Набор резинок шелковых Клевер LAF 2шт в ассортименте",99,0
"8000048676","LAF","Браслет розовый кубик LAF",74,0
"8000048677","LAF","Детский набор ожерелье и браслет перламутровые шары LAF",99,0
"8000048679","LAF","Заколки клик-клак с декором LAF 4шт",99,0
"8000048687","LAF","Детский набор ожерелье с браслетом матовые LAF",89,0
"8000048690","LAF","Детский набор ожерелье с браслетом розовые шары LAF",89,0
"8000048691","LAF","Набор браслетов с подвесками бабочка LAF 2шт",79,0
"8000048694","LAF","Детский набор ожерелье с браслетом матовые сердца LAF",79,0
"8000048696","LAF","Набор резинок с цветочками LAF 2шт в ассортименте",29,0
"8000048699","LAF","Детский набор ожерелье с браслетом кубик LAF",79,0
"8000048700","LAF","Набор ожерелье с браслетом цветные бусины LAF",84,0
"8000048701","LAF","Цветок на шнурке LAF в ассортименте",49,59
"8000048704","LAF","Заколки для волос бантики LAF 2шт в ассортименте",79,0
"8000057256","LAF","Набор зажимов для волос клюв черный LAF 4шт",169,0
"8000057450","LAF","Зеркало карманное круглое в ассортименте",149,0
"8000057559","LAF","Набор силиконовых резинок для волос LAF в ассортименте",119,0
"8000057953","LAF","Браслет Сердце LAF в ассортименте",49,149
"8000058182","LAF","Краб для волос фигурный LAF в ассортименте",99,0
"8000061111","LAF","Дорожный набор силиконовый 3 предмета LAF",249,299
"8000061114","LAF","Банка с силиконовыми резинками цветные LAF 400шт",249,299
"8000061111","LAF","Дорожный набор силиконовый 3 предмета LAF",249,299
"8000061114","LAF","Банка с силиконовыми резинками цветные LAF 400шт",249,299
"8000061243","LAF","Набор жемчужное ожерелье с браслетом Ракушка LAF",149,199
"8000061465","LAF","Набор мини-крабов Звезда золото LAF 2шт",149,199
"8000061467","LAF","Автоматическая заколка для волос LAF",99,149
"8000061468","LAF","Набор мини-крабов Ракушка золото LAF 2шт",149,199
"8000061470","LAF","Перламутровый краб для волос молочный LAF",99,149
"8000063248","LAF","Плюшевый брелок Овощ LAF в ассортименте",123,399
"8000063252","LAF","Брелок Капибара LAF свет/звук в ассортименте",165,399
"8000063261","LAF","Брелок-игрушка Еда плюш в ассортименте",99,299
"8000063268","LAF","Брелок Зайчик LAF в ассортименте",99,119
"8000063271","LAF","Брелок Меховая лапка LAF в ассортименте",149,179
"8000063273","LAF","Брелок Хлеб со шнурком LAF в ассортименте",107,149
"8000063275","LAF","Брелок-игрушка Белая собачка LAF",149,399
"8000063279","LAF","Брелок Плюшевая булочка LAF в ассортименте",99,299
"8000063282","LAF","Брелок-кошелек Фрукты-овощи LAF силикон в ассортименте",99,129
"8000063702","LAF","Большой краб для волос мраморный LAF в ассортименте",149,299
"8000063999","LAF","Щетка для очищения лица лапка LAF",79,0
"8000091018","LAF","Набор ободок и 2 резинки розовые LAF",599,0
"8000091019","LAF","Набор маска для сна и 3 резинки черные LAF",799,0
"8000027106","La Fresh","Пилинг-носочки для ног La Fresh",99,0
"1000383848","La Fresh","Палочки ватные La Fresh Бамбук 100шт",59,0
"4000088652","La Fresh","Шапочка для душа La Fresh",99,0
"1000392702","La Fresh","Жидкое мыло La Fresh Зеленый чай 500мл",71,99
"4000059961","La Fresh","Губка для тела La Fresh фигурная массажная 8.8*4*16.5см 12г в ассортименте",69,0
"1000392406","La Fresh","Прокладки La Fresh Comfort Maxi Soft женские гигиенические 10шт",66,0
"1000515639","La Fresh","Влажные полотенца La Fresh XL универсальные 60шт",111,0
"4000059960","La Fresh","Мочалка для тела La Fresh Шар из нейлона в ассортименте",99,0
"8000063192","La Fresh","Ватные палочки La Fresh 400шт",99,0
"4000059962","La Fresh","Губка для тела La Fresh Антицеллюлитная в ассортименте",89,0
"1000552897","La Fresh","Гель для интимной гигиены La Fresh 500мл в ассортименте",169,0
"1000172013","La Fresh","Влажные салфетки La Fresh с ароматом Ромашка 15шт",21,32
"4000086269","La Fresh","Мочалка-шар La Fresh MU-W230413 в ассортименте",109,0
"8000030002","La Fresh","Мочалка-спонж с люфой La Fresh",127,239
"8000021995","La Fresh","Салфетки для лица La Fresh бумажные 2 слоя 100шт в ассортименте",79,0
"1000448631","La Fresh","Салфетки влажные La Fresh универсальные 8шт в ассортименте",25,0
"1000172016","La Fresh","Салфетки влажные La Fresh антибактериальные 15шт",21,32
"1000189690","La Fresh","Ватные палочки La Fresh 200шт ",69,0
"8000021926","La Fresh","Мочалка-шар для тела с поролоном La Fresh",119,0
"4000104961","La Fresh","Щетка La Fresh круглая для сухого массажа 130г 15*15*4см",149,249
"1000290293","La Fresh","Влажные салфетки La Fresh универсальные с клапаном 120шт",179,0
"8000042407","La Fresh","Термошапочка для душа и масок La Fresh",199,0
"8000017876","La Fresh","Мочалка-шар для тела La Fresh в ассортименте",149,0
"1000416716","La Fresh","Жидкость для снятия лака La Fresh без ацетона с помпой",199,0
"1000484216","La Fresh","Ежедневные прокладки La Fresh 20шт",44,0
"1000054398","La Fresh","Зубочистки La Fresh бамбуковые 600шт",84,0
"1000416716","La Fresh","Жидкость для снятия лака La Fresh без ацетона с помпой",199,0
"1000484216","La Fresh","Ежедневные прокладки La Fresh 20шт",44,0
"1000054398","La Fresh","Зубочистки La Fresh бамбуковые 600шт",84,0
"8000010872","La Fresh","Мягкая губка для тела La Fresh",129,169
"1000422074","La Fresh","Мыло La Fresh жидкое фисташка 1л",159,0
"4000088696","La Fresh","Щетка для тела La Fresh Двусторонняя деревянная 130г 7*35*7см",349,0
"1000550250","La Fresh","Ватные диски La Fresh овальные 40шт",74,0
"1000563156","La Fresh","Гель для душа La Fresh мужской 3в1 750мл",199,0
"1000172006","La Fresh","Влажные салфетки La Fresh Для интимной гигиены 15шт",49,0
"1000498354","La Fresh","Бомбочка для ванн La Fresh пончик звезда облако 120г в ассортименте",89,0
"1000559391","La Fresh","Пена для бритья La Fresh для чувствительной кожи 200мл",149,0
"1000290292","La Fresh","Влажные салфетки La Fresh антибактериальные с клапаном 120шт",179,0
"8000010117","La Fresh","Ополаскиватель для полости рта La Fresh Свежая мята 800мл",219,0
"1000416569","La Fresh","Пена для ванны La Fresh Малиновый пай с мятой и Смородиновый сорбет 600мл в ассортименте",193,0
"1000444098","La Fresh","Скраб для тела La Fresh Карамель/Шоколад 250мл в ассортименте",239,0
"1000392405","La Fresh","Прокладки La Fresh Ultra Night Soft женские гигиенические 8шт",79,0
"1000392409","La Fresh","Тампоны гигиенические La Fresh Super 16шт",179,0
"1000392407","La Fresh","Тампоны La Fresh Normal 16шт",173,0
"1000451138","La Fresh","Крем для рук La Fresh Увлажняющий 70мл",59,0
"1000451808","La Fresh","Зубная паста La Fresh Защита от кариеса 100г",49,0
"1000438658","La Fresh","Трусы La Fresh урологические впитывающие M 8шт",599,0
"1000514296","La Fresh","Влажные салфетки La Fresh молодежные мини 8шт в ассортименте",32,0
"1000553172","La Fresh","Гель для душа La Fresh Цитрус и ваниль/Яблоко пион 250мл в ассортименте",119,0
"1101050007","La Fresh","Лак для волос La Fresh сверхсильная фиксация 200мл",149,0
"8000010874","La Fresh","Мочалка-шар La Fresh в ассортименте",149,0
"1000189691","La Fresh","Ватные палочки La Fresh 200шт",75,89
"1000554185","La Fresh","Мыло жидкое La Fresh Медовая дыня 1л",149,0
"1000507592","La Fresh","Парфюмерная вода Eclat с феромонами La Fresh женская 17мл",239,0
"1000507595","La Fresh","Парфюмерная вода Imperatrice с феромонами La Fresh женская 17мл",239,0
"1000438659","La Fresh","Трусы La Fresh урологические впитывающие L 8шт",639,0
"1000507599","La Fresh","Парфюмерная вода Fleur Narcotic с феромонами La Fresh женская 17мл",239,0
"1000553171","La Fresh","Гель для душа La Fresh Свежесть океан/Кедр и перец мужской 250мл в ассортименте",119,0
"8000011548","La Fresh","Дезодорант La Fresh мужской спрей Sp/Ex 150мл в ассортименте",199,0
"1000551673","La Fresh","Гель для душа La Fresh Манго-дыня 500мл в ассортименте",159,199
"1000553171","La Fresh","Гель для душа La Fresh Свежесть океан/Кедр и перец мужской 250мл в ассортименте",119,0
"8000011548","La Fresh","Дезодорант La Fresh мужской спрей Sp/Ex 150мл в ассортименте",199,0
"1000551673","La Fresh","Гель для душа La Fresh Манго-дыня 500мл в ассортименте",159,199
"8000039777","La Fresh","Гель для душа женский Сакура La Fresh 750мл",199,0
"1000416567","La Fresh","Гель для душа La Fresh Грушевый тарт Малиновый пай с мятой 250мл в ассортименте",135,159
"1000088636","La Fresh","Зубная щетка La Fresh средней жесткости",29,0
"4000088658","La Fresh","Мочалка-рукавица La Fresh натуральная 32г 18*22*1см",199,0
"1000068360","La Fresh","Прокладки La Fresh Comfort Soft 10шт",59,0
"1000498355","La Fresh","Бомбочка для ванн La Fresh шар 120г",89,109
"1000054397","La Fresh","Зубочистки La Fresh бамбуковые 280шт",54,0
"1000356764","La Fresh","Прокладки гигиенические La Fresh Ultra Normal Soft 10шт",74,0
"8000011547","La Fresh","Женский дезодорант DA/MS спрей La Fresh 150мл в ассортименте",199,0
"1000352322","La Fresh","Гель для душа La Fresh Гавайский ананас/Сочная маракуйя 500мл в ассортименте",159,199
"1000396579","La Fresh","Прокладки La Fresh Multiform ежедневные 60шт",139,0
"1000484217","La Fresh","Прокладки La Fresh ежедневные гигиенические женские 60шт",129,0
"1000448840","La Fresh","Ополаскиватель для полости рта La Fresh Целебные травы 500мл",119,0
"1000557033","La Fresh","Жидкое мыло La Fresh зеленый чай/абрикос 500мл в ассортименте",129,0
"4000088724","La Fresh","Губка-мочалка La Fresh овальная",179,0
"4000094127","La Fresh","Набор мешочков La Fresh непромокаемых ПЭ 3шт",49,79
"1000507596","La Fresh","Парфюмерная вода My Sunset с феромонами La Fresh женская 17мл",239,0
"1000507597","La Fresh","Парфюмерная вода Mon Amour с феромонами La Fresh женская 17мл",239,0
"1000191329","La Fresh","Ватные диски La Fresh 120шт",99,0
"1000418532","La Fresh","Мыло жидкое La Fresh Грушевый тарт/Малиновый пай с мятой 250мл в ассортименте",139,0
"1000507594","La Fresh","Парфюмерная вода Moon Light с феромонами La Fresh женская 17мл",239,0
"1101050010","La Fresh","Мусс для волос La Fresh сверхсильная фиксация 160мл",129,0
"1000457027","La Fresh","Крем для рук La Fresh Зеленый чай 30мл",54,0
"1000172010","La Fresh","Салфетки влажные La Fresh для всей семьи с ароматом ромашки 72шт",95,0
"1000416568","La Fresh","Гель для душа La Fresh Яблочный штрудель Смородиновый сорбет 250мл в ассортименте",135,159
"1000039742","La Fresh","Мыло La Fresh антибактериальное Ультразащита/Нежность 90г в ассортименте",39,0
"1000507593","La Fresh","Парфюмерная вода Love Costa с феромонами La Fresh женская 17мл",239,0
"1000333804","La Fresh","Крем для рук Lа Fresh Увлажняющий 30мл",54,0
"1000546311","La Fresh","Антиперспирант La Fresh Мечта/Любовь женский роликовый 60мл в ассортименте",104,149
"1000172005","La Fresh","Влажные салфетки La Fresh с ароматом зеленого чая 15шт",21,32
"4000104027","La Fresh","Губка для тела La Fresh гидрофильная в ассортименте",209,0
"1000392408","La Fresh","Тампоны La Fresh Super 16шт",179,0
"1000290291","La Fresh","Влажные салфетки La Fresh Антисептические 15шт",64,0
"4000104027","La Fresh","Губка для тела La Fresh гидрофильная в ассортименте",209,0
"1000392408","La Fresh","Тампоны La Fresh Super 16шт",179,0
"1000290291","La Fresh","Влажные салфетки La Fresh Антисептические 15шт",64,0
"1000418531","La Fresh","Жидкое мыло La Fresh яблочный штрудель-смородиновый сорбет 250мл в ассортименте",139,0
"1000426955","La Fresh","Маска для лица LAF тканевая питательная",89,0
"1000426954","La Fresh","Маска для лица LAF тканевая укрепляющая с коллагеном",89,0
"1000417635","La Fresh","Прокладки-вкладыши на грудь Lamalove/La Fresh лактационные с суперабсорбентом 30шт",179,0
"8000050316","La Fresh","Мочалка-бант молочная La Fresh",199,0
"1000292600","La Fresh","Влажные салфетки La Fresh антибактериальные 80шт",169,0
"8000017568","Lamalove","Горшок Lamalove детский",236,0
"8000015584","Lamalove","Клеенка Lamalove 120*150см",138,0
"8000009421","Lamalove","Поильник-непроливайка Lamalove 6+ 270мл в ассортименте",169,199
"8000058556","Lamalove","Набор игрушек для купания Утята Kiddy Lamalove",189,0
"8000009420","Lamalove","Бутылочка Lamalove с соской 250мл 0+ моно",169,0
"8000015165","Lamalove","Влажные салфетки Lamalove детские 8шт",24,0
"8000011745","Lamalove","Соска-пустышка Lamalove латексная 6+ 18659",119,149
"1000552251","Lamalove","Влажные салфетки Lamalove детские с клапаном 50шт",79,0
"8000097121","Lamalove","Силиконовый Нагрудник Kiddy Lamalove",279,0
"1000514761","Lamalove","Подгузники детские Lamalove Midi 4-9кг 44шт",779,1199
"8000049942","Lamalove","Подгузники-трусики детские Junior 11-25кг Lamalove 64шт",1299,1899
"8000049941","Lamalove","Подгузники-трусики детские Midi 4-9 кг Lamalove 40шт",779,1149
"8000009424","Lamalove","Бутылочка Lamalove с ручками 0+ 250мл в ассортименте",169,199
"1000557479","Lamalove","Пеленки Lamalove одноразовые впитывающие детские 40*60см 10шт",129,0
"8000009416","Lamalove","Бутылочка Lamalove с широким горлышком 0+ 270мл в ассортименте",189,229
"1000514760","Lamalove","Подгузники детские Lamalove Mini 3-6кг 25шт",379,499
"8000071560","Lamalove","Влажные детские полотенца с клапаном Lamalove 60шт",169,0
"8000009423","Lamalove","Бутылочка Компания К Lamalove с соской 125мл 0+ моно",159,0
"8000009417","Lamalove","Бутылка Lamalove с трубочкой 270мл 6+ в ассортименте",189,229
"1000514762","Lamalove","Подгузники детские Lamalove MAXI 7-18кг 40шт",779,1249
"8000009324","Lamalove","Соска-пустышка Lamalove 18675 силиконовая 6+ в ассортименте",99,129
"8000012358","Lamalove","Детское средство для купания и шампунь Lamalove 2в1 250мл",219,0
"8000012356","Lamalove","Крем детский Lamalove увлажняющий 75мл",159,0
"8000005873","Lamalove","Ложки детские Lamalove в наборе 3+ 18671 3шт",119,149
"8000012496","Lamalove","Детская кружка Lamalove 200мл",69,0
"8000058555","Lamalove","Заводная игрушка прыгающая Kiddy Lamalove в ассортименте",199,0
"1000417635","Lamalove","Прокладки-вкладыши на грудь Lamalove/La Fresh лактационные с суперабсорбентом 30шт",179,0
"1000514763","Lamalove","Подгузники-трусики дет Lamalove Maxi 7-18кг 36шт",779,1249
"1000514765","Lamalove","Подгузники-трусики детские Lamalove р.XL 15-30кг 26шт",779,1249
"1000514764","Lamalove","Подгузники-трусики Lamalove Junior 11-25кг 32шт",779,1249
"1000514763","Lamalove","Подгузники-трусики дет Lamalove Maxi 7-18кг 36шт",779,1249
"1000514765","Lamalove","Подгузники-трусики детские Lamalove р.XL 15-30кг 26шт",779,1249
"1000514764","Lamalove","Подгузники-трусики Lamalove Junior 11-25кг 32шт",779,1249
"8000005862","Lamalove","Соска-пустышка Lamalove 18660 силиконовая 0+",159,0
"8000005869","Lamalove","Массажер десен Lamalove 0+ 18667",119,0
"8000009426","Lamalove","Бутылочка Lamalove с соской 250мл 0+ в ассортименте",179,0
"8000009419","Lamalove","Соска Lamalove силиконовая 3+ средний поток M",169,0
"8000009415","Lamalove","Бутылочка Lamalove с соской 0+ 125мл в ассортименте",169,0
"8000058553","Lamalove","Набор погремушек Kiddy Lamalove 4 шт в ассортименте",329,0
"8000015585","Lamalove","Набор Расчёска + щётка Lamalove в ассортименте",129,199
"8000005863","Lamalove","Силиконовая соска-пустышка 0+ Lamalove в ассортименте",189,0
"1000547705","Lamalove","Подгузники детские Lamalove Mini 3-6кг 2шт",44,0
"8000011742","Lamalove","Соска-пустышка Lamalove 18676 латексная 0+",149,0
"8000005868","Lamalove","Массажер десен Lamalove 4+ 18666",229,0
"8000010845","Lamalove","Тарелка детская Lamalove на присоске в ассортименте",259,0
"8000011744","Lamalove","Соска-пустышка Lamalove 18674 силиконовая 6+",179,0
"8000005865","Lamalove","Прищепка-держатель для сосок Lamalove 18663 0+",179,0
"8000005872","Lamalove","Ложки детские Lamalove 18670 2шт в наборе 4+ в ассортименте",199,0
"8000011743","Lamalove","Соска-пустышка Lamalove силиконовая 0+ в ассортименте",179,0
"8000058563","Lamalove","Игрушки для малышей Kiddy Lamalove в ассортименте",229,0
"8000058562","Lamalove","Заводная игрушка Животные Kiddy Lamalove 8см в ассортименте",159,0
"1000299347","Librederm","Маска для лица Librederm Collagen альгинатная коллаген 30г",139,0
"1000210518","Librederm","Лак для ногтей Librederm Ультрареаниматор ",273,399
"1000287760","Librederm","Гель для умывания Librederm Aevit тонизирующий 200мл",288,349
"1000210528","Librederm","Лак для ногтей Librederm 3 в 1 Ультра Стволовые клетки винограда ",273,399
"1000210500","Librederm","Мягкий гель для умывания Librederm Aevit 150мл",377,499
"1000299349","Librederm","Маска для лица Librederm Гиалуроновая альгинатная 30г",123,0
"1000330294","Librederm","Гель для умывания Librederm серацин очищающий 200мл",697,0
"1000210836","Librederm","Гель для умывания Librederm Серацин Очищающий 150мл",574,699
"1000210845","Librederm","Бальзам от глубоких морщин вокруг глаз Librederm Anti-Age 20мл",786,1099
"1000205526","Librederm","Лосьон для снятия макияжа с васильком Librederm 200мл",366,549
"1000205525","Librederm","Восстанавливающий крем для кожи вокруг глаз с васильком Librederm 20мл",409,549
"1000210504","Librederm","Увлажняющая маска-антиоксидант для лица Витамин E Librederm 75мл",339,0
"1000210881","Librederm","Крем Librederm Collagen ночной для уменьшения морщин и восстановления упругости 50мл",1359,1799
"1000210503","Librederm","Жирный крем для лица Витамин F Librederm 50мл",217,249
"1000210512","Librederm","Гиалуроновый крем для кожи вокруг глаз Librederm 20мл",772,999
"1000161540","Librederm","Полужирный крем Витамин F Librederm 50мл",246,0
"1000116097","Librederm","Крем-антиоксидант для кожи вокруг глаз Витамин E Librederm 20мл",384,0
"1000211090","Librederm","Маска для лица Librederm Aevit питательная 75мл",376,449
"1000299354","Librederm","Гель-скраб Librederm Aevit Для умывания 150мл",363,499
"1000210519","Librederm","Лак для ногтей Librederm Ультраукрепитель ",312,399
"1000161544","Librederm","Гиалуроновая пенка для умывания Librederm 160мл",586,849
"1000299344","Librederm","Тоник для лица Librederm Anti-Age отшелушивающий 200мл",759,999
"1000210520","Librederm","Лак для ногтей Librederm Aevit усилитель роста ",285,399
"1000161545","Librederm","Гиалуроновая сыворотка-активатор для лица увлажняющая Librederm 30мл",913,1199
"1000299352","Librederm","Крем для рук Librederm Aevit Ультрапитательный 80мл",140,169
"1000205539","Librederm","Шампунь для волос Цинк Librederm 250мл",520,699
"1000299356","Librederm","Крем Librederm Aevit Soft увлажняющий универсальный 200мл",399,449
"1000210842","Librederm","Лифтинг-сыворотка для лица Стволовые клетки винограда Librederm Anti-Age 30мл",860,1199
"1000211076","Librederm","Крем для лица и шеи Librederm Гиалуроновый гидробаланс ночной 50мл",879,1149
"1000210499","Librederm","Крем для кожи вокруг глаз с черникой против темных кругов и отечности Librederm Aevit 20мл",383,499
"1000287768","Librederm","Крем для лица Librederm Aevit Дневной матирующий 50мл",339,419
"1000210514","Librederm","Омолаживающий крем для кожи вокруг глаз Librederm Collagen 20мл",919,1149
"1000205530","Librederm","Увлажняющий крем для лица с ромашкой Librederm 75мл",439,599
"1000299353","Librederm","Крем для рук Librederm Aevit увлажняющий 80мл",179,0
"1000116077","Librederm","Шампунь для волос Деготь Librederm 250мл",496,799
"1000205530","Librederm","Увлажняющий крем для лица с ромашкой Librederm 75мл",439,599
"1000299353","Librederm","Крем для рук Librederm Aevit увлажняющий 80мл",179,0
"1000116077","Librederm","Шампунь для волос Деготь Librederm 250мл",496,799
"1000161538","Librederm","Гиалуроновый крем для лица шеи и области декольте Librederm 50мл",879,1149
"1000287764","Librederm","Крем для лица Librederm Aevit Дневной увлажняющий 50мл",339,419
"8000052957","Librederm","Дневной крем для лица корректирующий Aevit Acnekiller 50мл",577,749
"1000161539","Librederm","Крем для лица Librederm Aevit 50мл",382,549
"1000210530","Librederm","Гиалуроновый тоник для лица увлажняющий Librederm 200мл",681,999
"1000210830","Librederm","Лосьон для лица Librederm Серацин для глубокого очищения пор 100мл",755,0
"1000210516","Librederm","Лак для ногтей Librederm BB ",320,399
"1000210351","Librederm","Гигиеническая помада Librederm Aevit ",230,269
"1000205535","Librederm","Пилинг-скатка для лица с ромашкой Librederm 75мл",397,599
"1000287765","Librederm","Крем Librederm Aevit Ночной нормализирующий 50мл",339,419
"1000220295","Librederm","Масло для губ Librederm Aevit с роллером ",299,0
"1000210511","Librederm","Гиалуроновый BB-крем All-in-one Librederm 50мл",719,999
"1000210347","Librederm","Гель для губ Librederm Aevit увлажняющий 20мл",254,0
"1000219155","Librederm","Лифтинг-сыворотка для лица Librederm Collagen Мгновенный эффект 40мл",978,1349
"1000299355","Librederm","Крем Librederm Aevit Универсальный питательный 150мл",499,0
"1000210880","Librederm","Крем для лица Librederm Collagen дневной для восстановления сияния и ровного цвета кожи SPF 15 50мл",1359,1799
"1000549366","Love Generation","Гель для бровей сильной фиксации Love Generation Brow Glue",128,169
"1000549992","Love Generation","Перекрывающий консилер для лица тон 01 Love Generation I'm Amazing",424,0
"1000549330","Love Generation","Пудра для лица тон 01 Love Generation Tantrix",289,549
"8000104421","Love Generation","Автоматический карандаш для бровей Browlicious тон 04 Love Generation",175,0
"1000549967","Love Generation","Глиттер для лица тон 04 Love Generation We Love Glitter",300,0
"8000104415","Love Generation","Автоматический карандаш для бровей тон 03 Brownie Browlicious Love Generation",175,0
"1000549947","Love Generation","Перекрывающий консилер для лица тон 02 Love Generation I'm Amazing",424,0
"1000549360","Love Generation","Тональный крем для лица тон 01 Love Generation Love Is The Foundation",287,399
"1000549952","Love Generation","Лайнер для бровей тон 04 Love Generation Brow Simulator",349,499
"1000549322","Love Generation","Жидкие тени для век тон 01 Love Generation Nirvana",149,319
"1000549972","Love Generation","Гелевый карандаш для глаз тон 01 Love Generation Color Bunny",368,449
"1000549318","Love Generation","Жидкие тени для век тон 04 Love Generation Nirvana",222,319
"1000549315","Love Generation","Палетка теней для век U Give Me Money тон 01 Love Generation",761,0
"1000549364","Love Generation","Тушь для ресниц Length Mascara тон 01 Love Generation",235,299
"1000549946","Love Generation","Лайнер для бровей тон 02 Love Generation Brow Simulator",349,499
"8000028326","Love Generation","Блеск-плампер для губ тон 04 Love Generation Icy-spicy",331,449
"1000549954","Love Generation","Блеск для губ тон 05 Love Generation Smile",199,449
"1000549980","Love Generation","Карандаш для глаз тон 01 Love Generation Eye Pencil",96,149
"1000549307","Love Generation","Жидкие тени для век матовые тон 04 Love Generation Nirvana",149,319
"8000104423","Love Generation","Кремовые румяна для лица тон 03 Hypnotized Blush Me Up Love Generation",329,449
"1000549327","Love Generation","Помада-бальзам для губ тон 04 Love Generation Wet Dream",390,549
"1000549965","Love Generation","Глиттер для лица тон 02 Love Generation We Love Glitter",300,0
"1000549308","Love Generation","Жидкие тени для век матовые тон 05 Love Generation Nirvana",149,319
"1000549984","Love Generation","Карандаш для губ тон 03 Love Generation Lip Pencil",127,139
"1000549333","Love Generation","Скульптор для лица в стике тон 02 Love Generation Magic",317,499
"8000014444","Love Generation","Тональный крем для лица тон 02 Love Generation N Just Baby Face",637,749
"1000549971","Love Generation","Карандаш для бровей тон 04 Love Generation Frida",199,349
"1000549293","Love Generation","Матирующий тональный крем для лица тон 01 Love Generation Mattya Face",566,0
"1000549986","Love Generation","Карандаш для губ тон 09 Love Generation Lip Pencil",127,139
"1000549305","Love Generation","Жидкие тени для век матовые тон 01 Love Generation Nirvana",149,319
"1000549331","Love Generation","Пудра для лица тон 02 Love Generation Tantrix",289,549
"8000046688","Love Generation","Карандаш для губ тон 10 Love Generation Lip Pencil",127,139
"1000549320","Love Generation","Кремовые румяна для лица тон 02 Love Generation Cheek Slime",435,0
"8000060061","Love Generation","Масло-блеск для губ Glossifyer Love Generation тон 06",387,549
"1000549359","Love Generation","Тинт для губ тон 01 Love Generation I'm Horny",312,399
"1000549990","Love Generation","Гелевый карандаш для губ тон 04 Love Generation Lip Pleasure",350,399
"8000060061","Love Generation","Масло-блеск для губ Glossifyer Love Generation тон 06",387,549
"1000549359","Love Generation","Тинт для губ тон 01 Love Generation I'm Horny",312,399
"1000549990","Love Generation","Гелевый карандаш для губ тон 04 Love Generation Lip Pleasure",350,399
"8000104411","Love Generation","Автоматический карандаш для бровей тон 01 Cookie Dough Browlicious Love Generation",179,0
"1000549979","Love Generation","Карандаш для бровей тон 04 Love Generation Brow Pencil",142,0
"1000549376","Love Generation","Тушь для ресниц Mascara Happiness тон 01 Love Generation",331,399
"1000549375","Love Generation","Тушь для ресниц Love Every Lash Mascara Empathy тон 01 Love Generation",331,399
"1000549983","Love Generation","Карандаш для губ тон 02 Love Generation Lip Pencil",127,139
"1000549361","Love Generation","Тональный крем для лица тон 02 Love Generation Love Is The Foundation",287,399
"8000014445","Love Generation","Тушь для ресниц Volume Mascara тон 01 Love Generation",634,0
"1000549966","Love Generation","Глиттер для лица тон 03 Love Generation We Love Glitter",273,0
"8000104409","Love Generation","Кремовый контуринг для лица Shape MeUp тон 01 Love Generation",451,0
"1000549306","Love Generation","Жидкие тени для век матовые тон 02 Love Generation Nirvana",149,319
"1000549309","Love Generation","Жидкие тени для век матовые тон 06 Love Generation Nirvana",222,319
"1000549321","Love Generation","Румяна тинт для лица тон 01 Love Generation Polyamor",298,399
"8000060056","Love Generation","Масло-блеск для губ Glossifyer Love Generation тон 03",387,549
"8000073007","Love Generation","Кремовый тинт для губ тон 04 Pink Drama Generation I'm Horny Love",540,0
"1000549319","Love Generation","Жидкие тени для век тон 05 Love Generation Nirvana",222,319
"8000046669","Love Generation","Помада-бальзам для губ тон 09 Love Generation Wet Dream",468,549
"1000549950","Love Generation","Лайнер для бровей тон 03 Love Generation Brow Simulator",349,499
"8000014440","Love Generation","Увлажняющий СС-гель для лица тон 01 Love Generation Face Slime",456,649
"8000104420","Love Generation","База для теней Just My Type тон 01 Love Generation",350,0
"1000549963","Love Generation","Блеск для губ тон 01 Love Generation Smile",301,449
"1000549301","Love Generation","Маска для губ тон 01 Love Generation Smoothie",362,0
"8000046648","Love Generation","Гелевый карандаш для глаз тон 11 Love Generation Color Bunny",415,0
"1000549335","Love Generation","Помада-бальзам для губ тон 03 Love Generation Wet Dream",444,549
"8000104416","Love Generation","Автоматический карандаш для бровей Browlicious тон 02 Love Generation",190,0
"1000549303","Love Generation","Масло для губ тон 01 Love Generation Happy",378,0
"8000060058","Love Generation","Масло-блеск для губ Glossifyer Love Generation тон 01",387,549
"1000549290","Love Generation","Масло для губ тон 02 Love Generation Happy",378,0
"1000549981","Love Generation","Карандаш для глаз тон 03 Love Generation Eye Pencil",96,149
"8000046713","Love Generation","Кремовые румяна для лица тон 03 Love Generation Cheek Slime",424,0
"1000549326","Love Generation","Помада-бальзам для губ тон 01 Love Generation Wet Dream",390,549
"1000549302","Love Generation","Маска для губ тон 02 Love Generation Smoothie",362,0
"1000549362","Love Generation","Тональный крем для лица тон 03 Love Generation Love Is The Foundation",287,399
"8000046667","Love Generation","Помада-бальзам для губ тон 07 Love Generation Wet Dream",480,549
"1000549302","Love Generation","Маска для губ тон 02 Love Generation Smoothie",362,0
"1000549362","Love Generation","Тональный крем для лица тон 03 Love Generation Love Is The Foundation",287,399
"8000046667","Love Generation","Помада-бальзам для губ тон 07 Love Generation Wet Dream",480,549
"1000549373","Love Generation","Тональный флюид для лица тон 01 Love Generation Bubble Foundation",634,0
"1000549991","Love Generation","Гелевый карандаш для губ тон 05 Love Generation Lip Pleasure",350,399
"1000549292","Love Generation","Масло для губ тон 04 Love Generation Happy",378,0
"1000549953","Love Generation","Блеск для губ тон 04 Love Generation Smile",199,449
"1000549328","Love Generation","Помада-бальзам для губ тон 05 Love Generation Wet Dream",540,0
"8000060057","Love Generation","Тушь для ресниц удлинение и подкручивание Love Generation тон 01",298,399
"8000060054","Love Generation","Тушь для ресниц объём и разделение Love Generation тон 01",298,399
"1000549957","Love Generation","Глиттер для лица тон 01 Love Generation We Love Glitter",309,0
"8000073008","Love Generation","Кремовый тинт для губ тон 07 Sugar Plum Generation I'm Horny Love",540,0
"1000549973","Love Generation","Гелевый карандаш для глаз тон 02 Love Generation Color Bunny",368,449
"1000549334","Love Generation","Помада-бальзам для губ тон 02 Love Generation Wet Dream",390,549
"8000046679","Love Generation","Гелевый карандаш для губ тон 06 Love Generation Lip Pleasure",350,399
"1000549300","Love Generation","Матирующий тональный крем для лица тон 02 Love Generation Mattya Face",566,0
"8000060059","Love Generation","Масло-блеск для губ Glossifyer Love Generation тон 04",387,549
"8000014441","Love Generation","Консилер для лица тон 03 Love Generation 9 Hours Extra Sleep",460,0
"1000549961","Love Generation","Бальзам для губ тон 03 Love Generation Like A Virgin",381,449
"1000549324","Love Generation","Жидкие тени для век тон 03 Love Generation Nirvana",300,0
"8000028323","Love Generation","Блеск-плампер для губ Icy-spicy Love Generation тон 05 Kat",331,449
"8000014443","Love Generation","Увлажняющий СС-гель для лица тон 02 Love Generation Face Slime",456,649
"8000104412","Love Generation","Кремовые румяна для лица тон 02 Cheek Flick Blush Me Up Love Generation",451,0
"8000073010","Love Generation","Кремовый тинт для губ тон 06 Chilling Caramel Generation I'm Horny Love",540,0
"8000104418","Love Generation","Автоматический карандаш для бровей Brow Romance тон 04 Love Generation",349,0
"1000549958","Love Generation","Бальзам для губ тон 01 Love Generation Like A Virgin",381,449
"1000549975","Love Generation","Гелевый карандаш для глаз тон 04 Love Generation Color Bunny",276,449
"8000104414","Love Generation","Автоматический карандаш для бровей тон 02 Browlicious Brow Romance Love Generation",349,0
"8000046729","Love Generation","Глиттер для лица тон 06 Love Generation We Love Glitter",300,0
"8000028325","Love Generation","Блеск-плампер для губ тон 02 Love Generation Icy-spicy",331,449
"1000549374","Love Generation","Тональный флюид для лица тон 02 Love Generation Bubble Foundation",634,0
"1000549948","Love Generation","Тинт для губ тон 02 Love Generation I'm Horny",540,0
"8000046725","Love Generation","Палетка контуринг для лица тон 02 Love Generation Blush Berry",482,549
"1000549962","Love Generation","Блеск для век и губ тон 01 Love Generation Wet Drops",237,349
"1000549960","Love Generation","Блеск для губ тон 02 Love Generation Smile",301,449
"1000549298","Love Generation","Матирующий тональный крем для лица тон 03 Love Generation Mattya Face",490,599
"1000549962","Love Generation","Блеск для век и губ тон 01 Love Generation Wet Drops",237,349
"1000549960","Love Generation","Блеск для губ тон 02 Love Generation Smile",301,449
"1000549298","Love Generation","Матирующий тональный крем для лица тон 03 Love Generation Mattya Face",490,599
"8000028324","Love Generation","Блеск-плампер для губ тон 01 Love Generation Icy-spicy",329,449
"8000104419","Love Generation","Автоматический карандаш для бровей тон 03 Cocoa Bean Brow Romance Love Generation",256,0
"1000549325","Love Generation","Жидкие тени для век тон 06 Love Generation Nirvana",300,0
"1000549959","Love Generation","Бальзам для губ тон 02 Love Generation Like A Virgin",381,449
"1000549336","Love Generation","Помада для губ в стике тон 01 Love Generation Pure Kaif",299,449
"1000549338","Love Generation","Помада для губ в стике тон 03 Love Generation Pure Kaif",299,449
"8000046724","Love Generation","Палетка контуринг для лица тон 01 Love Generation Blush Berry",482,549
"8000104417","Love Generation","Автоматический карандаш для бровей Brow Romance тон 01 Love Generation",349,0
"8000046663","Love Generation","Помада для губ в стике тон 07 Love Generation Pure Kaif",299,449
"8000060060","Love Generation","Масло-блеск для губ Glossifyer Love Generation тон 05",387,549
"1000549339","Love Generation","Помада для губ в стике тон 04 Love Generation Pure Kaif",299,449
"1000549974","Love Generation","Гелевый карандаш для глаз тон 03 Love Generation Color Bunny",299,449
"8000073009","Love Generation","Кремовый тинт для губ тон 05 Cherish The Day Generation I'm Horny Love",540,0
"1000549291","Love Generation","Масло для губ тон 03 Love Generation Happy",373,0
"1000549368","Love Generation","Тональный крем для лица тон 04 Love Generation Love Is The Foundation",287,399
"8000060055","Love Generation","Масло-блеск для губ Glossifyer Love Generation тон 02",387,549
"8000046722","Love Generation","Палетка контуринг для лица тон 02 Love Generation Sculpt Berry",453,549
"1000549989","Love Generation","Гелевый карандаш для губ тон 03 Love Generation Lip Pleasure",350,399
"8000046720","Love Generation","Палетка контуринг для лица тон 01 Love Generation Sculpt Berry",482,549
"1000549955","Love Generation","Гель для бровей Love Generation Get High Fixing",331,419
"1000549323","Love Generation","Жидкие тени для век тон 02 Love Generation Nirvana",300,0
"8000104422","Love Generation","Кремовые румяна для лица тон 01 Fuego Kiss Blush Me Up Love Generation",427,0
"1000549337","Love Generation","Помада для губ в стике тон 02 Love Generation Pure Kaif",299,449
"1000549964","Love Generation","Блеск для губ тон 03 Love Generation Smile",301,449
"8000046681","Love Generation","Гелевый карандаш для губ тон 08 Love Generation Lip Pleasure",350,399
"1000549299","Love Generation","Матирующий тональный крем для лица тон 04 Love Generation Mattya Face",490,599
"1000549317","Love Generation","Кремовые румяна для лица тон 01 Love Generation Cheek Slime",435,0
"1000420079","Luxvisage","Тушь для ресниц L’Oréal Paris Volume Millions Lashes Balm Brown для объема и разделения коричневая",696,1099
"8000028858","Luxvisage","Гель для бровей Brow Extreme Fix 24h Luxvisage",222,349
"1000539720","Luxvisage","Спрей для фиксации макияжа Prime Fix Luxvisage",214,269
"1000572057","Luxvisage","Светоотражающий консилер для лица тон 11 Ivory Luxvisage",273,399
"1000572058","Luxvisage","Светоотражающий консилер для лица тон 12 Nude Luxvisage",265,399
"1000456245","Luxvisage","Тушь для ресниц Luxvisage XXL Эффект накладных ресниц Черная",288,449
"1000456243","Luxvisage","Тушь для ресниц Luxvisage XXL Длина-Изгиб-Объем Черная",288,449
"1000456231","Luxvisage","Тональный крем Luxvisage Skin Evolution тон 10 Light",272,399
"1000572053","Luxvisage","Тинт для губ тон 05 Luxvisage",228,349
"1000451120","Luxvisage","Гель для бровей Luxvisage Brow Super Fix 12H Бесцветный",181,229
"1000456242","Luxvisage","Подводка для глаз Luxvisage Super Stay Ультрачерная",145,169
"1000572064","Luxvisage","Тушь для ресниц XXL Коричневая Luxvisage",288,499
"1000451122","Luxvisage","Пудра-фиксатор Luxvisage Expert Matt Бесцветный",307,399
"1000451108","Luxvisage","Масло для губ Luxvisage Beauty Elixir тон 02 Фруктовый эликсир",173,266
"1000572060","Luxvisage","Светоотражающий консилер для лица тон 13 Beige Luxvisage",262,399
"1000456262","Luxvisage","Румяна для лица Silk Dream тон 6 Luxvisage",296,449
"1000456255","Luxvisage","Тушь для ресниц Luxvisage Секрет роскошных ресниц Коричневая",272,349
"1000456228","Luxvisage","Румяна для лица Silk Dream тон 3 Luxvisage",291,449
"1000458142","Luxvisage","Подводка-фломастер Luxvisage Matt Tattoo w/pr 24H Черная",314,449
"1000455340","Luxvisage","Подводка для глаз Luxvisage Matt Ink Waterproof Черная",197,269
"1000458938","Luxvisage","Тушь для ресниц 3D Effect Черная Luxvisage",218,249
"1000456234","Luxvisage","Тональный крем Luxvisage Skin Evolution тон 30 Rose beige",272,399
"1000455613","Luxvisage","Тени для век Luxvisage Metal Hype жидкие тон 1",222,349
"1000455594","Luxvisage","Тени для век Luxvisage Metal Hype жидкие тон 08",261,349
"1000455313","Luxvisage","Блеск для губ Luxvisage Dragon Glass 3D Volume тон 01",193,311
"1000456221","Luxvisage","Пудра Luxvisage Silk Dream Nude Skin компакт тон 1",307,499
"1000451092","Luxvisage","Масло для губ Luxvisage Beauty Elixir тон 01 ягодный эликсир",173,266
"1000458148","Luxvisage","Тинт для губ Luxvisage Lip Tint Aqua Gel тон 01 Aperol",232,279
"1000572045","Luxvisage","Блеск для губ Icon тон 503 Luxvisage",267,299
"1000456256","Luxvisage","Тушь для ресниц Luxvisage Секрет роскошных ресниц Черная",263,449
"1000572046","Luxvisage","Блеск для губ Icon тон 506 Luxvisage",222,329
"1000451119","Luxvisage","Гель-корректор для бровей Luxvisage Brow Styler 3 in 1 тон 2 Капучино",184,249
"1000455630","Luxvisage","Тушь для ресниц Luxvisage Perfect Color Веер пышных ресниц Черная",253,0
"1000455300","Luxvisage","Тушь для ресниц Killer Luxvisage",314,510
"1000456237","Luxvisage","Тушь для ресниц Luxvisage Smoky Eyes Эффект накладных ресниц Черный",272,349
"1000458145","Luxvisage","Скульптор Luxvisage Ideal Sculpting тон 1",307,449
"1000455300","Luxvisage","Тушь для ресниц Killer Luxvisage",314,510
"1000456237","Luxvisage","Тушь для ресниц Luxvisage Smoky Eyes Эффект накладных ресниц Черный",272,349
"1000458145","Luxvisage","Скульптор Luxvisage Ideal Sculpting тон 1",307,449
"1000455595","Luxvisage","Тени для век Luxvisage Metal Hype жидкие тон 7",230,349
"1000451109","Luxvisage","Масло для губ Luxvisage Beauty Elixir тон 04 Вишневый эликсир",173,266
"1000451121","Luxvisage","Тушь для ресниц Luxvisage Evolution объем-длина-умножение",232,429
"1000456233","Luxvisage","Тональный крем Luxvisage Skin Evolution тон 25 Natural",449,0
"8000028851","Luxvisage","Карандаш для губ Soft Matte тон 603 Powder Rose Luxvisage",176,269
"1000458149","Luxvisage","Тинт для губ Luxvisage Lip Tint Aqua Gel тон 02 Sexy Red",232,279
"1000458940","Luxvisage","Блеск для губ Dragon Glass 3D Volume тон 02 Luxvisage",204,311
"1000455627","Luxvisage","Помада для губ Luxvisage Matt Tattoo No Transfer 12H тон 103",236,349
"1000451117","Luxvisage","Гель для бровей Luxvisage Brow Fixing Бесцветный",179,229
"1000451118","Luxvisage","Гель-корректор для бровей Luxvisage Brow Styler 3 in 1 тон 1 Латте",181,249
"1000456239","Luxvisage","Тушь для ресниц Luxvisage Smoky Eyes Эффект умножения и удлинения",272,349
"8000028836","Luxvisage","Масло-бальзам для губ Miracle Care тон 107 Luxvisage",187,299
"1000458939","Luxvisage","Тушь для ресниц Absolute Веерный объем Черная Luxvisage",232,299
"1000455626","Luxvisage","Помада для губ Luxvisage Matt Tattoo No Transfer 12H тон 104",236,349
"1000456229","Luxvisage","Румяна для лица Silk Dream тон 4 Luxvisage",291,449
"8000028842","Luxvisage","Карандаш для губ Soft Matte тон 610 Toffy Luxvisage",176,269
"1000456240","Luxvisage","Подводка для глаз Luxvisage Vinyl Ink Ультрачерная",202,249
"1000455597","Luxvisage","Тушь для ресниц Luxvisage Mixx Черный",288,399
"1000455311","Luxvisage","Блеск для губ Luxvisage Lip Volumizer Hot Vanilla тон 306",211,299
"1000455310","Luxvisage","Блеск для губ Luxvisage Lip Volumizer Hot Vanilla тон 305",211,299
"1000455308","Luxvisage","Блеск для губ Luxvisage Lip Volumizer Hot Vanilla тон 303",211,299
"1000572047","Luxvisage","Блеск для губ Icon тон 508 Luxvisage",229,329
"1000455605","Luxvisage","Тени для век Luxvisage Жидкие Matt tint waterproof 12H тон 102",230,349
"8000028841","Luxvisage","Блеск для губ Glass Shine тон 28 Dark Truffle Luxvisage",200,299
"8000028831","Luxvisage","Масло-бальзам для губ Miracle Care тон 101 Luxvisage",230,449
"1000455612","Luxvisage","Тени для век Luxvisage Matt Tint Waterproof 12H жидкие тон 110",218,349
"1000455629","Luxvisage","Тушь для ресниц Luxvisage Perfect Color Push Up Черная",234,379
"8000028840","Luxvisage","Тушь для ресниц Illusion панорамный объем Черная Luxvisage",232,399
"1000455625","Luxvisage","Помада для губ Luxvisage Matt Tattoo No Transfer 12H тон 109",248,349
"1000455616","Luxvisage","Тени для век Luxvisage Metal Hype жидкие тон 16",230,349
"1000458146","Luxvisage","Скульптор Luxvisage Ideal Sculpting тон 2",312,449
"1000455593","Luxvisage","Тени для век Luxvisage Metal Hype жидкие тон 6",369,0
"1000455624","Luxvisage","Тени для век Luxvisage Matt Tint Waterproof 12H жидкие тон 103",215,349
"1000458146","Luxvisage","Скульптор Luxvisage Ideal Sculpting тон 2",312,449
"1000455593","Luxvisage","Тени для век Luxvisage Metal Hype жидкие тон 6",369,0
"1000455624","Luxvisage","Тени для век Luxvisage Matt Tint Waterproof 12H жидкие тон 103",215,349
"1000455607","Luxvisage","Тени для век Luxvisage Жидкие Matt tint waterproof 12H тон 105",238,349
"1000455606","Luxvisage","Тени для век Luxvisage Matt Tint Waterproof 12H жидкие тон 104",238,349
"1000534565","Luxvisage","Блеск для губ Glass Shine тон 20 Rosewood Luxvisage",200,299
"1000455622","Luxvisage","Тени для век Luxvisage Metal Hype жидкие тон 4",238,349
"1000455601","Luxvisage","Помада для губ Luxvisage Matt Tattoo No Transfer 12H тон 120",236,349
"1000456223","Luxvisage","Компактная пудра для лица Luxvisage Silk Dream Nude Skin Compact Powder тон 4",307,499
"1000451136","Luxvisage","Карандаш для бровей Luxvisage тон 102 Шатен",299,0
"1000451123","Luxvisage","Карандаш для глаз Luxvisage тон 1 черный",239,329
"8000028843","Luxvisage","Карандаш для губ Soft Matte тон 604 Pink Luxvisage",176,269
"1000451114","Luxvisage","Гель-корректор для бровей Luxvisage Brow Styler 3 in 1 тон 3 Моккачино",187,249
"8000028819","Luxvisage","Блеск для губ Glass Shine тон 27 Lost Cherry Luxvisage",200,299
"8000028863","Luxvisage","Масло-бальзам для губ Miracle Care тон 108 Luxvisage",194,299
"1000455631","Luxvisage","Блеск для губ Luxvisage Pin Up Ultra Matt тон 18",259,399
"8000028856","Luxvisage","Карандаш для губ Soft Matte тон 602 Rose Beige Luxvisage",176,279
"8000028829","Luxvisage","Карандаш для губ Soft Matte тон 605 Lilac Pink Luxvisage",176,269
"1000515894","Luxvisage","Блеск для губ Glass Shine тон 10 Caramel Nude Luxvisage",204,299
"8000028833","Luxvisage","Масло-бальзам для губ Miracle Care тон 102 Luxvisage",194,299
"1000458144","Luxvisage","Блеск для губ Luxvisage Pin Up Ultra Matt тон 23",259,399
"1000451130","Luxvisage","Карандаш для бровей Luxvisage тон 101 Русый",299,0
"8000028839","Luxvisage","Масло-бальзам для губ Miracle Care тон 106 Luxvisage",210,299
"1000515902","Luxvisage","Помада для губ тон 14 Luxvisage",349,0
"1000458147","Luxvisage","Блеск для губ Luxvisage Pin Up Ultra Matt тон 39",259,399
"1000544737","Luxvisage","Помада для губ тон 03 Luxvisage",349,0
"1000515898","Luxvisage","Блеск для губ Glass Shine тон 19 Crystal Beige Luxvisage",200,299
"1000541525","Luxvisage","Помада для губ тон 69 Luxvisage",349,0
"1000455314","Luxvisage","Карандаш для бровей Luxvisage тон 100 Тауп",299,0
"1000455633","Luxvisage","Блеск для губ Luxvisage Pin Up Ultra Matt тон 20",259,399
"1000456226","Luxvisage","Румяна для лица Silk Dream тон 1 Luxvisage",296,449
"1000455608","Luxvisage","Тени для век Luxvisage Matt Tint Waterproof 12H жидкие тон 106",222,349
"1000451131","Luxvisage","Карандаш для бровей Luxvisage тон 103 Каштан",299,0
"1000455341","Luxvisage","Помада для губ Luxvisage Matt Tattoo No Transfer 12H тон 101",240,349
"1000456253","Luxvisage","Помада для губ тон 36 Luxvisage",349,0
"8000028852","Luxvisage","Масло-бальзам для губ Miracle Care тон 105 Luxvisage",349,0
"1000455341","Luxvisage","Помада для губ Luxvisage Matt Tattoo No Transfer 12H тон 101",240,349
"1000456253","Luxvisage","Помада для губ тон 36 Luxvisage",349,0
"8000028852","Luxvisage","Масло-бальзам для губ Miracle Care тон 105 Luxvisage",349,0
"1000515897","Luxvisage","Блеск для губ Glass Shine тон 18 Velvet Rose Luxvisage",349,0
"1000456222","Luxvisage","Пудра Luxvisage Silk Dream компакт Nude Skin тон2",499,0
"1000455641","Luxvisage","Блеск для губ Luxvisage Pin Up Ultra Matt тон 9",449,0
"1000456264","Luxvisage","Помада для губ тон 17 Luxvisage",349,0
"1000455632","Luxvisage","Блеск для губ Luxvisage Pin Up Ultra Matt тон 19",449,0
"1000541523","Luxvisage","Помада для губ тон 67 Luxvisage",349,0
"1000142543","L’Oréal Paris","Тушь для ресниц L’Oréal Paris Volume Million Lashes Feline для объема и разделения Черная",696,1099
"1000522462","L’Oréal Paris","Тушь для ресниц Темно-коричневая L’Oréal Paris Volume Millions Lashes Panorama",1046,1649
"1000529247","L’Oréal Paris","Шампунь для волос L’Oréal Paris Elseve Гиалурон Баланс 400мл",499,549
"1000124903","L’Oréal Paris","Тушь для ресниц L’Oréal Paris Volume Million Lashes So Couture От Кутюр экстра-черная ",696,1049
"1000007608","L’Oréal Paris","Тушь для ресниц L’Oréal Paris Telescopic черный уголь ",801,1199
"1000219479","L’Oréal Paris","Аква-флюид для лица L’Oréal Paris Гений увлажнения для нормальной и смешанной кожи с экстрактом Алоэ 70мл",1045,1499
"1000522461","L’Oréal Paris","Тушь для ресниц объем и удлинение L’Oréal Paris Volume Millions Lashes Panorama",1046,1649
"1000372775","L’Oréal Paris","Лайнер для глаз L’Oréal Paris Perfect Slim 01 экстрачерный",699,1049
"1000279037","L’Oréal Paris","Консилер для лица L’Oréal Paris Infaillible Стойкий Многофункциональный оттенок 320",828,1249
"1000159406","L’Oréal Paris","Тушь для ресниц L’Oréal Paris Volume Million Lashes Feline для объема и разделения Экстра-черная",696,1099
"1000506162","L’Oréal Paris","Матовая помада для губ Infaillible Matte Resistance жидкая тон 200 L’Oréal Paris",905,1399
"8000024383","L’Oréal Paris","Тональный крем для лица тон 2.N L’Oréal Paris Accord Parfait",993,1499
"1000359719","L’Oréal Paris","Помада для губ L’Oréal Paris Color Riche LesInsolent тон 173 Дерзкий нюд",778,1149
"1106080112","L’Oréal Paris","Стойкая краска-уход для волос L’Oréal Paris Casting Creme Gloss без аммиака оттенок 200 Черный кофе",768,1049
"1000356479","L’Oréal Paris","Стойкая крем-краска для волос L’Oréal Paris Excellence Cool Crème оттенок 7.11 Ультрапепельный Русый",801,999
"1000320059","L’Oréal Paris","Стойкая краска-уход для волос L’Oréal Paris Casting Creme Gloss без аммиака оттенок 4102 Холодный каштан",801,1049
"1000323365","L’Oréal Paris","Консилер для лица тон 1.N L’Oréal Paris Alliance Perfect",767,1099
"1000506165","L’Oréal Paris","Матовая помада для губ Infaillible Matte Resistance жидкая тон 420 L’Oréal Paris",946,1399
"1000379621","L’Oréal Paris","Осветлитель для волос L’Oréal Paris Préférence осветление до 9 тонов Ультра-платиновый блонд",798,1299
"1000007466","L’Oréal Paris","Помада для губ L’Oréal Paris Color Riche увлажняющая оттенок 303 Нежный розовый ",778,1149
"1000320058","L’Oréal Paris","Стойкая краска-уход для волос L’Oréal Paris Casting Creme Gloss без аммиака оттенок 5102 Холодный мокко",768,1049
"8000045437","L’Oréal Paris","Тушь для ресниц L’Oréal Paris Водостойкая Telescopic чёрная",768,1199
"1000388931","L’Oréal Paris","Крем-краска для волос L’Oréal Paris Excellence Crème без аммиака Универсальные Нюдовые оттенки 4U универсальный каштановый",801,999
"1000356457","L’Oréal Paris","Стойкая крем-краска для волос L’Oréal Paris Excellence Cool Crème оттенок 8.11. Ультрапепельный Светло-русый",801,999
"1000506167","L’Oréal Paris","Матовая помада для губ Infaillible Matte Resistance жидкая тон 105 L’Oréal Paris",905,1399
"1000506161","L’Oréal Paris","Матовая помада для губ Infaillible Matte Resistance жидкая тон 120 L’Oréal Paris",905,1399
"1000248778","L’Oréal Paris","Тональный крем L’Oréal Paris Infaillible стойкий Свежий тон оттенок 015 ",1302,1649
"1000028981","L’Oréal Paris","Стойкая краска-уход для волос L’Oréal Paris Casting Creme Gloss без аммиака оттенок 412 Какао со льдом",768,1049
"1000359728","L’Oréal Paris","Пудра нового поколения для лица L’Oréal Paris Infaillible Свежий тон тон 140 ",997,1499
"1000279034","L’Oréal Paris","Консилер для лица L’Oréal Paris Infaillible Стойкий Многофункциональный оттенок 323",828,1249
"1106080061","L’Oréal Paris","Стойкая краска-уход для волос L’Oréal Paris Casting Creme Gloss без аммиака оттенок 400 Каштан",801,1049
"8000024403","L’Oréal Paris","Пудра для лица тон 2N L’Oréal Paris Accord Parfait",870,1199
"1000072356","L’Oréal Paris","Стойкая краска для волос L’Oréal Paris Preference оттенок 1.0 Черный",798,1149
"1000393800","L’Oréal Paris","Стойкая краска для волос L’Oréal Paris Préférence Яркость цвета оттенок 8.624 Яркий красный",798,1149
"1000359730","L’Oréal Paris","Пудра L’Oréal Paris Infaillible Fresh тон 20",997,1499
"1000234999","L’Oréal Paris","Бальзам для губ L’Oréal Paris Glow Paradise оттенок 112 Pastel Exaltation",697,999
"1000393800","L’Oréal Paris","Стойкая краска для волос L’Oréal Paris Préférence Яркость цвета оттенок 8.624 Яркий красный",798,1149
"1000359730","L’Oréal Paris","Пудра L’Oréal Paris Infaillible Fresh тон 20",997,1499
"1000234999","L’Oréal Paris","Бальзам для губ L’Oréal Paris Glow Paradise оттенок 112 Pastel Exaltation",697,999
"1000356478","L’Oréal Paris","Стойкая крем-краска для волос L’Oréal Paris Excellence Cool Crème оттенок 6.11 Ультрапепельный Темно-русый",801,999
"1000420079","L’Oréal Paris","Тушь для ресниц L’Oréal Paris Volume Millions Lashes Balm Brown для объема и разделения коричневая",696,1099
"1000420086","L’Oréal Paris","Бальзам для губ L’Oréal Paris Glow Paradise оттенок 193 Rose Mirage",697,999
"1000560463","L’Oréal Paris","Тушь для ресниц Черная L’Oréal Paris False Lashes Oversized",980,1499
"1000283442","L’Oréal Paris","Стойкая крем-краска для волос Excellence оттенок 6.00 Темно-русый L’Oréal Paris",801,999
"1000500423","L’Oréal Paris","Крем-краска для волос L’Oréal Paris без аммиака Excellence Crème 5U универсальный светло-каштановый 270мл",801,999
"1000496840","L’Oréal Paris","Гель для умывания L’Oréal Paris Revitalift восполняющий увлажняющий для всех типов кожи включая чувствительную",649,0
"1000560459","L’Oréal Paris","Тушь для ресниц Voluminous Carbon Black L’Oréal Paris",590,999
"1000388926","L’Oréal Paris","Крем-краска для волос L’Oréal Paris без аммиака Excellence Crème Универсальные Нюдовые оттенки 9U Универсальный очень светло-русый",801,999
"1000356473","L’Oréal Paris","Стойкая краска для волос L’Oréal Paris Préférence Cool Blondes оттенок 8.12 Аляска светло-русый пепельный бежевый",830,1149
"1000500425","L’Oréal Paris","Крем-краска для волос L’Oréal Paris Excellence Crème без аммиака 1U Универсальный черный 270мл",801,999
"1000219474","L’Oréal Paris","Аква-флюид для лица L’Oréal Paris Гений Увлажнения для нормальной кожи и кожи склонной к сухости с экстрактом Алоэ 70мл",1094,1499
"1000110865","L’Oréal Paris","Тушь для ресниц L’Oréal Paris Volume Million Lashes So Couture для объема и разделения черная ",696,1099
"1000007469","L’Oréal Paris","Помада для губ L’Oréal Paris Color Riche увлажняющая оттенок 232 Нежный кашемир ",778,1149
"1000012097","L’Oréal Paris","Стойкая крем-краска для волос L’Oréal Paris Excellence оттенок 7.1 Русый пепельный",801,999
"1000457125","L’Oréal Paris","Тональный крем L’Oréal Paris Infaillible ультраматирующий стойкий 32ч Матовое покрытие тон 110",1149,0
"1000458929","L’Oréal Paris","Крем-флюид для лица L’Oréal Paris Revitalift Витамин С дневной с SPF50 50мл",1125,1649
"1000317132","L’Oréal Paris","Маска для лица L’Oréal Paris Тканевая Гиалуроновая Эксперт увлажняющая ультра тонкая",251,349
"1106080123","L’Oréal Paris","Стойкая краска для волос L’Oréal Paris Preference оттенок 4.15 Насыщенный каштановый",798,1149
"1000180371","L’Oréal Paris","Краска-уход для волос L’Oréal Paris Casting Creme Gloss стойкая без аммиака оттенок 300 Двойной Эспрессо",801,1049
"1000078819","L’Oréal Paris","Сыворотка для лица L’Oréal Paris Revitalift лазер 30мл",1273,1999
"1000457130","L’Oréal Paris","Тональный крем L’Oréal Paris Infaillible ультраматирующий стойкий 32ч Матовое покрытие тон 175",925,1149
"1000560456","L’Oréal Paris","Консилер-сыворотка для лица тон 1N L'Oréal Paris Accord Parfait",844,1299
"1000015656","L’Oréal Paris","Стойкая краска для волос L’Oréal Paris Preference оттенок 74 Интенсивный медный",830,1149
"1000420076","L’Oréal Paris","Консилер для лица L’Oréal Paris Infaillible стойкий многофункциональный оттенок 328",833,1249
"1000359710","L’Oréal Paris","Помада для губ L’Oréal Paris Color Riche LesInsolent Les Nus тон 177 Аутентичный нюд ",778,1149
"1000000911","L’Oréal Paris","Стойкая крем-краска для волос L’Oréal Paris Excellence оттенок 01 Суперосветляющий русый натуральный",801,999
"1000000914","L’Oréal Paris","Стойкая крем-краска для волос L’Oréal Paris Excellence оттенок 9.1 Очень светло-русый пепельный",801,999
"1000356477","L’Oréal Paris","Стойкая крем-краска для волос L’Oréal Paris Excellence Cool Crème оттенок 4.11 Ультрапепельный каштановый",801,999
"1000135518","L’Oréal Paris","Помада для губ L’Oréal Paris Color Riche увлажняющая оттенок 265 Розовый жемчуг ",778,1149
"1000359727","L’Oréal Paris","Пудра нового поколения для лица L’Oréal Paris Infaillible Свежий тон тон 120 ",997,1499
"1106080110","L’Oréal Paris","Стойкая краска-уход для волос L’Oréal Paris Casting Creme Gloss без аммиака оттенок 535 Шоколад",768,1049
"1000396382","L’Oréal Paris","Гель-пилинг для умывания L’Oréal Paris выравнивающий Ревиталифт 150мл",1049,0
"1000359727","L’Oréal Paris","Пудра нового поколения для лица L’Oréal Paris Infaillible Свежий тон тон 120 ",997,1499
"1106080110","L’Oréal Paris","Стойкая краска-уход для волос L’Oréal Paris Casting Creme Gloss без аммиака оттенок 535 Шоколад",768,1049
"1000396382","L’Oréal Paris","Гель-пилинг для умывания L’Oréal Paris выравнивающий Ревиталифт 150мл",1049,0
"1000314342","L’Oréal Paris","Маска для волос L’Oréal Paris Elseve Эксперт цвета Фиолетовая для оттенка блонд и мелированных брюнеток против желтизны 150мл",541,749
"1000007474","L’Oréal Paris","Помада для губ L’Oréal Paris Color Riche увлажняющая оттенок 236 Organza ",781,1149
"8000024399","L’Oréal Paris","Пудра для лица тон 2R/C L’Oréal Paris Accord Parfait",834,1199
"8000017115","L’Oréal Paris","Тональный крем для лица тон 0 D/W L’Oréal Paris Accord Parfait",1038,1499
"1000506163","L’Oréal Paris","Матовая помада для губ Infaillible Matte Resistance жидкая тон 240 L’Oréal Paris",905,1399
"1000000913","L’Oréal Paris","Стойкая крем-краска для волос L’Oréal Paris Excellence оттенок 8.1 Светло-русый пепельный",801,999
"8000027022","L’Oréal Paris","Краска для волос L’Oréal Paris Casting Creme Gloss 360 Вишневый сорбет 180мл",801,1049
"1000359715","L’Oréal Paris","Помада для губ L’Oréal Paris Color Riche LesInsolent тон 174 Безмятежный нюд ",781,1149
"8000024395","L’Oréal Paris","Пудра для лица тон 5D L’Oréal Paris Accord Parfait",822,1199
"1106080114","L’Oréal Paris","Стойкая краска-уход для волос L’Oréal Paris Casting Creme Gloss без аммиака оттенок 600 Темно-русый",801,1049
"8000017103","L’Oréal Paris","Тушь для ресниц All Night Black L’Oréal Paris Volume Million Lashes Panorama",1110,1499
"1000522464","L’Oréal Paris","Помада для губ тон 601 L’Oréal Paris Color Riche LesInsolent",778,1149
"1000012094","L’Oréal Paris","Стойкая крем-краска для волос L’Oréal Paris Excellence оттенок 7 Русый",801,999
"8000024398","L’Oréal Paris","Пудра для лица тон 4N L’Oréal Paris Accord Parfait",844,1199
"1000007497","L’Oréal Paris","Помада для губ L’Oréal Paris Color Riche увлажняющая оттенок 235 Нежная роза",778,1149
"1000295473","L’Oréal Paris","Лайнер для глаз L’Oréal Paris Signature тон 01 ",1127,1599
"1000248784","L’Oréal Paris","Тональный крем L’Oréal Paris Infaillible стойкий Свежий тон оттенок 20 ",1302,1649
"1000087423","L’Oréal Paris","Мицеллярная вода L’Oréal Paris Абсолютная нежность 200мл",374,549
"1000388925","L’Oréal Paris","Крем-краска для волос L’Oréal Paris без аммиака Excellence Crème Универсальные Нюдовые оттенки 8U Универсальный светло-русый",801,999
"1000359731","L’Oréal Paris","Пудра L’Oréal Paris Infaillible Fresh тон 130 ",1012,1499
"1000359709","L’Oréal Paris","Помада для губ L’Oréal Paris Color Riche LesInsolent Les Nus тон 179 Декадентский нюд ",778,1149
"1000485313","L’Oréal Paris","Увлажняющая помада для губ оттенок 630 Beige A Nu L’Oréal Paris Color Riche",778,1149
"1000007476","L’Oréal Paris","Помада для губ L’Oréal Paris Color Riche увлажняющая оттенок 256 Игривый розовый",778,1149
"1000529826","L’Oréal Paris","Тональный крем свежий тон 10 L’Oréal Paris Infaillible",1302,1649
"8000024396","L’Oréal Paris","Пудра для лица тон 3D L’Oréal Paris Accord Parfait",834,1199
"1000379632","L’Oréal Paris","Стойкая крем-краска для волос L’Oréal Paris Excellence Cool Crème оттенок 5.11 ультрапепельный светло-каштановый",801,999
"1000248774","L’Oréal Paris","Тональный крем L’Oréal Paris Infaillible стойкий Свежий тон оттенок 125 ",1302,1649
"1000500424","L’Oréal Paris","Крем-краска для волос L’Oréal Paris без аммиака Excellence Crème 6U Универсальный темно-русый 270мл",801,999
"8000017101","L’Oréal Paris","Тушь для ресниц Черная L’Oréal Paris False Lashes",1043,1499
"1000144103","L’Oréal Paris","Стойкая краска для волос L’Oréal Paris Préférence Cool Blondes оттенок 7.1 Исландия Пепельно-русый",830,1149
"1000279033","L’Oréal Paris","Консилер для лица L’Oréal Paris Infaillible стойкий Многофункциональный оттенок 326",821,1249
"1106080160","L’Oréal Paris","Краска для волос L’Oréal Paris Preference оттенок 10.21 Стокгольм Светло-светло-русый Перламутровый осветляющий",798,1149
"1000560461","L’Oréal Paris","Консилер-сыворотка для лица тон 2R L'Oréal Paris Accord Parfait",844,1299
"1000279033","L’Oréal Paris","Консилер для лица L’Oréal Paris Infaillible стойкий Многофункциональный оттенок 326",821,1249
"1106080160","L’Oréal Paris","Краска для волос L’Oréal Paris Preference оттенок 10.21 Стокгольм Светло-светло-русый Перламутровый осветляющий",798,1149
"1000560461","L’Oréal Paris","Консилер-сыворотка для лица тон 2R L'Oréal Paris Accord Parfait",844,1299
"1000551363","L’Oréal Paris","Краска для волос Garnier Color Sensation 4.0 Королевский оникс 114мл",306,399
"1000388924","L’Oréal Paris","Крем-краска для волос L’Oréal Paris Excellence Creme Универсальные нюдовые оттенки без аммиака 7U Универсальный русый",801,999
"1000457123","L’Oréal Paris","Тональный крем L’Oréal Paris Infaillible ультраматирующий стойкий 32ч Матовое покрытие тон 115",1149,0
"1000323366","L’Oréal Paris","Консилер для лица L’Oréal Paris Alliance Perfect тон 2.R/2.C",724,1099
"1000359711","L’Oréal Paris","Помада для губ L’Oréal Paris Color Riche LesInsolent тон 181 Эксцентричный нюд",778,1149
"8000017105","L’Oréal Paris","Тушь для ресниц Черная L’Oréal Paris Paradise Big Deal",1098,1599
"8000009768","L’Oréal Paris","Крем для сияния лица L’Oréal Paris Revitalift витамин С 50мл",1492,1999
"1000560455","L’Oréal Paris","Консилер-сыворотка для лица тон 0.5D L'Oréal Paris Accord Parfait",844,1299
"1000529824","L’Oréal Paris","Консилер для лица тон 2.N L’Oréal Paris Alliance Perfect The One",734,1099
"1000007465","L’Oréal Paris","Помада для губ L’Oréal Paris Color Riche Увлажняющая оттенок 302 Розовый лес",778,1149
"1000529825","L’Oréal Paris","Консилер для лица тон 3.N L’Oréal Paris Alliance Perfect The One",724,1099
"1000150210","L’Oréal Paris","Краска-уход для волос L’Oréal Paris Casting Creme Gloss стойкая без аммиака оттенок 525 Шоколадный фондан",801,1049
"8000027020","L’Oréal Paris","Краска для волос L’Oréal Paris Casting Creme Gloss 634 Каштановый мед 180мл",801,1049
"1000560460","L’Oréal Paris","Консилер-сыворотка для лица тон 1.5N L'Oréal Paris Accord Parfait",844,1299
"1000388930","L’Oréal Paris","Крем-краска для волос L’Oréal Paris без аммиака Excellence Crème Универсальные Нюдовые оттенки 2U Универсальный очень темно-каштановый",801,999
"1000560457","L’Oréal Paris","Консилер-сыворотка для лица тон 1R L'Oréal Paris Accord Parfait",844,1299
"1000007468","L’Oréal Paris","Помада для губ L’Oréal Paris Color Riche увлажняющая оттенок 214 Violet Saturne ",781,1149
"1000473230","L’Oréal Paris","Тушь для ресниц Экстра-черная L’Oréal Paris Telescopic Lift",965,1499
"1000248782","L’Oréal Paris","Тональный крем L’Oréal Paris Infaillible стойкий Свежий тон оттенок 130 ",1459,1649
"8000024391","L’Oréal Paris","Тональный крем для лица тон 2.D/W L’Oréal Paris Accord Parfait",993,1499
"1000420084","L’Oréal Paris","Бальзам для губ L’Oréal Paris Glow Paradise оттенок 906 Blush Fantasy",697,999
"8000024393","L’Oréal Paris","Пудра для лица тон 3R L’Oréal Paris Accord Parfait",822,1199
"1000461919","L’Oréal Paris","Увлажняющая помада для губ оттенок 125 Дом Marais L’Oréal Paris Color Riche",778,1149
"1000522463","L’Oréal Paris","Помада для губ тон 570 L’Oréal Paris Color Riche LesInsolent",894,1149
"1000500422","L’Oréal Paris","Крем-краска для волос L’Oréal Paris без аммиака Excellence Crème 3U Универсальный темно-каштановый 270мл",801,999
"1000359712","L’Oréal Paris","Помада для губ L’Oréal Paris Color Riche LesInsolent тон 176 Фривольный нюд ",781,1149
"8000024405","L’Oréal Paris","Тональная сыворотка для лица тон 4-5 L’Oréal Paris Accord Parfait",1418,2149
"1106080157","L’Oréal Paris","Стойкая краска-уход для волос L’Oréal Paris Casting Creme Gloss без аммиака оттенок 323 Терпкий Мокко",801,1049
"1000110857","L’Oréal Paris","Карандаш для бровей L’Oréal Paris Color Riche 303 темно-коричневый",579,749
"1000007604","L’Oréal Paris","Тушь для ресниц L’Oréal Paris Volume Million Lashes Gold для объема и разделения черная ",696,1099
"1000560462","L’Oréal Paris","Консилер-сыворотка для лица тон 3R L'Oréal Paris Accord Parfait",997,1299
"1000248783","L’Oréal Paris","Тональный крем L’Oréal Paris Infaillible тон 120 ",1450,1649
"8000027019","L’Oréal Paris","Краска для волос L’Oréal Paris Casting Creme Gloss 700 Русый 180мл",801,1049
"1000560462","L’Oréal Paris","Консилер-сыворотка для лица тон 3R L'Oréal Paris Accord Parfait",997,1299
"1000248783","L’Oréal Paris","Тональный крем L’Oréal Paris Infaillible тон 120 ",1450,1649
"8000027019","L’Oréal Paris","Краска для волос L’Oréal Paris Casting Creme Gloss 700 Русый 180мл",801,1049
"1000359729","L’Oréal Paris","Пудра нового поколения для лица L’Oréal Paris Infaillible Свежий тон тон 180 ",997,1499
"1000234998","L’Oréal Paris","Бальзам для губ L’Oréal Paris Glow Paradise оттенок 111 Pink Wonderland",698,999
"1000313467","L’Oréal Paris","Тушь для бровей L’Oréal Paris Brow Artist Plump тон 109 ",860,1199
"1000485312","L’Oréal Paris","Увлажняющая помада для губ оттенок 226 Rose Glace L’Oréal Paris Color Riche",781,1149
"1000283441","L’Oréal Paris","Стойкая крем-краска для волос Excellence оттенок 4.00 Каштановый L’Oréal Paris",801,999
"1000420083","L’Oréal Paris","Бальзам для губ L’Oréal Paris Glow Paradise оттенок 107 Brown Enchante",792,999
"1000295476","L’Oréal Paris","Лайнер для глаз L’Oréal Paris Signature тон 03 ",1079,1599
"8000027021","L’Oréal Paris","Краска для волос L’Oréal Paris Casting Creme Gloss 554 Пряный шоколад 180мл",801,1049
"1000457126","L’Oréal Paris","Тушь для ресниц L’Oréal Paris Telescopic Lift Черная",965,1499
"1000120961","L’Oréal Paris","Стойкая краска для волос L’Oréal Paris Preference оттенок 4.12 Глубокий каштановый перламутровый",830,1149
"1000234991","L’Oréal Paris","Бальзам для губ L’Oréal Paris Glow Paradise оттенок 642 Beige Eden",697,999
"1000032158","L’Oréal Paris","Краска для волос Excellence тон 300 Темный каштан 176мл",1099,0
"1000313466","L’Oréal Paris","Тушь для бровей L’Oréal Paris Brow Artist Plump тон 108 ",851,1199
"1000372774","L’Oréal Paris","Тушь для ресниц L’Oréal Paris Volume Million Lashes Balm Balm Noir для объема и разделения черная",696,1099
"1000295475","L’Oréal Paris","Лайнер для глаз L’Oréal Paris Signature тон 04 ",1599,0
"1000000909","L’Oréal Paris","Стойкая крем-краска для волос L’Oréal Paris Excellence оттенок 10.21 Светло-русый перламутровый осветляющий",801,999
"1000002086","L’Oréal Paris","Шампунь L’Oréal Paris Elseve полное восстановление 5 для поврежденных волос 400мл",389,549
"1000014450","L’Oréal Paris","Тушь для ресниц L’Oréal Paris Telescopic для удлинения и разделения черная ",801,1199
"1000044512","L’Oréal Paris","Шампунь L’Oréal Paris Elseve Укрепляющий Ультра Прочность 400мл",499,549
"1000045000","L’Oréal Paris","Крем для лица L’Oréal Paris Дневной антивозрастной Возраст Эксперт 55+' против морщин восстанавливающий 50мл",604,899
"1000069663","L’Oréal Paris","Масло L’Oréal Paris Elseve Экстраординарное совершенствующее для сухих волос 100мл",910,1249
"1000077048","L’Oréal Paris","Крем для лица L’Oréal Paris Дневной Возраст Эксперт 45+ против морщин лифтинг-уход 50мл",604,899
"1000077051","L’Oréal Paris","Крем для лица L’Oréal Paris Дневной Возраст эксперт 35+ увлажняющий против морщин 50мл",604,899
"1000078818","L’Oréal Paris","Крем для лица L’Oréal Paris Дневной антивозрастной Ревиталифт Лазер против морщин 50мл",1121,1649
"1000089291","L’Oréal Paris","Стойкая краска-уход для волос L’Oréal Paris Casting Creme Gloss без аммиака оттенок 603 Молочный шоколад",768,1049
"1000096310","L’Oréal Paris","Крем-маска для лица L’Oréal Paris Ночной антивозрастной Ревиталифт Лазер 50мл",1121,1649
"1000104036","L’Oréal Paris","Крем для лица L’Oréal Paris Ночной Возраст эксперт 45+ против морщин лифтинг-уход 50мл",604,899
"1000104037","L’Oréal Paris","Крем для лица L’Oréal Paris ночной антивозрастной Возраст эксперт 55+ против морщин восстанавливающий 50мл",604,899
"1000120960","L’Oréal Paris","Стойкая краска для волос L’Oréal Paris Preference оттенок 5.21 Глубокий светло-каштановый",830,1149
"1000123927","L’Oréal Paris","Стойкая крем-краска для волос L’Oréal Paris Excellence оттенок 8.12 Мистический блонд",801,999
"1000137735","L’Oréal Paris","Стойкая крем-краска для волос L’Oréal Paris Excellence оттенок 10.13 Легендарный блонд",801,999
"1000141524","L’Oréal Paris","Масло для волос L’Oréal Paris Elseve Экстраординарное восстанавливающее для тонких сухих волос 100мл",910,1249
"1000142637","L’Oréal Paris","Шампунь L’Oréal Paris Elseve Питательный с маслами марулы и камелии Роскошь 6 масел для сухих волос без силиконов 400мл",616,0
"1000137735","L’Oréal Paris","Стойкая крем-краска для волос L’Oréal Paris Excellence оттенок 10.13 Легендарный блонд",801,999
"1000141524","L’Oréal Paris","Масло для волос L’Oréal Paris Elseve Экстраординарное восстанавливающее для тонких сухих волос 100мл",910,1249
"1000142637","L’Oréal Paris","Шампунь L’Oréal Paris Elseve Питательный с маслами марулы и камелии Роскошь 6 масел для сухих волос без силиконов 400мл",616,0
"1000144102","L’Oréal Paris","Стойкая краска для волос L’Oréal Paris Preference оттенок 11.21 Ультраблонд холодный перламутровый",830,1149
"1000145983","L’Oréal Paris","Маска для сухих волос L’Oréal Paris Elseve питательная с маслами марулы и камелии Роскошь 6 масел 300мл",704,999
"1000169513","L’Oréal Paris","Питательный бальзам для волос Роскошь 6 масел L’Oréal Paris Elseve 400мл",499,549
"1000169516","L’Oréal Paris","Бальзам для волос L’Oréal Paris Elseve Полное восстановление 5 для поврежденных волос 400мл",389,549
"1000172030","L’Oréal Paris","Ночной крем для лица L’Oréal Paris Revitalift Филлер 50мл",1138,1499
"1000190662","L’Oréal Paris","Тонирующий спрей L’Oréal Paris для мгновенного закрашивания отросших корней Magic Retouch оттенок Русый 75мл",516,649
"1000190664","L’Oréal Paris","Тонирующий спрей L’Oréal Paris для мгновенного закрашивания отросших корней Magic Retouch оттенок Черный 75мл",516,649
"1000190665","L’Oréal Paris","Спрей для волос L’Oréal Paris Тонирующий для мгновенного закрашивания отросших корней Magic Retouch Темно-каштановый 75мл",516,649
"1000190666","L’Oréal Paris","Тонирующий спрей L’Oréal Paris для мгновенного закрашивания отросших корней Magic Retouch оттенок Каштановый 75мл",516,649
"1000192083","L’Oréal Paris","Бальзам для окрашенных или мелированных волос L’Oréal Paris Elseve Ламинирующий Эксперт цвета 400мл",499,549
"1000274588","L’Oréal Paris","Супер-бальзам L’Oréal Paris Elseve Легкое расчесывание Длина мечты для длинных поврежденных волос 400мл",499,549
"1000274589","L’Oréal Paris","Крем-уход для длинных поврежденных волос L’Oréal Paris Elseve Нет ножницам Длина мечты несмываемый с кератином 200мл",681,999
"1000274590","L’Oréal Paris","Шампунь L’Oréal Paris Elseve Преображение Длина мечты с кератином для длинных поврежденных волос 400мл",499,549
"1000274591","L’Oréal Paris","Маска для длинных поврежденных волос L’Oréal Paris Elseve Спасатель Длина мечты с кератином 300мл",658,999
"1000283440","L’Oréal Paris","Стойкая крем-краска для волос Excellence оттенок 5.00 Светло-каштановый L’Oréal Paris",811,999
"1000290056","L’Oréal Paris","Крем-маска для лица L’Oréal Paris Ночная Эксперт с гиалуроновой кислотой 50мл",608,899
"1000290057","L’Oréal Paris","Крем вокруг глаз L’Oréal Paris Гиалурон Эксперт с гиалуроновой кислотой 15мл",608,899
"1000290058","L’Oréal Paris","Крем для лица L’Oréal Paris Дневной с гиалуроновой кислотой Эксперт SPF20 50мл",636,899
"1000317689","L’Oréal Paris","Крем для лица L’Oréal Paris Ночной Возраст Эксперт 65+ против морщин питательный 50мл",604,899
"1000317692","L’Oréal Paris","Крем для лица L’Oréal Paris Дневной Возраст Эксперт 65+ против морщин питательный SPF 20 50мл",604,899
"1000320062","L’Oréal Paris","Стойкая крем-краска для волос L’Oréal Paris Excellence оттенок 9 Очень светло-русый",1099,0
"1000342946","L’Oréal Paris","Сыворотка Ревиталифт филлер для лица и шеи L’Oréal Paris с гиалуроновой кислотой 30мл",1235,1799
"1000356185","L’Oréal Paris","Сыворотка для длинных непослушных волос L’Oréal Paris Гладкость мечты Elseve Длина мечты несмываемый уход 100мл",647,899
"1000356469","L’Oréal Paris","Тонирующий спрей для волос L’Oréal Paris Magic Retouch Красное дерево 75мл",698,0
"1000356470","L’Oréal Paris","Спрей для волос L’Oréal Paris Magic Retouch Тонирующий Холодный каштан",516,649
"1000356474","L’Oréal Paris","Стойкая краска для волос L’Oréal Paris Préférence Cool Blondes оттенок 9.12 Сибирь очень светло-русый пепельный бежевый",830,1149
"1000388927","L’Oréal Paris","Крем-краска для волос L’Oréal Paris без аммиака Excellence Crème 10U Универсальный очень-очень светло-русый 270мл",801,999
"1000388954","L’Oréal Paris","Супербальзам для волос L’Oréal Paris Elseve Ультра прочность против ломкости 400мл",515,0
"1000393801","L’Oréal Paris","Краска для волос L’Oréal Paris Preference стойкая Яркость цвета оттенок 10.112 Серебристо-серый",830,1149
"1000393803","L’Oréal Paris","Бальзам L’Oréal Paris Elseve Увлажняющий с гиалуроновой кислотой для обезвоженных и тонких волос 400мл",389,549
"1000393805","L’Oréal Paris","Шампунь L’Oréal Paris Elseve Увлажняющий с гиалуроновой кислотой для обезвоженных и тонких волос 400мл",389,549
"1000393806","L’Oréal Paris","Краска для волос L’Oréal Paris Preference стойкая Яркость цвета оттенок 4.261 Темно-фиолетовый",830,1149
"1000393807","L’Oréal Paris","Краска для волос L’Oréal Paris Preference стойкая Яркость цвета оттенок 9.213 Розовое золото",830,1149
"1000393805","L’Oréal Paris","Шампунь L’Oréal Paris Elseve Увлажняющий с гиалуроновой кислотой для обезвоженных и тонких волос 400мл",389,549
"1000393806","L’Oréal Paris","Краска для волос L’Oréal Paris Preference стойкая Яркость цвета оттенок 4.261 Темно-фиолетовый",830,1149
"1000393807","L’Oréal Paris","Краска для волос L’Oréal Paris Preference стойкая Яркость цвета оттенок 9.213 Розовое золото",830,1149
"1000396381","L’Oréal Paris","Сыворотка для кожи вокруг глаз L’Oréal Paris Ревиталифт Филлер 2.5% Гиалуроновая кислота + Кофеин 20мл",1221,1799
"1000396953","L’Oréal Paris","Маска L’Oréal Paris Elseve Увлажняющая для обезвоженных и тонких волос с гиалуроновой кислотой 300мл",658,999
"1000420078","L’Oréal Paris","Тушь для ресниц L’Oréal Paris Paradise elastomeric для головокружительного объема Черная",532,849
"1000458927","L’Oréal Paris","Крем для области вокруг глаз L’Oréal Paris Возраст эксперт 55+ против морщин восстанавливающий 15мл",632,849
"1000458930","L’Oréal Paris","Сыворотка для лица L’Oréal Paris Revitalift Витамином С 30мл",1235,1799
"1000505313","L’Oréal Paris","Тоник для лица L’Oréal Paris Revitalift Восполняющий увлажняющий 200мл",385,549
"1000525116","L’Oréal Paris","Мицеллярная вода L’Oréal Paris Revitalift 200мл",388,549
"1000525121","L’Oréal Paris","Крем для лица L’Oréal Paris Ревиталифт Red Cream 50мл",931,1249
"1000529248","L’Oréal Paris","Бальзам для волос L’Oréal Paris Elseve Гиалурон Баланс 400мл",515,0
"1000551365","L’Oréal Paris","Кислотный тонер для волос L’Oréal Paris Preference Платиновый блонд 229мл",830,1149
"1000551366","L’Oréal Paris","Кислотный тонер для волос L’Oréal Paris Preference Жемчужный блонд 229мл",830,1149
"1106080007","L’Oréal Paris","Шампунь L’Oréal Paris Elseve Ламинирующий Эксперт цвета для окрашенных или мелированных волос 400мл",499,549
"1106080051","L’Oréal Paris","Краска для волос Casting тон 810 Перламутровый русый",801,1049
"1106080127","L’Oréal Paris","Стойкая краска для волос L’Oréal Paris Preference оттенок 9.1 Очень светло-русый пепельный",798,1149
"1106080164","L’Oréal Paris","Маска для волос L’Oréal Paris Elseve Полное восстановление 5 восстанавливающая для поврежденных волос 300мл",658,999
"1106080169","L’Oréal Paris","Стойкая краска-уход для волос L’Oréal Paris Casting Creme Gloss без аммиака оттенок 1021 Светло-светло-русый перламутровый",801,1049
"1126080014","L’Oréal Paris","Крем для лица L’Oréal Paris Ревиталифт Дневной антивозрастной против морщин 50мл",917,1249
"1126080015","L’Oréal Paris","Крем для лица L’Oréal Paris Ночной антивозрастной Ревиталифт 50мл",864,1249
"1126080016","L’Oréal Paris","Крем для области вокруг глаз L’Oréal Paris Антивозрастной Ревиталифт против морщин 15мл",864,1399
"8000009767","L’Oréal Paris","Сыворотка для лица L’Oréal Paris Niacinamide пигмент 30мл",1363,1999
"8000009769","L’Oréal Paris","Крем-флюид для лица SPF50 Niacinamide L’Oréal Paris 50мл",1210,1599
"8000009770","L’Oréal Paris","Крем для лица L’Oréal Paris Niacinamide против пигментации SPF50+ 50мл",1498,1899
"8000024384","L’Oréal Paris","Тональный крем для лица тон 1.D/W L’Oréal Paris Accord Parfait",993,1499
"8000024385","L’Oréal Paris","Тональный крем для лица тон 4.D/W L’Oréal Paris Accord Parfait",993,1499
"8000024386","L’Oréal Paris","Тональный крем для лица тон 1.5N L’Oréal Paris Accord Parfait",993,1499
"8000024387","L’Oréal Paris","Тональный крем для лица тон 2 R/C L’Oréal Paris Accord Parfait",993,1499
"8000024388","L’Oréal Paris","Тональный крем для лица тон 1.R/C L’Oréal Paris Accord Parfait",1053,1499
"8000024389","L’Oréal Paris","Тональный крем для лица тон 4N L’Oréal Paris Accord Parfait",993,1499
"8000024390","L’Oréal Paris","Тональная сыворотка для лица тон 2-3 L’Oréal Paris Accord Parfait",1418,2149
"8000024392","L’Oréal Paris","Тональный крем для лица тон 3.R/C L’Oréal Paris Accord Parfait",993,1499
"8000024394","L’Oréal Paris","Тональный крем для лица тон 3 D/W L’Oréal Paris Accord Parfait",993,1499
"8000024397","L’Oréal Paris","Тональный крем для лица тон 0.5N L’Oréal Paris Accord Parfait",993,1499
"8000024400","L’Oréal Paris","Тональный крем для лица тон 3.5N L’Oréal Paris Accord Parfait",993,1499
"8000024394","L’Oréal Paris","Тональный крем для лица тон 3 D/W L’Oréal Paris Accord Parfait",993,1499
"8000024397","L’Oréal Paris","Тональный крем для лица тон 0.5N L’Oréal Paris Accord Parfait",993,1499
"8000024400","L’Oréal Paris","Тональный крем для лица тон 3.5N L’Oréal Paris Accord Parfait",993,1499
"8000024401","L’Oréal Paris","Тональный крем для лица тон 1N L’Oréal Paris Accord Parfait",993,1499
"8000024402","L’Oréal Paris","Тональная сыворотка для лица тон 3-4 L’Oréal Paris Accord Parfait",1418,2149
"8000024404","L’Oréal Paris","Тональная сыворотка для лица тон 0.5-2 L’Oréal Paris Accord Parfait",1482,2149
"8000024406","L’Oréal Paris","Тональный крем для лица тон 3.N L’Oréal Paris Accord Parfait",993,1499
"8000046306","L’Oréal Paris","Флюид для лица L’Oréal Paris Niacinamide тонирующий SPF50+ ниацинамид+светоотражающие пигменты 50мл",1240,1749
"8000060208","L’Oréal Paris","Крем-гель для лица Revitalift L’Oréal Paris 50мл",1749,0
"8000089859","L’Oréal Paris","Карандаш для глаз Haute Couleur тон Noir Silk Loreal Paris",749,0
"8000089862","L’Oréal Paris","Тушь для ресниц Telescopic Extensionist Loreal Paris",1649,0
"8000089869","L’Oréal Paris","Подводка для глаз Haute Precision тон 01 Noir Silk Loreal Paris",1849,0
"9417110488","L’Oréal Paris","Бальзам для волос L’Oréal Paris Elseve Эксперт цвета 200мл",345,449
"1000107565","Mixit","Шампунь для волос Head&Shoulders Основной уход 2в1 600мл",587,949
"1000384418","Mixit","Шампунь Pantene для волос Объем 900мл",749,1099
"1000552045","Mixit","Шампунь для волос Herbal Essences Марокканское аргановое масло 350мл",377,549
"1000001339","Mixit","Шампунь для волос Pro Series Глубокое восстановление 500мл",394,599
"8000048607","Mixit","Шампунь для волос против перхоти Основной уход Head&Shoulders 360мл",399,599
"1000045320","Mixit","Шампунь для волос Pantene Pro-V Интенсивное восстановление 400мл",349,499
"8000114631","Mixit","Скраб для тела Gourmet фундук и миндальное молочко Mixit 300г",830,0
"8000114635","Mixit","Скраб для тела Gourmet соленая карамель и сливки Mixit 300г",830,0
"8000067076","Mixit","Шампунь для волос Collagen+Keratin Mixit Hair Expert 1л",453,649
"8000067077","Mixit","Кондиционер для волос Collagen+Keratin Mixit Hair Expert 1л",358,649
"8000111586","Mixit","Набор для макияжа в сумке It-Bag Beauty Mixit",2999,0
"1000536186","Mixit","Крем-спрей для волос Mixit Perfect Hair Cream 15in1 восстанавливающий 250мл",276,499
"8000111583","Mixit","Кремовый хайлайтер на брелке Silky Pop Mixit",999,0
"8000111584","Mixit","Блеск для губ на брелке тон 01 Lip Gloss Keychain Mixit",1199,0
"1000536181","Mixit","Бальзам-ополаскиватель для волос Mixit Collagen&AminoAcids питание 1л",375,649
"8000111585","Mixit","Палетка теней для глаз на брелке Princess Eyeshadow Mixit",1499,0
"1000536173","Mixit","Бальзам-ополаскиватель для волос Mixit Wow!Volume укрепляющий 400мл",256,419
"1000536176","Mixit","Шампунь для волос Mixit Collagen&Biotin восстанавливающий 1л",441,649
"1000528459","Mixit","Соляной скраб-бальзам для тела Mixit с кокосовой стружкой 300г",315,499
"1000529038","Mixit","Пенка для лица Mixit Очищающая с мочевиной и гиалуроновой кислотой 200мл",287,499
"8000111582","Mixit","Ухаживающий бальзам для губ на брелке тон 05 LipBalm Keychain Mixit 10мл",1199,0
"1000529042","Mixit","Крем-баттер для тела Mixit аромат с ароматом амбры и бобов тонка 250г",378,499
"8000103285","Mixit","Спрей солнцезащитный для лица тела и волос SPF50 Mixit 150мл",1200,0
"1000529050","Mixit","Тоник для лица Mixit Экстра-увлажнение с мочевиной и гиалуроновой кислотой 250мл",207,319
"8000102285","Mixit","Бальзам для губ Secret Series тон 01 Mixit",2699,0
"1000536172","Mixit","Шампунь для волос Mixit Wow! Volume Укрепляющий 400мл",276,419
"8000064504","Mixit","Набор Брелок с блесками для губ Mixit Make Up тон 01 Cosmo и 02 Retro",999,0
"8000015777","Mixit","Крем для рук и тела Mixit Spa Rituals мускус 250мл",452,699
"8000050862","Mixit","Сыворотка для проблемной кожи лица Stop Acne Mixit 30мл",398,699
"8000050861","Mixit","Крем для лица Mixit увлажняющий с витамином С 50мл",469,849
"1000377233","Mixit","Тоник для лица Mixit Your Skin Normal to Dry Hydrating Tonic 150мл",379,499
"1000536184","Mixit","Шампунь для волос Mixit Keratin Bomb восстанавливающий 400мл",261,419
"1000536185","Mixit","Бальзам-ополаскиватель для волос Mixit Keratin Bomb восстанавливающий 400мл",251,419
"8000050880","Mixit","Маска-реконструктор для восстановления волос Hair Expert Mixit 400мл",899,0
"1000500897","Mixit","Сыворотка для лица Mixit Skin Chemistry увлажняющая с гиалуроновой кислотой 30мл",290,449
"8000064503","Mixit","Сыворотка для роста ресниц и бровей Grow Pro Mixit 4.5мл",799,0
"8000050880","Mixit","Маска-реконструктор для восстановления волос Hair Expert Mixit 400мл",899,0
"1000500897","Mixit","Сыворотка для лица Mixit Skin Chemistry увлажняющая с гиалуроновой кислотой 30мл",290,449
"8000064503","Mixit","Сыворотка для роста ресниц и бровей Grow Pro Mixit 4.5мл",799,0
"1000536187","Mixit","Шампунь для волос Mixit Peptide Complex укрепляющий 400мл",251,419
"8000041008","Mixit","Энзимная пудра Mixit Vitamin C Enzyme Powder с витамином С 100г",509,749
"1000536180","Mixit","Шампунь для волос Mixit Collagen&AminoAcids питание 1л",469,649
"1000500896","Mixit","Мицеллярная вода Mixit Your Skin с витамином Е 500мл",319,0
"8000111581","Mixit","Сияющая база для макияжа на брелке Diamond Foundation Mixit",1199,0
"1000528449","Mixit","Тоник для лица Mixit Универсальный с кокосовой водой 150мл",374,499
"8000074557","Mixit","Универсальный крем для кожи вокруг глаз The One Mixit 20мл",409,599
"1000529049","Mixit","Крем для лица Mixit себорегулирующий 50мл",359,0
"1000377214","Mixit","Скраб для кожи головы Mixit Grow Pro Pre-Wash Hair Scrub 200мл",358,549
"1000529043","Mixit","Крем-баттер для тела Mixit с ароматом кокоса 250г",332,499
"1000528458","Mixit","Сахарно-солевой скраб для тела Mixit с ароматом амбры и бобов тонка 300г",323,414
"1000500899","Mixit","Гидрофильное гель-масло для умывания Mixit Your Skin очищающее 150мл",549,0
"1000529045","Mixit","Пенка для лица Mixit Очищающая для нормальной и чувствительной кожи 150мл",564,699
"1000536177","Mixit","Бальзам-ополаскиватель для волос Mixit Collagen&Biotin восстанавливающий 1л",408,649
"8000053722","Mixit","Пенка для лица Mixit для глубокого очищения с экстрактом риса 150мл",447,799
"1000529047","Mixit","Крем для лица Mixit Экстра-увлажнение с мочевиной и гиалуроновой кислотой 50мл",330,379
"8000032201","Mixit","Пенка Mixit Lab очищающая витамин С комплекс церамидов гиалуроновая кислота для всех типов кожи 200мл",339,549
"1000536174","Mixit","Шампунь для волос Mixit Fresh&Clean Shampoo от перхоти 400мл",319,419
"1000551779","Mixit","Сыворотка для лица Mixit Skin Chemistry Energy Serum тонизирующий с витамином С 30мл",325,649
"8000032198","Mixit","Крем Mixit Lab увлажняющий с ниацинамидами и цинком для жирной кожи 150мл",519,0
"1000529046","Mixit","Крем для лица Mixit Экстра увлажнение с мочевиной и гиалуроновой кислотой 150мл в ассортименте",331,549
"1000360023","Mixit","Тоник для лица с кислотами для проблемной кожи Stop Acne Mixit 150мл",449,0
"8000015775","Mixit","Крем для рук и тела Mixit Spa Rituals с ароматом амбры и бобов тонка 250мл",524,0
"1000529048","Mixit","Аква-флюид для лица Mixit увлажняющий с алоэ и гиалуроновой кислотой 50мл",264,379
"8000036672","Mixit","Cпрей для объема волос Mixit Wow! Volume Spray 250мл",440,999
"1000377232","Mixit","Тоник для лица Mixit Your Skin Normal to Oily Balancing Tonic 150мл",499,0
"1000500898","Mixit","Сыворотка для лица Mixit Skin Chemistry антивозрастная с пептидами и гиалуроновой кислотой 30мл",349,449
"1000377230","Mixit","Крем для лица MiXiT Your Skin Normal to Oily Moisturizing Cream 50мл",466,849
"8000032205","Mixit","Тоник Mixit Lab витамин С комплекс церамидов гиалуроновая кислота для всех типов кожи 250мл",449,0
"8000077958","Mixit","Подарочный набор ухаживающих бальзамов для губ Mixit",1999,0
"8000032204","Mixit","Крем для лица Mixit Lab витамин С комплекс церамидов гиалуроновая кислота для всех типов кожи 150мл",599,0
"1000377208","Mixit","Пенка для умывания MiXiT Your Skin Normal to Dry Cleansing Foam 150мл",574,699
"1000377231","Mixit","Гель для умывания Mixit Your Skin Normal to Oily Cleansing Gel 150мл",599,0
"8000032204","Mixit","Крем для лица Mixit Lab витамин С комплекс церамидов гиалуроновая кислота для всех типов кожи 150мл",599,0
"1000377208","Mixit","Пенка для умывания MiXiT Your Skin Normal to Dry Cleansing Foam 150мл",574,699
"1000377231","Mixit","Гель для умывания Mixit Your Skin Normal to Oily Cleansing Gel 150мл",599,0
"8000047476","Mixit","Гель-патч для лица Mixit Stop Acne с кислотами для проблемной кожи 15мл",443,899
"1000529041","Mixit","Мусс для умывания Mixit глиняный с бамбуковым углем и ментолом 150мл",549,0
"8000105244","Mixit","Питательный крем для тела Mixit Lab Atopyx 400мл",1036,1149
"8000105245","Mixit","Гель для лица и тела Mixit Lab Atopyx 500мл",863,999
"1000360022","Mixit","Крем для лица Stop Acne Mixit 50мл",899,0
"1000528450","Mixit","Крем для лица с кокосовой водой Mixit 50мл в ассортименте",483,849
"8000053721","Mixit","Бьюти-бокс для преображения кожи Mixit",799,0
"1000315893","NIVEA","Гель-уход для душа Свежесть и забота NIVEA 250мл",239,299
"1000028838","NIVEA","Гель-уход для душа Крем и апельсин NIVEA 750мл",379,649
"1000563131","NIVEA","Бальзам после бритья с гиалуроном NIVEA Men 100мл",559,649
"1000124260","NIVEA","Увлажняющий крем универсальный NIVEA 30мл",139,0
"1000198391","NIVEA","Увлажняющий бальзам после бритья NIVEA Men 100мл",519,649
"1000198902","NIVEA","Гель-уход для душа Нежность и забота NIVEA 750мл",379,649
"1056470115","NIVEA","Бальзам для губ Вишневое сияние NIVEA",218,299
"1000196457","NIVEA","Мицеллярная вода для сухой и чувствительной кожи 3в1 NIVEA 400мл",298,429
"1056470110","NIVEA","Бальзам для губ Базовый уход NIVEA",197,299
"1000381217","NIVEA","Мицеллярная вода для очень чувствительной кожи NIVEA 200мл",219,269
"1000178477","NIVEA","Восстанавливающая пена для бритья для чувствительной кожи NIVEA Men 200мл",314,399
"1000129959","NIVEA","Крем-гель для душа Увлажнение и забота NIVEA 250мл",239,299
"1056470111","NIVEA","Бальзам для губ Восстановление и защита NIVEA",199,299
"1000356264","NIVEA","Солнцезащитный спрей SPF30 Защита и увлажнение NIVEA Sun 200мл",879,0
"8000029207","NIVEA","Мицеллярная вода для лица глаз и губ NIVEA Derma Skin Clear 400мл",395,549
"1000019272","NIVEA","Антиперспирант Невидимая защита для черного и белого Pure NIVEA 50мл",189,259
"1056470064","NIVEA","Крем-мыло Увлажнение и забота NIVEA 100г",131,199
"1000198394","NIVEA","Увлажняющая Пена для бритья Защита и уход NIVEA Men 200мл",314,399
"1056470057","NIVEA","Антиперспирант Жемчужная красота шариковый женский NIVEA 50мл",189,259
"1000019271","NIVEA","Антиперспирант Невидимая защита для черного и белого Pure NIVEA 150мл",199,329
"1056470049","NIVEA","Освежающий спрей для тела после загара с алоэ вера NIVEA Sun 200мл",529,749
"1000242249","NIVEA","Антиперспирант Эффект пудры NIVEA Fresh 50мл",189,259
"8000029210","NIVEA","Тоник для лица для проблемной кожи NIVEA Derma Skin Clear 200мл",319,449
"1000189867","NIVEA","Освежающая мицеллярная вода NIVEA 400мл",299,429
"1000536389","NIVEA","Крем для рук Экспресс уход с маслом авокадо NIVEA 50мл",169,0
"1000115731","NIVEA","Гель для душа Cпорт NIVEA 500мл",452,599
"1000139974","NIVEA","Бальзам для губ NIVEA Жемчужное сияние",241,299
"1000548391","NIVEA","Ночной крем для лица Энергия молодости антивозрастной 65+ NIVEA 50мл",320,499
"1000020679","NIVEA","Восстанавливающий бальзам для тела NIVEA SOS 250мл",399,549
"1000080043","NIVEA","Солнцезащитный лосьон для детей SPF50+ NIVEA Sun Kids 200мл",839,1349
"1000020311","NIVEA","Средство для снятия макияжа с глаз Двойной эффект NIVEA 125мл",283,399
"1000020676","NIVEA","Увлажняющий крем универсальный NIVEA Creme 250мл",297,549
"1000356263","NIVEA","Солнцезащитный спрей Защита и прохлада SPF50 водостойкий NIVEA Sun 200мл",1049,1599
"1000471217","NIVEA","Увлажняющий крем для тела интенсивный NIVEA Soft 300мл",469,699
"1000325111","NIVEA","Антиперспирант Черное и белое Невидимый NIVEA Men Extra 150мл",299,449
"1000219746","NIVEA","Дневной крем для лица Энергия молодости 55+ NIVEA 50мл",320,499
"1000471217","NIVEA","Увлажняющий крем для тела интенсивный NIVEA Soft 300мл",469,699
"1000325111","NIVEA","Антиперспирант Черное и белое Невидимый NIVEA Men Extra 150мл",299,449
"1000219746","NIVEA","Дневной крем для лица Энергия молодости 55+ NIVEA 50мл",320,499
"1000191589","NIVEA","Бальзам для губ NIVEA Аква-забота",215,299
"1000196459","NIVEA","Антиперспирант Невидимый для черного и белого NIVEA Men Fresh 150мл",299,449
"1000528515","NIVEA","Антиперспирант Райский кокос женский спрей NIVEA 150мл",218,329
"1000242241","NIVEA","Антиперспирант Эффект пудры NIVEA Fresh 150мл",218,329
"1000461025","NIVEA","Дезодорант-антиперспирант Жемчужная красота женский спрей NIVEA 150мл",199,329
"1000490377","NIVEA","Увлажняющий крем после бритья NIVEA Men Hydramax 50мл",379,499
"1000178479","NIVEA","Восстанавливающий бальзам после бритья для чувствительной кожи NIVEA Men 100мл",419,649
"1000395759","NIVEA","Гель-уход для душа Увлажнение и забота NIVEA 500мл",299,449
"1000325108","NIVEA","Антиперспирант Черное и белое Невидимый женский NIVEA Extra 50мл",189,259
"8000086405","NIVEA","Гель для бритья +100 к ультра уверенности NIVEA Men Ultra 200мл",681,0
"1056470058","NIVEA","Антиперспирант Энергия свежести NIVEA 50мл",189,259
"1000481330","NIVEA","Антиперспирант Эффект пудры Fresh женский NIVEA 50мл",265,349
"1000531901","NIVEA","Антиперспирант Нежная роза женский NIVEA 150мл",218,329
"1000379251","NIVEA","Пена для бритья NIVEA Fresh Kick 200мл",314,399
"1000198393","NIVEA","Увлажняющий гель для бритья NIVEA Men 200мл",399,649
"1000356448","NIVEA","Антиперспирант Love Be Trendy Нежная свежесть роликовый для женщин NIVEA 50мл",189,259
"1000548390","NIVEA","Дневной крем для лица Энергия молодости антивозрастной 65+ NIVEA 50мл",320,499
"1000044332","NIVEA","Гель для душа Заряд чистоты NIVEA Men 250мл",300,399
"1000235360","NIVEA","Антиперспирант Антибактериальный эффект NIVEA Men Ultra 150мл",299,449
"1000534617","NIVEA","Крем для рук Экспресс-уход с витамином Е NIVEA 50мл",119,179
"1000477999","NIVEA","Гель для душа Крем и карамболь женский NIVEA 500мл",314,449
"1000005442","NIVEA","Молочко для тела Питание и забота для сухой кожи NIVEA 250мл",369,499
"8000095609","NIVEA","Мицеллярная вода +5% сыворотка NIVEA Brightening 400мл",359,499
"1000178478","NIVEA","Восстанавливающий гель для бритья для чувствительной кожи NIVEA Men 200мл",399,649
"1056470116","NIVEA","Бальзам для губ Клубничное сияние NIVEA",241,299
"1000219747","NIVEA","Ночной крем для лица Энергия молодости 55+ NIVEA 50мл",320,499
"1000129965","NIVEA","Крем-гель для душа Молоко и абрикос NIVEA 750мл",515,649
"1000503413","NIVEA","Бальзам для губ с гиалуроновой кислотой и ментолом NIVEA Hyaluron",245,349
"1000150291","NIVEA","Гель-уход для душа Крем и кокос NIVEA 250мл",239,299
"1006470005","NIVEA","Пена для бритья для чувствительной кожи NIVEA Men 200мл",269,399
"1000481386","NIVEA","Крем для рук Масло виноградной косточки NIVEA 80мл",219,0
"1126470011","NIVEA","Увлажняющий крем для лица рук и тела интенсивный NIVEA Soft 100мл",286,369
"8000029205","NIVEA","Крем для лица 7в1 Сияющая кожа NIVEA Care 100мл",330,379
"1000481386","NIVEA","Крем для рук Масло виноградной косточки NIVEA 80мл",219,0
"1126470011","NIVEA","Увлажняющий крем для лица рук и тела интенсивный NIVEA Soft 100мл",286,369
"8000029205","NIVEA","Крем для лица 7в1 Сияющая кожа NIVEA Care 100мл",330,379
"1056470056","NIVEA","Антиперспирант Невидимая защита роликовый женский NIVEA 50мл",189,259
"1020061501","NIVEA","Успокаивающий бальзам после бритья NIVEA Men 100мл",519,649
"1000235369","NIVEA","Черный гель для бритья с активным углем NIVEA Men Ultra 200мл",334,649
"1000377009","NIVEA","Дезодорант Fresh Kick c кактусовой водой NIVEA 150мл",299,449
"1000166617","NIVEA","Крем для лица NIVEA Men 75мл",300,399
"1000235361","NIVEA","Лосьон после бритья Антибактериальный эффект NIVEA Men Ultra 100мл",449,649
"1000138005","NIVEA","Охлаждающая пена для бритья для чувствительной кожи NIVEA 200мл",314,399
"1000481333","NIVEA","Антиперспирант Original черное-белое мужской NIVEA Men 50мл",289,399
"1056470092","NIVEA","Увлажняющий крем универсальный NIVEA Creme 150мл",282,399
"1016470002","NIVEA","Дезодорант Энергия свежести NIVEA женский спрей 150мл",218,329
"1000377267","NIVEA","Лосьон после бритья мята и кактусовая вода NIVEA Men Fresh Kick 100мл",449,649
"1000481332","NIVEA","Антиперспирант Жемчужная красота женский стик NIVEA 50мл",294,349
"1000352380","NIVEA","Гиалуроновый гель для лица NIVEA Care 100мл",321,379
"1000175728","NIVEA","Увлажняющий крем для лица NIVEA Care 100мл",295,379
"1000481334","NIVEA","Антиперспирант Ultra мужской NIVEA Men 50мл",289,399
"1000219611","NIVEA","Антиперспирант Невидимый для черного и белого NIVEA Men Fresh 50мл",399,0
"1000395760","NIVEA","Гель-уход для душа Крем и роза NIVEA 500мл",299,449
"1000139074","NIVEA","Гель для душа Сила угля NIVEA Men 500мл",452,599
"1000143774","NIVEA","Гель для душа Сила угля NIVEA Men 250мл",239,399
"1000019273","NIVEA","Антиперспирант Невидимая защита для черного и белого NIVEA Clear 150мл",199,329
"5011656702","NIVEA","Гель для душа Пробуждающий 2в1 NIVEA Men 250мл",300,399
"1000273106","NIVEA","Ночной крем для лица NIVEA Care 100мл",321,379
"1056470054","NIVEA","Антиперспирант Экстремальная свежесть NIVEA Men 50мл",293,379
"1000395758","NIVEA","Гель-уход для душа Крем и кокос NIVEA 500мл",299,449
"1000016864","NIVEA","Гель-уход для душа Крем и карамболь NIVEA 250мл",239,299
"1016470001","NIVEA","Антиперспирант Жемчужная красота NIVEA 150мл",199,329
"1000316757","NIVEA","Гель для бритья Сверхскольжение NIVEA Men 200мл",399,649
"1000325110","NIVEA","Антиперспирант Черное и белое Невидимый женский NIVEA Extra 150мл",218,329
"1055670001","NIVEA","Гель-уход для душа Крем и абрикос NIVEA 250мл",239,299
"1000020675","NIVEA","Увлажняющий крем универсальный NIVEA Creme 75мл",219,279
"1000109288","NIVEA","Антиперспирант Эффект пудры NIVEA 150мл",218,329
"1000377008","NIVEA","Антиперспирант Fresh Kick с кактусовой водой роликовый мужской NIVEA 50мл",278,379
"1000108458","NIVEA","Охлаждающий гель для бритья NIVEA Men 200мл",379,649
"1000109288","NIVEA","Антиперспирант Эффект пудры NIVEA 150мл",218,329
"1000377008","NIVEA","Антиперспирант Fresh Kick с кактусовой водой роликовый мужской NIVEA 50мл",278,379
"1000108458","NIVEA","Охлаждающий гель для бритья NIVEA Men 200мл",379,649
"1000379250","NIVEA","Гель для бритья NIVEA Fresh Kick 200мл",399,649
"1000020677","NIVEA","Увлажняющий крем интенсивный NIVEA Soft 200мл",393,499
"1000273107","NIVEA","Антивозрастной крем для лица NIVEA Care 100мл",321,379
"1000109287","NIVEA","Шариковый антиперспирант Эффект пудры NIVEA 50мл",189,259
"1000001422","NIVEA","Освежающий гель для лица для нормальной и комбинированной кожи женский NIVEA 150мл",298,399
"9419630536","NIVEA","Успокаивающий гель для бритья для чувствительной кожи NIVEA Men 200мл",399,649
"1000538538","NIVEA","Дезодорант-антиперспирант Мандарин и кедр спрей NIVEA Men 150мл",310,449
"1000481335","NIVEA","Дезодорант Экстремальная свежесть мужской стик NIVEA Men 50мл",296,399
"1000263991","NIVEA","Мицеллярная вода для стойкого макияжа NIVEA Make-Up Expert 400мл",353,499
"1000381219","NIVEA","Гиалуроновая мицеллярная вода NIVEA Make Up Expert 400мл",395,499
"1000020313","NIVEA","Матирующий гель для умывания NIVEA 150мл",320,399
"1000019276","NIVEA","Шариковый антиперспирант невидимый черное и белое мужской NIVEA Original 50мл",293,379
"1000563132","NIVEA","Гель для душа Ultra Extreme NIVEA Men 500мл",452,599
"1000235368","NIVEA","Пена для бритья С активным углем NIVEA Men Ultra 200мл",314,399
"1000235362","NIVEA","Гель для душа Ультраочищение и свежесть NIVEA Men 250мл",300,399
"1056470089","NIVEA","Антиперспирант Серебряная защита NIVEA Men 50мл",293,379
"1000016840","NIVEA","Лосьон после бритья Серебряная защита NIVEA Men 100мл",402,749
"1000124254","NIVEA","Нежный мусс для умывания NIVEA Aqua Effect 150мл",405,499
"1000352516","NIVEA","Гель для душа 3в1 Boost NIVEA Men 500мл",452,599
"1000235363","NIVEA","Антиперспирант Антибактериальный эффект мужской NIVEA Men Ultra 50мл",378,0
"1000316759","NIVEA","Гель для бритья Чистая кожа NIVEA Men 200мл",511,649
"8000029206","NIVEA","Антиперспирант Ultra Extreme мужской NIVEA Men 150мл",510,0
"1000538539","NIVEA","Дезодорант-антиперспирант Грейпфрут и мята спрей NIVEA Men 150мл",310,449
"1000274556","NIVEA","Сухой шампунь 3в1 NIVEA 200мл",504,699
"1056470088","NIVEA","Антиперспирант Серебряная защита NIVEA Men 150мл",499,0
"1000123568","Natura Siberica","Бальзам для волос Natura Siberica Oblepikha Облепиховый Питание и восстановление 400мл",339,549
"8000066802","Natura Siberica","Стимулирующий шампунь для роста волос Natura Siberica Hair Growth 400мл",550,649
"8000066800","Natura Siberica","Шампунь для жирных волос глубокой очистки Sebum Control Natura Siberica Lab Biome 400мл",649,0
"1000522497","Natura Siberica","Аква-крем для лица Natura Siberica Lab Biome 3в1 дневной гиалуроновый 50мл",420,499
"1000357747","Natura Siberica","Скраб для тела Natura Siberica Skin Evolution Salty Honey 400г",349,0
"1000141422","Natura Siberica","Детский шампунь для волос Natura Siberica Little Siberica 250мл",234,419
"1000478007","Natura Siberica","Мицеллярная вода Natura Siberica Lab Biome гиалуроновая для всех типов кожи 450мл",360,549
"1000357772","Natura Siberica","Патчи для глаз Natura Siberica Lab Biome Сияние и тонус 60шт",339,499
"8000066804","Natura Siberica","Бессульфатный шампунь для чувствительной кожи головы Natura Siberica 400мл",550,649
"1000430565","Natura Siberica","Шампунь для волос Natura Siberica Ice Take It Home Hair Growth против выпадения 250мл",393,549
"1000357862","Natura Siberica","Пилинг-пудра для лица Natura Siberica Oblepikha Обновляющая 35г",516,749
"8000066807","Natura Siberica","Глубокоочищающий пилинг для кожи головы Refresh Scalp Natura Siberica Lab Biome 150мл",589,749
"1000357767","Natura Siberica","Патчи для глаз Natura Siberica Lab Biome Супер Омолаживание 60шт",368,449
"1000357748","Natura Siberica","Скраб для тела Natura Siberica Skin Evolution Spicy Berry 400г",349,0
"1000357859","Natura Siberica","Сыворотка для лица Natura Siberica Oblepikha супер увлажняющая 30мл",421,749
"1000521044","Natura Siberica","Очищающая маска для лица матирующая Natura Siberica Lab Biome Balance 75мл",288,419
"1000520743","Natura Siberica","Тоник для лица Natura Siberica Lab Biome Гиалуроновый 250мл",379,0
"8000049489","Natura Siberica","Облепиховый пилинг для кожи головы Natura Siberica 200мл",346,399
"1000430580","Natura Siberica","Спрей для волос Natura Siberica Volume Maker 200мл",434,499
"1000514656","Natura Siberica","Скраб для кожи головы Глубокое очищение Natura Siberica Oblepikha 400г",408,449
"1000357860","Natura Siberica","Гель для умывания Natura Siberica Oblepikha очищающий 150мл",414,649
"1000522595","Natura Siberica","Увлажняющая маска для лица гидрогелевая Natura Siberica Biome Hydration 75мл",323,419
"1000430563","Natura Siberica","Крем-спрей для волос Natura Siberica Ice Take It Home Keratin Injection 20в1 200мл",489,599
"1000490186","Natura Siberica","Солевой лосьон-спрей для волос Ice By Natura Siberica Volume Maker текстурирующий 200мл",509,0
"1000430574","Natura Siberica","Маска Natura Siberica Ice Take It Home Keratin Injection для поврежденных волос 200мл",518,749
"1000563178","Natura Siberica","Пенка для умывания Natura Siberica Lab Biome суперувлажняющая 150мл",394,0
"1000430572","Natura Siberica","Кондиционер Natura Siberica Ice Take It Home Keratin Injection для поврежденных волос 250мл",520,699
"1000430573","Natura Siberica","Шампунь Natura Siberica ICE Take It Home Keratin Injection для поврежденных волос 250мл",408,479
"1000026558","Natura Siberica","Масло для тела Natura Siberica Anti-Age густое сибирское белое 200мл",345,449
"8000049485","Natura Siberica","Увлажняющий гель для душа Облепиха с мятой Natura Siberica 450мл",282,0
"1000357863","Natura Siberica","Пилинг-диски Natura Siberica Oblepikha очищающие для сияния кожи 20шт",699,0
"8000031169","Natura Siberica","Лак для волос Natura Siberica Ice Professional сильной фиксации 300мл",389,649
"8000049483","Natura Siberica","Разогревающий скраб для тела облепиха на меду Natura Siberica 400г",383,0
"8000061545","Natura Siberica","Подарочный набор для лица Natura Siberica Сыворотка 50мл + Крем 50мл в ассортименте",635,999
"8000049482","Natura Siberica","Моделирующий скраб для тела облепиха с мятой Natura Siberica 400г",383,0
"8000012163","Natura Siberica","Энзимная пудра для умывания Natura Siberica Biome Hydration для всех типов кожи 60г",448,499
"8000061545","Natura Siberica","Подарочный набор для лица Natura Siberica Сыворотка 50мл + Крем 50мл в ассортименте",635,999
"8000049482","Natura Siberica","Моделирующий скраб для тела облепиха с мятой Natura Siberica 400г",383,0
"8000012163","Natura Siberica","Энзимная пудра для умывания Natura Siberica Biome Hydration для всех типов кожи 60г",448,499
"1000505577","Natura Siberica","Шампунь для тонких и ослабленных волос Укрепление и рост Natura Siberica Oblepikha 400мл",385,0
"1000563175","Natura Siberica","Сыворотка для лица Natura Siberica Lab Biome питательная 50мл",379,0
"1000522500","Natura Siberica","Крем-Филлер для лица Natura Siberica Lab Biome ночной гиалуроновый 50мл",400,549
"1000430566","Natura Siberica","Маска для волос Natura Siberica Ice Take It Home Hair Growth против выпадения волос 200мл",412,599
"8000049480","Natura Siberica","Жидкое мыло питательное Облепиха на меду Natura Siberica 450мл",314,0
"1000430564","Natura Siberica","Кондиционер против выпадения волос Ice Professional 250мл",478,699
"1000123567","Natura Siberica","Шампунь для волос Natura Siberica Для поврежденных волос облепиховый 400мл",339,549
"8000049487","Natura Siberica","Смягчающий гель для душа Облепиха и 5 ягод Natura Siberica 450мл",282,0
"8000012160","Natura Siberica","Лифтинг-флюид вокруг глаз Natura Siberica Lab Biome Hydration 30мл",599,0
"1000487485","Natura Siberica","Шампунь для поврежденных волос Natura Siberica Oblepikha 500мл",346,0
"8000049478","Natura Siberica","Жидкое мыло увлажняющее Облепиха с мятой Natura Siberica 450мл",314,0
"8000071301","Natura Siberica","Бальзам восстанавливающий для повреждённых волос Natura Siberica hair 400мл",510,0
"8000049486","Natura Siberica","Питательный гель для душа Облепиха на меду Natura Siberica 450мл",282,0
"1000518396","Natura Siberica","Мицеллярная вода Natura Siberica Lab Biome для сухой и чувствительной кожи 450мл",360,549
"1000487527","Natura Siberica","Ультра увлажняющий флюид для лица Oblepikha C-Berrica Natura Siberica 30мл",849,949
"1000505568","Natura Siberica","Бальзам для тонких и ослабленных волос Укрепление и рост Natura Siberica Oblepikha 400мл",356,0
"1000123566","Natura Siberica","Шампунь для волос Natura Siberica Oblepikha Облепиховый для всех типов волос 400мл",385,0
"1000357857","Natura Siberica","Сыворотка для лица Natura Siberica Oblepikha Антиоксидантная 30мл",428,749
"1000526978","Natura Siberica","Крем для сухой кожи Natura Siberica Lab Biome Anti-age 50мл",407,549
"8000066803","Natura Siberica","Очищающий шампунь для волос против перхоти Natura Siberica Anti Dandruff 400мл",550,649
"1000430583","Natura Siberica","Кондиционер для волос Ice Take It Home Volume Maker объем 250мл",487,699
"8000049484","Natura Siberica","Разогревающий скраб для тела облепиха и 5 ягод Natura Siberica 400г",383,0
"1000505557","Natura Siberica","Бальзам для окрашенных и осветленных волос Защита цвета Natura Siberica Oblepikha 400мл",356,0
"1000027836","Natura Siberica","Бальзам для волос Natura Siberica Защита и Блеск 400мл",449,699
"1000487524","Natura Siberica","Крем для лица Oblepikha C-Berrica Natura Siberica SPF20 50мл",530,599
"8000031179","Natura Siberica","Мусс для придания объёма волосам Natura Siberica Ice Professional 200мл",450,599
"8000049477","Natura Siberica","Жидкое мыло смягчающее Облепиха и 5 ягод Natura Siberica 450мл",314,0
"1000430567","Natura Siberica","Маска-пилинг Natura Siberica Ice Take It Home Hair Growth против выпадения волос 200мл",499,599
"1000123563","Natura Siberica","Бальзам Natura Siberica Oblepikha Облепиховый для всех типов волос 400мл",339,549
"1000176516","Natura Siberica","Шампунь для волос Natura Siberica для всех типов волос объем и уход 500мл",339,549
"1000027834","Natura Siberica","Шампунь для волос Natura Siberica защита и блеск 400мл",449,699
"8000031176","Natura Siberica","Термозащитный спрей для волос Natura Siberica Ice Professional 150мл",439,599
"1000505548","Natura Siberica","Спрей-кондиционер для сухих и поврежденных волос 7в1 Natura Siberica Oblepikha 150мл",371,0
"1000027834","Natura Siberica","Шампунь для волос Natura Siberica защита и блеск 400мл",449,699
"8000031176","Natura Siberica","Термозащитный спрей для волос Natura Siberica Ice Professional 150мл",439,599
"1000505548","Natura Siberica","Спрей-кондиционер для сухих и поврежденных волос 7в1 Natura Siberica Oblepikha 150мл",371,0
"1000430581","Natura Siberica","Шампунь для волос Ice Take It Home Volume Maker объём 250мл",461,0
"1000502775","Natura Siberica","Облепиховая маска для сухих и нормальных волос Natura Siberica 300мл",574,0
"1000357856","Natura Siberica","Крем для кожи вокруг глаз Natura Siberica Oblepikha Антиоксидантный 30мл",449,0
"1000526981","Natura Siberica","Крем для лица Natura Siberica Lab Biome Anti-age для чувствительной кожи 50мл",438,549
"1000563173","Natura Siberica","Сыворотка для лица Natura Siberica Lab Biome себорегулирующая 50мл",379,0
"8000031174","Natura Siberica","Лак для волос Natura Siberica Ice Professional экстрасильная фиксации 300мл",389,649
"1000197346","Natura Siberica","Шампунь Natura Siberica для всех типов волос Облепиха 500мл",299,449
"1000502756","Natura Siberica","Облепиховый шампунь для волос Natura Siberica 400мл",385,0
"1000526980","Natura Siberica","Крем для всех типов кожи Natura Siberica Lab Biome Anti-age 50мл",599,0
"8000049481","Natura Siberica","Облепиховое мыло для волос и тела Natura Siberica 300мл",518,0
"1000502761","Natura Siberica","Бальзам для нормальных и сухих волос Natura Siberica облепиховый 400мл",339,0
"1000509721","Natura Siberica","Укрепляющая сыворотка для кожи головы Natura Siberica Oblepikha 100мл",283,0
"8000012156","Natura Siberica","Пилинг для лица Natura Siberica Lab Biome Balance желейный 100мл",549,0
"1000526979","Natura Siberica","Крем для кожи вокруг глаз Natura Siberica Lab Biome Anti-age 30мл",549,0
"1000357764","Natura Siberica","Молочко для тела Natura Siberica Skin Evolution Taiga Angels 250мл",449,0
"1000505578","Natura Siberica","Облепиховый шампунь для окрашенных и осветленных волос Oblepikha Natura Siberica 400мл",385,0
"1000357864","Natura Siberica","Экспресс маска-энергетик для лица Natura Siberica Oblepikha 100мл",499,0
"8000049488","Natura Siberica","Тревел-набор бестселлеров Natura Siberica Oblepikha в ассортименте",436,0
"1000563179","Natura Siberica","Экстра бальзам для губ 3в1 Дикий мед Natura Siberica Lab Biome",227,259
"8000049479","Natura Siberica","Облепиховая маска для волос SOS-восстановление Natura Siberica 200мл",518,0
"1000514658","Natura Siberica","Тоник для волос Пептидное укрепление и рост Natura Siberica Oblepikha 200мл",416,0
"1000514645","Natura Siberica","Маска для окрашенных волос Антиоксидантная защита цвета Natura Siberica Oblepikha 300мл",668,799
"1000563177","Natura Siberica","Экстра бальзам для губ 3в1 Морозная вишня Natura Siberica Lab Biome",299,0
"8000117429","Old Spice","Гель для душа и шампунь Captain Old Spice 90мл",164,0
"8000015926","Old Spice","Дезодорант Old Spice твердый Rockstar 50мл",359,499
"1000397359","Old Spice","Дезодорант Old Spice Captain мужcкой твердый 85мл",376,749
"1000313791","Old Spice","Дезодорант Old Spice Deep Sea 150мл",329,499
"8000102625","Old Spice","Гель для душа 2 в 1 Cold Spice Old Spice 400мл",559,0
"1000413092","Old Spice","Дезодорант Old Spice Tigerclaw спрей 150мл",322,499
"1000483097","Old Spice","Гель для душа Old Spice Whitewater 1л",757,1049
"8000102623","Old Spice","Аэрозольный антиперспирант Cold Spice Old Spice 150мл",464,0
"1000313792","Old Spice","Дезодорант Old Spice Deep Sea 50мл",359,499
"8000026123","Old Spice","Гель для душа+Шампунь Old Spice Deep Sea 3в1 1л",799,999
"1000113103","Old Spice","Дезодорант Old Spice Bearglowe твердый 50мл",314,499
"1000483096","Old Spice","Гель для душа Old Spice Captain + шампунь мужской 1000мл",799,1049
"1000080491","Old Spice","Дезодорант Old Spice Wolfthorn стик 50мл",295,499
"1000269440","Old Spice","Гель для душа и шампунь Old Spice Captain 3в1 400мл",354,449
"1000269492","Old Spice","Дезодорант Old Spice Captain спрей 150мл",344,499
"1000457376","Old Spice","Дезодорант Old Spice стик мужской Wolfthorn 85мл",499,749
"8000015928","Old Spice","Гель для душа + шампунь Old Spice Rockstar 400мл",359,524
"1000395860","Old Spice","Дезодорант Old Spice Whitewater аэрозоль 250мл",453,749
"8000058196","Old Spice","Антиперспирант Night Power стик Old Spice 50мл",379,449
"1000196763","Old Spice","Дезодорант Old Spice Bearglove Аэрозольный 150мл",344,499
"1000413093","Old Spice","Гель для душа и шампунь Old Spice Tigerclaw 400мл",419,499
"8000036892","Old Spice","Гель для душа и шампунь 3в1 Old Spice Epic Legend 400мл",359,499
"1000196761","Old Spice","Дезодорант Old Spice Wolfthorn 150мл",344,499
"1000377266","Old Spice","Гель для душа Old Spice Wolfthorn мужской 675мл",499,749
"1000413091","Old Spice","Дезодорант Old Spice Tigerclaw стик 50мл",359,499
"1000397358","Old Spice","Дезодорант Old Spice Whitewater твердый мужcкой 85мл",458,749
"1000138440","Old Spice","Дезодорант Old Spice Whitewater стик 50мл",295,499
"1000269494","Old Spice","Дезодорант Old Spice Captain стик 50мл",344,499
"8000015927","Old Spice","Дезодорант Old Spice аэрозольный Rockstar 150мл",329,499
"8000033686","Old Spice","Твердый дезодорант Epic Legend Old Spice 50мл",359,499
"1056090092","Old Spice","Дезодорант-антиперспирант Old Spice гелевый Whitewater 70мл в ассортименте",499,599
"1000423551","Old Spice","Дезодорант Old Spice Night Panther твердый мужской 50мл",359,499
"1000196757","Old Spice","Дезодорант Old Spice Whitewater спрей 150мл",344,499
"8000058197","Old Spice","Антиперспирант Sport Power стик Old Spice 50мл",379,449
"1000377264","Old Spice","Гель для душа Old Spice Captain мужской 675мл",499,749
"1000269441","Old Spice","Гель для душа Old Spice Whitewater 400мл",359,499
"8000058197","Old Spice","Антиперспирант Sport Power стик Old Spice 50мл",379,449
"1000377264","Old Spice","Гель для душа Old Spice Captain мужской 675мл",499,749
"1000269441","Old Spice","Гель для душа Old Spice Whitewater 400мл",359,499
"8000058192","Old Spice","Дезодорант-антиперспирант Sport Power аэрозоль Old Spice 150мл",379,449
"8000058195","Old Spice","Дезодорант-антиперспирант Night Power аэрозоль Old Spice 150мл",379,449
"8000048611","Old Spice","Шампунь для волос против перхоти Old Spice Head&Shoulders 360мл",399,599
"1000545416","Palmolive","Гель для душа Арктический ветер Palmolive Men 450мл",372,499
"1000316846","Palmolive","Мыло Витамин C и апельсин Palmolive Натурэль 150г",139,0
"1000088857","Palmolive","Гель для душа Шоколадная вуаль Palmolive Гурмэ Спа 250мл",247,349
"1000187215","Palmolive","Гель для душа Твой массаж Palmolive Арома настроение 750мл",508,699
"1000553876","Palmolive","Гель для душа Настроение Palmolive Арома 250мл",247,349
"1105930016","Palmolive","Гель для душа Молоко и мед Palmolive Натурэль 750мл",465,649
"1000034527","Palmolive","Гель для душа Спорт 3в1 Palmolive Men 250мл",275,399
"1000501573","Palmolive","Гель для душа Заряд бодрости Цитрус Palmolive Men 500мл",410,549
"1000506973","Palmolive","Гель для душа инжир Palmolive Роскошь масел 500мл",353,499
"8000106678","Palmolive","Гель для душа Нежное сияние Palmolive 750мл",689,0
"8000010683","Palmolive","Гель для душа Малина и Пион Palmolive Натурэль 450мл",499,0
"1000189952","Palmolive","Гель для душа Макадамия и пион Palmolive Роскошь масел 250мл",209,349
"1000029941","Palmolive","Освежающее мыло Летний арбуз Palmolive Натурэль 90г",109,0
"1000499306","Palmolive","Гель для душа Олива Интенсивное увлажнение Palmolive 225мл",212,0
"1000219736","Palmolive","Гель для душа Ежевичный мусс Palmolive Гурмэ Спа 250мл",209,349
"1000199926","Palmolive","Мыло Масло макадамии Palmolive Роскошь масел 90г",94,0
"2400011218","Palmolive","Жидкое мыло Питание Мед и увлажняющее молочко Palmolive Натурэль 300мл",222,319
"8000010682","Palmolive","Гель для душа Малина и Пион Palmolive Натурэль 750мл",465,649
"1000448118","Palmolive","Гель для душа Олива интенсивное увлажнение Palmolive 450мл",426,0
"1000506974","Palmolive","Гель для душа Ежевичный мусс Palmolive Гурме 500мл",353,449
"1000229589","Palmolive","Гель для душа Инжир и белая орхидея Palmolive Роскошь масел 250мл",247,349
"1000028673","Palmolive","Мыло Интенсивное увлажнение Palmolive Натурэль 90г",109,0
"1000187216","Palmolive","Гель для душа Твой массаж Palmolive Арома настроение 250мл",219,349
"1000270572","Palmolive","Жидкое мыло Макадамия и пион Palmolive Роскошь масел 300мл",349,0
"1000071036","Palmolive","Гель для душа Роскошная мягкость Palmolive Натурэль 750мл",409,649
"8000106679","Palmolive","Гель для душа мужской Энергия кофе Palmolive Men 750мл",841,0
"1000134180","Palmolive","Мыло Интенсивное увлажнение Palmolive Натурэль 4шт*90г",319,0
"1000200590","Palmolive","Гель для душа Цитрусовый заряд 2в1 Palmolive Men 750мл",558,799
"1105930017","Palmolive","Гель для душа Интенсивное увлажнение Palmolive Натурэль 750мл",409,649
"1000080148","Palmolive","Гель для душа Спорт 3в1 Palmolive Men 750мл",558,799
"1000448119","Palmolive","Гель для душа Черная орхидея Palmolive 450мл",499,0
"2400011220","Palmolive","Жидкое мыло с оливковым молочком Palmolive 300мл",222,319
"1000316845","Palmolive","Мыло Натурэль Витамин B и гранат Palmolive 150г",138,0
"1055930112","Palmolive","Гель для душа и шампунь 3в1 мужской Palmolive 250мл",275,399
"1000448117","Palmolive","Гель для душа Спорт Palmolive Men 500мл",410,549
"1000313741","Palmolive","Гель для душа Арктический ветер 3в1 Palmolive 750мл",558,799
"1055930112","Palmolive","Гель для душа и шампунь 3в1 мужской Palmolive 250мл",275,399
"1000448117","Palmolive","Гель для душа Спорт Palmolive Men 500мл",410,549
"1000313741","Palmolive","Гель для душа Арктический ветер 3в1 Palmolive 750мл",558,799
"2400024813","Palmolive","Жидкое мыло Нейтрализующее запах с экстрактом лайма Palmolive 300мл",349,0
"1000306342","Pampers","Подгузники-трусики Pampers Premium Care Pants №4 9-15кг 58шт",1599,3499
"1000213575","Pampers","Трусики-подгузники Pampers Extra Large р.6 15+кг 14шт",499,699
"8000082456","Pampers","Подгузники-трусики для мальчиков и девочек р.8 19+ кг Pants Pampers 30шт",917,1999
"1000306344","Pampers","Подгузники-трусики Pampers Premium Care Pants №5 12-17кг 52шт",1599,3499
"1000388812","Pampers","Подгузники-трусики Pampers Premium Midi ночные р.3 6-11кг 28шт",699,1299
"1000443682","Pampers","Трусики-подгузники Pampers 5 Junior 12-17кг 84шт",1871,3799
"1000132720","Pampers","Трусики-подгузники Pampers 4 9-15кг Maxi 46шт",1028,1849
"1000388814","Pampers","Подгузники-трусики Pampers Premium Care Junior ночные р.5 12-17кг 20шт",727,1299
"1000306341","Pampers","Подгузники-трусики Pampers Premium Care Pants №3 6-11кг 70шт",1599,3499
"8000098120","Pampers","Ночные трусики Extra Large Pampers 68шт",1845,3499
"8000016884","Pampers","Трусики Pampers Pants 4 размер 9-15кг дневные 1шт+ночные 1шт",49,99
"8000016883","Pampers","Трусики Pampers Premium Care 3 размер 6-11кг 2шт",49,99
"1000443683","Pampers","Подгузники-трусики детские Pampers Extra Large р.6 15+кг 76шт",1914,3799
"8000016885","Pampers","Подгузники для новорожденных Pampers Premium Care 2 размер 4-8кг 2шт",49,89
"1000248189","Pampers","Подгузники-трусики Pampers Premium Care Pants №5 12-17кг 34шт",1099,2299
"1000245462","Pampers","Подгузники Pampers Premium Care р.1 2-5кг 66шт",999,1999
"1000245463","Pampers","Подгузники Pampers Premium Care Mini 4-8кг 66шт",999,1999
"1000464352","Pampers","Трусики-подгузники Pampers 7 (17+кг) 68шт",1871,3499
"1000248188","Pampers","Подгузники-трусики Pampers Premium Care Pants р.4 9-15кг 38шт",1099,2299
"8000098106","Pampers","Ночные трусики р.5 12-17кг Junior Pampers 76шт",1845,3499
"1000366713","Pampers","Подгузники Pampers ночные трусики Maxi р.4 9-15кг 30шт",645,1299
"1000388815","Pampers","Подгузники-трусики Pampers Premium Care Extra Large ночные р.6 15+ 18шт",727,1299
"1000245464","Pampers","Подгузники Pampers Premium Care р.3 6-10кг 52шт",999,1799
"1000443681","Pampers","Подгузники-трусики Pampers Pants для малышей 9-15 кг р.4 92шт",1914,3799
"1000446179","Pampers","Трусики-подгузники Pampers 7 17+кг 34шт",1055,1849
"1000388813","Pampers","Подгузники-трусики Pampers Premium Care Maxi ночные р.4 9-15кг 22шт",898,1299
"1000132721","Pampers","Трусики-подгузники Pampers Junior размер 5 12-17кг 42шт в ассортименте",1028,1849
"1056090101","Pampers","Подгузники Pampers Activebaby Maxi р.4 7-14/9-14кг 70шт в ассортименте",1244,2149
"1056090100","Pampers","Подгузники Pampers Activebaby 3 Midi 6-10 и 4-9кг 82шт",1364,2499
"1000366714","Pampers","Подгузники Pampers ночные трусики Junior р.5 12-17кг 28шт",699,1299
"1000245749","Pampers","Подгузники Pampers Active Baby dry р.5 11-16кг 60шт",1244,2149
"1000132722","Pampers","Трусики-подгузники Pampers Extra Large р.6 15+кг 38шт",1055,1849
"1000274228","Pampers","Трусики Pampers Premium Care 6 Extra Large 15+ 31шт",1099,2299
"1000366711","Pampers","Подгузники-трусики Pampers Ночные 6 Extra Large 15+кг 25шт",699,1299
"1000132719","Pampers","Трусики-подгузники Pampers Midi р.3 6-11кг 52шт",1055,1849
"1000366711","Pampers","Подгузники-трусики Pampers Ночные 6 Extra Large 15+кг 25шт",699,1299
"1000132719","Pampers","Трусики-подгузники Pampers Midi р.3 6-11кг 52шт",1055,1849
"1000045320","Pantene","Шампунь для волос Pantene Pro-V Интенсивное восстановление 400мл",349,499
"1106090196","Pantene","Шампунь для волос Pantene Pro-V Aqua Light 400мл",349,499
"1109560034","Pantene","Шампунь для волос Pantene Pro-V Густые и крепкие 400мл",349,499
"8000014360","Pantene","Маска для волос Pantene Pro-v Miracles Глубокое восстановление 300мл",599,999
"1000449201","Pantene","Бальзам-ополаскиватель Pantene Pro-V Интенсивное восстановление для поврежденных слабых волос 900мл",718,1099
"1000554208","Pantene","Маска для волос Pantene Pro-V Hydra Miracles Увлажнение и сияние 300мл",689,1199
"8000034616","Pantene","Шампунь для волос Интенсивное восстановление Pantene Pro-V 90мл",169,199
"8000023114","Pantene","Бальзам-ополаскиватель Pantene ProV 3Min Mirac Интенсивное восстановление 220мл",349,549
"8000040828","Pantene","Маска для волос Бесконечно длинные Pantene Pro-V 300мл",449,649
"1000213822","Pantene","Маска для волос Pantene Густые и крепкие 300мл",449,699
"8000050501","Pantene","Маска для волос Pro-V Miracles Molecular Bond Repair Pantene 300мл",699,999
"1000004888","Pantene","Спрей для волос Pantene Pro-V Aqua Light 150мл",395,599
"1000045357","Pantene","Спрей для волос Pantene Pro-V Интенсивное восстановление 150мл",396,599
"1000213823","Pantene","Маска для волос Pantene Pro-V Интенсивное восстановление 300мл",449,699
"8000023112","Pantene","Бальзам-ополаскиватель для волос Pantene ProV 3 Minute Miracle Бесконечно длинные 220мл",349,649
"1000329624","Pantene","Шампунь для волос Pantene Pro-V Интенсивное восстановление 900мл",718,1099
"1000225857","Pantene","Шампунь Pantene Pro-V Дополнительный объем 3в1 360мл",349,499
"1000246714","Pantene","Масло для волос Pantene Pro-V Интенсивное восстановление 100мл",569,849
"1000424345","Pantene","Крем для волос Pantene Pro-V Miracles защита волос 3в1 75мл/70мл",429,599
"1000563606","Pantene","Бальзам-ополаскиватель Pantene Pro-v Miracles Шёлк и Сияние 160мл",369,549
"1000563603","Pantene","Шампунь для волос Pantene Rose Miracles Объём от корней до кончиков 250мл",429,549
"8000023116","Pantene","Бальзам-ополаскиватель для волос Pantene Pro-V 3 Minute Miracle Густые и крепкие 220мл",379,549
"8000023117","Pantene","Бальзам-ополаскиватель Pantene Интенсивное восстановление 270мл",349,499
"1000559958","Pantene","Бальзам-ополаскиватель Pantene Miracles Укрепление от корней до кончиков 160мл",369,549
"1000563604","Pantene","Бальзам-ополаскиватель для волос Pantene Rose Miracles Объём от корней до кончиков 160мл",369,549
"8000026241","Pantene","Масло для волос Pantene ProV Miracles Мгновенный блеск 145мл",1149,0
"1000384418","Pantene","Шампунь Pantene для волос Объем 900мл",749,1099
"1000457465","Pantene","Шампунь для волос Pantene Pro-V Miracles Шелк и Сияние для восстановления волос 250мл",369,549
"8000050500","Pantene","Шампунь для волос Pro-V Miracles Molecular Bond Repair Pantene 250мл",399,499
"1000334236","Pantene","Средство для укреления волос Pantene Pro-V Miracles Пробуждение корней с кофеином и биотином 100мл",429,599
"8000050502","Pantene","Бальзам-ополакиватель для волос Pro-V Miracles Molecular Bond Repair Pantene 160мл",399,499
"1000232198","Stellary","Автоматический карандаш для бровей тон 04 Stellary",229,639
"1000471937","Stellary","Маска Stellary Skin Studio пузырьковая Oxygen Cleans",102,139
"1000543572","Stellary","Антиперспирант-спрей Stellary Summer Orchid",169,319
"8000021237","Stellary","Тушь для ресниц с эффектом удлинения Tiger Eye Black тон 01 Stellary",228,475
"1000303220","Stellary","Лак для ногтей Gel Therapy 9в1 тон 13 Stellary",146,279
"8000095228","Stellary","Палетка теней Eyeshadow Serpent Stellary тон 01",458,849
"1000376835","Stellary","Карандаш для бровей с щеточкой тон 500 Stellary",129,325
"1000174157","Stellary","Лак для ногтей тон 118 Stellary",144,229
"1000515034","Stellary","Парфюмерная вода женская Sex Honour Stellary 50мл",975,1589
"8000010990","Stellary","Патчи для глаз Stellary Skin Studio Retinol Power Гидрогелевые 32шт",496,715
"8000076651","Stellary","Сыворотка для лица Витамин С Superfood Stellary Skin Studio 30мл",419,649
"8000074375","Stellary","Карандаш для бровей с щеточкой Classic Brow Pencil Stellary тон 02",206,449
"1000232197","Stellary","Автоматический карандаш для бровей тон 03 Stellary",229,549
"1000303232","Stellary","Лак для ногтей Gel Therapy 9в1 тон 03 Stellary",146,279
"8000021246","Stellary","Тушь для ресниц с эффектом разделения Obsidian Black тон 01 Stellary",228,475
"8000074356","Stellary","Тушь для ресниц Wild Stellary тон 02 Brown",404,599
"1000084087","Stellary","Карандаш для бровей с щеточкой тон 100 Stellary",153,325
"1000303239","Stellary","Лак для ногтей Gel Therapy 9в1 тон 15 Stellary",146,279
"1000304889","Stellary","Кисть для румян и контуринга Stellary Blush contour тон 135 2.8*2.8*19см",393,459
"1000304881","Stellary","Кисть для растушевки теней Stellary тон 212 1.5*1.5*18см",387,0
"1000303219","Stellary","Лак для ногтей Gel Therapy 9в1 тон 04 Stellary",146,279
"1000398180","Stellary","Тушь для ресниц Black Onyx Stellary",348,475
"8000095224","Stellary","Палетка для лица Serpent Collection Stellary тон 01",446,649
"8000074366","Stellary","Палетка теней для век First Lady Stellary тон 02",488,0
"1000084088","Stellary","Карандаш для бровей с щеточкой тон 200 Stellary",153,325
"8000076168","Stellary","Сияющая пудра в шариках Stellary Wild Chic тон 01",519,738
"8000074369","Stellary","Палетка теней для век High Society Stellary тон 03",418,499
"1000315323","Stellary","Автоматический карандаш для бровей тон 05 Stellary",229,549
"1000304888","Stellary","Кисть для пудры Stellary Powder brush тон 141 2.8*2.8*19см",759,0
"8000106555","Stellary","Набор для идеального загара Stellary Skin Studio",1200,1899
"1000304875","Stellary","Кисть для растушевки теней Stellary №207 1.5*1.5*18см",223,289
"1000222803","Stellary","Тушь для ресниц Звездный объем Like A Star тон 01 Stellary",337,475
"1000303237","Stellary","Лак для ногтей Gel Therapy 9в1 тон 12 Stellary",146,279
"8000074351","Stellary","Тональный крем с сатиновым финишем Skin Privilege Stellary тон 02",570,941
"8000021259","Stellary","Кремовый хайлайтер для лица Rich Glow тон 01 Golden Prism Stellary",402,549
"8000074359","Stellary","Влагостойкая тушь для ресниц Wild Black Stellary тон 01",669,0
"8000074351","Stellary","Тональный крем с сатиновым финишем Skin Privilege Stellary тон 02",570,941
"8000021259","Stellary","Кремовый хайлайтер для лица Rich Glow тон 01 Golden Prism Stellary",402,549
"8000074359","Stellary","Влагостойкая тушь для ресниц Wild Black Stellary тон 01",669,0
"8000076167","Stellary","Палетка для лица и глаз Stellary Wild Chic тон 01",690,1099
"8000074364","Stellary","Водостойкая подводка для глаз Stellary тон 01",402,574
"1000303238","Stellary","Лак для ногтей Gel Therapy 9в1 тон 14 Stellary",146,279
"8000010458","Stellary","Устойчивая помада для губ Rich Nude тон 06 Stellary",518,0
"1000506091","Stellary","Жидкие румяна для лица Liquid Blush тон 01 Stellary",444,512
"1000457783","Stellary","Увлажняющая помада для губ Cult Classic с гиалуроновой кислотой тон 03 Stellary",450,0
"8000074373","Stellary","Автоматический карандаш для бровей Brow Sculpting Pencil Stellary тон 04",348,799
"1000342884","Stellary","Лайнер для бровей тон 01 Stellary",444,595
"1000232195","Stellary","Автоматический карандаш для бровей тон 01 Stellary",229,549
"1000304882","Stellary","Кисть для тональной основы Stellary тон 138 2.8*2.8*19см",791,0
"1000515035","Stellary","Парфюмерная вода Wild Cherry Stellary женская 46мл",1538,1912
"1000373572","Stellary","Контуринг для лица тон 02 Stellary",720,859
"1000304887","Stellary","Кисть для бровей Stellary двусторонняя 308 1.5*1.5*18см",311,0
"8000021255","Stellary","Румяна для лица Cashmere Blush тон 03 Natural Beige Персиковый Stellary",503,0
"1000450690","Stellary","Стойкая помада для губ жидкая матовая тон 02 Stellary",303,579
"8000074360","Stellary","Тушь для ресниц объем Millionaire Lashes Stellary тон 01",494,699
"8000043663","Stellary","Палетка теней для век Timeless Classic тон 04 Stellary",377,559
"8000043650","Stellary","Увлажняющий консилер для лица Concealer Skin Privilege тон 01 Stellary",438,599
"8000021243","Stellary","Румяна для лица Cashmere Blush тон 02 Pink Pleasure Розовый Stellary",503,0
"8000043662","Stellary","Палетка теней для век Timeless Classic тон 03 Stellary",377,559
"8000052492","Stellary","Карандаш-каял для глаз устойчивый Dubai Weekend Stellary т01",349,498
"8000095225","Stellary","Монотени для век eyeshadow Serpent Collection Stellary тон 02",419,0
"8000074358","Stellary","Подкручивающая тушь для ресниц Wild Black Stellary тон 01",645,0
"1000342885","Stellary","Лайнер для бровей тон 02 Stellary",624,0
"8000074368","Stellary","Палетка теней для век Wild Angel Stellary тон 01",458,0
"1000515037","Stellary","Парфюмерная вода Naked Goddess Stellary женская 46мл",1529,1912
"8000095223","Stellary","Монотени для век Mono Eyeshadow Serpent Stellary тон 01",432,0
"1000304760","Stellary","База для век Eye Base тон 01 Stellary",571,0
"1000480150","Stellary","Тушь для ресниц Snake объем удлинение подкручивание Stellary",784,0
"1000084085","Stellary","Карандаш для бровей с щеточкой тон 300 Stellary",204,325
"8000043659","Stellary","Палетка теней для век Timeless Classic тон 01 Stellary",377,559
"8000095221","Stellary","Оттеночный бальзам для губ Serpent Stellary тон 02",500,0
"8000010472","Stellary","Устойчивая помада для губ Rich Nude тон 12 Stellary",518,0
"8000043659","Stellary","Палетка теней для век Timeless Classic тон 01 Stellary",377,559
"8000095221","Stellary","Оттеночный бальзам для губ Serpent Stellary тон 02",500,0
"8000010472","Stellary","Устойчивая помада для губ Rich Nude тон 12 Stellary",518,0
"1000450686","Stellary","Стойкая помада для губ жидкая матовая тон 03 Stellary",303,579
"8000081304","Stellary","Парфюмерная вода Vanille&Tobacco Stellary 46мл",1538,1912
"8000073965","Stellary","Парфюмерная вода женская Patchouli Absolu Stellary 46мл",1538,1912
"8000074374","Stellary","Карандаш для бровей с щеточкой Classic Brow Pencil Stellary тон 01",341,449
"8000095229","Stellary","Карандаш для губ Serpent Collection Stellary тон 01",308,0
"1000303235","Stellary","Лак для ногтей Gel Therapy 9в1 тон 09 Stellary",146,279
"1000515036","Stellary","Парфюмерная вода Midnight Ball Stellary женская 46мл",1529,1912
"8000010465","Stellary","Устойчивая помада для губ Rich Nude тон 05 Stellary",512,0
"8000010462","Stellary","Устойчивая помада для губ Rich Nude тон 04 Stellary",518,0
"8000081302","Stellary","Парфюмерная вода Flower Hypnotique Stellary 46мл",1538,1912
"8000043655","Stellary","Увлажняющий консилер для лица Concealer Skin Privilege тон 02 Stellary",438,599
"8000095226","Stellary","Оттеночный бальзам для губ Serpent Stellary тон 01",500,0
"8000076169","Stellary","Стойкий карандаш-помада для губ Stellary Wild Chic тон 01",313,649
"8000074363","Stellary","Подводка для глаз Stellary тон 02 Brown",402,574
"1000450689","Stellary","Стойкая помада для губ жидкая матовая тон 07 Stellary",303,579
"8000010464","Stellary","Устойчивая помада для губ Rich Nude тон 23 Stellary",449,495
"8000021245","Stellary","Румяна для лица Cashmere Blush тон 01 Nude Harmony Тепло-бежевый Stellary",503,0
"8000010461","Stellary","Устойчивая помада для губ Rich Nude тон 10 Stellary",449,495
"8000043652","Stellary","Пудра для лица Compact Satin Powder тон 02 Stellary",659,0
"1000174168","Stellary","Лак для ногтей тон 102 Stellary",110,229
"8000095227","Stellary","Карандаш для губ Serpent Collection Stellary тон 02",299,0
"8000010460","Stellary","Устойчивая помада для губ Rich Nude тон 17 Stellary",449,495
"8000010457","Stellary","Устойчивая помада для губ Rich Nude тон 02 Stellary",512,0
"8000010466","Stellary","Устойчивая помада для губ Rich Nude тон 14 Stellary",518,0
"8000074377","Stellary","Карандаш для бровей с щеточкой Classic Brow Pencil Stellary тон 04",349,449
"1000303217","Stellary","Лак для ногтей Gel Therapy 9в1 тон 11 Stellary",146,279
"1000157887","Stellary","Карандаш для губ тон 10 Beige Stellary",185,269
"8000074367","Stellary","Подводка для глаз с кистью Wild Stellary тон 02 Brown",712,0
"8000074350","Stellary","Тональный крем с сатиновым финишем Skin Privilege Stellary тон 01",942,0
"1000315399","Stellary","Кремовый консилер для лица Cream Concealer тон 02 Stellary",466,635
"1000157884","Stellary","Карандаш для губ тон 07 Natural Stellary",232,269
"8000010454","Stellary","Устойчивая помада для губ Rich Nude тон 08 Stellary",518,0
"1000349084","Stellary","Супер маскирующий консилер для лица тон 04 Stellary",483,659
"1000157884","Stellary","Карандаш для губ тон 07 Natural Stellary",232,269
"8000010454","Stellary","Устойчивая помада для губ Rich Nude тон 08 Stellary",518,0
"1000349084","Stellary","Супер маскирующий консилер для лица тон 04 Stellary",483,659
"8000043654","Stellary","Пудра для лица Compact Satin Powder тон 01 Stellary",571,658
"8000010456","Stellary","Устойчивая помада для губ Rich Nude тон 24 Stellary",449,495
"1000450693","Stellary","Стойкая помада для губ жидкая матовая тон 06 Stellary",303,579
"8000021252","Stellary","Румяна для лица Cashmere Blush тон 04 Tender Rose Светло-розовый Stellary",469,0
"1000303234","Stellary","Лак для ногтей Gel Therapy 9в1 тон 08 Stellary",146,279
"8000095222","Stellary","Пудра для лица Matte Serpent Collection Stellary тон 01",630,0
"8000010463","Stellary","Устойчивая помада для губ Rich Nude тон 20 Stellary",449,495
"8000074370","Stellary","Автоматический карандаш для бровей Brow Sculpting Pencil Stellary тон 01",579,799
"8000074361","Stellary","Тушь для ресниц удлинение Millionaire Lashes Stellary тон 01",494,699
"1000174250","Stellary","Лак для ногтей тон 101 Stellary",155,229
"1000506090","Stellary","Жидкие румяна для лица Liquid Blush тон 02 Stellary",513,0
"1000457790","Stellary","Увлажняющая помада для губ Cult Classic с гиалуроновой кислотой тон 09 Stellary",450,0
"8000074376","Stellary","Карандаш для бровей с щеточкой Classic Brow Pencil Stellary тон 03",341,449
"8000010469","Stellary","Устойчивая помада для губ Rich Nude тон 19 Stellary",518,0
"1000349083","Stellary","Супер маскирующий консилер для лица тон 03 Stellary",568,659
"8000074352","Stellary","Тональный крем с сатиновым финишем Skin Privilege Stellary тон 03",942,0
"8000010451","Stellary","Устойчивая помада для губ Rich Nude тон 27 Stellary",524,0
"8000010453","Stellary","Устойчивая помада для губ Rich Nude тон 21 Stellary",518,0
"8000010459","Stellary","Устойчивая помада для губ Rich Nude тон 09 Stellary",518,0
"8000010467","Stellary","Устойчивая помада для губ Rich Nude тон 25 Stellary",535,0
"8000010452","Stellary","Устойчивая помада для губ Rich Nude тон 03 Stellary",512,0
"1000349082","Stellary","Супер маскирующий консилер для лица тон 02 Stellary",568,659
"1000457792","Stellary","Увлажняющая помада для губ Cult Classic с гиалуроновой кислотой тон 01 Stellary",440,0
"1000244093","Stellary","Карандаш для губ тон 15 Cool Nude Stellary",194,269
"8000073966","Stellary","Парфюмерная вода женская Bloom Intense Stellary 46мл",1538,1912
"8000010470","Stellary","Устойчивая помада для губ Rich Nude тон 11 Stellary",449,495
"8000074354","Stellary","Тональный крем с сатиновым финишем Skin Privilege Stellary тон 04",659,849
"8000010455","Stellary","Устойчивая помада для губ Rich Nude тон 07 Stellary",518,0
"8000074353","Stellary","Тональный крем с сатиновым финишем Skin Privilege Stellary тон 05",664,941
"8000010471","Stellary","Устойчивая помада для губ Rich Nude тон 15 Stellary",518,0
"8000043653","Stellary","Пудра для лица Compact Satin Powder тон 03 Stellary",681,0
"1000517910","Stellary","Устойчивые тени для век жидкие тон 02 Stellary",483,659
"1000315398","Stellary","Кремовый консилер для лица Cream Concealer тон 01 Stellary",666,0
"8000043653","Stellary","Пудра для лица Compact Satin Powder тон 03 Stellary",681,0
"1000517910","Stellary","Устойчивые тени для век жидкие тон 02 Stellary",483,659
"1000315398","Stellary","Кремовый консилер для лица Cream Concealer тон 01 Stellary",666,0
"8000010468","Stellary","Устойчивая помада для губ Rich Nude тон 22 Stellary",524,0
"8000043656","Stellary","Консилер для лица Stellary Concealer Skin Privilege Увлажняющий тон 04",438,599
"1000457784","Stellary","Увлажняющая помада для губ Cult Classic с гиалуроновой кислотой тон 04 Stellary",450,0
"8000074372","Stellary","Автоматический карандаш для бровей Brow Sculpting Pencil Stellary тон 03",575,799
"8000043660","Stellary","Палетка теней для век Timeless Classic тон 02 Stellary",377,559
"8000043651","Stellary","Пудра для лица Compact Satin Powder тон 04 Stellary",571,658
"1000472888","Stellary","Парфюмерная вода Mystery Garden Stellary женская",1538,1912
"8000074355","Stellary","Тушь для ресниц Wild Stellary тон 01 Black",645,0
"1000517924","Stellary","Устойчивые тени для век жидкие тон 05 Stellary",729,0
"8000043657","Stellary","Увлажняющий консилер для лица Concealer Skin Privilege тон 03 Stellary",438,599
"1000303229","Stellary","Лак для ногтей Gel Therapy 9в1 тон 02 Stellary",146,279
"1000157885","Stellary","Карандаш для губ тон 08 Warm Nude Stellary",232,269
"1000517908","Stellary","Кремовый консилер для лица тон 04 Stellary",536,0
"8000074371","Stellary","Автоматический карандаш для бровей Brow Sculpting Pencil Stellary тон 02",575,799
"1000517911","Stellary","Устойчивые тени для век жидкие тон 03 Stellary",483,659
"1000082906","Stellary","Наборные тени для век тон 20 Stellary",226,309
"1000082913","Stellary","Наборные тени для век тон 17 Stellary",230,309
"1000082914","Stellary","Наборные тени для век тон 18 Stellary",226,309
"1000082918","Stellary","Наборные тени для век тон 30 Stellary",237,309
"1000082921","Stellary","Наборные тени для век тон 23 Stellary",237,309
"1000082922","Stellary","Наборные тени для век тон 24 Stellary",237,309
"1000082937","Stellary","Наборные тени для век тон 03 Stellary",324,0
"1000082942","Stellary","Наборные тени для век тон 08 Stellary",342,0
"1000084079","Stellary","Карандаш для глаз тон 01 Белый Stellary",182,249
"1000084080","Stellary","Карандаш для глаз тон 02 Графитовый Stellary",182,249
"1000084081","Stellary","Карандаш для глаз тон 03 Шоколадный Stellary",182,249
"1000084082","Stellary","Карандаш для глаз тон 04 Черный Stellary",182,249
"1000084083","Stellary","Карандаш для глаз тон 05 Синий Stellary",182,249
"1000084533","Stellary","Карандаш для губ тон 02 Baby Pink Stellary",251,0
"1000084534","Stellary","Карандаш для губ тон 03 Terra Cotta Stellary",213,269
"1000084535","Stellary","Карандаш для губ тон 04 Plum Stellary",194,269
"1000084536","Stellary","Карандаш для губ тон 05 Latte Stellary",200,269
"1000084537","Stellary","Карандаш для губ тон 06 Coral Stellary",232,269
"1000084535","Stellary","Карандаш для губ тон 04 Plum Stellary",194,269
"1000084536","Stellary","Карандаш для губ тон 05 Latte Stellary",200,269
"1000084537","Stellary","Карандаш для губ тон 06 Coral Stellary",232,269
"1000157869","Stellary","Карандаш для глаз тон 09 Cappuchino Stellary",182,249
"1000157886","Stellary","Карандаш для губ тон 09 Cappuchino Stellary",200,269
"1000157888","Stellary","Карандаш для губ тон 11 Hot Pink Stellary",232,269
"1000157889","Stellary","Карандаш для губ тон 12 Scarlet Stellary",251,0
"1000157890","Stellary","Карандаш для губ тон 13 Cherry Stellary",251,0
"1000157891","Stellary","Карандаш для губ тон 14 Burgundy Stellary",232,269
"1000223271","Stellary","Компактная пудра Matte тон 04 Stellary",564,0
"1000223272","Stellary","Компактная пудра Matte тон 02 Stellary",550,0
"1000223274","Stellary","Компактная пудра Matte тон 03 Stellary",508,599
"1000232199","Stellary","Тушь для бровей тон 02 Stellary",435,485
"1000232200","Stellary","Прозрачный гель для бровей Stellary",214,409
"1000232201","Stellary","Тушь для бровей тон 01 Stellary",502,0
"1000245587","Stellary","Контуринг для лица тон 01 Stellary",650,859
"1000260211","Stellary","Карандаш для глаз автоматический тон 04 Stellary",248,339
"1000260212","Stellary","Карандаш для глаз автоматический тон 02 Stellary",248,339
"1000260213","Stellary","Карандаш для глаз автоматический тон 05 Stellary",248,339
"1000260214","Stellary","Карандаш для глаз автоматический тон 03 Stellary",248,339
"1000260215","Stellary","Карандаш для глаз автоматический тон 06 Stellary",248,339
"1000260216","Stellary","Автоматический карандаш для губ тон 03 Stellary",279,329
"1000260217","Stellary","Автоматический карандаш для губ тон 04 Stellary",248,329
"1000260218","Stellary","Автоматический карандаш для губ тон 05 Stellary",275,329
"1000260219","Stellary","Автоматический карандаш для губ тон 06 Stellary",283,329
"1000260220","Stellary","Автоматический карандаш для губ тон 01 Stellary",283,329
"1000260222","Stellary","Карандаш для глаз автоматический тон 01 Stellary",248,339
"1000263828","Stellary","СC-крем для лица тон 302 Stellary",483,659
"1000263829","Stellary","СC-крем для лица тон 303 Stellary",483,659
"1000263830","Stellary","СC-крем для лица тон 304 Stellary",483,659
"1000263831","Stellary","Выравнивающий тональный крем тон 104 Stellary",383,635
"1000263832","Stellary","Матирующий тональный крем тон 201 Stellary",425,635
"1000263833","Stellary","Матирующий тональный крем тон 202 Stellary",425,635
"1000263834","Stellary","Матирующий тональный крем тон 203 Stellary",425,635
"1000263835","Stellary","Матирующий тональный крем тон 204 Stellary",425,635
"1000263836","Stellary","СC-крем для лица тон 301 Stellary",614,0
"1000263834","Stellary","Матирующий тональный крем тон 203 Stellary",425,635
"1000263835","Stellary","Матирующий тональный крем тон 204 Stellary",425,635
"1000263836","Stellary","СC-крем для лица тон 301 Stellary",614,0
"1000263837","Stellary","Выравнивающий тональный крем тон 101 Stellary",383,635
"1000263838","Stellary","Выравнивающий тональный крем тон 102 Stellary",383,635
"1000263839","Stellary","Выравнивающий тональный крем тон 103 Stellary",383,635
"1000304487","Stellary","Автоматический карандаш для глаз тон 01 Black Stellary Kajal",450,0
"1000304488","Stellary","Автоматический карандаш для глаз тон 02 Brown Stellary Kajal",410,0
"1000304489","Stellary","Автоматический карандаш для глаз тон 03 Milk Stellary Kajal",464,0
"1000304734","Stellary","Крем-гель Stellary Skin Studio Hydrogen для умывания",229,329
"1000304737","Stellary","Тоник для лица Stellary Skin Studio Hydrogen увлажняющий 150мл",188,269
"1000304744","Stellary","Гель для умывания Stellary Skin Studio Superfood 120мл",229,329
"1000304745","Stellary","Лосьон-пилинг для лица Stellary Skin Studio Superfood",270,0
"1000304748","Stellary","Крем для области вокруг глаз Stellary Skin Studio Superfood ",241,329
"1000304751","Stellary","Тканевые патчи против признаков усталости кожи Stellary Skin Studio Superfood 30шт",153,219
"1000304878","Stellary","Пинцет для коррекции бровей Stellary Tweezer",168,199
"1000310059","Stellary","Точилка Stellary Jinhua для косметических карандашей 15.9г 3.6*5*2.8см",286,0
"1000334549","Stellary","Праймер для лица тон 01 Stellary",531,725
"1000343928","Stellary","Гидрогелевая маска Stellary Skin Studio для лица 1шт",168,229
"1000344183","Stellary","Сыворотка для лица Stellary Skin Studio Hydrogen Гиалуроновая кислота ",369,529
"1000344184","Stellary","Мультивитаминная сыворотка для лица Stellary Skin Studio Superfood ",369,529
"1000345179","Stellary","Накладные ресницы с клеем Supermodel 1 пара Stellary",388,529
"1000345180","Stellary","Накладные ресницы с клеем Starlette 1 пара Stellary",388,529
"1000347915","Stellary","Парфюмерная вода Summer Orchid Stellary женская 46мл",1529,1912
"1000347918","Stellary","Парфюмерная вода Oriental Flower Stellary женская 46мл",1529,1912
"1000349059","Stellary","Патчи для области вокруг глаз Stellary Skin Studio Hydrogen гидрогелевые глубокое увлажнение 60шт",684,935
"1000349060","Stellary","Пенка для умывания Stellary Skin Studio Hydrogen очищающий 150мл",321,439
"1000376125","Stellary","Гель для лица Stellary Skin Studio Hydrogen Увлажняющий ",308,419
"1000376824","Stellary","Бальзам для губ увеличивающий объем тон 03 Stellary",593,0
"1000376825","Stellary","Бальзам для губ увеличивающий объем тон 04 Stellary",415,565
"1000376826","Stellary","Бальзам для губ увеличивающий объем тон 05 Stellary",566,0
"1000376827","Stellary","Бальзам для губ увеличивающий объем тон 06 Stellary",415,565
"1000376828","Stellary","Карандаш для глаз автоматический тон 12 Stellary",248,339
"1000376829","Stellary","Бальзам для губ увеличивающий объем тон 01 Stellary",415,565
"1000376830","Stellary","Бальзам для губ увеличивающий объем тон 02 Stellary",415,565
"1000376831","Stellary","Карандаш для глаз автоматический тон 07 Stellary",248,339
"1000376829","Stellary","Бальзам для губ увеличивающий объем тон 01 Stellary",415,565
"1000376830","Stellary","Бальзам для губ увеличивающий объем тон 02 Stellary",415,565
"1000376831","Stellary","Карандаш для глаз автоматический тон 07 Stellary",248,339
"1000376832","Stellary","Карандаш для глаз автоматический тон 08 Stellary",248,339
"1000376833","Stellary","Карандаш для глаз автоматический тон 09 Stellary",248,339
"1000376836","Stellary","Карандаш для глаз автоматический тон 10 Stellary",248,339
"1000376837","Stellary","Карандаш для глаз автоматический тон 11 Stellary",248,339
"1000397943","Stellary","Набор для бровей тон 01 Blond Stellary",451,615
"1000397944","Stellary","Автоматический карандаш для губ тон 07 Stellary",275,329
"1000397949","Stellary","Набор для бровей тон 02 Brunet Stellary",645,0
"1000398179","Stellary","Тушь для ресниц Foxy Eyes Stellary",348,475
"1000398565","Stellary","Тоник-эссенция Stellary Skin Studio Hydrogen",172,329
"1000420156","Stellary","Энзимная пудра для умывания Stellary Skin Studio Hydrogen",316,459
"1000439512","Stellary","Тональный крем с эффектом идеальной кожи тон 02 Stellary",855,0
"1000439513","Stellary","Тональный крем с эффектом идеальной кожи тон 03 Stellary",816,0
"1000439514","Stellary","Тональный крем с эффектом идеальной кожи тон 04 Stellary",576,825
"1000441059","Stellary","Тональный крем с эффектом идеальной кожи тон 01 Stellary",605,825
"1000448811","Stellary","Тушь для ресниц Wild Blue Stellary",249,639
"1000450682","Stellary","Стойкая помада для губ жидкая матовая тон 09 Stellary",303,579
"1000450683","Stellary","Стойкая помада для губ жидкая матовая тон 10 Stellary",303,579
"1000450687","Stellary","Стойкая помада для губ жидкая матовая тон 04 Stellary",303,579
"1000450688","Stellary","Стойкая помада для губ жидкая матовая тон 05 Stellary",303,579
"1000450691","Stellary","Стойкая помада для губ жидкая матовая тон 08 Stellary",303,579
"1000450692","Stellary","Стойкая помада для губ жидкая матовая тон 01 Stellary",303,579
"1000457770","Stellary","Увлажняющая база под макияж Nude Skin Stellary",514,0
"1000457785","Stellary","Увлажняющая помада для губ Cult Classic с гиалуроновой кислотой тон 02 Stellary",450,0
"1000457786","Stellary","Увлажняющая помада для губ Cult Classic с гиалуроновой кислотой тон 05 Stellary",450,0
"1000457787","Stellary","Увлажняющая помада для губ Cult Classic с гиалуроновой кислотой тон 07 Stellary",450,0
"1000457788","Stellary","Увлажняющая помада для губ Cult Classic с гиалуроновой кислотой тон 08 Stellary",450,0
"1000457789","Stellary","Увлажняющая помада для губ Cult Classic с гиалуроновой кислотой тон 10 Stellary",450,0
"1000457791","Stellary","Увлажняющая помада для губ Cult Classic с гиалуроновой кислотой тон 06 Stellary",450,0
"1000471936","Stellary","Маска Stellary Skin Studio увлажняющая Ocean Power",137,0
"1000471938","Stellary","Маска Stellary Skin Studio питательная Plant Recovery",95,139
"1000471939","Stellary","Маска Stellary Skin Studio лифтинг Flame of Youth",102,139
"1000475533","Stellary","Пилинг для лица Stellary Skin Studio с молочной кислотой 5% ",79,109
"1000480151","Stellary","Тушь для ресниц Panther объем и разделение Stellary",549,749
"1000471939","Stellary","Маска Stellary Skin Studio лифтинг Flame of Youth",102,139
"1000475533","Stellary","Пилинг для лица Stellary Skin Studio с молочной кислотой 5% ",79,109
"1000480151","Stellary","Тушь для ресниц Panther объем и разделение Stellary",549,749
"1000490826","Stellary","Средство для лица Stellary Skin Studio Hydrogen 3в1",315,429
"1000492551","Stellary","Гель для лица Stellary Skin Studio Superfood с витамином С ",419,0
"1000515079","Stellary","Фетровая подводка для глаз Hypnotic Cobra тон 01 Stellary",469,659
"1000516108","Stellary","Гель для глаз Stellary Skin Studio Superfood восстанавливающий",202,275
"1000516109","Stellary","Гель для глаз Stellary Skin Studio Hydrogen охлаждающий",192,275
"1000516163","Stellary","Крем для лица Stellary Skin Studio Hydrogen увлажняющий ",234,319
"1000516164","Stellary","Крем для лица Stellary Skin Studio Superfood тонизирующий ",234,319
"1000517906","Stellary","Устойчивая помада для губ My Lip Symbol тон 08 Sweet Stellary",271,519
"1000517907","Stellary","Кремовый консилер для лица тон 03 Stellary",536,0
"1000517912","Stellary","Устойчивая помада для губ My Lip Symbol тон 02 Honey Stellary",271,519
"1000517913","Stellary","Устойчивая помада для губ My Lip Symbol тон 03 Angel Stellary",271,519
"1000517914","Stellary","Устойчивая помада для губ My Lip Symbol тон 04 Queen Stellary",271,519
"1000517915","Stellary","Устойчивая помада для губ My Lip Symbol тон 05 First Stellary",271,519
"1000517916","Stellary","Устойчивая помада для губ My Lip Symbol тон 06 Sexy Stellary",271,519
"1000517917","Stellary","Устойчивая помада для губ My Lip Symbol тон 07 Vamp Stellary",271,519
"1000517918","Stellary","Устойчивая помада для губ My Lip Symbol тон 09 Star Stellary",271,519
"1000517920","Stellary","Устойчивая помада для губ My Lip Symbol тон 10 Love Stellary",271,519
"1000517921","Stellary","Кремовый консилер для лица тон 01 Stellary",536,0
"1000517922","Stellary","Устойчивая помада для губ My Lip Symbol тон 01 Lady Stellary",271,519
"1000517923","Stellary","Кремовый консилер для лица тон 02 Stellary",530,0
"1000546649","Stellary","Тональный крем для лица Matte Icon Foundation тон 01 Stellary",785,899
"1000546650","Stellary","Тональный крем для лица Matte Icon Foundation тон 02 Stellary",659,899
"1000546651","Stellary","Тональный крем для лица Matte Icon Foundation тон 03 Stellary",659,899
"1000546652","Stellary","Тональный крем для лица Matte Icon Foundation тон 04 Stellary",659,899
"1000559752","Stellary","Коричневый гель для бровей Stellary",214,409
"1000559753","Stellary","Тональный крем для лица Cult Matte тон 01 Stellary",363,495
"1000559754","Stellary","Тональный крем для лица Cult Matte тон 02 Stellary",363,495
"1000559755","Stellary","Тональный крем для лица Cult Matte тон 03 Stellary",363,495
"1000559756","Stellary","Тональный крем для лица Cult Matte тон 04 Stellary",363,495
"1000559757","Stellary","Тональный крем для лица Star Nude тон 01 Stellary",363,495
"1000559758","Stellary","Тональный крем для лица Star Nude тон 02 Stellary",363,495
"1000559759","Stellary","Тональный крем для лица Star Nude тон 03 Stellary",363,495
"1000559760","Stellary","Тональный крем для лица Star Nude тон 04 Stellary",363,495
"1000559758","Stellary","Тональный крем для лица Star Nude тон 02 Stellary",363,495
"1000559759","Stellary","Тональный крем для лица Star Nude тон 03 Stellary",363,495
"1000559760","Stellary","Тональный крем для лица Star Nude тон 04 Stellary",363,495
"8000009548","Stellary","Гидрофильное масло Stellary Skin Studio Superfood для очищения кожи ",515,715
"8000012344","Stellary","Блеск-плампер для губ Poison Kiss тон 01 Stellary",429,612
"8000012345","Stellary","Блеск-плампер для губ Poison Kiss тон 06 Stellary",429,612
"8000012346","Stellary","Матирующий фиксатор-спрей для лица Matte Icon Stellary",479,549
"8000012347","Stellary","Плампер для губ пролонгирующего действия тон 01 Stellary",429,635
"8000012348","Stellary","Тушь для ресниц Volume Ambition Stellary",796,0
"8000012349","Stellary","Влагостойкая тушь для ресниц Lash Status тон 01 Stellary",564,769
"8000012350","Stellary","Блеск-плампер для губ Poison Kiss тон 04 Stellary",429,612
"8000012351","Stellary","Блеск-плампер для губ Poison Kiss тон 03 Stellary",429,612
"8000012352","Stellary","Тушь для ресниц Long Privilege Stellary",796,0
"8000012353","Stellary","Блеск-плампер для губ Poison Kiss тон 02 Stellary",429,612
"8000012354","Stellary","Блеск-плампер для губ Poison Kiss тон 05 Stellary",429,612
"8000012840","Stellary","Накладные ресницы с клеем Stellary",398,529
"8000017670","Stellary","Сыворотка Stellary Skin Studio Superfood ночная обновляющая 30мл",387,499
"8000017695","Stellary","Крем для лица Stellary Skin Studio Superfood ночной 50мл",402,549
"8000017696","Stellary","Пенка для умывания Stellary Skin Studio Superfood обновляющая 160мл",266,449
"8000017697","Stellary","Крем для лица Stellary Skin Studio Hydrogen дневной увлажняющий 50мл",337,549
"8000017699","Stellary","Крем для лица Stellary Skin Studio Hydrogen ночной увлажняющий 50мл",402,549
"8000017700","Stellary","Крем для лица Stellary Skin Studio Superfood дневной 50мл",402,549
"8000017721","Stellary","Крем для лица Stellary Skin Studio Retinol Power для коррекции морщин 30мл",476,699
"8000017722","Stellary","Тоник для лица Stellary Skin Studio Retinol Power 150мл",194,249
"8000017723","Stellary","Пенка для умывания Stellary Skin Studio Retinol Power 160мл",321,449
"8000017724","Stellary","Крем для глаз и губ Stellary Skin Studio Retinol Power 20мл",293,349
"8000017725","Stellary","Крем-гель для умывания Stellary Skin Studio Retinol Power 120мл",241,319
"8000017726","Stellary","Сыворотка для лица Stellary Skin Studio Retinol Power ночная 30мл",381,499
"8000017753","Stellary","Крем для лица Stellary Skin Studio Retinol Power дневной 50мл",665,749
"8000017754","Stellary","Крем для лица Stellary Skin Studio Retinol Power ночной 50мл",574,749
"8000017755","Stellary","Сыворотка для лица Stellary Skin Studio Retinol Power разглаживающая 30мл",439,649
"8000021235","Stellary","Блеск для губ Idealist тон 02 Жемчужный Stellary",176,349
"8000021236","Stellary","Масло для губ Stellary тон 05 Ruby Stellary",522,0
"8000021238","Stellary","Блеск для губ Idealist тон 06 Бежевый Stellary",176,349
"8000021239","Stellary","Кремовый контуринг для лица Soft Lines тон 01 Холодно-бежевый Stellary",417,595
"8000021240","Stellary","Рассыпчатая пудра для лица фиксирующая тон 02 Transparent Banana Stellary",431,589
"8000021238","Stellary","Блеск для губ Idealist тон 06 Бежевый Stellary",176,349
"8000021239","Stellary","Кремовый контуринг для лица Soft Lines тон 01 Холодно-бежевый Stellary",417,595
"8000021240","Stellary","Рассыпчатая пудра для лица фиксирующая тон 02 Transparent Banana Stellary",431,589
"8000021241","Stellary","Кремовый контуринг для лица Soft Lines тон 02 Серо-коричневый Stellary",417,595
"8000021242","Stellary","Масло для губ Stellary тон 02 Diamond Stellary",522,0
"8000021244","Stellary","Масло для губ Stellary тон 04 Opal Stellary",546,0
"8000021247","Stellary","Масло для губ Stellary тон 01 Gold Stellary",546,0
"8000021248","Stellary","Блеск для губ Idealist тон 08 Прозрачно-розовый Stellary",176,349
"8000021249","Stellary","Блеск для губ Idealist тон 11 Светло-малиновый Stellary",176,349
"8000021250","Stellary","Блеск для губ Idealist тон 12 Коричнево-бежевый Stellary",176,349
"8000021253","Stellary","Тинт для губ Russian Lips тон 03 Stellary",358,489
"8000021254","Stellary","Тинт для губ Russian Lips тон 01 Stellary",358,489
"8000021256","Stellary","Блеск для губ Idealist тон 10 Красно-розовый Stellary",176,349
"8000021257","Stellary","Блеск для губ Idealist тон 09 Розовый Stellary",176,349
"8000021258","Stellary","Блеск для губ Idealist тон 04 Перламутрово-розовый Stellary",176,349
"8000021260","Stellary","Тинт для губ Russian Lips тон 04 Stellary",358,489
"8000021261","Stellary","Блеск для губ Idealist тон 03 Перламутровый Stellary",176,349
"8000021262","Stellary","Блеск для губ Idealist тон 01 Прозрачный Stellary",176,349
"8000021263","Stellary","Блеск для губ Idealist тон 05 Перламутрово-бежевый Stellary",176,349
"8000021264","Stellary","Блеск для губ Idealist тон 07 Теплый розовый Stellary",176,349
"8000021265","Stellary","Тинт для губ Russian Lips тон 02 Stellary",358,489
"8000021266","Stellary","Масло для губ Stellary тон 03 Topaz Stellary",522,0
"8000041302","Stellary","Мицеллярная вода Stellary Skin Studio 100мл",189,249
"8000043661","Stellary","Блеск для губ Lipgloss Big Lips тон 01 Stellary",344,491
"8000043664","Stellary","Блеск для губ Lipgloss Big Lips тон 02 Stellary",344,491
"8000043665","Stellary","Блеск для губ Lipgloss Big Lips тон 03 Stellary",344,491
"8000043666","Stellary","Блеск для губ Lipgloss Big Lips тон 04 Stellary",344,491
"8000043667","Stellary","Блеск для губ Lipgloss Big Lips тон 05 Stellary",344,491
"8000043668","Stellary","Блеск для губ Lipgloss Big Lips тон 06 Stellary",344,491
"8000043669","Stellary","Блеск для губ Lipgloss Big Lips тон 07 Stellary",344,491
"8000043670","Stellary","Блеск для губ Lipgloss Big Lips тон 10 Stellary",344,491
"8000043671","Stellary","Блеск для губ Lipgloss Big Lips тон 08 Stellary",344,491
"8000043672","Stellary","Блеск для губ Lipgloss Big Lips тон 09 Stellary",344,491
"8000043673","Stellary","Блеск для губ Lipgloss Big Lips тон 12 Stellary",344,491
"8000043674","Stellary","Блеск для губ Lipgloss Big Lips тон 11 Stellary",344,491
"8000043675","Stellary","Блеск для губ Lipgloss Big Lips тон 14 Stellary",344,491
"8000043673","Stellary","Блеск для губ Lipgloss Big Lips тон 12 Stellary",344,491
"8000043674","Stellary","Блеск для губ Lipgloss Big Lips тон 11 Stellary",344,491
"8000043675","Stellary","Блеск для губ Lipgloss Big Lips тон 14 Stellary",344,491
"8000043676","Stellary","Блеск для губ Lipgloss Big Lips тон 15 Stellary",344,491
"8000043677","Stellary","Блеск для губ Lipgloss Big Lips тон 16 Stellary",344,491
"8000043678","Stellary","Блеск для губ Lipgloss Big Lips тон 13 Stellary",344,491
"8000045862","Stellary","Энзимная пудра для умывания Stellary Skin Studio Superfood 60г",407,549
"8000045863","Stellary","Пилинг для лица Обновляющий красный Stellary Skin Studio Superfood 30мл",399,499
"8000053719","Stellary","Глиняная маска для лица с кислотами Stellary Skin Studio Superfood 5мл",113,139
"8000060388","Stellary","Подарочный набор тканевых масок для лица Stellary Skin Studio Spa Rituals 4шт в ассортименте",367,599
"1000471938","Stellary Skin Studio","Маска Stellary Skin Studio питательная Plant Recovery",95,139
"1000475533","Stellary Skin Studio","Пилинг для лица Stellary Skin Studio с молочной кислотой 5% ",79,109
"1000304751","Stellary Skin Studio","Тканевые патчи против признаков усталости кожи Stellary Skin Studio Superfood 30шт",153,219
"8000045863","Stellary Skin Studio","Пилинг для лица Обновляющий красный Stellary Skin Studio Superfood 30мл",399,499
"8000017723","Stellary Skin Studio","Пенка для умывания Stellary Skin Studio Retinol Power 160мл",321,449
"1000343928","Stellary Skin Studio","Гидрогелевая маска Stellary Skin Studio для лица 1шт",168,229
"1000471936","Stellary Skin Studio","Маска Stellary Skin Studio увлажняющая Ocean Power",137,0
"1000304734","Stellary Skin Studio","Крем-гель Stellary Skin Studio Hydrogen для умывания",229,329
"8000017726","Stellary Skin Studio","Сыворотка для лица Stellary Skin Studio Retinol Power ночная 30мл",381,499
"8000017696","Stellary Skin Studio","Пенка для умывания Stellary Skin Studio Superfood обновляющая 160мл",266,449
"1000304744","Stellary Skin Studio","Гель для умывания Stellary Skin Studio Superfood 120мл",229,329
"1000471937","Stellary Skin Studio","Маска Stellary Skin Studio пузырьковая Oxygen Cleans",102,139
"8000017670","Stellary Skin Studio","Сыворотка Stellary Skin Studio Superfood ночная обновляющая 30мл",387,499
"1000349060","Stellary Skin Studio","Пенка для умывания Stellary Skin Studio Hydrogen очищающий 150мл",321,439
"8000017725","Stellary Skin Studio","Крем-гель для умывания Stellary Skin Studio Retinol Power 120мл",241,319
"1000420156","Stellary Skin Studio","Энзимная пудра для умывания Stellary Skin Studio Hydrogen",316,459
"1000398565","Stellary Skin Studio","Тоник-эссенция Stellary Skin Studio Hydrogen",172,329
"8000010990","Stellary Skin Studio","Патчи для глаз Stellary Skin Studio Retinol Power Гидрогелевые 32шт",496,715
"8000060388","Stellary Skin Studio","Подарочный набор тканевых масок для лица Stellary Skin Studio Spa Rituals 4шт в ассортименте",367,599
"8000053719","Stellary Skin Studio","Глиняная маска для лица с кислотами Stellary Skin Studio Superfood 5мл",113,139
"1000349059","Stellary Skin Studio","Патчи для области вокруг глаз Stellary Skin Studio Hydrogen гидрогелевые глубокое увлажнение 60шт",684,935
"1000516163","Stellary Skin Studio","Крем для лица Stellary Skin Studio Hydrogen увлажняющий ",234,319
"8000076651","Stellary Skin Studio","Сыворотка для лица Витамин С Superfood Stellary Skin Studio 30мл",419,649
"8000017753","Stellary Skin Studio","Крем для лица Stellary Skin Studio Retinol Power дневной 50мл",665,749
"1000304748","Stellary Skin Studio","Крем для области вокруг глаз Stellary Skin Studio Superfood ",241,329
"8000017721","Stellary Skin Studio","Крем для лица Stellary Skin Studio Retinol Power для коррекции морщин 30мл",476,699
"1000516108","Stellary Skin Studio","Гель для глаз Stellary Skin Studio Superfood восстанавливающий",202,275
"1000516109","Stellary Skin Studio","Гель для глаз Stellary Skin Studio Hydrogen охлаждающий",192,275
"1000304745","Stellary Skin Studio","Лосьон-пилинг для лица Stellary Skin Studio Superfood",270,0
"8000017697","Stellary Skin Studio","Крем для лица Stellary Skin Studio Hydrogen дневной увлажняющий 50мл",337,549
"1000376125","Stellary Skin Studio","Гель для лица Stellary Skin Studio Hydrogen Увлажняющий ",308,419
"1000471939","Stellary Skin Studio","Маска Stellary Skin Studio лифтинг Flame of Youth",102,139
"8000017755","Stellary Skin Studio","Сыворотка для лица Stellary Skin Studio Retinol Power разглаживающая 30мл",439,649
"8000017724","Stellary Skin Studio","Крем для глаз и губ Stellary Skin Studio Retinol Power 20мл",293,349
"1000304737","Stellary Skin Studio","Тоник для лица Stellary Skin Studio Hydrogen увлажняющий 150мл",188,269
"8000041302","Stellary Skin Studio","Мицеллярная вода Stellary Skin Studio 100мл",189,249
"8000017724","Stellary Skin Studio","Крем для глаз и губ Stellary Skin Studio Retinol Power 20мл",293,349
"1000304737","Stellary Skin Studio","Тоник для лица Stellary Skin Studio Hydrogen увлажняющий 150мл",188,269
"8000041302","Stellary Skin Studio","Мицеллярная вода Stellary Skin Studio 100мл",189,249
"8000017722","Stellary Skin Studio","Тоник для лица Stellary Skin Studio Retinol Power 150мл",194,249
"8000017699","Stellary Skin Studio","Крем для лица Stellary Skin Studio Hydrogen ночной увлажняющий 50мл",402,549
"8000106555","Stellary Skin Studio","Набор для идеального загара Stellary Skin Studio",1200,1899
"8000017754","Stellary Skin Studio","Крем для лица Stellary Skin Studio Retinol Power ночной 50мл",574,749
"1000516164","Stellary Skin Studio","Крем для лица Stellary Skin Studio Superfood тонизирующий ",234,319
"8000017700","Stellary Skin Studio","Крем для лица Stellary Skin Studio Superfood дневной 50мл",402,549
"1000344183","Stellary Skin Studio","Сыворотка для лица Stellary Skin Studio Hydrogen Гиалуроновая кислота ",369,529
"1000344184","Stellary Skin Studio","Мультивитаминная сыворотка для лица Stellary Skin Studio Superfood ",369,529
"1000490826","Stellary Skin Studio","Средство для лица Stellary Skin Studio Hydrogen 3в1",315,429
"1000457770","Stellary Skin Studio","Увлажняющая база под макияж Nude Skin Stellary",514,0
"8000017695","Stellary Skin Studio","Крем для лица Stellary Skin Studio Superfood ночной 50мл",402,549
"1000492551","Stellary Skin Studio","Гель для лица Stellary Skin Studio Superfood с витамином С ",419,0
"8000009548","Stellary Skin Studio","Гидрофильное масло Stellary Skin Studio Superfood для очищения кожи ",515,715
"8000045862","Stellary Skin Studio","Энзимная пудра для умывания Stellary Skin Studio Superfood 60г",407,549
"8000033181","Synergetic","Стиральный порошок Synergetic Color для цветного белья 1.5кг",299,349
"1000243465","Synergetic","Средство для мытья посуды Synergetic сочный арбуз 1л",198,349
"1000293232","Synergetic","Средство для мытья посуды и детских игрушек Synergetic Зеленый чай 500мл",99,249
"1000243467","Synergetic","Средство для мытья посуды Synergetic Сочный апельсин 1л",199,349
"1000528514","Synergetic","Гель-бальзам для мытья посуды Synergetic Базилик-мята 1л",239,349
"8000032528","Synergetic","Кондиционер для белья ваниль лист табака бергамот Synergetic Emotions 1.8л",299,549
"1000263930","Synergetic","Гель для стирки Synergetic для детского белья гипоаллергенный 1л",263,549
"8000071972","Synergetic","Реминерализующая зубная паста Active Complex Synergetic 240г",278,499
"1000361435","Synergetic","Гель для стирки Synergetic детского белья 2.75л",799,1199
"1000451017","Synergetic","Кондиционер для белья Synergetic Нежное прикосновение 1.5л",249,399
"1000306108","Synergetic","Зубная паста Synergetic Интенсивное отбеливание 100г",179,349
"1000348177","Synergetic","Средство для мытья полов Synergetic Горная лаванда 750мл",169,299
"1000315011","Synergetic","Таблетки для посудомоечных машин Synergetic 25шт",377,899
"1000315012","Synergetic","Таблетки для посудомоечных машин Synergetic 55шт",699,1499
"1000306107","Synergetic","Зубная паста Synergetic Деликатное отбеливание 100мл",179,349
"1000261459","Synergetic","Средство для мытья детской посуды сосок бутылочек и игрушек Synergetic 500мл",149,199
"1000514589","Synergetic","Гель для стирки Synergetic Universal Бескрайний океан 1.5л",369,799
"1000226842","Synergetic","Средство чистящее Synergetic для кухонных плит 500мл",158,349
"1000221944","Synergetic","Средство для мытья окон Synergetic 500мл",160,249
"1000306110","Synergetic","Зубная паста Synergetic Активная защита 100г",179,349
"1000516563","Synergetic","Крем-гель для душа Synergetic Body Therapy Манговый мусс 380мл",179,269
"1000467181","Synergetic","Пилинг для кожи головы Synergetic Натуральный Глубокое очищение тонизирующий 110мл",199,349
"1000516949","Synergetic","Гель для стирки Synergetic 3in1 Магическая орхидея 2.28л",499,799
"1000454353","Synergetic","Освежитель воздуха Synergetic Пачули и нероли/Миндаль и яблоневый цвет 380мл в ассортименте",169,269
"1000306109","Synergetic","Зубная паста Synergetic Для чувствительных зубов и десен 100г",179,349
"1000454947","Synergetic","Кондиционер для белья Synergetic Магическая орхидея 1.5л",249,399
"1000464157","Synergetic","Морская соль для ванн с маслом лаванды Synergetic 1кг",219,349
"1000232575","Synergetic","Мыло жидкое Synergetic Миндальное молочко 500мл",122,239
"1000516560","Synergetic","Гель для душа Synergetic Body Therapy Энергия цитруса мужской 380мл",189,269
"1000244517","Synergetic","Средство для стирки Synergetic гипоаллергенный 1л",299,549
"1000454951","Synergetic","Кондиционер для белья Synergetic Лавандовое поле 1.5л",249,399
"1000454948","Synergetic","Кондиционер для белья Synergetic Бескрайний океан 1.5л",249,399
"1000386660","Synergetic","Пятновыводитель-отбеливатель Synergetic Эко для цветных и белых тканей 10 стирок",259,399
"1000226843","Synergetic","Средство для мытья сантехники Synergetic 500мл",216,399
"1000293233","Synergetic","Средство для мытья посуды и детских игрушек Synergetic Гранат 500мл",99,249
"1000245682","Synergetic","Мыло жидкое Synergetic Аромамагия 500мл",148,239
"1000226843","Synergetic","Средство для мытья сантехники Synergetic 500мл",216,399
"1000293233","Synergetic","Средство для мытья посуды и детских игрушек Synergetic Гранат 500мл",99,249
"1000245682","Synergetic","Мыло жидкое Synergetic Аромамагия 500мл",148,239
"1000516562","Synergetic","Гель для душа Synergetic Body Therapy Масло миндаля 380мл",179,269
"1000499511","Synergetic","Капсулы для стирки Synergetic Color 12шт",271,419
"1000221946","Synergetic","Средство для чистки труб Synergetic 1л",177,259
"8000032527","Synergetic","Кондиционер для белья спелая вишня сандал ваниль Synergetic Emotions 1.8л",299,549
"1000221945","Synergetic","Средство для мытья сантехники Synergetic 1л",239,349
"1000386661","Synergetic","Пятновыводитель Synergetic для предварительной обработки пятен с щеткой 250мл",259,399
"1000324088","Synergetic","Стиральный порошок Synergetic универсальный 50 стирок",1199,1499
"1000244718","Synergetic","Пятновыводитель Synergetic универсальный 1л",249,329
"1000355042","Synergetic","Стиральный порошок Synergetic Eco суперконцентрат 20 стирок 500г",335,649
"8000031131","Synergetic","Гель для душа Black Pepper Synergetic 750мл",399,499
"1000425983","Synergetic","Скраб для тела Synergetic Натуральный солевой антицеллюлитный пачули и ароматный бергамот 300мл",264,399
"1000221974","Synergetic","Средство для мытья посуды Synergetic Сочный лимон/Сочное яблоко/Алоэ вера 500мл в ассортименте",99,249
"1000400584","Synergetic","Крем-мыло Synergetic антибактериальное Кокосовое молочко 3.5л",1066,1249
"1000425982","Synergetic","Скраб для тела Synergetic Натуральный кофейный тонус и упругость Кофе и зелёный лайм 300мл",264,399
"8000032524","Synergetic","Кондиционер для белья Synergetic Emotions освежающая мята иланг-иланг и малина 1.8л",299,549
"1000321478","Synergetic","Средство для мытья посуды и детских игрушек Synergetic Зеленый чай 1л",199,349
"1000460977","Synergetic","Крем для рук и тела Synergetic пачули и аромат бергамота 380мл",228,399
"1000493577","Synergetic","Бальзам для волос Synergetic Hair Therapy объем и густота 360мл",199,399
"1000499275","Synergetic","Крем для ног Synergetic смягчающий для сухой кожи 75мл",179,249
"1000514714","Synergetic","Крем для рук Synergetic увлажняющий масло макадамии 75мл",179,269
"8000080033","Synergetic","Крем-мыло для рук и тела Уд-нероли Synergetic 750мл",519,0
"1000244518","Synergetic","Кондиционер для белья Synergetic Райский сад 1л",188,299
"1000523500","Synergetic","Освежитель воздуха Synergetic ирис /имбирь /можжевельник 380мл в ассортименте",169,269
"1000493572","Synergetic","Шампунь Synergetic Hair Therapy объем густых волос 400мл",229,399
"8000073872","Synergetic","Парфюмированный гель-шампунь 2в1 для мужчин Aqua Enjoy Synergetic 750мл",696,0
"1000245685","Synergetic","Жидкое мыло Synergetic Фруктовый микс 500мл",159,239
"8000032526","Synergetic","Кондиционер для белья фрезия палисандр бергамот Synergetic Emotions 1.8л",299,549
"1000551610","Synergetic","Зубная щетка Synergetic для взрослых средней жёсткости JBrush зелёная",185,278
"1000493573","Synergetic","Шампунь Synergetic Hair Therapy укрепление и питание 400мл",229,399
"1000472319","Synergetic","Гель для душа Synergetic Кокос и масло макадамии 750мл",294,749
"1000243466","Synergetic","Отбеливатель Synergetic 1л",199,249
"1000516453","Synergetic","Таблетки для посудомоечных машин Synergetic Ultra Power 55шт",671,1249
"1000482560","Synergetic","Капсулы для стирки Synergetic Color 40шт",608,1299
"1000243466","Synergetic","Отбеливатель Synergetic 1л",199,249
"1000516453","Synergetic","Таблетки для посудомоечных машин Synergetic Ultra Power 55шт",671,1249
"1000482560","Synergetic","Капсулы для стирки Synergetic Color 40шт",608,1299
"1000438281","Synergetic","Гель для стирки Synergetic для цветного белья гипоаллергенный 1.5л",368,799
"1000527330","Synergetic","Крем-лифтинг для тела Synergetic увлажняющий с экстрактами вербены и лемонграсса 300мл",459,699
"1000531643","Synergetic","Гель для стирки Synergetic для цветного белья гипоаллергенный 2.28л",499,799
"8000031128","Synergetic","Гель для душа Cherry Synergetic 750мл",567,649
"1000453998","Synergetic","Бальзам для волос Synergetic Объем и укрепление 400мл",271,469
"1000515803","Synergetic","Пенка для интимной гигиены Synergetic с молочной кислотой 150мл",211,419
"8000021842","Synergetic","Гель для стирки Synergetic 2в1 c пятновыводителем 1.5л",369,799
"8000032525","Synergetic","Кондиционер для белья цветущий миндаль груша жасмин Synergetic Emotions 1.8л",299,549
"1000516561","Synergetic","Гель для душа Synergetic Body Therapy Чайная роза женский 380мл",179,269
"1000514588","Synergetic","Гель для стирки Synergetic 3в1 Магическая орхидея 1.5л",369,799
"1000458027","Synergetic","Кондиционер для белья Synergetic Аромамагия 1л",189,299
"1000453995","Synergetic","Шампунь для волос Synergetic бессульфатный Питание и восстановление 400мл",213,469
"1000425300","Synergetic","Шампунь для волос Synergetic 2в1 натуральный экстрамягкий 750мл",499,699
"1000454000","Synergetic","Маска для волос Synergetic Питание и восстановление 300мл",399,0
"1000453999","Synergetic","Шампунь Synergetic для чувствительной кожи бессульфатный против перхоти 750мл",499,699
"1000438280","Synergetic","Гель для стирки Synergetic для всех видов тканей гипоаллергенный 1.5л",369,799
"1000454002","Synergetic","Шампунь против выпадения волос Synergetic Hair Therapy 400мл",199,399
"8000031126","Synergetic","Мыло-пена для рук Synergetic Tobacco-vanille 500мл",299,449
"8000033203","Synergetic","Стиральный порошок Synergetic Color для цветного белья 3кг",443,699
"1000453996","Synergetic","Шампунь Synergetic Объем и укрепление бессульфатный 400мл",279,469
"4000107712","Synergetic","Пленка пищевая Synergetic Lomberta 150м",264,319
"8000031130","Synergetic","Мыло-пенка для рук Cherry Synergetic 500мл",349,449
"1000454001","Synergetic","Маска для роста волос Synergetic Тонизирующая 300мл",399,0
"1000454003","Synergetic","Шампунь-бальзам для волос Synergetic Hair Therapy Против перхоти 400мл",229,399
"1000453997","Synergetic","Бальзам для волос Synergetic Питание и восстановление 400мл",291,469
"1000453994","Synergetic","Шампунь + гель для душа Synergetic мужская энергия и сила 400мл",279,469
"1000493574","Synergetic","Бальзам Synergetic Hair Therapy Ежедневный уход 360мл",229,399
"8000080032","Synergetic","Крем-мыло для рук и тела Сандал-шалфей Synergetic 750мл",519,0
"8000046106","Uno","Детская футболка белая р.128 Uno Pronika",183,0
"8000046105","Uno","Детская футболка белая р.122 Uno Pronika",190,0
"4000089410","Uno","Носки мужские Uno черные р.25 (38-40)",69,89
"8000043518","Uno","Женские носки белые р.25-27 Uno",89,0
"8000046110","Uno","Детская футболка белая р.152 Uno Pronika",182,0
"4000109057","Uno","Носки женские Uno белые р.23-25 (35-40)",79,139
"8000046103","Uno","Детская футболка белая р.140 Uno Pronika",191,0
"8000046115","Uno","Детская футболка черная р.152 Uno Pronika",182,0
"4000069181","Uno","Носки женские Uno 20 черные",74,0
"8000043482","Uno","Чёрные мужские носки р.29 Uno",94,0
"8000043517","Uno","Мужские носки белые р.25 Uno",89,0
"4000069126","Uno","Колготки женские Uno 20 черные р.4",119,0
"4000069128","Uno","Гольфы женские Uno 20 бежевые",119,0
"4000069189","Uno","Подследники женские Uno 30 бежевые 5 пар",109,0
"8000043512","Uno","Женские носки белые р.25-27 SW40 UNO",149,0
"8000043519","Uno","Белые мужские носки р.29 Uno",89,0
"8000043494","Uno","Носки женские чёрные р.25-27 Uno",89,0
"4000069129","Uno","Колготки женские Uno 40 черные р.4",99,0
"8000046113","Uno","Детская футболка черная р.140 Uno Pronika",190,0
"4000069116","Uno","Колготки женские Uno 40 бежевые р.4",99,0
"8000043477","Uno","Мужские носки чёрные Uno р.27",89,0
"8000046104","Uno","Детская футболка белая р.146 Uno Pronika",190,0
"8000043506","Uno","Носки женские белые р.25-27 Uno",129,0
"4000069105","Uno","Носки женские Uno 20 бежевые",79,0
"8000044516","Uno","Носки женские серые р.23-25 Uno",129,0
"8000043488","Uno","Мужские носки чёрные Uno р.29",129,0
"4000069105","Uno","Носки женские Uno 20 бежевые",79,0
"8000044516","Uno","Носки женские серые р.23-25 Uno",129,0
"8000043488","Uno","Мужские носки чёрные Uno р.29",129,0
"8000043505","Uno","Носки женские белые р.23-25 Uno",139,0
"4000069113","Uno","Колготки женские Uno 40 бежевые р.2",99,0
"8000043489","Uno","Женские носки чёрные р.23-25 SW31 UNO",99,0
"8000043501","Uno","Подследники женские чёрные Uno р.25-27",139,0
"4000069107","Uno","Носки женские Uno 20 черные",79,0
"8000033581","Uno","Панама зеленая р.58 Uno Tinta",300,0
"8000043521","Uno","Женские носки белые р.25-27 Uno SW38",149,0
"8000043520","Uno","Белые мужские носки р.27 Uno",109,0
"8000078078","Uno","Мужские носки р.29 Asmar UNO серый",149,0
"4000069171","Uno","Носки женские Uno 20 бежевые",79,0
"8000044872","Uno","Женские носки 3 пары р.23-25 SW36 UNO",329,0
"8000043487","Uno","Мужские носки чёрные Uno р.27",139,0
"8000044517","Uno","Носки женские серые р.25-27 Uno",139,0
"8000043503","Uno","Женские подследники чёрные р.23-25 Uno",139,0
"8000043522","Uno","Женские носки белые р.23-25 Uno SW38",179,0
"4000069119","Uno","Колготки женские Uno 20 бежевые р.4",119,0
"4000069127","Uno","Колготки женские Uno 20 черные р.3",119,0
"8000044515","Uno","Носки женские серые р.23-25 Uno",149,0
"8000043481","Uno","Чёрные мужские носки р.25 Uno",89,0
"4000069123","Uno","Колготки женские Uno 20 бежевые р.3",119,0
"8000044873","Uno","Женские носки 3 пары р.25-27 SW36 UNO",329,0
"8000078075","Uno","Мужские носки серые Uno Asmar р.25",149,0
"8000043509","Uno","Носки женские белые Uno р.23-25",149,0
"8000078054","Uno","Мужские носки черные Uno Asmar р.25",149,0
"4000069118","Uno","Колготки женские Uno 20 черные р.2",109,0
"8000078056","Uno","Мужские носки р.27 Asmar UNO чёрные",149,0
"8000044506","Uno","Женские носки Uno р.23-25 белые",149,0
"8000043511","Uno","Женские носки белые р.23-25 SW40 UNO",149,0
"8000044876","Uno","Мужские носки р.29 SM38 Uno 3 пары",449,0
"8000044507","Uno","Мужские носки белые Uno р.25",189,0
"8000062879","Uno","Женские носки розовые р.25-27 Uno Denzy",195,0
"8000078053","Uno","Мужские носки р.29 Asmar UNO синие",149,0
"8000044512","Uno","Мужские носки серые р.29 UNO SM34",149,0
"8000062879","Uno","Женские носки розовые р.25-27 Uno Denzy",195,0
"8000078053","Uno","Мужские носки р.29 Asmar UNO синие",149,0
"8000044512","Uno","Мужские носки серые р.29 UNO SM34",149,0
"4000069122","Uno","Колготки женские Uno 20 бежевые р.2",109,0
"8000043504","Uno","Женские носки белые р.25-27 Uno SW32",159,0
"8000043507","Uno","Женские носки белые р.23-25 Uno SW39",149,0
"8000044514","Uno","Женские носки серые р.25-27 Uno",149,0
"8000043479","Uno","Носки мужские чёрные р.29 Uno",189,0
"8000043498","Uno","Носки мужские чёрные р.27 Uno",189,0
"8000033552","Uno","Сланцы женские розовые р.37 Uno Ruza",249,0
"8000043500","Uno","Носки мужские чёрные Uno",149,0
"8000044877","Uno","Мужские носки р.27 SM38 Uno 3 пары",449,0
"8000044505","Uno","Женские носки белые р.25-27 SW35 UNO",149,0
"8000044510","Uno","Мужские носки белые р.27 SM37 UNO",189,0
"8000070806","Uno","Игра настольная Актив Time Unomisto Mini Десятое Королевство",189,0
"4000094493","Uno","Гольфы женские Uno PKS 4 black 20 one size черные 1 пара",149,0
"8000044509","Uno","Носки мужские серые р.27 Uno",149,0
"8000043513","Uno","Носки мужские белые Uno",149,0
"8000046109","Uno","Детская футболка черная р.122 Uno Pronika",190,0
"8000043510","Uno","Женские носки белые р.25-27 SW39 UNO",149,0
"8000043478","Uno","Носки мужские чёрные р.25 Uno",189,0
"8000044511","Uno","Мужские носки белые р.29 Uno SM37",189,0
"8000044871","Uno","Женские носки 3 пары р.25-27 SW41 UNO",399,0
"8000044513","Uno","Мужские носки серые Uno р.25",179,0
"8000044875","Uno","Женские носки р.23-25 SW42 Uno 3 пары",469,0
"8000043485","Uno","Мужские носки чёрные р.25 Uno",149,0
"8000043497","Uno","Носки мужские чёрные р.25 Uno",199,0
"8000044878","Uno","Женские носки 3 пары р.25-27 UNO SW42",469,0
"8000043508","Uno","Женские носки белые р.25-27 Uno SW34",149,0
"8000043495","Uno","Женские носки чёрные р.25-27 Uno",149,0
"8000043486","Uno","Мужские носки черные р.25 UNO SM35",149,0
"8000044874","Uno","Мужские носки р.25 SM38 Uno 3 пары",449,0
"4000091618","Uno","Носки мужские Uno SM19_25n6 черные р.25 (38-40)",149,0
"8000043480","Uno","Носки мужские чёрные р.27 Uno",189,0
"8000043492","Uno","Женские носки чёрные р.25-27 Uno SW35",149,0
"8000043490","Uno","Женские носки черные р.23-25 Uno",149,0
"8000043480","Uno","Носки мужские чёрные р.27 Uno",189,0
"8000043492","Uno","Женские носки чёрные р.25-27 Uno SW35",149,0
"8000043490","Uno","Женские носки черные р.23-25 Uno",149,0
"8000043499","Uno","Носки мужские чёрные р.29 Uno",189,0
"8000043496","Uno","Женские носки чёрные р.23-25 Uno",249,0
"1000446966","Vivienne Sabo","Тушь для ресниц Vivienne Sabo Excentrique эффект объем и удлинение тон 01 ",249,549
"8000097319","Vivienne Sabo","Отшелушивающий лосьон для сужения пор с РНА и АНА кислотами Skin Expertiq Vivienne Sabo 150мл",418,599
"8000097325","Vivienne Sabo","Пилинг-диски для лица с салициловой кислотой PureDermat Vivienne Sabo 30шт",539,699
"8000070411","Vivienne Sabo","Палетка теней для век Vivienne Sabo Lavender Chocolate тон 01",669,999
"1000547147","Vivienne Sabo","Тушь для ресниц Cabaret Noir Arabique тон 01 Vivienne Sabo",199,649
"8000097328","Vivienne Sabo","Очищающий гель для лица с кислотами Pure Dermatol Vivienne Sabo 120мл",439,599
"8000102213","Vivienne Sabo","Карандаш для глаз тон 01 Black Matte Merci Vivienne Sabo",147,229
"8000097318","Vivienne Sabo","Крем для лица с азелаиновой кислотой Pure Dermatol Vivienne Sabo 50мл",539,699
"1000446965","Vivienne Sabo","Тушь для ресниц Vivienne Sabo Grotesque Объем и разделение тон 01 ",250,549
"1000446967","Vivienne Sabo","Тушь для ресниц Vivienne Sabo Fantastique эффект гиперобъема тон 01",249,549
"8000097329","Vivienne Sabo","Невидимые локальные патчи против несовершенств Pure Dermatol Vivienne Sabo 20шт",269,349
"8000097333","Vivienne Sabo","Обновляющий пилинг для лица винный Skin Expertiq Vivienne Sabo 33мл",579,799
"8000097334","Vivienne Sabo","Лосьон для проблемной кожи точечного действия Pure DermatoL Vivienne Sabo 15мл",409,549
"8000097332","Vivienne Sabo","Дневной крем для лица с ниацинамидом SPF15 Skin Expertiq Vivienne Sabo 50мл",519,649
"8000097326","Vivienne Sabo","Осветляющий крем для кожи вокруг глаз с витамином С Skin Expertiq Vivienne Sabo 20мл",439,0
"8000023183","Vivienne Sabo","Тени-пигмент для век тон 01 Vivienne Sabo Francafrique",275,499
"8000063873","Vivienne Sabo","Тушь для ресниц Lashextase эффектный объём Vivienne Sabo",629,699
"8000070409","Vivienne Sabo","Дуо-стик румян Vivienne Sabo Lavender Chocolate тон 01",368,548
"8000097324","Vivienne Sabo","Ночная сыворотка с АНА- и ВНА-кислотами Skin Expertiq Vivienne Sabo 30мл",522,699
"1000477925","Vivienne Sabo","Жидкие тени для век тон 03 Vivienne Sabo",159,449
"8000097320","Vivienne Sabo","Обновляющий ночной крем с кислотами Skin Expertiq Vivienne Sabo 50мл",579,699
"1059991990","Vivienne Sabo","Карандаш для бровей тон 001 Vivienne Sabo Coup De Genie",285,349
"8000097327","Vivienne Sabo","Дневной крем для лица c витамином С SPF15 Skin Expertiq Vivienne Sabo 50мл",539,649
"8000050851","Vivienne Sabo","Тушь для ресниц Vivienne Sabo Cabaret Legende Dor",650,0
"1059991991","Vivienne Sabo","Карандаш для бровей тон 002 Vivienne Sabo Coup De Genie",285,349
"8000070839","Vivienne Sabo","Хайлайтер в стике Vivienne Sabo Femme Fatale тон 01",439,599
"1000421912","Vivienne Sabo","Палетка румян Vivienne Sabo Naturel 01 ",435,549
"8000070416","Vivienne Sabo","Блеск для губ Vivienne Sabo Lavender Chocolate тон 01 Розовый",334,498
"8000097321","Vivienne Sabo","Матирующий мусс для умывания с АНА-кислотами Skin Expertiq Vivienne Sabo 150мл",519,0
"8000059209","Vivienne Sabo","Патчи для глаз с кофеином Basic Luxury Vivienne Sabo 30шт",315,0
"8000102211","Vivienne Sabo","Бальзам для губ тон 06 Bonbone Vivienne Sabo",472,599
"1000547153","Vivienne Sabo","Матовая помада для губ жидкая с плампинг-эффектом тон 07 Vivienne Sabo Volummatte",198,599
"8000031243","Vivienne Sabo","Тушь для ресниц Curve Scandale тон 01 Vivienne Sabo",708,0
"8000097331","Vivienne Sabo","Сыворотка для лица с Витамином С Skin Expertiq Vivienne Sabo 30мл",522,699
"8000102210","Vivienne Sabo","Бальзам для губ тон 01 Bonbone Vivienne Sabo",472,599
"8000059220","Vivienne Sabo","Увлажняющая тканевая маска с 8 формами гиалуроновой кислоты Basic Luxury Vivienne Sabo",209,0
"8000097331","Vivienne Sabo","Сыворотка для лица с Витамином С Skin Expertiq Vivienne Sabo 30мл",522,699
"8000102210","Vivienne Sabo","Бальзам для губ тон 01 Bonbone Vivienne Sabo",472,599
"8000059220","Vivienne Sabo","Увлажняющая тканевая маска с 8 формами гиалуроновой кислоты Basic Luxury Vivienne Sabo",209,0
"8000097317","Vivienne Sabo","Очищающий крем-гель для лица с энзимами Skin Expertiq Vivienne Sabo 120мл",439,0
"8000059221","Vivienne Sabo","Омолаживающая тканевая маска с ДНК лосося Formule Anti-Age Vivienne Sabo",209,0
"1000421916","Vivienne Sabo","Палетка румян Vivienne Sabo Naturel 03 ",400,549
"8000013077","Vivienne Sabo","Тушь для ресниц Moore Moore тон 01 Vivienne Sabo",371,549
"1000143546","Vivienne Sabo","Тушь для ресниц Vivienne Sabo Cabaret Premiere супер-объем водостойкая тон 01 ",503,599
"8000097336","Vivienne Sabo","Энзимная пудра для умывания Сияние кожи Skin Expert Vivienne Sabo 73.5г",569,0
"8000050846","Vivienne Sabo","Кремовые румяна для лица Courage тон 02 Vivienne Sabo",658,0
"8000070417","Vivienne Sabo","Маска для губ тон 01 Vivienne Sabo Lavender Chocolate 6.5г",334,498
"8000070842","Vivienne Sabo","Румяна в стике Vivienne Sabo Femme Fatale тон 01",439,599
"8000070844","Vivienne Sabo","Блеск для губ Vivienne Sabo Femme Fatale тон 01",360,499
"8000070845","Vivienne Sabo","Блеск для губ Vivienne Sabo Femme Fatale тон 02",360,499
"8000013072","Vivienne Sabo","Тушь для ресниц Toutou Lashes тон 01 Vivienne Sabo",371,549
"8000050847","Vivienne Sabo","Кремовые румяна для лица Courage тон 01 Vivienne Sabo",658,0
"1000562654","Vivienne Sabo","Тинт для губ Tititint тон 01 Vivienne Sabo",349,549
"8000070413","Vivienne Sabo","Кремовый бронзер тон 01 Vivienne Sabo Lavender Chocolate 10мл",368,548
"1000378236","Vivienne Sabo","Консилер Vivienne Sabo Retouche тон 01 ",496,549
"8000102203","Vivienne Sabo","Муссовая помада для губ тон 07 Muse de Velours Vivienne Sabo",507,599
"1000078718","Vivienne Sabo","Карандаш для бровей Vivienne Sabo Coup De Genie тон 003 ",285,349
"8000102216","Vivienne Sabo","Карандаш для глаз тон 02 Brown Matte Merci Vivienne Sabo",169,229
"8000013063","Vivienne Sabo","Палетка теней для век Fantastique тон 01 Vivienne Sabo",717,1499
"8000050857","Vivienne Sabo","Палетка теней для век Croissant тон 04 Vivienne Sabo",513,0
"8000102215","Vivienne Sabo","Бальзам для губ тон 04 Bonbone Vivienne Sabo",472,599
"8000077732","Vivienne Sabo","Увлажняющие тональное средство для лица с шёлковым финишем тон 02 Vivienne Sabo Surrealist",827,0
"8000050844","Vivienne Sabo","Консилер для лица Coverture с плотным покрытием тон 01 Vivienne Sabo",544,0
"1000378237","Vivienne Sabo","Консилер Vivienne Sabo Retouche тон 02",411,549
"8000070847","Vivienne Sabo","Автоматический карандаш для бровей Vivienne Sabo Femme Fatale тон 02",431,599
"8000033520","Vivienne Sabo","Помада-бальзам для губ La La Laque тон 02 Vivienne Sabo",428,599
"8000013076","Vivienne Sabo","Палетка теней для век Excentrique тон 01 Vivienne Sabo",717,1499
"8000102208","Vivienne Sabo","Муссовая помада для губ тон 06 Muse de Velours Vivienne Sabo",507,599
"1000547158","Vivienne Sabo","Плампер для губ Le Grande Volume тон 03 Vivienne Sabo",550,0
"1000562650","Vivienne Sabo","Жидкие тени для век Artiste 24/7 тон 09 Vivienne Sabo",159,449
"8000102207","Vivienne Sabo","Муссовая помада для губ тон 05 Muse de Velours Vivienne Sabo",507,599
"1000421913","Vivienne Sabo","Палетка румян Vivienne Sabo Naturel 02 ",435,549
"1000562650","Vivienne Sabo","Жидкие тени для век Artiste 24/7 тон 09 Vivienne Sabo",159,449
"8000102207","Vivienne Sabo","Муссовая помада для губ тон 05 Muse de Velours Vivienne Sabo",507,599
"1000421913","Vivienne Sabo","Палетка румян Vivienne Sabo Naturel 02 ",435,549
"8000102214","Vivienne Sabo","Карандаш для глаз тон 06 Shimmery Taupe Merci Vivienne Sabo",147,229
"8000050856","Vivienne Sabo","Палетка теней для век Croissant тон 01 Vivienne Sabo",513,0
"8000050849","Vivienne Sabo","Консилер для лица Coverture с плотным покрытием тон 02 Vivienne Sabo",544,0
"8000102206","Vivienne Sabo","Муссовая помада для губ тон 01 Muse de Velours Vivienne Sabo",585,0
"8000070412","Vivienne Sabo","Кремовый хайлайтер Vivienne Sabo Lavender Chocolate тон 01 Золотой",368,548
"8000031249","Vivienne Sabo","Кремовые тени для век Hypnostique тон 04 Vivienne Sabo",618,0
"8000013074","Vivienne Sabo","Тушь для ресниц Volume Fuzzy тон 01 Vivienne Sabo",371,549
"8000102223","Vivienne Sabo","Карандаш для глаз тон 04 Dark Purple Merci Vivienne Sabo",169,229
"8000102219","Vivienne Sabo","Карандаш для глаз тон 05 Shimmery Brown Merci Vivienne Sabo",169,229
"1000421841","Vivienne Sabo","Губная помада Vivienne Sabo Nude Createur тон 08 ",352,449
"8000102222","Vivienne Sabo","Муссовая помада для губ тон 08 Muse de Velours Vivienne Sabo",507,599
"1000562651","Vivienne Sabo","Жидкие тени для век Artiste 24/7 тон 10 Vivienne Sabo",159,449
"1000547159","Vivienne Sabo","Плампер для губ Le Grande Volume тон 04 Vivienne Sabo",581,0
"8000077730","Vivienne Sabo","Увлажняющие тональное средство для лица с шёлковым финишем тон 01 Vivienne Sabo Surrealist",943,0
"8000102205","Vivienne Sabo","Муссовая помада для губ тон 03 Muse de Velours Vivienne Sabo",507,599
"8000020144","Vivienne Sabo","Автоматический карандаш для бровей Filigrane тон 04 Vivienne Sabo",582,0
"8000102204","Vivienne Sabo","Муссовая помада для губ тон 04 Muse de Velours Vivienne Sabo",507,599
"1000547156","Vivienne Sabo","Плампер для губ Le Grande Volume тон 01 Vivienne Sabo",550,0
"8000102217","Vivienne Sabo","Карандаш для глаз тон 07 Beige Matte Merci Vivienne Sabo",169,229
"8000102209","Vivienne Sabo","Бальзам для губ тон 05 Bonbone Vivienne Sabo",472,599
"8000070480","Vivienne Sabo","Жидкие тени для век Vivienne Sabo Grande Premiere тон 01",585,0
"8000050855","Vivienne Sabo","Палетка теней для век Croissant тон 02 Vivienne Sabo",513,0
"8000050853","Vivienne Sabo","Тушь для ресниц Vivienne Sabo Cabaret Legende Noir",650,0
"8000033521","Vivienne Sabo","Помада-бальзам для губ La La Laque тон 05 Vivienne Sabo",428,599
"1000547157","Vivienne Sabo","Плампер для губ Le Grande Volume тон 02 Vivienne Sabo",507,599
"1000477923","Vivienne Sabo","Жидкие тени для век тон 01 Vivienne Sabo",317,449
"8000031248","Vivienne Sabo","Кремовые тени для век Hypnostique тон 06 Vivienne Sabo",618,0
"8000031245","Vivienne Sabo","Кремовые тени для век Hypnostique тон 03 Vivienne Sabo",618,0
"8000033519","Vivienne Sabo","Помада-бальзам для губ La La Laque тон 01 Vivienne Sabo",428,599
"8000102220","Vivienne Sabo","Бальзам для губ тон 02 Bonbone Vivienne Sabo",518,599
"1000562652","Vivienne Sabo","Жидкие тени для век Artiste 24/7 тон 11 Vivienne Sabo",159,449
"8000031250","Vivienne Sabo","Кремовые тени для век Hypnostique тон 02 Vivienne Sabo",618,0
"8000102221","Vivienne Sabo","Бальзам для губ тон 03 Bonbone Vivienne Sabo",472,599
"1000562652","Vivienne Sabo","Жидкие тени для век Artiste 24/7 тон 11 Vivienne Sabo",159,449
"8000031250","Vivienne Sabo","Кремовые тени для век Hypnostique тон 02 Vivienne Sabo",618,0
"8000102221","Vivienne Sabo","Бальзам для губ тон 03 Bonbone Vivienne Sabo",472,599
"1000421854","Vivienne Sabo","Губная помада Vivienne Sabo Nude Createur тон 15 ",352,449
"8000033525","Vivienne Sabo","Помада-бальзам для губ La La Laque тон 03 Vivienne Sabo",428,599
"8000077731","Vivienne Sabo","Увлажняющие тональное средство для лица с шёлковым финишем тон 03 Vivienne Sabo Surrealist",827,0
"1000421837","Vivienne Sabo","Губная помада Vivienne Sabo Nude Createur тон 05 ",429,0
"8000033524","Vivienne Sabo","Помада-бальзам для губ La La Laque тон 06 Vivienne Sabo",428,599
"8000033523","Vivienne Sabo","Помада-бальзам для губ La La Laque тон 04 Vivienne Sabo",428,599
"1000421856","Vivienne Sabo","Губная помада Vivienne Sabo Nude Createur тон 18 ",429,0
"8000033522","Vivienne Sabo","Помада-бальзам для губ La La Laque тон 07 Vivienne Sabo",428,599
"8000102218","Vivienne Sabo","Муссовая помада для губ тон 02 Muse de Velours Vivienne Sabo",507,599
"8000070846","Vivienne Sabo","Автоматический карандаш для бровей Vivienne Sabo Femme Fatale тон 01",431,599
"1000421835","Vivienne Sabo","Губная помада Vivienne Sabo Nude Createur тон 03 ",429,0
"1000421855","Vivienne Sabo","Губная помада Vivienne Sabo Nude Createur тон 16 ",429,0
"1000562649","Vivienne Sabo","Жидкие тени для век Artiste 24/7 тон 08 Vivienne Sabo",243,449
"1000562657","Vivienne Sabo","Тинт для губ Tititint тон 04 Vivienne Sabo",349,549
"8000050854","Vivienne Sabo","Палетка теней для век Croissant тон 03 Vivienne Sabo",513,0
"1000562653","Vivienne Sabo","Жидкие тени для век Artiste 24/7 тон 12 Vivienne Sabo",243,449
"1000477927","Vivienne Sabo","Жидкие тени для век тон 05 Vivienne Sabo",317,449
"1000547155","Vivienne Sabo","Плампер для губ Le Grande Volume тон 05 Vivienne Sabo",440,599
"8000102212","Vivienne Sabo","Карандаш для глаз тон 03 Gray Merci Vivienne Sabo",169,229
"8000033526","Vivienne Sabo","Помада-бальзам для губ La La Laque тон 08 Vivienne Sabo",428,599
"1000378238","Vivienne Sabo","Консилер Vivienne Sabo Retouche тон 03",411,549
"8000020145","Vivienne Sabo","Автоматический карандаш для бровей Filigrane тон 03 Vivienne Sabo",524,599
"1000421840","Vivienne Sabo","Губная помада Vivienne Sabo Nude Createur тон 17 ",352,449
"8000031247","Vivienne Sabo","Кремовые тени для век Hypnostique тон 05 Vivienne Sabo",618,0
"8000020146","Vivienne Sabo","Автоматический карандаш для бровей Filigrane тон 01 Vivienne Sabo",582,0
"8000020151","Vivienne Sabo","Автоматический карандаш для бровей Filigrane тон 02 Vivienne Sabo",582,0
"1000421847","Vivienne Sabo","Губная помада Vivienne Sabo Nude Createur тон 11 ",352,449
"1000477924","Vivienne Sabo","Жидкие тени для век тон 02 Vivienne Sabo",317,449
"1000421853","Vivienne Sabo","Губная помада Vivienne Sabo Nude Createur тон 14 ",429,0
"1000421846","Vivienne Sabo","Губная помада Vivienne Sabo Nude Createur тон 10 ",429,0
"8000020142","Vivienne Sabo","Карандаш для бровей Vivienne Sabo Powder Veluxe 02",502,0
"8000070838","Vivienne Sabo","Тональная основа Vivienne Sabo Femme Fatale тон 01",604,799
"1000378239","Vivienne Sabo","Консилер Vivienne Sabo Retouche тон 04",496,549
"8000020142","Vivienne Sabo","Карандаш для бровей Vivienne Sabo Powder Veluxe 02",502,0
"8000070838","Vivienne Sabo","Тональная основа Vivienne Sabo Femme Fatale тон 01",604,799
"1000378239","Vivienne Sabo","Консилер Vivienne Sabo Retouche тон 04",496,549
"8000020150","Vivienne Sabo","Карандаш для бровей Vivienne Sabo Powder Veluxe 03",502,0
"1000421834","Vivienne Sabo","Губная помада Vivienne Sabo Nude Createur тон 02 ",348,449
"1000421833","Vivienne Sabo","Губная помада Vivienne Sabo Nude Createur тон 01 ",348,449
"8000031254","Vivienne Sabo","Кремовые тени для век Hypnostique тон 01 Vivienne Sabo",618,0
"1000421842","Vivienne Sabo","Губная помада Vivienne Sabo Nude Createur тон 19 ",338,449
"8000050852","Vivienne Sabo","Консилер для лица Coverture с плотным покрытием тон 03 Vivienne Sabo",544,0
"8000050850","Vivienne Sabo","Тушь для ресниц Vivienne Sabo Cabaret Legende Rouge",650,0
"8000020141","Vivienne Sabo","Карандаш для бровей Vivienne Sabo Powder Veluxe 01",502,0
"1000421843","Vivienne Sabo","Губная помада Vivienne Sabo Nude Createur тон 20 ",352,449
"1000421838","Vivienne Sabo","Губная помада Vivienne Sabo Nude Createur тон 06 ",352,449
"8000070841","Vivienne Sabo","Тональная основа Vivienne Sabo Femme Fatale тон 02",604,799
"1000421839","Vivienne Sabo","Губная помада Vivienne Sabo Nude Createur тон 07 ",333,449
"1000562648","Vivienne Sabo","Жидкие тени для век Artiste 24/7 тон 07 Vivienne Sabo",243,449
"1000547163","Vivienne Sabo","Матовая помада для губ жидкая с плампинг-эффектом тон 04 Vivienne Sabo Volummatte",318,599
"1000421836","Vivienne Sabo","Губная помада Vivienne Sabo Nude Createur тон 04 ",348,449
"1000027963","Vivienne Sabo","Подводка для глаз Vivienne Sabo Chocolate тон 03 жидкая ",379,549
"1000038807","Vivienne Sabo","Карандаш для губ Vivienne Sabo Jolies Levres тон 206 ",259,329
"1000038808","Vivienne Sabo","Карандаш для губ Vivienne Sabo Jolies Levres тон 202 ",241,329
"1000078716","Vivienne Sabo","Карандаш для губ Vivienne Sabo Классический тон 107 ",259,329
"1000112102","Vivienne Sabo","Гель для бровей и ресниц Vivienne Sabo Fixateur Фиксирующий прозрачный тон 02",212,299
"1000124687","Vivienne Sabo","Тушь для ресниц Vivienne Sabo Cabaret тон 01 ",396,599
"1000124690","Vivienne Sabo","Тушь для ресниц Vivienne Sabo Cabaret тон 04 ",396,599
"1000154316","Vivienne Sabo","Гель для бровей и ресниц Vivienne Sabo Fixateur Фиксирующий коричневый ",304,0
"1000181834","Vivienne Sabo","Подводка для глаз Vivienne Sabo Feutre Fin тон 801",566,629
"1000181835","Vivienne Sabo","Подводка для глаз Vivienne Sabo Charbon водостойкий тон 01 ",379,549
"1000197997","Vivienne Sabo","Карандаш для губ Vivienne Sabo Jolies Levres тон 110 ",208,329
"1000209487","Vivienne Sabo","Карандаш для бровей Vivienne Sabo Brow Arcade автоматический тон 04",518,0
"1000209488","Vivienne Sabo","Карандаш для бровей Vivienne Sabo Brow Arcade автоматический тон 01",576,0
"1000209489","Vivienne Sabo","Карандаш для бровей Vivienne Sabo Brow Arcade автоматический тон 03",362,549
"1000276983","Vivienne Sabo","Масло для губ Vivienne Sabo Dessert A Levres тон 01 ",435,599
"1000276984","Vivienne Sabo","Масло для губ Vivienne Sabo Dessert A Levres тон 02 ",552,0
"1000276988","Vivienne Sabo","Масло для губ Vivienne Sabo Dessert A Levres тон 03 ",552,0
"1000282081","Vivienne Sabo","Карандаш для глаз Vivienne Sabo Virtuose устойчивый гелевый тон 602",324,449
"1000276984","Vivienne Sabo","Масло для губ Vivienne Sabo Dessert A Levres тон 02 ",552,0
"1000276988","Vivienne Sabo","Масло для губ Vivienne Sabo Dessert A Levres тон 03 ",552,0
"1000282081","Vivienne Sabo","Карандаш для глаз Vivienne Sabo Virtuose устойчивый гелевый тон 602",324,449
"1000282082","Vivienne Sabo","Карандаш для глаз Vivienne Sabo Virtuose устойчивый гелевый тон 603",386,449
"1000282083","Vivienne Sabo","Карандаш для глаз Vivienne Sabo Virtuose устойчивый гелевый тон 601",386,449
"1000282084","Vivienne Sabo","Карандаш для глаз Vivienne Sabo Virtuose устойчивый гелевый тон 604",424,0
"1000282085","Vivienne Sabo","Карандаш для глаз Vivienne Sabo Virtuose устойчивый гелевый тон 605",352,449
"1000286312","Vivienne Sabo","Подводка для глаз Vivienne Sabo Cabaret Premiere тон 01",483,649
"1000286313","Vivienne Sabo","Подводка для глаз Vivienne Sabo Cabaret Premiere жидкая тон 01 ",300,449
"1000313073","Vivienne Sabo","Карандаш для глаз Vivienne Sabo Liner Virtuose тон 01",424,599
"1000313074","Vivienne Sabo","Карандаш для глаз Vivienne Sabo Liner Virtuose тон 02",571,0
"1000313076","Vivienne Sabo","Карандаш для глаз Vivienne Sabo Liner Virtuose тон 05",537,599
"1000313077","Vivienne Sabo","Карандаш для глаз Vivienne Sabo Liner Virtuose тон 06",571,0
"1000313078","Vivienne Sabo","Карандаш для глаз Vivienne Sabo Liner Virtuose тон 04",491,599
"1000321609","Vivienne Sabo","Карандаш для губ Vivienne Sabo Le Grand Volume тон 1",517,599
"1000321610","Vivienne Sabo","Карандаш для губ Vivienne Sabo Le Grand Volume тон 3",575,0
"1000321613","Vivienne Sabo","Блеск для губ Vivienne Sabo Le Grand Volume тон 5 ",495,599
"1000321616","Vivienne Sabo","Блеск для губ Vivienne Sabo Le Grand Volume тон 8 ",446,599
"1000321617","Vivienne Sabo","Блеск для губ Vivienne Sabo Le Grand Volume тон 9 ",440,599
"1000321618","Vivienne Sabo","Блеск для губ Vivienne Sabo Le Grand Volume тон 10 ",446,599
"1000321619","Vivienne Sabo","Блеск для губ Vivienne Sabo Le Grand Volume тон 11 ",550,0
"1000321620","Vivienne Sabo","Блеск для губ Vivienne Sabo Le Grand Volume тон 12 ",446,599
"1000321621","Vivienne Sabo","Карандаш для губ Vivienne Sabo Le Grand Volume тон 2",523,599
"1000321623","Vivienne Sabo","Блеск для губ Vivienne Sabo Le Grand Volume тон 2 ",446,599
"1000321624","Vivienne Sabo","Блеск для губ Vivienne Sabo Le Grand Volume тон 3 ",550,0
"1000321625","Vivienne Sabo","Блеск для губ Vivienne Sabo Le Grand Volume тон 1 ",452,599
"1000345388","Vivienne Sabo","Карандаш для бровей Vivienne Sabo Brow Arcade автоматический тон 06",559,0
"1000351107","Vivienne Sabo","Тональный крем Vivienne Sabo Shake Foundation с натуральным блюр эффектом тон 01",596,799
"1000351108","Vivienne Sabo","Тональный крем Vivienne Sabo Shaka Shaka Блюр эффект тон 2",596,799
"1000351109","Vivienne Sabo","Тональный крем Vivienne Sabo Shaka Foundation с натуральным блюр эффектом тон 03",596,799
"1000351110","Vivienne Sabo","Тональный крем Vivienne Sabo Shakefoundation натуральный эффект тон 4",596,799
"1000378230","Vivienne Sabo","Масло для губ Vivienne Sabo Dessert A Levres тон 04 ",442,599
"1000378231","Vivienne Sabo","Масло для губ Vivienne Sabo Dessert A Levres тон 05",405,599
"1000378240","Vivienne Sabo","Консилер Vivienne Sabo Aurora со светоотражающими частицами тон 01",702,0
"1000378241","Vivienne Sabo","Консилер Vivienne Sabo Aurora со светоотражающими частицами тон 02",639,0
"1000387114","Vivienne Sabo","Тушь для ресниц Vivienne Sabo Cabaret Latex тон 01 ",584,649
"1000378240","Vivienne Sabo","Консилер Vivienne Sabo Aurora со светоотражающими частицами тон 01",702,0
"1000378241","Vivienne Sabo","Консилер Vivienne Sabo Aurora со светоотражающими частицами тон 02",639,0
"1000387114","Vivienne Sabo","Тушь для ресниц Vivienne Sabo Cabaret Latex тон 01 ",584,649
"1000396204","Vivienne Sabo","Подводка для глаз Vivienne Sabo Cabaret Prem тон 02 Brown ",497,649
"1000396205","Vivienne Sabo","Водостойкая подводка для глаз тон 03 Vivienne Sabo Cabaret Premiere Black",658,0
"1000396209","Vivienne Sabo","Маркер для бровей Vivienne Sabo Marqueur Superb тон 01 ",549,749
"1000396210","Vivienne Sabo","Маркер для бровей Vivienne Sabo Marqueur Superb тон 02 ",549,749
"1000420892","Vivienne Sabo","Карандаш для бровей Vivienne Sabo Brow Arcade тон 07",518,0
"1000421844","Vivienne Sabo","Губная помада Vivienne Sabo Nude Createur тон 12 ",429,0
"1000421845","Vivienne Sabo","Губная помада Vivienne Sabo Nude Createur тон 09 ",348,449
"1000421848","Vivienne Sabo","Губная помада Vivienne Sabo Nude Createur тон 13 ",429,0
"1000421849","Vivienne Sabo","Карандаш для глаз Vivienne Sabo Virtuose тон 01",391,449
"1000421850","Vivienne Sabo","Карандаш для глаз Vivienne Sabo Virtuose тон 02",439,0
"1000421852","Vivienne Sabo","Карандаш для глаз Vivienne Sabo Virtuose тон 04",400,449
"1000421911","Vivienne Sabo","Палетка для контуринга лица Vivienne Sabo Naturel 04 ",554,0
"1000421915","Vivienne Sabo","Палетка хайлайтеров Vivienne Sabo Gloire damour 02 ",406,549
"1000456440","Vivienne Sabo","Крем тональный Vivienne Sabo Shakefoundation матовый тон 03",715,849
"1000456441","Vivienne Sabo","Крем тональный Vivienne Sabo Shakefoundation матовый тон 01",847,0
"1000456443","Vivienne Sabo","Крем тональный Vivienne Sabo Shakefoundation матовый тон 04",468,849
"1000456445","Vivienne Sabo","Блеск для губ Vivienne Sabo Tropique Gloss тон 01",159,399
"1000456447","Vivienne Sabo","Блеск для губ Vivienne Sabo Tropique Gloss тон 02",187,399
"1000456456","Vivienne Sabo","Блеск для губ Vivienne Sabo Tropique Gloss тон 12",159,399
"1000456458","Vivienne Sabo","Блеск для губ Vivienne Sabo Tropique Gloss тон 14",159,399
"1000456462","Vivienne Sabo","Блеск для губ Vivienne Sabo Tropique Gloss тон 18",187,399
"1000456463","Vivienne Sabo","Блеск для губ Vivienne Sabo Tropique Gloss тон 19",159,399
"1000456468","Vivienne Sabo","Помада-бальзам для губ Vivienne Sabo Balm Fantaisie 01 тон ",470,0
"1000456469","Vivienne Sabo","Помада-бальзам для губ Vivienne Sabo Balm Fantaisie 02 тон ",470,0
"1000456470","Vivienne Sabo","Помада-бальзам для губ Vivienne Sabo Balm Fantaisie 03 тон ",470,0
"1000456471","Vivienne Sabo","Помада-бальзам для губ Vivienne Sabo Balm Fantaisie 04 тон ",470,0
"1000456472","Vivienne Sabo","Помада-бальзам для губ Vivienne Sabo Balm Fantaisie 05 тон ",470,0
"1000456473","Vivienne Sabo","Помада-бальзам для губ Vivienne Sabo Balm Fantaisie 06 тон ",470,0
"1000456474","Vivienne Sabo","Помада-бальзам для губ Vivienne Sabo Balm Fantaisie 07 тон ",413,499
"1000456475","Vivienne Sabo","Помада-бальзам для губ Vivienne Sabo Balm Fantaisie 08 тон ",470,0
"1000477930","Vivienne Sabo","Устойчивый карандаш для губ гелевый тон 07 Vivienne Sabo",575,0
"1000477934","Vivienne Sabo","Блеск для губ тон 14 Vivienne Sabo",550,0
"1000477935","Vivienne Sabo","Блеск для губ тон 15 Vivienne Sabo",452,549
"1000477930","Vivienne Sabo","Устойчивый карандаш для губ гелевый тон 07 Vivienne Sabo",575,0
"1000477934","Vivienne Sabo","Блеск для губ тон 14 Vivienne Sabo",550,0
"1000477935","Vivienne Sabo","Блеск для губ тон 15 Vivienne Sabo",452,549
"1000477938","Vivienne Sabo","Тушь с эффектом наращенных ресниц Vivienne Sabo",599,849
"1000477940","Vivienne Sabo","Устойчивый карандаш для губ гелевый тон 06 Vivienne Sabo",434,599
"1000506101","Vivienne Sabo","Пудровая палетка для скульптурирования лица Vivienne Sabo",539,799
"1000506102","Vivienne Sabo","Кремовая палетка для скульптурирования лица Vivienne Sabo",539,799
"1000519870","Vivienne Sabo","Тушь для ресниц объем и удлинение Grand Noire тон 01 Vivienne Sabo",629,699
"1000519878","Vivienne Sabo","Тушь для ресниц невероятный объем Lashextase тон 01 Vivienne Sabo",495,699
"1000547142","Vivienne Sabo","Плотный тональный крем для лица тон 01 Vivienne Sabo Coverture",702,999
"1000547143","Vivienne Sabo","Плотный тональный крем для лица тон 02 Vivienne Sabo Coverture",691,999
"1000547144","Vivienne Sabo","Плотный тональный крем для лица тон 03 Vivienne Sabo Coverture",660,999
"1000547145","Vivienne Sabo","Плотный тональный крем для лица тон 04 Vivienne Sabo Coverture",775,999
"1000547146","Vivienne Sabo","Гель для бровей тон 01 Vivienne Sabo Fixateur Lamination",159,219
"1000547150","Vivienne Sabo","Матовая помада для губ жидкая с плампинг-эффектом тон 03 Vivienne Sabo Volummatte",199,599
"1000547151","Vivienne Sabo","Матовая помада для губ жидкая с плампинг-эффектом тон 05 Vivienne Sabo Volummatte",198,599
"1000547160","Vivienne Sabo","Карандаш для глаз Liner Virtuose тон 07 Vivienne Sabo",597,0
"1000561632","Vivienne Sabo","Тинт для губ Tititint тон 07 Vivienne Sabo",349,549
"1000561633","Vivienne Sabo","Тинт для губ Tititint тон 08 Vivienne Sabo",349,549
"1000562655","Vivienne Sabo","Тинт для губ Tititint тон 02 Vivienne Sabo",349,549
"1000562656","Vivienne Sabo","Тинт для губ Tititint тон 03 Vivienne Sabo",349,549
"1000562658","Vivienne Sabo","Тинт для губ Tititint тон 05 Vivienne Sabo",349,549
"1000562659","Vivienne Sabo","Тинт для губ Tititint тон 06 Vivienne Sabo",349,549
"1059991935","Vivienne Sabo","Тушь для ресниц Супер-объем Cabaret Vivienne Sabo",359,499
"1059991975","Vivienne Sabo","Жидкая подводка для глаз Charbon тон 01 Vivienne Sabo",379,549
"1059992074","Vivienne Sabo","Карандаш для губ тон 101 Vivienne Sabo Jolies Levres",263,329
"1059992075","Vivienne Sabo","Карандаш для губ тон 102 Vivienne Sabo Jolies Levres",259,329
"1059992077","Vivienne Sabo","Карандаш для губ тон 104 Vivienne Sabo Jolies Levres",263,329
"8000013061","Vivienne Sabo","Тональная основа для лица с SPF Flamme тон 03 Vivienne Sabo",449,649
"8000013062","Vivienne Sabo","Тональная основа для лица с SPF Flamme тон 02 Vivienne Sabo",449,649
"8000013064","Vivienne Sabo","Тональный крем с естественным покрытием Aerien тон 01 Vivienne Sabo",449,649
"8000013066","Vivienne Sabo","Матовые румяна для лица Macaron тон 03 Vivienne Sabo",424,0
"8000013067","Vivienne Sabo","Тональный крем с естественным покрытием Aerien тон 03 Vivienne Sabo",449,649
"8000013068","Vivienne Sabo","Тушь для бровей Designeur тон 01 Vivienne Sabo",390,449
"8000013069","Vivienne Sabo","Матовые румяна для лица Macaron тон 02 Vivienne Sabo",424,0
"8000013070","Vivienne Sabo","Матовые румяна для лица Macaron тон 04 Vivienne Sabo",460,0
"8000013068","Vivienne Sabo","Тушь для бровей Designeur тон 01 Vivienne Sabo",390,449
"8000013069","Vivienne Sabo","Матовые румяна для лица Macaron тон 02 Vivienne Sabo",424,0
"8000013070","Vivienne Sabo","Матовые румяна для лица Macaron тон 04 Vivienne Sabo",460,0
"8000013071","Vivienne Sabo","Матовые румяна для лица Macaron тон 01 Vivienne Sabo",460,0
"8000013073","Vivienne Sabo","Увлажняющая тональная основа для лица Ocean тон 03 Vivienne Sabo",449,649
"8000013075","Vivienne Sabo","Матовая тональная основа для лица Terra тон 01 Vivienne Sabo",449,649
"8000013078","Vivienne Sabo","Тональная основа для лица с SPF Flamme тон 01 Vivienne Sabo",449,649
"8000013079","Vivienne Sabo","Увлажняющая тональная основа для лица Ocean тон 02 Vivienne Sabo",449,649
"8000013080","Vivienne Sabo","Матовая тональная основа для лица Terra тон 03 Vivienne Sabo",449,649
"8000013081","Vivienne Sabo","Увлажняющая тональная основа для лица Ocean тон 01 Vivienne Sabo",449,649
"8000013083","Vivienne Sabo","Тональный крем с естественным покрытием Aerien тон 02 Vivienne Sabo",449,649
"8000019824","Vivienne Sabo","Карандаш для губ тон 401 Vivienne Sabo Jolies Levres",208,329
"8000019825","Vivienne Sabo","Карандаш для губ тон 402 Vivienne Sabo Jolies Levres",208,329
"8000020140","Vivienne Sabo","Подводка для глаз с кисточкой Linerextase тон 02 Vivienne Sabo",639,0
"8000020143","Vivienne Sabo","Ультратонкий карандаш для глаз Calligrapher тон 01 Vivienne Sabo",367,549
"8000020147","Vivienne Sabo","Ультратонкий карандаш для глаз Calligrapher тон 03 Vivienne Sabo",367,549
"8000020148","Vivienne Sabo","Подводка для глаз с кисточкой Linerextase тон 01 Vivienne Sabo",710,0
"8000020149","Vivienne Sabo","Ультратонкий карандаш для глаз Calligrapher тон 02 Vivienne Sabo",367,549
"8000020152","Vivienne Sabo","Ультратонкий карандаш для глаз Calligrapher тон 04 Vivienne Sabo",367,549
"8000031242","Vivienne Sabo","Компактная пудра для лица матовая Mattriarcat тон 01 Vivienne Sabo",309,499
"8000031244","Vivienne Sabo","Карандаш для губ тон 403 Vivienne Sabo Jolies Levres",259,329
"8000031246","Vivienne Sabo","Компактная пудра для лица матовая Mattriarcat тон 04 Vivienne Sabo",477,0
"8000031251","Vivienne Sabo","Компактная пудра для лица матовая Mattriarcat тон 02 Vivienne Sabo",482,0
"8000031252","Vivienne Sabo","Карандаш для губ тон 404 Vivienne Sabo Jolies Levres",259,329
"8000031253","Vivienne Sabo","Компактная пудра для лица матовая Mattriarcat тон 03 Vivienne Sabo",309,499
"8000050845","Vivienne Sabo","Кремовый контуринг для лица Courage тон 01 Vivienne Sabo",658,0
"8000059201","Vivienne Sabo","Гель для умывания Восстановление микробиома Basic Luxury Vivienne Sabo 120мл",389,499
"8000059202","Vivienne Sabo","Ультра увлажняющий милки тоник для лица Basic Luxury Vivienne Sabo 150мл",369,449
"8000059203","Vivienne Sabo","Гель для кожи вокруг глаз с кофеином Basic Luxury Vivienne Sabo 20мл",470,0
"8000059204","Vivienne Sabo","Увлажняющая сыворотка для лица с гиалуроновой кислотой Vivienne Sabo Basic Luxury 30мл",607,0
"8000059205","Vivienne Sabo","Мягкий мусс для умывания с гиалуроновой кислотой Vivienne Sabo Basic Luxury 150мл",474,0
"8000059206","Vivienne Sabo","Легкий увлажняющий крем без масел для нормальной и комбинированной кожи Basic Luxury Vivienne Sabo 50мл",555,0
"8000059207","Vivienne Sabo","Увлажняющий ночной крем для лица с коллагеном Basic Luxury Vivienne Sabo 50мл",641,0
"8000059210","Vivienne Sabo","Увлажняющий крем для сияния для сухой и нормальной кожи Basic Luxury Vivienne Sabo 50мл",554,0
"8000059211","Vivienne Sabo","Антивозрастной очищающий мусс для лица с экстрактом устрицы Formule Anti-Age Vivienne Sabo 150мл",649,0
"8000059212","Vivienne Sabo","Сыворотка для лица с липосомальным ретинолом Formule Anti-Age Vivienne Sabo 30мл",812,899
"8000059210","Vivienne Sabo","Увлажняющий крем для сияния для сухой и нормальной кожи Basic Luxury Vivienne Sabo 50мл",554,0
"8000059211","Vivienne Sabo","Антивозрастной очищающий мусс для лица с экстрактом устрицы Formule Anti-Age Vivienne Sabo 150мл",649,0
"8000059212","Vivienne Sabo","Сыворотка для лица с липосомальным ретинолом Formule Anti-Age Vivienne Sabo 30мл",812,899
"8000059213","Vivienne Sabo","Укрепляющая эссенция для лица Formule Anti-Age с экстрактом жемчуга Vivienne Sabo 150мл",432,502
"8000059214","Vivienne Sabo","Спрей-сыворотка для лица с экстрактом трюфеля Formule Anti-Age Vivienne Sabo 100мл",541,0
"8000059215","Vivienne Sabo","Интенсивно восстанавливающая сыворотка для лица Formule Anti-Age Vivienne Sabo 30мл",942,0
"8000059216","Vivienne Sabo","Укрепляющий крем для кожи вокруг глаз Formule Anti-Age Vivienne Sabo 20мл",506,0
"8000059217","Vivienne Sabo","Лифтинг-крем с муцином улитки Formule Anti-age Vivienne Sabo 50мл",514,0
"8000059219","Vivienne Sabo","Ночной разглаживающий крем с ретинолом Formule Anti-Age Vivienne Sabo 50мл",680,0
"8000063878","Vivienne Sabo","Стойкая подводка для глаз тон 01 Vivienne Sabo Cabaret Legende 1.3мл",701,0
"8000097335","Vivienne Sabo","Тающий бальзам для снятия макияжа Skin Expertiq Vivienne Sabo 45мл",610,899
"8000105226","Vivienne Sabo","Масло для губ Riviera Du Soleil Vivienne Sabo тон 01",546,0
"8000105227","Vivienne Sabo","Карандаш для глаз Riviera Du Soleil Vivienne Sabo тон 01",549,0
"8000105228","Vivienne Sabo","Карандаш для губ Riviera Du Soleil Vivienne Sabo тон 02",611,0
"8000105229","Vivienne Sabo","Масло для губ Riviera Du Soleil Vivienne Sabo тон 02",546,0
"8000105231","Vivienne Sabo","Карандаш для глаз Riviera Du Soleil Vivienne Sabo тон 02",353,548
"8000105232","Vivienne Sabo","Палетка для контуринга лица Riviera Du Soleil Vivienne Sabo тон 01",921,0
"8000105233","Vivienne Sabo","Сияющая помада для губ Riviera Du Soleil Vivienne Sabo тон 02",606,0
"8000105234","Vivienne Sabo","Карандаш для губ Riviera Du Soleil Vivienne Sabo тон 01",494,548
"8000105235","Vivienne Sabo","Сияющая помада для губ Riviera Du Soleil Vivienne Sabo тон 01",526,598
"8000105236","Vivienne Sabo","Кремовые румяна Riviera Du Soleil Vivienne Sabo тон 01",629,0
"8000028521","Wellfort","Коврик интерьерный Fern Wellfort 50*80см",609,999
"8000079986","Wellfort","Набор ложек Вишня 2шт Wellfort",149,249
"8000059733","Wellfort","Фен 2100Вт Wellfort TC-2744",1149,1499
"8000073273","Wellfort","Плетёная корзинка для хранения 30*20*15см Wellfort",429,0
"8000080961","Wellfort","Кастрюля Вишня Wellfort 2.9л",1299,2099
"8000079792","Wellfort","Коврик для сушки посуды Вишня Wellfort 50*38см",169,299
"8000081317","Wellfort","Комплект постельного белья двуспальный поплин Cherry Moments Wellfort",2551,3999
"8000006704","Wellfort","Зеркало Wellfort с LED подсветкой 40160061",449,0
"8000090928","Wellfort","Светодиодная маска для лица 7в1 Wellfort",1698,2999
"8000075101","Wellfort","Набор салфеток из микрофибры для уборки 30*30см Wellfort 4шт",199,0
"8000079286","Wellfort","Контейнер стекло Вишня Wellfort 800мл",299,499
"8000064291","Wellfort","Миска из нержавеющей стали с силиконовым дном Wellfort 2л",329,0
"8000073636","Wellfort","Плетёная корзинка для хранения 35*25*18см Wellfort",606,0
"8000085352","Wellfort","Полотенце вафельное с печатью 35*60см Cherry Wellfort Moments",129,219
"8000082288","Wellfort","Скатерть 137*180см Cherry Moments Wellfort",599,969
"8000050223","Wellfort","Набор флокированных вешалок Wellfort 3шт",169,0
"8000080962","Wellfort","Ковш Вишня Wellfort 1.5л",1002,1699
"8000082094","Wellfort","Разделочная доска 32.5см Вишня Wellfort в ассортименте",149,249
"8000080963","Wellfort","Кастрюля Вишня Wellfort 4.8л",1851,2499
"8000079585","Wellfort","Металлическая фруктовница 23.5см Вишня Wellfort",499,999
"8000043377","Wellfort","Дорожный фен 1200Вт Wellfort",649,799
"8000003826","Wellfort","Полотенце махровое Wellfort нежный голубой 30*50см",149,0
"8000063817","Wellfort","Рамка для фото сердце Wellfort 23*21см",252,499
"4000083816","Wellfort","Весы напольные электронные Wellfort 80042026 в ассортименте",749,0
"8000079580","Wellfort","Фарфоровая супница 11.6см Вишня Wellfort в ассортименте",249,399
"8000009338","Wellfort","Прихватка классическая Wellfort 20*20см",149,0
"8000079584","Wellfort","Стакан с трубочкой 420мл Вишня Wellfort",299,599
"8000078743","Wellfort","Коврик для ванной 40*60см Wellfort",799,1199
"8000078743","Wellfort","Коврик для ванной 40*60см Wellfort",799,1199
"8000002089","Wellfort","Клей-гель Wellfort WT-CC0002 3г",50,99
"4000080992","Wellfort","Полотенце махровое Wellfort Мята 70*120см в ассортименте",799,0
"8000082431","Wellfort","Кувшин 2.2л Вишня Wellfort",599,999
"8000082388","Wellfort","Абразивная губка универсальная Вишня Wellfort 2шт",79,129
"8000028297","Wellfort","Машинка для стрижки волос 12Вт Wellfort",999,0
"8000002088","Wellfort","Клей секундный Wellfort WT-CC0001 3г",40,64
"8000078694","Wellfort","Ролик для чистки одежды Wellfort Вишня 50листов",99,149
"8000003801","Wellfort","Полотенце махровое Wellfort персик 70*120см",629,749
"4000101238","Wellfort","Прищепки для белья Wellfort Лапочка 10шт",129,0
"8000015085","Wellfort","Мыльница Wellfort белая пластиковая",59,0
"8000079213","Wellfort","Форма для выпечки керамическая Вишня 10.5*5см Wellfort",129,199
"8000003803","Wellfort","Полотенце махровое Wellfort персик 30*50см",139,169
"8000068136","Wellfort","Коврик для ванной 50*70см синий Royal Wellfort",249,599
"8000079285","Wellfort","Сковорода 14.5*35.5см Вишня Wellfort",499,899
"8000058401","Wellfort","Штора для ванной полиэстер Гортензия Wellfort 178*183см",469,839
"8000003973","Wellfort","Полотенце Wellfort махровое светло-серое 70*120см",649,0
"8000011118","Wellfort","Тарелка Wellfort десертная керамика 20см",209,0
"8000079214","Wellfort","Форма силиконовая для льда Вишня 17.8*17см Wellfort",149,249
"8000079212","Wellfort","Подставка под горячее 18*23см Вишня Wellfort",299,499
"8000061058","Wellfort","Банка для хранения стеклянная Wellfort 950мл",315,499
"4000083823","Wellfort","Ножницы кухонные Wellfort",259,0
"8000080105","Wellfort","Набор контейнеров с крышкой 650мл Wellfort",149,0
"8000082386","Wellfort","Набор вешалок из пластика Wellfort 4шт",199,299
"8000082389","Wellfort","Свеча в стекле Вишня Wellfort",279,379
"8000079573","Wellfort","Стеклянная ваза для цветов 18см Вишня Wellfort 786г в ассортименте",599,999
"8000066413","Wellfort","Насадка для швабры из микроволокна Wellfort",229,0
"8000003802","Wellfort","Полотенце махровое Wellfort персик 50*80см",329,399
"8000079577","Wellfort","Фарфоровая тарелка обеденная Вишня Wellfort 24см",299,599
"4000080986","Wellfort","Полотенце махровое Wellfort Мята 30х50см в ассортименте",169,0
"8000078742","Wellfort","Салфетки для уборки в рулоне Вишня Wellfort 30шт",399,599
"8000010879","Wellfort","Набор крючков Wellfort пластик самоклеящиеся прозрачные 6шт",89,0
"8000079576","Wellfort","Десертная тарелка фарфоровая 20см Вишня Wellfort",249,399
"8000078742","Wellfort","Салфетки для уборки в рулоне Вишня Wellfort 30шт",399,599
"8000010879","Wellfort","Набор крючков Wellfort пластик самоклеящиеся прозрачные 6шт",89,0
"8000079576","Wellfort","Десертная тарелка фарфоровая 20см Вишня Wellfort",249,399
"8000009337","Wellfort","Прихватка-рукавица Wellfort 18*26см",249,0
"8000080498","Wellfort","Салфетки вискозные в рулоне Вишня 25*25см 100 листов Wellfort",399,599
"8000079575","Wellfort","Стеклянная кружка 460мл Вишня Wellfort",249,499
"8000068130","Wellfort","Махровое полотенце 100*150см бежевое Royal Wellfort Micra",699,999
"8000003972","Wellfort","Полотенце Wellfort махровое светло-серое 50*80см",349,0
"4000101539","Wellfort","Щипцы Wellfort кухонные нержавеющая сталь силикон Garmony",199,0
"8000014799","Wellfort","Комплект WC силиконовый подвесной Wellfort",199,0
"8000003806","Wellfort","Полотенце Wellfort махровое жаккард розовое 30*50см",149,0
"8000079578","Wellfort","Фарфоровый салатник 13.8см Вишня Wellfort",199,399
"1000449205","Wellfort","Салфетки бумажные Wellfort 3 слоя 20шт Праздник 33*33см в ассортименте",99,129
"8000003804","Wellfort","Полотенце Wellfort махровое жаккард розовое 50*80см",349,0
"8000061063","Wellfort","Силиконовый коврик для выпечки Wellfort 30*40см в ассортименте",229,299
"8000011457","Wellfort","Кружка Wellfort керамика 440мл",239,0
"4000080966","Wellfort","Полотенце махровое Wellfort Бежевое 30х50см",139,0
"4000080977","Wellfort","Полотенце махровое Wellfort Мята 50х80см в ассортименте",399,0
"8000080285","Wellfort","Сервировочная салфетка 38см Cherry Moments Wellfort",199,349
"8000014835","Wellfort","Штора для ванной с кольцами Wellfort 180*180см",649,0
"8000011119","Wellfort","Тарелка Wellfort суповая керамика 21см",269,0
"1000460140","Wellfort","Автоматический освежитель воздуха Азиатская лилия/Белый грейпфрут/Лепестки жасмина и ванили Wellfort 250мл в ассортименте",249,0
"8000003828","Wellfort","Полотенце махровое Wellfort нежный голубой 70*120см",749,0
"8000003805","Wellfort","Полотенце Wellfort махровое жаккард розовое 70*120см",749,0
"4000078031","Wellfort","Нож универсальный Stone Wellfort 13см",229,0
"8000082712","Wellfort","Набор салфеток с петелькой 30*30см Wellfort",149,0
"8000090282","Wellfort","Герметичный контейнер Вишня Wellfort 0.5л",129,219
"8000087831","Wellfort","Универсальный нож Вишня Wellfort",249,449
"8000015079","Wellfort","Стакан для ванной Wellfort белый пластиковый",69,0
"8000078745","Wellfort","Стеклянная мыльница Вишня Wellfort",169,249
"4000098432","Wellfort","Картофелемялка Wellfort Basic стальная",229,0
"4000078038","Wellfort","Нож для мяса Stone Wellfort 15см",259,0
"8000090281","Wellfort","Герметичный контейнер Вишня Wellfort 1.1л",149,249
"4000098432","Wellfort","Картофелемялка Wellfort Basic стальная",229,0
"4000078038","Wellfort","Нож для мяса Stone Wellfort 15см",259,0
"8000090281","Wellfort","Герметичный контейнер Вишня Wellfort 1.1л",149,249
"4000080995","Wellfort","Полотенце Wellfort махровое ирис 70*120см",749,0
"8000082432","Wellfort","Набор для специй Cherry Moments Wellfort",499,899
"4000080990","Wellfort","Полотенце Wellfort махровое ирис 50*80см",379,0
"4000004551","Wellfort","Коврик для ванной Wellfort ПВХ Камешки 69*36см",399,0
"8000080159","Wellfort","Пакеты для заморозки Вишня Wellfort 1л*10шт",179,249
"8000078740","Wellfort","Стеклянный дозатор для жидкого мыла Вишня Wellfort",199,299
"4000080989","Wellfort","Полотенце Wellfort махровое ирис 30*50см",149,0
"8000087832","Wellfort","Нож для овощей Вишня Wellfort",199,349
"8000011121","Wellfort","Салатник Wellfort керамика 15см",199,0
"8000080158","Wellfort","Комплект для уборки Щетка-сметка + Совок Вишня Wellfort",399,549
"8000078744","Wellfort","Стакан для ванной стеклянный Вишня Wellfort",179,279
"4000101888","Wellfort","Коврик Wellfort силиконовый для выпечки 41*31см",299,0
"1000449206","Wellfort","Салфетки бумажные Wellfort 3 слоя 16шт Барокко 33*33см в ассортименте",99,129
"4000098435","Wellfort","Картофелечистка Wellfort Basic стальная",129,0
"8000088919","Wellfort","Набор прихваток классический с рукавицей Cherry Moments Wellfort",329,499
"8000064461","Wellfort","Форма для кулича разъемная с антипригарным покрытием d10см Wellfort",139,199
"8000014833","Wellfort","Штора для ванной без колец Peva Wellfort 178*183см",259,0
"4000106535","Wellfort","Доска Wellfort разделочная ПЭ 37*25*0.8см Harmony",349,0
"4000106953","Wellfort","Коврик для сушки посуды Wellfort Basic 50*40см",199,0
"8000011122","Wellfort","Кружка Wellfort керамика 330мл",199,0
"8000006710","Wellfort","Набор для стрижки Wellfort PR-2763",999,0
"1000030580","Wellfort","Ситечко для чая Wellfort из нержавеющей стали Basic",159,0
"8000009336","Wellfort","Кухонное полотенце Wellfort 40*60см",199,0
"8000014782","Wellfort","Стеклянная мыльница серая Wellfort",199,0
"4000098433","Wellfort","Половник Wellfort Basic стальной",269,0
"8000014830","Wellfort","Шенилловый коврик для ванной Wellfort 50*80см",649,0
"4000078027","Wellfort","Нож универсальный Stone Wellfort 20см",299,0
"8000014796","Wellfort","Стеклянный стакан для ванной серый Wellfort",219,0
"8000070325","Wellfort","Пластиковая коробка с крышкой Wellfort 29.5х22.5х11см",599,0
"1000449204","Wellfort","Салфетки бумажные Wellfort Фруктово-ягодный цвет 3 слоя 16*16*2см 20шт в ассортименте",99,129
"8000066566","Wellfort","Махровое полотенце для ног 50*70см Wellfort",349,0
"8000078741","Wellfort","Салфетка для уборки велюр 35*35см Вишня Wellfort",129,199
"8000074869","Wellfort","Лопатка 28см Wellfort",149,0
"8000066566","Wellfort","Махровое полотенце для ног 50*70см Wellfort",349,0
"8000078741","Wellfort","Салфетка для уборки велюр 35*35см Вишня Wellfort",129,199
"8000074869","Wellfort","Лопатка 28см Wellfort",149,0
"4000078023","Wellfort","Нож поварской Stone Wellfort 20см",349,0
"8000074867","Wellfort","Половник 28см Wellfort",149,0
"8000009339","Wellfort","Полотенце вафельное Wellfort 40*60см",199,0
"8000087830","Wellfort","Кухонный нож Вишня Wellfort",349,549
"8000003827","Wellfort","Полотенце махровое Wellfort нежный голубой 50*80см",399,0
"4000106348","Wellfort","Точилка для ножей Wellfort 3-этапная заточка Harmony",349,0
"4000080980","Wellfort","Полотенце махровое Wellfort Бежевое 70х120см",579,749
"4000098441","Wellfort","Лопатка Wellfort Basic с прорезями стальная",199,0
"8000074868","Wellfort","Картофелемялка 25см Wellfort",169,0
"8000074870","Wellfort","Поварская ложка с отверстиями 28см Wellfort",149,0
"4000073881","Wellfort","Плед Braid корал флис синий 150*200см",769,1099
"8000090507","Wellfort","Набор целлюлозных салфеток Вишня Wellfort 19*17см 2шт",199,299
"4000098436","Wellfort","Шумовка Wellfort Basic стальная",299,0
"4000073896","Wellfort","Плед Braid корал флис синий 180*200см",769,1099
"8000009335","Wellfort","Кухонное махровое полотенце Wellfort 40*60см",219,0
"1000459612","Wellfort","Освежитель воздуха Wellfort Лимонные дольки/Ванильный мокко/Гранатовый пунш 300мл в ассортименте",149,0
"1000459613","Wellfort","Освежитель воздуха Wellfort Берег мечты/Весенний сад/Лаванда-грейпфрут в ассортименте 300мл",149,0
"4000001724","Wellfort","Липкий ролик Wellfort в ассортименте",129,0
"4000059401","Wellfort","Контейнер Полимербыт Wellfort Butterfly герметичный 1.2л в ассортименте",329,0
"4000059404","Wellfort","Контейнер Полимербыт Wellfort Butterfly герметичный 750мл",219,0
"4000073502","Wellfort","Губка полипропиленовая с держателем",49,0
"4000076593","Wellfort","Банка Wellfort для сыпучих продуктов стекло бамбук 1.35л",349,0
"4000076598","Wellfort","Банка Wellfort для сыпучих продуктов стекло бамбук 600мл",279,0
"4000076599","Wellfort","Банка для сыпучих продуктов стекло бамбук Wellfort 2л",379,0
"4000084363","Wellfort","Выпрямитель Wellfort BY-605",699,849
"4000086509","Wellfort","Форма для выпечки Wellfort с антипригарным покрытием разъемная 26см",299,0
"4000086515","Wellfort","Форма для выпечки Wellfort разъемная d-24см с антипригарным покрытием",299,0
"4000086522","Wellfort","Форма для выпечки кексов Wellfort 12 ячеек 35.5*26.5*3см",499,0
"4000093995","Wellfort","Губки для мытья посуды Wellfort 2шт",44,59
"4000095089","Wellfort","Салфетка Wellfort от стойких загрязнений микрофибра",54,79
"4000098350","Wellfort","Щипцы Wellfort для завивки волос CUR698",699,1049
"4000098442","Wellfort","Терка ручная Wellfort Basic стальная",159,0
"4000099939","Wellfort","Наушники Wellfort проводные с микрофоном 1.2м WX22091430 в ассортименте",89,129
"4000098350","Wellfort","Щипцы Wellfort для завивки волос CUR698",699,1049
"4000098442","Wellfort","Терка ручная Wellfort Basic стальная",159,0
"4000099939","Wellfort","Наушники Wellfort проводные с микрофоном 1.2м WX22091430 в ассортименте",89,129
"4000101392","Wellfort","Чайник Wellfort Style заварочный с бамбуковой крышкой 1л",599,0
"4000101577","Wellfort","Форма для выпекания прямоугольная Wellfort Style 39.5*27.5*5см",449,0
"4000105468","Wellfort","Сетевое зарядное устройство Wellfort 2 USB 2A WX22091438",199,0
"4000106794","Wellfort","Электробритва Wellfort роторная CSH755R",599,799
"4000107452","Wellfort","Триммер Wellfort GY23070501",129,199
"8000001031","Wellfort","Кабель Wellfort micro USB 80090569 2А 1м",119,0
"8000001032","Wellfort","Кабель Wellfort Type-C 80090570 2А 1м",149,0
"8000001033","Wellfort","Кабель Wellfort 8-Pin 80090571 2А 1м",149,0
"8000002037","Wellfort","Многоразовая клейкая лента Wellfort WT-IT0004 1.5м*18мм",119,0
"8000004925","Wellfort","Запасные блоки для ролика Wellfort 60л 2шт",149,0
"8000004927","Wellfort","Ролик для чистки одежды Wellfort с футляром 60л",129,0
"8000014040","Wellfort","Наушники проводные Wellfort с микрофоном WX22091430-1 1.2м",69,119
"8000014779","Wellfort","Стеклянный дозатор для жидкого мыла серый Wellfort",279,0
"8000015082","Wellfort","Дозатор Wellfort белый пластиковый",149,0
"8000022798","Wellfort","Футляр для зубной щетки Wellfort",22,0
"8000030530","Wellfort","Губки для мытья посуды Wellfort 2шт",59,0
"8000042880","Wellfort","Коробка с крышкой Wellfort 23*15*9см 2.5л",279,0
"8000048954","Wellfort","Насадка из микрофибры для швабры Wellfort",249,0
"8000050222","Wellfort","Салфетки для мытья окон из микрофибры Wellfort 30*30см 2шт",99,0
"8000059177","Wellfort","Набор корзин 24*18см 15*11см Wellfort 3шт",499,999
"8000077801","Wellfort","Насадка для швабры микрофибра шенилл серая Wellfort",159,299
"8000079791","Wellfort","Миска нержавеющая сталь Вишня 2.5л Wellfort",699,0
"8000107518","Wellfort","Кухонное полотенце Velvet Wellfort 3050см",149,0
"1000326664","Wet N Wild","Гель-блеск Wet N Wild Color Icon для лица и тела E351C ",185,299
"8000057988","Wet N Wild","Рассыпчатая пудра для лица Photo Focus Wet N Wild тон Soft Pink",879,999
"1000326613","Wet N Wild","Подводка для глаз Wet N Wild Megaliner E8711 ",314,499
"1000326687","Wet N Wild","Карандаш-стик для контуринга Wet N Wild Megaglo E7511",502,849
"1000326663","Wet N Wild","База для макияжа Wet N Wild Coverall Primer E850 ",501,649
"1000326670","Wet N Wild","Карандаш для бровей Wet N Wild Color Icon Brow E6231 ",194,329
"1000326678","Wet N Wild","Карандаш для глаз Wet N Wild Icon Kohl E603A ",163,269
"1000337430","Wet N Wild","Румяна для лица Wet N Wild Color Icon Pinch Me Pink",479,549
"1000326680","Wet N Wild","Тональная основа Wet N Wild Focus Foundation E363C ",705,1149
"8000057989","Wet N Wild","Жидкая помада для губ тон 03 New Soulmate Wet N Wild Mega Glitter",783,999
"1000486032","Wet N Wild","Палетка теней для глаз Wet N Wild Walking On Eggshells",441,649
"8000027028","Wet N Wild","Подводка-фломастер для глаз Wet N Wild BP Ultra Black",719,1099
"1000326685","Wet N Wild","Палетка теней для век Wet N Wild Color Icon Comfort zone ",473,799
"8000057990","Wet N Wild","Жидкая помада для губ тон 02 Pink Future Wet N Wild Mega Glitter",843,999
"1000525657","Wet N Wild","Консилер для лица тон Light Honey Wet N Wild All Day Full Coverage",405,699
"8000057991","Wet N Wild","Жидкая помада для губ тон 01 Hear Me Out Wet N Wild Mega Glitter",927,0
"1000486033","Wet N Wild","Палетка теней для глаз Wet N Wild Petalette",434,649
"1000486031","Wet N Wild","Палетка теней для глаз Wet N Wild Camo-flaunt",441,649
"1000525673","Wet N Wild","Карандаш для губ Plumberry Wet N Wild Cilp",208,299
"1000326689","Wet N Wild","Набор для контуринга Wet N Wild Megoglo E7491",502,849
"1000326642","Wet N Wild","Помада для губ Wet N Wild MegaLast 1111430E ",367,549
"1000525661","Wet N Wild","Пудра для лица Fair Light Wet N Wild Bare Focus Clarifying Finishing Powder",388,649
"1000525663","Wet N Wild","Помада для губ тон Skin-Ny Dipping Wet N Wild Mega Last Lipstick",385,599
"1000525666","Wet N Wild","Помада для губ тон Sand Storm Wet N Wild Mega Last Lipstick",342,599
"8000027030","Wet N Wild","Тональная основа для лица Fair Wet N Wild Niacinamide Skin Tint",979,1099
"1000326681","Wet N Wild","Тональная основа Wet N Wild Focus Foundation E365C ",691,1149
"1000326633","Wet N Wild","Тушь для ресниц и бровей Wet N Wild MegaClear прозрачная E149",370,499
"1000525664","Wet N Wild","Помада для губ тон Cinnamon Spice Wet N Wild Mega Last Lipstick",550,0
"1000511006","Wet N Wild","Румяна для лица тон 1 Bed Of Roses Wet N Wild Color Icon",353,549
"8000027027","Wet N Wild","Подводка-фломастер для глаз Wet N Wild BP Brown",899,1099
"1000525667","Wet N Wild","Помада для губ тон Into The Flesh Wet N Wild Mega Last Lipstick",342,599
"1000326684","Wet N Wild","Палетка теней для век Wet N Wild Color Icon Ros in the air ",473,799
"1000326658","Wet N Wild","Тушь для ресниц Wet N Wild Mega Lenght E158 ",376,649
"1000326662","Wet N Wild","Гель-блеск Wet N Wild Color Icon для лица и тела E352C ",185,299
"1000525669","Wet N Wild","Карандаш для губ Fab Fuschia Wet N Wild Cilp",160,299
"1000525670","Wet N Wild","Карандаш для губ Brandy Wine Wet N Wild Cilp",208,299
"1000326662","Wet N Wild","Гель-блеск Wet N Wild Color Icon для лица и тела E352C ",185,299
"1000525669","Wet N Wild","Карандаш для губ Fab Fuschia Wet N Wild Cilp",160,299
"1000525670","Wet N Wild","Карандаш для губ Brandy Wine Wet N Wild Cilp",208,299
"1000326667","Wet N Wild","Гель-блеск Wet N Wild Color Icon для лица и тела E355C ",202,299
"1000326682","Wet N Wild","Тональная основа Wet N Wild Focus Foundation E368C ",656,1149
"1000525674","Wet N Wild","Карандаш для губ Berry Red Wet N Wild Cilp",208,299
"8000027033","Wet N Wild","Тушь для ресниц Wet N Wild So Defined Black",559,1099
"1000337424","Wet N Wild","Румяна для лица Wet N Wild Color Icon Pearlescent Pink",442,549
"1000326630","Wet N Wild","Тушь для ресниц Wet N Wild MaxVolumePlus E1501 ",450,799
"1000326676","Wet N Wild","Карандаш для глаз Wet N Wild Icon Kohl E601A ",172,269
"1000525671","Wet N Wild","Карандаш для губ Chestnut Wet N Wild Cilp",208,299
"1000525665","Wet N Wild","Помада для губ тон Cherry Bomb Wet N Wild Mega Last Lipstick",550,0
"1000523491","Wet N Wild","Основа для макияжа Megalast Eyeshadow Primer Wet N Wild",872,0
"1000395905","Wet N Wild","Тушь для ресниц Wet N Wild Big Poppa Mascara черная ",507,849
"1000525676","Wet N Wild","Помада для губ тон Mochalicious Wet N Wild Mega Last Lipstick",391,599
"1000525658","Wet N Wild","Консилер для лица тон Light Medium Wet N Wild All Day Full Coverage",405,699
"1000525668","Wet N Wild","Карандаш для глаз Wet N Wild Cike Youre Always White",172,269
"8000027029","Wet N Wild","Тональная основа для лица Medium Sand Wet N Wild Niacinamide Skin Tint",888,1099
"1000326677","Wet N Wild","Карандаш для глаз Wet N Wild Icon Kohl E602A ",183,269
"1000525672","Wet N Wild","Карандаш для губ Willow Wet N Wild Cilp",208,299
"8000027041","Wet N Wild","Тональная основа для лица Fair Light Wet N Wild Niacinamide Skin Tint",833,1099
"1000525662","Wet N Wild","Пудра для лица Light Medium Wet N Wild Bare Focus Clarifying Finishing Powder",388,649
"1000525656","Wet N Wild","Консилер для лица тон Light Beige Wet N Wild All Day Full Coverage",405,699
"8000027035","Wet N Wild","Тональная основа для лица Fair Beige Wet N Wild Niacinamide Skin Tint",977,1099
"1000525659","Wet N Wild","Консилер для лица тон Medium Neutral Wet N Wild All Day Full Coverage",405,699
"4000078678","WowPlay!","Набор карандашей Wow Play цветных 2 стороны 3 грани 12шт",79,0
"4000078680","WowPlay!","Набор волшебных фломастеров Wow Play 10шт",99,0
"4000078705","WowPlay!","Набор фломастеров Wow Play 2 стороны 6шт",119,0
"8000081573","WowPlay!","Набор линеров 0.4мм 12шт WowPlay!",329,0
"4000079730","WowPlay!","Фломастеры Wow Play 24шт",179,0
"8000044765","WowPlay!","Пластилин Wow Play 12 цветов 180г",149,0
"4000078688","WowPlay!","Текстовыделитель пастельных цветов WowPlay! в ассортименте",39,0
"4000079731","WowPlay!","Фломастеры Wow Play 18шт",129,0
"8000052819","WowPlay!","Машина со светом и звуком WowPlay! в ассортименте",499,0
"8000030501","WowPlay!","Погремушка для малышей Зайка со звуком Wowplay! в ассортименте",299,399
"8000001101","WowPlay!","Тесто-пластилин для лепки Wow Play детский в ассортименте",119,0
"8000046578","WowPlay!","Игрушечная машинка в боксе WowPlay! в ассортименте",249,0
"8000051872","WowPlay!","Набор с питомцами и аксессуаров WowPlay! в ассортименте",179,0
"4000079732","WowPlay!","Фломастеры Wow Play 12шт",89,0
"8000053001","WowPlay!","Мягконабивная игрушка Весёлая мордочка WowPlay! в ассортименте",399,899
"8000059697","WowPlay!","Игровой набор ракетки с мячиками Wowplay!",249,299
"8000062529","WowPlay!","Пупс Малыш WowPlay! 23см",499,0
"8000062529","WowPlay!","Пупс Малыш WowPlay! 23см",499,0
"8000001100","WowPlay!","Набор для лепки Wow Play детский Тесто-пластилин 6 цветов",299,0
"8000046706","WowPlay!","Мягкая игрушка WowPlay! Фуд 13см в ассортименте",412,499
"8000052814","WowPlay!","Игрушка-трансформер WowPlay! в ассортименте",399,0
"4000078693","WowPlay!","Набор цветных карандашей Wow Play 24шт",149,0
"4000078689","WowPlay!","Набор цветных карандашей Wow Play 12шт",109,0
"8000030499","WowPlay!","Набор погремушек прорезывателей Wowplay! 2шт в ассортименте",179,0
"8000063048","WowPlay!","Фигурка Симпатичное животное WowPlay! 8см в ассортименте",229,0
"8000052810","WowPlay!","Игровой набор Доктор 9 предметов WowPlay!",329,0
"8000052816","WowPlay!","Конструктор Машина с отверткой WowPlay! в ассортименте",299,0
"8000030502","WowPlay!","Мягкая игрушка Медвежонок 17см WowPlay!",384,0
"8000051865","WowPlay!","Набор Грузовик с животным WowPlay! в ассортименте",169,0
"8000052818","WowPlay!","Машина на больших колесах WowPlay! в ассортименте",199,0
"4000078744","WowPlay!","Набор линеек Магнит 4шт",89,0
"8000062528","WowPlay!","Игровой набор Домик с животными и аксессуарами WowPlay! в ассортименте",199,0
"8000062530","WowPlay!","Кукла WowPlay! 14см в ассортименте",249,0
"8000052811","WowPlay!","Игровой набор для девочек WowPlay!",299,0
"8000051870","WowPlay!","Набор с питомцами и аксессуарами WowPlay! в ассортименте",349,0
"8000064281","WowPlay!","Шариковая ручка автоматическая синяя 0.7мм WowPlay! в ассортименте",89,0
"8000052813","WowPlay!","Набор Домик с питомцем и аксессуарами WowPlay! в ассортименте",199,0
"8000051867","WowPlay!","Игровой набор для девочек WowPlay! в ассортименте",299,0
"8000029181","WowPlay!","Мягкая игрушка Милый хвостик WowPlay! 30см В ассортименте",599,0
"8000017076","WowPlay!","Игрушка Краб Wowplay! в ассортименте",229,349
"8000017077","WowPlay!","Игрушка Wow Play! каталка 41009001XL в ассортименте",239,0
"1000453297","Yolo","Лак для ногтей Yolo Dragon Eggs тон 80",160,269
"1000453316","Yolo","Лак для ногтей Yolo Simple Look тон 32",329,0
"1000504351","Yolo","Лак для ногтей тон 101 Yolo Summer Berry",329,0
"1000504355","Yolo","Лак для ногтей тон 105 Yolo Summer Berry",329,0
"1000453318","Yolo","Лак для ногтей Yolo Simple Look тон 33",329,0
"8000040324","Yolo","Суперсушка для ногтей Yolo Base+Care",329,0
"8000040321","Yolo","Лак для ногтей тон 160 Yolo Jelly Drop",329,0
"1000453307","Yolo","Лак для ногтей Yolo Noble Nude тон 15",329,0
"8000040318","Yolo","Лак для ногтей тон 183 Yolo Base+Care",329,0
"1000453305","Yolo","Лак для ногтей Yolo Noble Nude тон 13",329,0
"1000453293","Yolo","Лак для ногтей Yolo Fancy тон 65",329,0
"1000558077","Yolo","Лак для ногтей тон 74 Yolo Viva Magenta",329,0
"1000453319","Yolo","Лак для ногтей Yolo Sweet Dreams тон 42",329,0
"8000040323","Yolo","Лак для ногтей тон 162 Yolo Jelly Drop",329,0
"1000453309","Yolo","Лак для ногтей Yolo Simple Look тон 34",329,0
"1000453327","Yolo","Лак для ногтей Yolo Fancy тон 62",329,0
"8000040320","Yolo","Лак для ногтей тон 186 Yolo Base+Care",329,0
"8000040304","Yolo","Лак для ногтей тон 110 Yolo Milky Way",329,0
"8000040308","Yolo","Лак для ногтей тон 119 Yolo Milky Way",329,0
"1000453315","Yolo","Лак для ногтей Yolo Simple Look тон 30",329,0
"1000453298","Yolo","Лак для ногтей Yolo Sweet Dreams тон 41",329,0
"1000453329","Yolo","Лак для ногтей Yolo Noble Nude тон 10",329,0
"1000504357","Yolo","Лак для ногтей тон 66 Yolo Fancy",329,0
"1000558080","Yolo","Лак для ногтей тон 154 Yolo Stone Garden",329,0
"1000453326","Yolo","Лак для ногтей Yolo Fancy тон 61",329,0
"8000040309","Yolo","Лак для ногтей тон 118 Yolo Milky Way",329,0
"1000558071","Yolo","Лак для ногтей тон 67 Yolo Fancy",329,0
"1000558073","Yolo","Лак для ногтей тон 47 Yolo Sweet Dreams",329,0
"8000040317","Yolo","Лак для ногтей тон 181 Yolo Base+Care",329,0
"8000040311","Yolo","Лак для ногтей тон 153 Yolo Stone Garden",329,0
"8000040322","Yolo","Лак для ногтей тон 187 Yolo Base+Care",329,0
"1000558075","Yolo","Лак для ногтей тон 152 Yolo Stone Garden",329,0
"1000504359","Yolo","Лак для ногтей тон 107 Yolo Summer Berry",329,0
"1000453325","Yolo","Лак для ногтей Yolo Fancy тон 60",329,0
"1000453311","Yolo","Лак для ногтей Yolo Sweet Dreams тон 40",329,0
"8000040319","Yolo","Лак для ногтей тон 184 Yolo Base+Care",329,0
"1000453325","Yolo","Лак для ногтей Yolo Fancy тон 60",329,0
"1000453311","Yolo","Лак для ногтей Yolo Sweet Dreams тон 40",329,0
"8000040319","Yolo","Лак для ногтей тон 184 Yolo Base+Care",329,0
"8000040305","Yolo","Лак для ногтей тон 111 Yolo Milky Way",329,0
"1000558072","Yolo","Лак для ногтей тон 68 Yolo Fancy",329,0
"8000040306","Yolo","Лак для ногтей тон 150 Yolo Stone Garden",329,0
"8000040316","Yolo","Лак для ногтей тон 159 Yolo Stone Garden",329,0
"8000040314","Yolo","Лак для ногтей тон 156 Yolo Stone Garden",329,0
"8000040307","Yolo","Лак для ногтей тон 112 Yolo Milky Way",329,0
"1000558078","Yolo","Лак для ногтей тон 158 Yolo Stone Garden",329,0
"8000018169","Глисс Кур","Шампунь для волос женский Глисс Кур Жидкий шелк 750мл",509,699
"1000226329","Глисс Кур","Шампунь для волос женский Глисс Кур Безупречно длинные 400мл",283,499
"1000199671","Глисс Кур","Шампунь для волос женский Глисс Кур Жидкий шелк 400мл",261,499
"1000134903","Глисс Кур","Масло-уход для волос женский Глисс Кур с эффектом термозащиты 150мл",419,649
"1000270327","Глисс Кур","Бальзам кондиционер для волос Глисс Кур Драгоценное питание женский 360мл",283,499
"1000316890","Глисс Кур","Бальзам кондиционер для волос Глисс Кур Безупречно длинные женский 360мл",283,499
"1000015526","Глисс Кур","Шампунь для волос Глисс Кур Драгоценное питание женский 400мл",253,499
"8000032325","Глисс Кур","Бальзам для волос Жидкий шелк Глисс кур 650мл",509,699
"1000171617","Глисс Кур","Шампунь для волос женский Глисс Кур Экстремальное восстановление 400мл",261,499
"1000270325","Глисс Кур","Бальзам кондиционер для волос Глисс Кур Экстремальное восстановление женский 360мл",235,499
"8000011818","Глисс Кур","Крем для волос Глисс Кур 10-в-1 200мл",278,429
"1000356900","Глисс Кур","Шампунь для волос женский Глисс Кур Совершенство блонд оттенков 360мл",283,499
"8000018167","Глисс Кур","Шампунь для волос женский Глисс Кур Экстремальное восстановление 750мл",509,699
"1000319192","Глисс Кур","Стойкая краска для волос Глисс Кур Уход & Увлажнение профессиональная 5-1 Холодный каштановый",469,599
"1000319191","Глисс Кур","Стойкая краска для волос Глисс Кур Уход & Увлажнение профессиональная 4-0 Тёмно-каштановый",469,599
"1000416649","Глисс Кур","Бальзам кондиционер для волос Глисс Кур Исключительное увлажнение женский 360мл",283,499
"8000061871","Глисс Кур","Краска для волос тон 7.00 Тёмно-русый Глисс Кур Mousse Expert 85мл",637,0
"1000319197","Глисс Кур","Стойкая краска для волос Глисс Кур Уход & Увлажнение профессиональная 8-1 Холодный пепельно-русый",469,599
"1000390850","Глисс Кур","Маска для волос женская Глисс Кур Фиолетовая Совершенство блонд оттенков 200мл",272,429
"8000018168","Глисс Кур","Маска для волос Глисс Кур Роскошь питание и восстановление 400мл",499,649
"1000319200","Глисс Кур","Стойкая краска для волос Глисс Кур Уход & Увлажнение профессиональная 6-68 Шоколадный каштан",469,599
"1000319194","Глисс Кур","Стойкая краска для волос Глисс Кур Уход & Увлажнение профессиональная 6-0 Светло-каштановый",469,599
"1000416650","Глисс Кур","Экспресс-кондиционер для волос Глисс Кур Исключительное увлажнение женский спрей 200мл",469,599
"1000388828","Глисс Кур","Стойкая краска для волос Глисс Кур Уход & Увлажнение профессиональная 10-55 Платиновый блонд",469,599
"8000061875","Глисс Кур","Краска для волос тон 2.00 Чёрный Глисс Кур Mousse Expert 85мл",637,0
"1000454718","Глисс Кур","Маска для волос Глисс Кур Экстремальное восстановление женская 200мл",272,429
"1000319195","Глисс Кур","Стойкая краска для волос Глисс Кур Уход & Увлажнение профессиональная 7-00 Тёмно-русый",469,599
"8000061870","Глисс Кур","Краска для волос Глисс Кур Mousse Expert тон 4-65 Шоколадный каштан",637,0
"1000416648","Глисс Кур","Шампунь для волос Глисс Кур Исключительное увлажнение женский 400мл",253,499
"8000061874","Глисс Кур","Краска для волос тон 8.00 Средне-русый Глисс Кур Mousse Expert 85мл",637,0
"1000319193","Глисс Кур","Стойкая краска для волос Глисс Кур Уход & Увлажнение профессиональная 5-65 Лесной орех",469,599
"8000061869","Глисс Кур","Краска для волос Глисс Кур Mousse Expert тон 5-00 Средний каштан",637,0
"1000530896","Глисс Кур","Стойкая краска для волос Глисс Кур Уход & Увлажнение профессиональная 9-14 Пепельный блонд",469,599
"8000061873","Глисс Кур","Краска для волос тон 3.65 Тёмный шоколад Глисс Кур Mousse Expert 85мл",637,0
"1106100260","Глисс Кур","Экспресс-кондиционер для волос Глисс Кур Драгоценное питание женский спрей 200мл",412,649
"1000552898","Глисс Кур","Маска для волос Глисс Кур Совершенство окрашенных волос женская 200мл",456,0
"8000061873","Глисс Кур","Краска для волос тон 3.65 Тёмный шоколад Глисс Кур Mousse Expert 85мл",637,0
"1106100260","Глисс Кур","Экспресс-кондиционер для волос Глисс Кур Драгоценное питание женский спрей 200мл",412,649
"1000552898","Глисс Кур","Маска для волос Глисс Кур Совершенство окрашенных волос женская 200мл",456,0
"8000032323","Глисс Кур","Бальзам для волос Экстремальное восстановление Глисс кур 650мл",509,699
"1000055826","Глисс Кур","Экспресс-кондиционер для волос женский Глисс Кур Экстремальное восстановление 200мл",412,649
"1000435502","Дав","Лосьон для тела Дав Сияние лета 200мл",299,499
"1000550971","Дав","Крем-гель для умывания Дав ухаживающий 50мл",129,0
"1000556404","Дав","Шампунь Дав Интенсивное восстановление Мини 100мл",119,169
"1000556405","Дав","Бальзам-Ополаскиватель Дав Интенсивное восстановление 100мл",119,169
"1000550970","Дав","Крем для рук Дав Кокосовое масло и Миндальное молочко 75мл",169,199
"1000293189","Дав","Крем-гель для душа Дав Ритуал красоты и восстановление 250мл",260,349
"1000336841","Дав","Крем-гель для душа Дав Сливочная ваниль и пион 250мл",260,349
"1000435501","Дав","Молочко для тела Дав Увлажнение и питание 200мл",369,499
"8000062099","Дав","Гель для бритья для чувствительной кожи Дав Men+Care 200мл",542,0
"1000449921","Дав","Крем-гель для душа Дав Для всей семьи Глубокое питание и увлажнение 500мл",299,399
"1000319912","Дав","Шампунь Дав Густые и сильные Лаванда и розмарин 380мл",232,449
"8000050395","Дав","Гипоаллергенный антиперспирант Эффектив шариковый Дав Derma 50мл",289,349
"8000033042","Дав","Маска для волос Дав глубокое увлажнение 300мл",329,499
"1000550969","Дав","Сухой шампунь Свежесть и объем Дав 75мл",299,0
"1000258929","Дав","Гель для снятия Макияжа Дав Мицеллярный с маслами 120мл",271,399
"1083642204","Дав","Крем-мыло жидкое Дав Красота и уход 250мл",288,399
"1000139077","Дав","Антиперспирант Дав Нежность Пудры аэрозоль 150мл",173,319
"1000521824","Дав","Крем-гель для душа Дав Для всей семьи Фисташковый крем и магнолия 610мл",418,549
"1000238581","Дав","Крем-мыло жидкое Дав Красота и уход 500мл",318,399
"1000258931","Дав","Крем-Гель для умывания Дав Увлажняющий 120мл",296,399
"1058300017","Дав","Антиперспирант Дав Оригинал аэрозоль 150мл",173,319
"8000050394","Дав","Гипоаллергенный дезодорант Сенситив карандаш Дав Derma 40мл",401,449
"8000050392","Дав","Гипоаллергенный антиперспирант Эффектив аэрозоль Дав Derma 150мл",488,0
"1056020167","Дав","Крем-гель для душа Дав Глубокое питание и увлажнение 250мл",259,349
"1000449166","Дав","Антиперспирант-карандаш Дав Про-Коллаген 40мл",284,399
"8000033037","Дав","Бальзам-ополаскиватель Дав глубокое увлажнение 350мл",329,449
"1000040288","Дав","Антиперспирант Дав Men+Care Аэрозоль Экстра-защита без белых следов 150мл",278,499
"1000283391","Дав","Крем для рук Дав Матча Чай и Экстракт Сакуры 75мл",164,219
"1000242255","Дав","Антиперспирант-карандаш Дав Невидимый Нежность лепестков 40мл",284,399
"1000454721","Дав","Крем-гель для душа Дав Для всей семьи Глубокое питание и увлажнение 610мл",418,549
"1000559581","Дав","Крем-гель для душа Дав Для всей семьи с ароматом Маракуйи и Персика 610мл",599,0
"1000560620","Дав","Шампунь Дав Восстановление с куркумой и кокосовым маслом 380мл",329,449
"1000242243","Дав","Антиперспирант Дав Невидимый Нежность лепестков шариковый 50мл",209,269
"1000121901","Дав","Крем-гель для душа Дав Фисташковый крем и Магнолия 250мл",260,349
"1000319910","Дав","Бальзам-Ополаскиватель Дав Интенсивное восстановление 350мл",276,449
"1000300499","Дав","Кондиционер для волос Дав Супер Минутный Интенсивное восстановление 180мл",399,0
"1000121901","Дав","Крем-гель для душа Дав Фисташковый крем и Магнолия 250мл",260,349
"1000319910","Дав","Бальзам-Ополаскиватель Дав Интенсивное восстановление 350мл",276,449
"1000300499","Дав","Кондиционер для волос Дав Супер Минутный Интенсивное восстановление 180мл",399,0
"1000241668","Дав","Шампунь Дав Объем и восстановление Da 380мл",291,449
"1000319913","Дав","Бальзам-Ополаскиватель Дав Густые и сильные Лаванда 350мл",499,0
"1000239476","Дав","Антиперспирант Дав Невидимый Нежность лепестков аэрозоль 150мл",209,319
"8000076424","Дав","Смягчающий лосьон для лица и тела для сухой и чувствительной кожи Дав Derma 280мл",885,0
"8000033034","Дав","Спрей-сыворотка для волос Дав глубокое увлажнение 190мл",329,499
"1000241678","Дав","Шампунь Дав Интенсивное восстановление 380мл",329,449
"1000123540","Дав","Антиперспирант-карандаш Дав Men+Care Экстра-защита без белых следов 50мл",369,499
"1000227472","Дав","Сухой шампунь Дав 250мл",409,599
"1000556526","Дав","Крем-гель для душа Дав Для всей семьи Сливочная ваниль и пион 610мл",528,0
"1000272961","Дав","Бальзам-Ополаскиватель Дав Восстановление с куркумой и кокосом 200мл",399,0
"8000076422","Дав","Увлажняющий крем для лица и тела для чувствительной и проблемной кожи с мочевиной Дав Derma 285мл",885,0
"1000255114","Дав","Мусс для умывания Дав Увлажняющий 160мл",448,599
"1000319911","Дав","Бальзам-Ополаскиватель Дав Объем и восстановление 350мл",329,449
"8000050396","Дав","Гипоаллергенный антиперспирант-стик Дав Derma",401,0
"8000062092","Дав","Бальзам после бритья Ультраувлажнение Дав Men+Care 100мл",674,0
"1000381438","Дав","Шампунь-Кондиционер Дав Men+Care 2в1 Против перхоти 380мл",289,449
"1000476992","Дав","Мицеллярная вода Дав Увлажняющая 400мл",326,449
"1000390265","М Здоровье","Тест М Здоровье для определения беременности 1шт",39,0
"1000559090","М Здоровье","Перчатки М Здоровье нитриловые размер М 5 пар",84,139
"1000393817","М Здоровье","Пластырь М Здоровье эластичный Elastic 20шт",114,149
"1000390266","М Здоровье","Тест М Здоровье для определения беременности 2шт",119,149
"1000518077","М Здоровье","Бинт М Здоровье марлевый стерильный 10см*5м",35,0
"1000393821","М Здоровье","Пластырь М Здоровье Universal Бактерицидный №20",134,169
"1000390267","М Здоровье","Лейкопластырь М Здоровье фиксирующий медицинский 3*500см",109,0
"1000508793","М Здоровье","Хлоргексидина биглюконат М Здоровье 0.05% 100мл",84,0
"1000441317","М Здоровье","Лейкопластырь М Здоровье мозольный 6*10см",84,0
"1000393820","М Здоровье","Пластырь М Здоровье на тканевой основе EcoCotton 20шт",129,0
"1000393819","М Здоровье","Пластырь М Здоровье влагостойкий Universal 20шт",149,0
"1000423557","М Здоровье","М Здоровье Магний+B6 драже 30шт",299,0
"1000382454","М Здоровье","Бинт М Здоровье марлевый стерильный 7м*14см",64,0
"1000567279","М Здоровье","М Здоровье Витамин С 900 таблетки шипучие 20шт",219,0
"1000377961","М Здоровье","М Здоровье Пустырник драже 45шт",74,129
"1000377963","М Здоровье","М Здоровье Шрот расторопши 100г",109,0
"1000572531","М Здоровье","Пластырь М Здоровье гидроколлоидный 4.4*6.9см 4шт",244,349
"1000423559","М Здоровье","Бинт самофиксирующийся М Здоровье 4м*6см",179,0
"1000507196","М Здоровье","Спрей для рук Магнит с антисептическим эффектом отдушки 100мл",175,209
"1000423558","М Здоровье","М Здоровье Глицин с витаминами В1 и В6 таблетки 45шт",159,0
"1000423555","М Здоровье","Бинт самофиксирующийся М Здоровье 4м*8см",199,239
"1000377959","М Здоровье","М Здоровье Валериана Экстра таблетки 45шт",66,119
"1000359708","М Здоровье","Спрей для рук М Здоровье с антимикробным эффектом 50мл",109,0
"1000382452","М Здоровье","Отрез марлевый М Здоровье 5м*90см",199,239
"1000289135","М Здоровье","Салфетки влажные М Здоровье для ухода за больными 70шт",199,249
"1000377962","М Здоровье","М Здоровье Эхинацея комплекс драже 40шт",174,219
"1000397113","М Здоровье","Напальчник М Здоровье медицинский резиновый 20шт",129,0
"1000543109","М Здоровье","М Здоровье Витаминный комплекс А Е 30шт",129,0
"1000362199","М Здоровье","Спрей М Здоровье для рук с антисептическим эффектом 20мл",129,0
"1000378394","М Здоровье","М Здоровье Витамины красоты таблетки 24шт",349,0
"1000536142","М Здоровье","М Здоровье Витамины группы В капсулы 0.35г 30шт",199,0
"1000561305","М Здоровье","Вкладыши противошумные М Здоровье 5 пар",249,0
"1000453696","М Здоровье","Кинезио тейп М Здоровье бежевый 5см*500см",339,449
"1000233138","М Здоровье","Подгузники М Здоровье для взрослых размер L 10шт",499,0
"1000101473","М Здоровье","Пеленки М Здоровье одноразовые 60см*90см 5шт",189,0
"1000453697","М Здоровье","Кинезиотейп Магнит 5*5см в ассортименте",339,449
"1000233138","М Здоровье","Подгузники М Здоровье для взрослых размер L 10шт",499,0
"1000101473","М Здоровье","Пеленки М Здоровье одноразовые 60см*90см 5шт",189,0
"1000453697","М Здоровье","Кинезиотейп Магнит 5*5см в ассортименте",339,449
"1000561306","М Здоровье","Пластырь М Здоровье перцовый перфорированный 10см х 18см",59,0
"1000050469","М Здоровье","Зубная паста Colgate Total 12 Здоровье десен 75мл",194,319
"1000274157","М Здоровье","Носовые платки Магнит ромашка 3 слоя 10*10шт",71,84
"1000233137","М Здоровье","Подгузники М Здоровье для взрослых размер М 10шт",499,0
"1000551074","М Здоровье","Карандаш для ароматерапии М Здоровье 1.5г",119,149
"1000453695","М Здоровье","Пластыри М Здоровье против мозолей Comfort 70мм*38мм 5шт",224,299
"1000506933","М Здоровье","М Здоровье вечернее драже 45шт",129,0
"1000378396","М Здоровье","М Здоровье Черника Форте с лютеином таблетки 40шт",249,0
"1000306860","М Здоровье","Прокладки М Здоровье урологические Ultra Mini 14шт",149,0
"1000394154","Магнит","Туалетная бумага Магнит Лаванда 3 слоя 8 рулонов",187,0
"1000459091","Магнит","Белизна-гель Магнит 750мл",99,0
"8000020232","Магнит","Средство гранул для прочистки труб Магнит Krot 70г",29,0
"4000060475","Магнит","Тарелка Магнит картонная 230мм 10шт в ассортименте",69,199
"1000069186","Магнит","Бумажные полотенца Магнит 2 слоя 2 рулона",97,0
"1000471172","Магнит","Средство для мытья стекол Магнит свежесть/лимон 500мл в ассортименте",99,119
"1000546170","Магнит","Салфетки Магнит сервировочные 1 слой 100шт в ассортименте",64,0
"1000212464","Магнит","Туалетная бумага Магнит 2 слоя 12 рулонов",219,0
"1000220393","Магнит","Блок для унитаза Магнит Лаванда Море 40г в ассортименте",55,69
"1000274266","Магнит","Носовые бумажные платки Магнит Ромашка 3 слоя 10шт",12,0
"1000044675","Магнит","Пакет Магнит Красота внутри 29*33.5см",12,0
"4000078742","Магнит","Набор гелевых ручек Магнит цветные 4шт",59,0
"1000422801","Магнит","Гель для унитаза Магнит Лимон Морской бриз 750мл в ассортименте",109,0
"4000083518","Магнит","Губки для мытья посуды Магнит Волна 5шт",59,0
"1000301229","Магнит","Полотенца бумажные Магнит 2 слоя 4 рулона",169,0
"8000047271","Магнит","Тонкие перчатки нитрил р.L Магнит 10шт",99,0
"1000408329","Магнит","Чистящий гель Магнит универсальный 750мл",99,0
"4000090659","Магнит","Батарейки Gigacell/Магнит 2шт",64,129
"8000047247","Магнит","Латексные перчатки р.S Магнит",99,0
"8000022340","Магнит","Стакан Магнит одноразовый цветной 200мл 6шт",27,0
"1000044579","Магнит","Туалетная бумага Магнит Ромашка 2 слоя 4 рулона",89,0
"1000220395","Магнит","Освежитель для унитаза Магнит Лимон/Море 30г в ассортименте",34,0
"1000285726","Магнит","Влажные салфетки Магнит для оптики 20шт",49,64
"4000087328","Магнит","Фольга пищевая Магнит 29см 10м",169,0
"1000201981","Магнит","Антистатик Магнит 200мл",103,0
"8000027706","Магнит","Латексные перчатки р.M Магнит",99,0
"1000391914","Магнит","Средство чистящее Магнит Blitz Чудо-паста с губкой 3в1 400г",149,0
"8000047245","Магнит","Латексные перчатки р.L Магнит",99,0
"1000415955","Магнит","Средство для чистки ковров и мягкой мебели Магнит 750мл",189,0
"4000085244","Магнит","Папка-вкладыш Магнит А4 с перфорацией 80мкм 10шт",79,0
"8000035388","Магнит","Картонный стакан Гранат Магнит 250мл 10шт",99,0
"1000542653","Магнит","Жироудалитель для кухни Магнит 500мл",104,149
"1000462661","Магнит","Средство для мытья пола Магнит Цитрус/Свежесть 1л в ассортименте",129,0
"8000035388","Магнит","Картонный стакан Гранат Магнит 250мл 10шт",99,0
"1000542653","Магнит","Жироудалитель для кухни Магнит 500мл",104,149
"1000462661","Магнит","Средство для мытья пола Магнит Цитрус/Свежесть 1л в ассортименте",129,0
"1000283155","Магнит","Рукав для запекания Магнит 38см*4.5-5м",109,0
"1000044580","Магнит","Туалетная бумага Магнит 2 слоя 4 рулона",89,0
"1000350120","Магнит","Освежитель воздуха Магнит Королева цветов/Лайм-корица/Летний дождь 300мл в ассортименте",109,0
"4000078806","Магнит","Набор гелевых ручек Магнит черные 4шт",69,0
"8000070837","Магнит","Блок для унитаза шар Альпийский воздух/Цветочный/Лимон и мята Магнит 40г в ассортименте",74,0
"1000456591","Магнит","Крем-блеск для обуви Магнит бесцветный 60мл",69,89
"1000339895","Магнит","Скатерть Магнит бумажная 120*150см в ассортименте",119,0
"8000000545","Магнит","Губки для мытья посуды Магнит крупнопористые 4шт",109,0
"8000042758","Магнит","Чистящее средство для ванны и душевых кабин Магнит 500мл",104,0
"8000039750","Магнит","Тарелки Магнит одноразовые 205мм 50шт",231,0
"1000292922","Магнит","Губка для посуды Магнит из целлюлозы 2шт",129,0
"4000089356","Магнит","Батарейки Gigacell Ultra/Магнит алкалиновые ААА 4шт",139,199
"1000042675","Магнит","Лак для волос LAF Professional Объем сильной фиксации",159,209
"1000542652","Магнит","Средство от накипи Leiff/Магнит для стиральных машин 500г",99,0
"4000090657","Магнит","Батарейки Магнит алкалиновые крона 9В",139,0
"1000399003","Магнит","Салфетки Магнит универсальные вискозные перфорированные 34*38см 3шт",74,0
"1000456589","Магнит","Крем-блеск для обуви Магнит черный 60мл",69,89
"8000022341","Магнит","Стакан Магнит одноразовый кристалл 200мл 6шт",89,0
"1000556936","Магнит","Туалетная бумага Магнит влажная 45шт",84,0
"1000132304","Магнит","Туалетная бумага Магнит белая 2 слоя 8 рулонов",169,0
"1000339896","Магнит","Скатерть Магнит Нужные вещи бумажная с полимерным покрытием 96*136см  в ассортименте",119,0
"8000022338","Магнит","Набор посуды Магнит одноразовой цветной на 6 персон",119,0
"4000091644","Магнит","Пакет Магнит с пластиковыми ручками 38*35см",44,0
"1000274157","Магнит","Носовые платки Магнит ромашка 3 слоя 10*10шт",71,84
"4000072851","Магнит","Губка для универсальных работ Магнит Меламин 2шт",33,129
"1000393795","Магнит","Губка-волна Магнит для обуви бесцветная 50г",99,0
"1000291200","Магнит","Мешки для мусора Магнит 30л 20шт",59,0
"1000456594","Магнит","Защита от воды Магнит для обуви 300мл",299,0
"1000084079","Магнит","Карандаш для глаз тон 01 Белый Stellary",182,249
"4000079733","Магнит","Набор маркеров Магнит 3 грани 4шт",69,119
"8000035387","Магнит","Тарелка картонная Гранат Магнит 230мм 10шт",149,0
"1000456592","Магнит","Дезодорант для обуви Магнит 100мл",174,219
"1000552752","Магнит","Гематоген детский 40г",38,0
"8000035387","Магнит","Тарелка картонная Гранат Магнит 230мм 10шт",149,0
"1000456592","Магнит","Дезодорант для обуви Магнит 100мл",174,219
"1000552752","Магнит","Гематоген детский 40г",38,0
"1000296731","Магнит","Мешки для мусора Магнит 60л 20шт",161,0
"1000074349","Магнит","Полоски для носа LAF 10шт",249,0
"4000072852","Магнит","Салфетка Магнит для стекол и зеркал микрофибра 30*30см в ассортименте",89,0
"1000363020","Магнит","Диск Антимоль Магнит Лаванда 10г",49,59
"8000022337","Магнит","Тарелка Магнит одноразовая цветная 20.5см 6шт",84,0
"4000090713","Магнит","Батарейки Gigacel/Магнит алкалиновые ААА 10шт",289,0
"1000084087","Магнит","Карандаш для бровей с щеточкой тон 100 Stellary",153,325
"1000295036","Магнит","Салфетки влажные Магнит для обуви из кожаных изделий 15шт",49,0
"1000393794","Магнит","Губка-волна Магнит для обуви черная 50г",99,0
"1000298134","Магнит","Влажные салфетки Магнит универсальные 80 листов",119,0
"1000398220","Магнит","Влажные салфетки Магнит для стекол и зеркал 20шт",59,0
"1000394152","Магнит","Салфетки бумажные Магнит с рисунком 2 слоя 24*24см 50шт в ассортименте",44,0
"1000394153","Магнит","Салфетки бумажные Магнит интенсив 3 слоя 33*33см 25шт в ассортименте",74,0
"1000456959","Магнит","Губка-волна Магнит для замши нубука 46г",99,0
"4000079738","Магнит","Набор текстовыделителей Магнит тонких 4шт",89,0
"1000369606","Магнит","Жидкость от комаров Магнит Нужные вещи 30 ночей 30мл",119,0
"1000084080","Магнит","Карандаш для глаз тон 02 Графитовый Stellary",182,249
"1000295037","Магнит","Салфетки влажные Магнит для белой подошвы 15шт",49,0
"4000089363","Магнит","Батарейки Gigacell Ultra/Магнит алкалиновые АА 4шт",199,0
"8000012015","Магнит","Стакан картонный Магнит Шарики 250мл 6шт",69,89
"1000399006","Магнит","Салфетки Магнит целлюлозные 3шт 18*20см",129,0
"4000090719","Магнит","Батарейки Магнит алкалиновые АА 4шт",149,0
"1000278691","Магнит","Таблетки для посудомоечных машин Магнит 7в1 30шт",229,299
"1000286599","Магнит","Мешки для мусора Магнит 35л 30шт",129,0
"1000363019","Магнит","Секции Антимоль Магнит Лаванда 2 + 6 18г",74,0
"4000090744","Магнит","Батарейки Gigacell алкалиновые LR20 тип D 2шт",299,0
"1000084082","Магнит","Карандаш для глаз тон 04 Черный Stellary",182,249
"1000512183","Магнит","Порошок для посудомоечных машин Магнит 2кг",429,0
"4000078741","Магнит","Набор гелевых ручек Магнит синие 4шт",69,0
"1000074333","Магнит","Фильтр-кувшин для воды Магнит Стандарт",401,0
"4000072850","Магнит","Губки для мытья посуды Магнит металлические 2шт",69,0
"1000398181","Магнит","Туалетная бумага Магнит влажная 80шт",119,0
"1000271215","Магнит","Мешки для мусора Магнит с завязками 120л 10шт",189,0
"4000072850","Магнит","Губки для мытья посуды Магнит металлические 2шт",69,0
"1000398181","Магнит","Туалетная бумага Магнит влажная 80шт",119,0
"1000271215","Магнит","Мешки для мусора Магнит с завязками 120л 10шт",189,0
"4000087329","Магнит","Фольга пищевая Магнит 44см 10м",219,0
"1000473246","Магнит","Приманка от тараканов и муравьев Магнит в контейнере 6шт",102,0
"1000298131","Магнит","Салфетки влажные Магнит для кухни 20шт",59,0
"1000350119","Магнит","Освежитель воздуха Магнит Нежная фрезия/Ванильный уют/Киви-Виноград 300мл в ассортименте",109,0
"1000084536","Магнит","Карандаш для губ тон 05 Latte Stellary",200,269
"1000456593","Магнит","Очиститель-пена для обуви Магнит 200мл",191,249
"1000084088","Магнит","Карандаш для бровей с щеточкой тон 200 Stellary",153,325
"1000293943","Магнит","Губка для посуды Магнит Макси 5шт",69,0
"1000456590","Магнит","Крем-блеск для обуви Магнит коричневый 60мл",69,89
"1000377364","Магнит","Гель-шприц Магнит от тараканов и муравьев 20мл",74,0
"1000298133","Магнит","Салфетки Магнит влажные для ванной 20 листов",59,0
"1000199906","Магнит","Пакеты Магнит фасовочные 28*40см 50шт",59,0
"1000361177","Магнит","Гель для стирки цветных тканей Leiff/Магнит 1л",129,0
"1000453471","Магнит","Туалетная бумага Магнит Влажная детская Алоэ 42шт",89,0
"8000024834","Магнит","Стакан Магнит одноразовый цветной 500мл 10шт",79,0
"1000082913","Магнит","Наборные тени для век тон 17 Stellary",230,309
"1000399004","Магнит","Салфетки Магнит из бамбукового волокна 30*34см 3шт",79,0
"1000084085","Магнит","Карандаш для бровей с щеточкой тон 300 Stellary",204,325
"1000394151","Магнит","Бумажные салфетки Магнит 2 слоя пастельных цветов 24*24см 50шт в ассортименте",41,0
"1000084083","Магнит","Карандаш для глаз тон 05 Синий Stellary",182,249
"8000039764","Магнит","Пленка пищевая Магнит 29см*200м",299,0
"1000082942","Магнит","Наборные тени для век тон 08 Stellary",342,0
"1000350593","Магнит","Мыло хозяйственное Магнит 72% 200г",34,0
"8000012014","Магнит","Тарелка Магнит картон Шарики 230мм 6шт",79,99
"1000198065","Магнит","Дихлофос Магнит универсальный 200мл",149,0
"1000084081","Магнит","Карандаш для глаз тон 03 Шоколадный Stellary",182,249
"1000282426","Магнит","Пергамент для выпечки Магнит силиконизированный 38см*7-8м",149,0
"1000291204","Магнит","Мешки для мусора Магнит 240л 5шт",170,0
"1000293944","Магнит","Губка для мытья посуды Магнит профильные 5шт",79,0
"1000325421","Магнит","Освежитель воздуха Магнит Сакура/Орхидея/Лайм 250мл в ассортименте",179,0
"1000296730","Магнит","Мешки для мусора Магнит 60л 20шт",163,0
"1000293946","Магнит","Губка для мытья посуды Магнит универсальные 10шт",139,0
"1000084535","Магнит","Карандаш для губ тон 04 Plum Stellary",194,269
"1000296730","Магнит","Мешки для мусора Магнит 60л 20шт",163,0
"1000293946","Магнит","Губка для мытья посуды Магнит универсальные 10шт",139,0
"1000084535","Магнит","Карандаш для губ тон 04 Plum Stellary",194,269
"4000072849","Магнит","Салфетка Магнит для пола из микрофибры 50*60см в ассортименте",149,0
"1000291202","Магнит","Мешки для мусора Магнит 35л 20шт",99,0
"1000082914","Магнит","Наборные тени для век тон 18 Stellary",226,309
"1000082922","Магнит","Наборные тени для век тон 24 Stellary",237,309
"1000082918","Магнит","Наборные тени для век тон 30 Stellary",237,309
"4000072844","Магнит","Набор салфеток Магнит из микрофибры 3шт 30*30см в ассортименте",169,0
"1000082937","Магнит","Наборные тени для век тон 03 Stellary",324,0
"1000084537","Магнит","Карандаш для губ тон 06 Coral Stellary",232,269
"1000296729","Магнит","Мешки для мусора Магнит 160л 10шт",209,0
"1000075072","Магнит","Пакеты Магнит для заморозки 3л 30шт",80,0
"1000082921","Магнит","Наборные тени для век тон 23 Stellary",237,309
"1000084533","Магнит","Карандаш для губ тон 02 Baby Pink Stellary",251,0
"4000088921","Магнит","Полотенца Магнит универсальные 30*20см 100л",351,0
"1000084534","Магнит","Карандаш для губ тон 03 Terra Cotta Stellary",213,269
"1000082906","Магнит","Наборные тени для век тон 20 Stellary",226,309
"1000157869","Магнит","Карандаш для глаз тон 09 Cappuchino Stellary",182,249
"1000157884","Магнит","Карандаш для губ тон 07 Natural Stellary",232,269
"1000157885","Магнит","Карандаш для губ тон 08 Warm Nude Stellary",232,269
"1000157886","Магнит","Карандаш для губ тон 09 Cappuchino Stellary",200,269
"1000157887","Магнит","Карандаш для губ тон 10 Beige Stellary",185,269
"1000157888","Магнит","Карандаш для губ тон 11 Hot Pink Stellary",232,269
"1000157889","Магнит","Карандаш для губ тон 12 Scarlet Stellary",251,0
"1000157890","Магнит","Карандаш для губ тон 13 Cherry Stellary",251,0
"1000157891","Магнит","Карандаш для губ тон 14 Burgundy Stellary",232,269
"1000174157","Магнит","Лак для ногтей тон 118 Stellary",144,229
"1000174168","Магнит","Лак для ногтей тон 102 Stellary",110,229
"1000174250","Магнит","Лак для ногтей тон 101 Stellary",155,229
"1000222803","Магнит","Тушь для ресниц Звездный объем Like A Star тон 01 Stellary",337,475
"1000223271","Магнит","Компактная пудра Matte тон 04 Stellary",564,0
"1000223272","Магнит","Компактная пудра Matte тон 02 Stellary",550,0
"1000223274","Магнит","Компактная пудра Matte тон 03 Stellary",508,599
"1000232195","Магнит","Автоматический карандаш для бровей тон 01 Stellary",229,549
"1000232197","Магнит","Автоматический карандаш для бровей тон 03 Stellary",229,549
"1000223274","Магнит","Компактная пудра Matte тон 03 Stellary",508,599
"1000232195","Магнит","Автоматический карандаш для бровей тон 01 Stellary",229,549
"1000232197","Магнит","Автоматический карандаш для бровей тон 03 Stellary",229,549
"1000232198","Магнит","Автоматический карандаш для бровей тон 04 Stellary",229,639
"1000232199","Магнит","Тушь для бровей тон 02 Stellary",435,485
"1000232200","Магнит","Прозрачный гель для бровей Stellary",214,409
"1000232201","Магнит","Тушь для бровей тон 01 Stellary",502,0
"1000244093","Магнит","Карандаш для губ тон 15 Cool Nude Stellary",194,269
"1000245587","Магнит","Контуринг для лица тон 01 Stellary",650,859
"1000260211","Магнит","Карандаш для глаз автоматический тон 04 Stellary",248,339
"1000260212","Магнит","Карандаш для глаз автоматический тон 02 Stellary",248,339
"1000260213","Магнит","Карандаш для глаз автоматический тон 05 Stellary",248,339
"1000260214","Магнит","Карандаш для глаз автоматический тон 03 Stellary",248,339
"1000260215","Магнит","Карандаш для глаз автоматический тон 06 Stellary",248,339
"1000260216","Магнит","Автоматический карандаш для губ тон 03 Stellary",279,329
"1000260217","Магнит","Автоматический карандаш для губ тон 04 Stellary",248,329
"1000260218","Магнит","Автоматический карандаш для губ тон 05 Stellary",275,329
"1000260219","Магнит","Автоматический карандаш для губ тон 06 Stellary",283,329
"1000260220","Магнит","Автоматический карандаш для губ тон 01 Stellary",283,329
"1000260222","Магнит","Карандаш для глаз автоматический тон 01 Stellary",248,339
"1000263828","Магнит","СC-крем для лица тон 302 Stellary",483,659
"1000263829","Магнит","СC-крем для лица тон 303 Stellary",483,659
"1000263830","Магнит","СC-крем для лица тон 304 Stellary",483,659
"1000263831","Магнит","Выравнивающий тональный крем тон 104 Stellary",383,635
"1000263832","Магнит","Матирующий тональный крем тон 201 Stellary",425,635
"1000263833","Магнит","Матирующий тональный крем тон 202 Stellary",425,635
"1000263834","Магнит","Матирующий тональный крем тон 203 Stellary",425,635
"1000263835","Магнит","Матирующий тональный крем тон 204 Stellary",425,635
"1000263836","Магнит","СC-крем для лица тон 301 Stellary",614,0
"1000263837","Магнит","Выравнивающий тональный крем тон 101 Stellary",383,635
"1000263838","Магнит","Выравнивающий тональный крем тон 102 Stellary",383,635
"1000263839","Магнит","Выравнивающий тональный крем тон 103 Stellary",383,635
"1000303217","Магнит","Лак для ногтей Gel Therapy 9в1 тон 11 Stellary",146,279
"1000303219","Магнит","Лак для ногтей Gel Therapy 9в1 тон 04 Stellary",146,279
"1000303220","Магнит","Лак для ногтей Gel Therapy 9в1 тон 13 Stellary",146,279
"1000303229","Магнит","Лак для ногтей Gel Therapy 9в1 тон 02 Stellary",146,279
"1000303219","Магнит","Лак для ногтей Gel Therapy 9в1 тон 04 Stellary",146,279
"1000303220","Магнит","Лак для ногтей Gel Therapy 9в1 тон 13 Stellary",146,279
"1000303229","Магнит","Лак для ногтей Gel Therapy 9в1 тон 02 Stellary",146,279
"1000303232","Магнит","Лак для ногтей Gel Therapy 9в1 тон 03 Stellary",146,279
"1000303234","Магнит","Лак для ногтей Gel Therapy 9в1 тон 08 Stellary",146,279
"1000303235","Магнит","Лак для ногтей Gel Therapy 9в1 тон 09 Stellary",146,279
"1000303237","Магнит","Лак для ногтей Gel Therapy 9в1 тон 12 Stellary",146,279
"1000303238","Магнит","Лак для ногтей Gel Therapy 9в1 тон 14 Stellary",146,279
"1000303239","Магнит","Лак для ногтей Gel Therapy 9в1 тон 15 Stellary",146,279
"1000304487","Магнит","Автоматический карандаш для глаз тон 01 Black Stellary Kajal",450,0
"1000304488","Магнит","Автоматический карандаш для глаз тон 02 Brown Stellary Kajal",410,0
"1000304489","Магнит","Автоматический карандаш для глаз тон 03 Milk Stellary Kajal",464,0
"1000304760","Магнит","База для век Eye Base тон 01 Stellary",571,0
"1000304875","Магнит","Кисть для растушевки теней Stellary №207 1.5*1.5*18см",223,289
"1000304878","Магнит","Пинцет для коррекции бровей Stellary Tweezer",168,199
"1000304881","Магнит","Кисть для растушевки теней Stellary тон 212 1.5*1.5*18см",387,0
"1000304882","Магнит","Кисть для тональной основы Stellary тон 138 2.8*2.8*19см",791,0
"1000304887","Магнит","Кисть для бровей Stellary двусторонняя 308 1.5*1.5*18см",311,0
"1000304888","Магнит","Кисть для пудры Stellary Powder brush тон 141 2.8*2.8*19см",759,0
"1000304889","Магнит","Кисть для румян и контуринга Stellary Blush contour тон 135 2.8*2.8*19см",393,459
"1000310059","Магнит","Точилка Stellary Jinhua для косметических карандашей 15.9г 3.6*5*2.8см",286,0
"1000315323","Магнит","Автоматический карандаш для бровей тон 05 Stellary",229,549
"1000315398","Магнит","Кремовый консилер для лица Cream Concealer тон 01 Stellary",666,0
"1000315399","Магнит","Кремовый консилер для лица Cream Concealer тон 02 Stellary",466,635
"1000334549","Магнит","Праймер для лица тон 01 Stellary",531,725
"1000342884","Магнит","Лайнер для бровей тон 01 Stellary",444,595
"1000342885","Магнит","Лайнер для бровей тон 02 Stellary",624,0
"1000345179","Магнит","Накладные ресницы с клеем Supermodel 1 пара Stellary",388,529
"1000345180","Магнит","Накладные ресницы с клеем Starlette 1 пара Stellary",388,529
"1000347915","Магнит","Парфюмерная вода Summer Orchid Stellary женская 46мл",1529,1912
"1000347918","Магнит","Парфюмерная вода Oriental Flower Stellary женская 46мл",1529,1912
"1000349082","Магнит","Супер маскирующий консилер для лица тон 02 Stellary",568,659
"1000349083","Магнит","Супер маскирующий консилер для лица тон 03 Stellary",568,659
"1000349084","Магнит","Супер маскирующий консилер для лица тон 04 Stellary",483,659
"1000373572","Магнит","Контуринг для лица тон 02 Stellary",720,859
"1000376824","Магнит","Бальзам для губ увеличивающий объем тон 03 Stellary",593,0
"1000349084","Магнит","Супер маскирующий консилер для лица тон 04 Stellary",483,659
"1000373572","Магнит","Контуринг для лица тон 02 Stellary",720,859
"1000376824","Магнит","Бальзам для губ увеличивающий объем тон 03 Stellary",593,0
"1000376825","Магнит","Бальзам для губ увеличивающий объем тон 04 Stellary",415,565
"1000376826","Магнит","Бальзам для губ увеличивающий объем тон 05 Stellary",566,0
"1000376827","Магнит","Бальзам для губ увеличивающий объем тон 06 Stellary",415,565
"1000376828","Магнит","Карандаш для глаз автоматический тон 12 Stellary",248,339
"1000376829","Магнит","Бальзам для губ увеличивающий объем тон 01 Stellary",415,565
"1000376830","Магнит","Бальзам для губ увеличивающий объем тон 02 Stellary",415,565
"1000376831","Магнит","Карандаш для глаз автоматический тон 07 Stellary",248,339
"1000376832","Магнит","Карандаш для глаз автоматический тон 08 Stellary",248,339
"1000376833","Магнит","Карандаш для глаз автоматический тон 09 Stellary",248,339
"1000376835","Магнит","Карандаш для бровей с щеточкой тон 500 Stellary",129,325
"1000376836","Магнит","Карандаш для глаз автоматический тон 10 Stellary",248,339
"1000376837","Магнит","Карандаш для глаз автоматический тон 11 Stellary",248,339
"1000397943","Магнит","Набор для бровей тон 01 Blond Stellary",451,615
"1000397944","Магнит","Автоматический карандаш для губ тон 07 Stellary",275,329
"1000397949","Магнит","Набор для бровей тон 02 Brunet Stellary",645,0
"1000398179","Магнит","Тушь для ресниц Foxy Eyes Stellary",348,475
"1000398180","Магнит","Тушь для ресниц Black Onyx Stellary",348,475
"1000426953","Магнит","Салфетки LAF Матирующие",54,104
"1000439512","Магнит","Тональный крем с эффектом идеальной кожи тон 02 Stellary",855,0
"1000439513","Магнит","Тональный крем с эффектом идеальной кожи тон 03 Stellary",816,0
"1000439514","Магнит","Тональный крем с эффектом идеальной кожи тон 04 Stellary",576,825
"1000441059","Магнит","Тональный крем с эффектом идеальной кожи тон 01 Stellary",605,825
"1000448811","Магнит","Тушь для ресниц Wild Blue Stellary",249,639
"1000450682","Магнит","Стойкая помада для губ жидкая матовая тон 09 Stellary",303,579
"1000450683","Магнит","Стойкая помада для губ жидкая матовая тон 10 Stellary",303,579
"1000450686","Магнит","Стойкая помада для губ жидкая матовая тон 03 Stellary",303,579
"1000450687","Магнит","Стойкая помада для губ жидкая матовая тон 04 Stellary",303,579
"1000450688","Магнит","Стойкая помада для губ жидкая матовая тон 05 Stellary",303,579
"1000450689","Магнит","Стойкая помада для губ жидкая матовая тон 07 Stellary",303,579
"1000450690","Магнит","Стойкая помада для губ жидкая матовая тон 02 Stellary",303,579
"1000450691","Магнит","Стойкая помада для губ жидкая матовая тон 08 Stellary",303,579
"1000450692","Магнит","Стойкая помада для губ жидкая матовая тон 01 Stellary",303,579
"1000450693","Магнит","Стойкая помада для губ жидкая матовая тон 06 Stellary",303,579
"1000450691","Магнит","Стойкая помада для губ жидкая матовая тон 08 Stellary",303,579
"1000450692","Магнит","Стойкая помада для губ жидкая матовая тон 01 Stellary",303,579
"1000450693","Магнит","Стойкая помада для губ жидкая матовая тон 06 Stellary",303,579
"1000453697","Магнит","Кинезиотейп Магнит 5*5см в ассортименте",339,449
"1000457783","Магнит","Увлажняющая помада для губ Cult Classic с гиалуроновой кислотой тон 03 Stellary",450,0
"1000457784","Магнит","Увлажняющая помада для губ Cult Classic с гиалуроновой кислотой тон 04 Stellary",450,0
"1000457785","Магнит","Увлажняющая помада для губ Cult Classic с гиалуроновой кислотой тон 02 Stellary",450,0
"1000457786","Магнит","Увлажняющая помада для губ Cult Classic с гиалуроновой кислотой тон 05 Stellary",450,0
"1000457787","Магнит","Увлажняющая помада для губ Cult Classic с гиалуроновой кислотой тон 07 Stellary",450,0
"1000457788","Магнит","Увлажняющая помада для губ Cult Classic с гиалуроновой кислотой тон 08 Stellary",450,0
"1000457789","Магнит","Увлажняющая помада для губ Cult Classic с гиалуроновой кислотой тон 10 Stellary",450,0
"1000457790","Магнит","Увлажняющая помада для губ Cult Classic с гиалуроновой кислотой тон 09 Stellary",450,0
"1000457791","Магнит","Увлажняющая помада для губ Cult Classic с гиалуроновой кислотой тон 06 Stellary",450,0
"1000457792","Магнит","Увлажняющая помада для губ Cult Classic с гиалуроновой кислотой тон 01 Stellary",440,0
"1000463496","Магнит","Бомбочка для ванн LAF форма пчелка и черепаха в ассортименте",149,0
"1000472888","Магнит","Парфюмерная вода Mystery Garden Stellary женская",1538,1912
"1000480150","Магнит","Тушь для ресниц Snake объем удлинение подкручивание Stellary",784,0
"1000480151","Магнит","Тушь для ресниц Panther объем и разделение Stellary",549,749
"1000498208","Магнит","Жидкая помада для губ матовая устойчивая тон 06 LAF",359,0
"1000498209","Магнит","Жидкая помада для губ матовая устойчивая тон 04 LAF",359,0
"1000498210","Магнит","Жидкая помада для губ матовая устойчивая тон 05 LAF",359,0
"1000498211","Магнит","Основа-праймер под макияж LAF",369,0
"1000498212","Магнит","Автоматический карандаш для бровей тон 01 LAF",219,0
"1000498213","Магнит","Автоматический карандаш для бровей тон 02 LAF",219,0
"1000498214","Магнит","Автоматический карандаш для бровей тон 03 LAF",219,0
"1000498215","Магнит","Тональный крем для лица тон 01 LAF",399,0
"1000498216","Магнит","Тушь для бровей тон 01 LAF",299,0
"1000498217","Магнит","Тушь для бровей тон 02 LAF",299,0
"1000498218","Магнит","Тональный крем для лица тон 02 LAF",399,0
"1000498219","Магнит","Тональный крем для лица тон 03 LAF",399,0
"1000498220","Магнит","Тональный крем для лица тон 04 LAF",399,0
"1000498221","Магнит","Автоматический карандаш для бровей тон 01 LAF",349,0
"1000498224","Магнит","Автоматический карандаш для глаз тон 01 LAF",194,259
"1000498225","Магнит","Автоматический карандаш для глаз тон 02 LAF",194,259
"1000498226","Магнит","Компактные румяна для лица тон 02 LAF",429,0
"1000498227","Магнит","Компактные румяна для лица тон 03 LAF",429,0
"1000498225","Магнит","Автоматический карандаш для глаз тон 02 LAF",194,259
"1000498226","Магнит","Компактные румяна для лица тон 02 LAF",429,0
"1000498227","Магнит","Компактные румяна для лица тон 03 LAF",429,0
"1000498228","Магнит","Прозрачный гель для бровей LAF",229,0
"1000498229","Магнит","Палетка теней для век 9 тонов тон 01 LAF",499,665
"1000498230","Магнит","Компактные румяна для лица тон 01 LAF",429,0
"1000498231","Магнит","Палетка теней для век 9 тонов тон 02 LAF",499,665
"1000498233","Магнит","Автоматический карандаш для глаз тон 05 LAF",194,259
"1000498234","Магнит","Автоматический карандаш для глаз тон 06 LAF",194,259
"1000498235","Магнит","Автоматический карандаш для глаз тон 07 LAF",194,259
"1000498236","Магнит","Автоматический карандаш для глаз тон 03 LAF",194,259
"1000498237","Магнит","Палетка теней для век 9 тонов тон 03 LAF",499,665
"1000498238","Магнит","Мыло для бровей LAF",349,0
"1000498239","Магнит","Деревянный карандаш для губ LAF тон 01 LAF",104,139
"1000498240","Магнит","Деревянный карандаш для губ LAF тон 02 LAF",104,139
"1000498241","Магнит","Деревянный карандаш для губ LAF тон 03 LAF",86,139
"1000498242","Магнит","Деревянный карандаш для губ LAF тон 04 LAF",104,139
"1000498243","Магнит","Деревянный карандаш для губ LAF тон 05 LAF",104,139
"1000498244","Магнит","Деревянный карандаш для губ LAF тон 06 LAF",104,139
"1000498245","Магнит","Деревянный карандаш для губ LAF тон 07 LAF",104,139
"1000498246","Магнит","Деревянный карандаш для губ LAF тон 08 LAF",104,139
"1000498247","Магнит","Кремовый хайлайтер для лица тон 01 LAF",299,0
"1000498248","Магнит","Кремовый хайлайтер для лица тон 02 LAF",299,0
"1000498249","Магнит","Подводка фломастер для глаз Черная LAF",349,0
"1000498250","Магнит","Деревянный карандаш для бровей с щеточкой тон 01 LAF",199,0
"1000498251","Магнит","Деревянный карандаш для бровей с щеточкой тон 02 LAF",199,0
"1000498252","Магнит","Деревянный карандаш для бровей с щеточкой тон 03 LAF",199,0
"1000498253","Магнит","Набор для макияжа бровей тон 01 LAF",322,429
"1000498255","Магнит","Жидкая помада для губ матовая устойчивая тон 01 LAF",359,0
"1000498256","Магнит","Жидкая помада для губ матовая устойчивая тон 02 LAF",359,0
"1000498257","Магнит","Жидкая помада для губ матовая устойчивая тон 03 LAF",359,0
"1000498439","Магнит","Деревянный карандаш для глаз тон 05 LAF",134,179
"1000498440","Магнит","Деревянный карандаш для глаз тон 06 LAF",134,179
"1000498442","Магнит","Тинт для губ тон 01 LAF",369,0
"1000498443","Магнит","Тональный кушон для лица тон 01 LAF",599,799
"1000498444","Магнит","Компактная пудра для лица тон 01 LAF",449,0
"1000498442","Магнит","Тинт для губ тон 01 LAF",369,0
"1000498443","Магнит","Тональный кушон для лица тон 01 LAF",599,799
"1000498444","Магнит","Компактная пудра для лица тон 01 LAF",449,0
"1000498445","Магнит","Компактная пудра для лица тон 02 LAF",449,0
"1000498446","Магнит","Компактная пудра для лица тон 03 LAF",449,0
"1000498447","Магнит","Компактная пудра для лица тон 04 LAF",449,0
"1000498448","Магнит","Палетка теней для век 4 цвета тон 01 LAF",349,0
"1000498449","Магнит","Палетка теней для век 4 цвета тон 02 LAF",349,0
"1000498450","Магнит","Палетка теней для век 4 цвета тон 03 LAF",349,0
"1000498451","Магнит","Палетка теней для век 4 цвета тон 04 LAF",349,0
"1000498452","Магнит","Сухой хайлайтер для лица LAF",284,379
"1000498453","Магнит","Консилер для лица тон 01 LAF",389,0
"1000498454","Магнит","Консилер для лица тон 02 LAF",389,0
"1000498455","Магнит","Консилер для лица тон 03 LAF",389,0
"1000498456","Магнит","Румяна кушон для лица тон 01 LAF",347,469
"1000498457","Магнит","Румяна кушон для лица тон 02 LAF",347,469
"1000498458","Магнит","Румяна кушон для лица тон 03 LAF",347,469
"1000498459","Магнит","Помада для губ тон 01 LAF",329,0
"1000498460","Магнит","Помада для губ тон 02 LAF",329,0
"1000498461","Магнит","Помада для губ тон 03 LAF",329,0
"1000498462","Магнит","Помада для губ тон 04 LAF",329,0
"1000498464","Магнит","Деревянный карандаш для глаз тон 02 LAF",134,179
"1000498465","Магнит","Помада для губ тон 06 LAF",329,0
"1000498466","Магнит","Помада для губ тон 07 LAF",329,0
"1000498467","Магнит","Помада для губ тон 08 LAF",329,0
"1000498468","Магнит","Помада для губ тон 09 LAF",329,0
"1000498469","Магнит","Помада для губ тон 10 LAF",329,0
"1000498470","Магнит","Деревянный карандаш для глаз тон 03 LAF",134,179
"1000498471","Магнит","Деревянный карандаш для глаз тон 04 LAF",134,179
"1000498472","Магнит","Масло для губ тон 01 LAF",329,0
"1000498473","Магнит","Масло для губ тон 02 LAF",329,0
"1000498474","Магнит","Масло для губ тон 03 LAF",329,0
"1000498475","Магнит","Масло для губ тон 04 LAF",329,0
"1000498476","Магнит","Деревянный карандаш для губ LAF тон 09 LAF",85,139
"1000498477","Магнит","Деревянный карандаш для губ LAF тон 10 LAF",104,139
"1000498478","Магнит","Тинт для губ тон 02 LAF",359,0
"1000498476","Магнит","Деревянный карандаш для губ LAF тон 09 LAF",85,139
"1000498477","Магнит","Деревянный карандаш для губ LAF тон 10 LAF",104,139
"1000498478","Магнит","Тинт для губ тон 02 LAF",359,0
"1000498479","Магнит","Тинт для губ тон 03 LAF",369,0
"1000498480","Магнит","Тинт для губ тон 04 LAF",359,0
"1000498481","Магнит","Тональный кушон для лица тон 02 LAF",599,799
"1000498482","Магнит","Помада для губ тон 05 LAF",329,0
"1000499410","Магнит","Автоматический карандаш для глаз тон 08 LAF",194,259
"1000499411","Магнит","Автоматический карандаш для глаз тон 09 LAF",194,259
"1000499412","Магнит","Автоматический карандаш для глаз тон 12 LAF",194,259
"1000499413","Магнит","Автоматический карандаш для глаз тон 10 LAF",194,259
"1000499414","Магнит","Автоматический карандаш для глаз тон 11 LAF",194,259
"1000504121","Магнит","Маска для губ LAF",329,0
"1000504122","Магнит","Тушь для ресниц супер-объем Черная LAF",329,0
"1000504123","Магнит","Блеск для губ тон 01 LAF",247,329
"1000504124","Магнит","Блеск для губ тон 03 LAF",247,329
"1000504125","Магнит","Блеск для губ тон 02 LAF",247,329
"1000504126","Магнит","Блеск для губ тон 04 LAF",247,329
"1000504127","Магнит","Блеск для губ тон 05 LAF",247,329
"1000504128","Магнит","Блеск для губ тон 06 LAF",247,329
"1000504129","Магнит","Подкручивающая тушь для ресниц Черная LAF",329,0
"1000504130","Магнит","Удлиняющая тушь для ресниц Черная LAF",329,0
"1000506090","Магнит","Жидкие румяна для лица Liquid Blush тон 02 Stellary",513,0
"1000506091","Магнит","Жидкие румяна для лица Liquid Blush тон 01 Stellary",444,512
"1000507196","Магнит","Спрей для рук Магнит с антисептическим эффектом отдушки 100мл",175,209
"1000515034","Магнит","Парфюмерная вода женская Sex Honour Stellary 50мл",975,1589
"1000515035","Магнит","Парфюмерная вода Wild Cherry Stellary женская 46мл",1538,1912
"1000515036","Магнит","Парфюмерная вода Midnight Ball Stellary женская 46мл",1529,1912
"1000515037","Магнит","Парфюмерная вода Naked Goddess Stellary женская 46мл",1529,1912
"1000515079","Магнит","Фетровая подводка для глаз Hypnotic Cobra тон 01 Stellary",469,659
"1000517906","Магнит","Устойчивая помада для губ My Lip Symbol тон 08 Sweet Stellary",271,519
"1000517907","Магнит","Кремовый консилер для лица тон 03 Stellary",536,0
"1000517908","Магнит","Кремовый консилер для лица тон 04 Stellary",536,0
"1000517910","Магнит","Устойчивые тени для век жидкие тон 02 Stellary",483,659
"1000517911","Магнит","Устойчивые тени для век жидкие тон 03 Stellary",483,659
"1000517912","Магнит","Устойчивая помада для губ My Lip Symbol тон 02 Honey Stellary",271,519
"1000517910","Магнит","Устойчивые тени для век жидкие тон 02 Stellary",483,659
"1000517911","Магнит","Устойчивые тени для век жидкие тон 03 Stellary",483,659
"1000517912","Магнит","Устойчивая помада для губ My Lip Symbol тон 02 Honey Stellary",271,519
"1000517913","Магнит","Устойчивая помада для губ My Lip Symbol тон 03 Angel Stellary",271,519
"1000517914","Магнит","Устойчивая помада для губ My Lip Symbol тон 04 Queen Stellary",271,519
"1000517915","Магнит","Устойчивая помада для губ My Lip Symbol тон 05 First Stellary",271,519
"1000517916","Магнит","Устойчивая помада для губ My Lip Symbol тон 06 Sexy Stellary",271,519
"1000517917","Магнит","Устойчивая помада для губ My Lip Symbol тон 07 Vamp Stellary",271,519
"1000517918","Магнит","Устойчивая помада для губ My Lip Symbol тон 09 Star Stellary",271,519
"1000517920","Магнит","Устойчивая помада для губ My Lip Symbol тон 10 Love Stellary",271,519
"1000517921","Магнит","Кремовый консилер для лица тон 01 Stellary",536,0
"1000517922","Магнит","Устойчивая помада для губ My Lip Symbol тон 01 Lady Stellary",271,519
"1000517923","Магнит","Кремовый консилер для лица тон 02 Stellary",530,0
"1000517924","Магнит","Устойчивые тени для век жидкие тон 05 Stellary",729,0
"1000533997","Магнит","Матирующие салфетки LAF зеленые 50шт",46,104
"1000541414","Магнит","Влажные салфетки для снятия макияжа LAF с мицеллярной водой 8шт",39,0
"1000543572","Магнит","Антиперспирант-спрей Stellary Summer Orchid",169,319
"1000546649","Магнит","Тональный крем для лица Matte Icon Foundation тон 01 Stellary",785,899
"1000546650","Магнит","Тональный крем для лица Matte Icon Foundation тон 02 Stellary",659,899
"1000546651","Магнит","Тональный крем для лица Matte Icon Foundation тон 03 Stellary",659,899
"1000546652","Магнит","Тональный крем для лица Matte Icon Foundation тон 04 Stellary",659,899
"1000559752","Магнит","Коричневый гель для бровей Stellary",214,409
"1000559753","Магнит","Тональный крем для лица Cult Matte тон 01 Stellary",363,495
"1000559754","Магнит","Тональный крем для лица Cult Matte тон 02 Stellary",363,495
"1000559755","Магнит","Тональный крем для лица Cult Matte тон 03 Stellary",363,495
"1000559756","Магнит","Тональный крем для лица Cult Matte тон 04 Stellary",363,495
"1000559757","Магнит","Тональный крем для лица Star Nude тон 01 Stellary",363,495
"1000559758","Магнит","Тональный крем для лица Star Nude тон 02 Stellary",363,495
"1000559759","Магнит","Тональный крем для лица Star Nude тон 03 Stellary",363,495
"1000559760","Магнит","Тональный крем для лица Star Nude тон 04 Stellary",363,495
"1000559990","Магнит","Подарочный набор для макияжа губ LAF Помада + Карандаш в ассортименте",165,238
"1000564990","Магнит","Салфетки Магнит белые бумажные 2 слоя 24*24см 100шт",69,0
"4000034203","Магнит","Терка для ног LAF наждак BA60332 5.8*23*1.8см",199,0
"4000034203","Магнит","Терка для ног LAF наждак BA60332 5.8*23*1.8см",199,0
"4000036604","Магнит","Резинка для волос LAF 1891 2*15*11.5см в ассортименте",89,0
"4000046211","Магнит","Косметичка плоская Fashion Care СВ30055-2 в ассортименте",249,0
"4000047206","Магнит","Зажим для завивки ресниц LAF PB45241 11*14*3см",219,0
"4000047211","Магнит","Аппликатор для теней LAF MU26095 4шт 5*9.5*см",43,89
"4000047224","Магнит","Помазок для бритья LAF 5204-0016 4.1*14*4см",99,169
"4000047227","Магнит","Кисть для тональной основы LAF база СВ-002 4*21*2см",169,0
"4000047229","Магнит","Кисть для теней LAF база СВ-004 4*16.5*1.5см",139,0
"4000047318","Магнит","Кисть для пудры LAF база CB-006 4*16.5*1.5см",199,0
"4000050891","Магнит","Резинки для волос LAF прозрачные 1317T 2*7*7см в ассортименте",129,0
"4000055596","Магнит","Набор для окрашивания волос LAF SA39005",259,0
"4000056361","Магнит","Резинки для волос LAF разноцветные базовые 1400 3*13*6см в ассортименте",119,0
"4000057242","Магнит","Петля косметическая LAF для проблемной кожи Pb35521 0.3*12.5*0.3см",99,0
"4000072789","Магнит","Набор косметических спонжей LAF в коробке 3шт 10*8*2см в ассортименте",169,0
"4000073378","Магнит","Резинка-прядь для волос LAF в ассортименте",139,0
"4000073484","Магнит","Спонж LAF конжаковый для очищения лица",199,0
"4000073484","Магнит","Спонж LAF конжаковый для очищения лица",199,0
"4000078744","Магнит","Набор линеек Магнит 4шт",89,0
"4000088887","Магнит","Спонжи для макияжа LAF в банке 7шт",429,0
"4000091046","Магнит","Расческа LAF массажная овальная Лаванда 7.8*24.5*3см",329,0
"4000091047","Магнит","Дорожный набор LAF силиконовых флаконов ПР 11*3.8*5.4см",399,0
"4000091053","Магнит","Расческа LAF скелетная широкая Лаванда 7.5*25.5*5.3см",249,0
"4000091769","Магнит","Зонт LAF автоматический в ассортименте",699,0
"4000092846","Магнит","Механический зонт женский мини LAF в ассортименте",399,749
"4000092853","Магнит","Зонт LAF полуавтомат дизайн 8 спиц в ассортименте",749,0
"4000093047","Магнит","Игра магнитная Одевашки в ассортименте",299,0
"4000093990","Магнит","Дождевик LAF ПЭ18",169,0
"4000094106","Магнит","Шабер LAF маникюрный металл 0.8*12.7*0.5см",99,0
"4000094109","Магнит","Пилка LAF маникюрная стеклянная 1*9*0.3см",129,0
"4000094112","Магнит","Пилка маникюрная LAF наждачная 180/220",79,0
"4000094113","Магнит","Ножницы LAF маникюрные прямые безопасное лезвие 4.2*9*0.24см",169,0
"4000094114","Магнит","Пемза для ног LAF 5*9.5*2.3см",108,179
"4000094117","Магнит","Пилка LAF маникюрная алмазная большая 11см",41,149
"4000094119","Магнит","Пинцет для бровей LAF металлический 1.7*11.7*0.9см",42,99
"4000094120","Магнит","Пилка LAF маникюрная наждачная широкая 200/240",59,0
"4000094121","Магнит","Книпсер маникюрный LAF с пилкой 2*8.1*1.6см",169,0
"4000094122","Магнит","Набор маникюрный LAF мини ножницы+пилка алмазная 4.2*9.7*0.8см",229,0
"4000094123","Магнит","Ножницы LAF маникюрные для кутикулы 4.5*8.9*0.24см",199,0
"4000094126","Магнит","Ножницы LAF маникюрные прямое лезвие",229,0
"4000094128","Магнит","Пемза для ног LAF овальная 1.5*5*10см",69,0
"4000094129","Магнит","Блок LAF маникюрный полировочный 2.8*3.4*9.2см",86,149
"4000094130","Магнит","Пилка LAF маникюрная наждачная 180/200",55,99
"4000094129","Магнит","Блок LAF маникюрный полировочный 2.8*3.4*9.2см",86,149
"4000094130","Магнит","Пилка LAF маникюрная наждачная 180/200",55,99
"4000094133","Магнит","Пилка LAF маникюрная полировочная 2.2*18*1.65см",129,0
"4000094134","Магнит","Кусачки маникюрные LAF малое лезвие 5*0.9*10см",399,0
"4000094137","Магнит","Пилка маникюрная LAF наждачная бумеранг 100/180 0.4*2*17.8см",58,99
"4000094140","Магнит","Палочки LAF маникюрные апельсиновые набор 0.58*11.5*0.58см",79,0
"4000094349","Магнит","Дождевик детский LAF плотный 19*28*3см в ассортименте",169,0
"4000103189","Магнит","Спонж для макияжа LAF Pastel в ассортименте",109,0
"4000103194","Магнит","Набор резинок для волос LAF силиконовых 11*14.5*2.5см в ассортименте",59,89
"4000103203","Магнит","Резинки для волос LAF База 6шт",69,0
"4000104288","Магнит","Спонж для макияжа LAF Ombre в ассортименте",149,0
"4000104301","Магнит","Краб для волос LAF База 9*9*4.5см",179,0
"4000104313","Магнит","Ободок LAF Color в ассортименте",99,149
"4000104316","Магнит","Автоматическая заколка Бант LAF в ассортименте",249,0
"4000104356","Магнит","Краб для волос LAF прозрачный с переливом в ассортименте",149,0
"4000104962","Магнит","Пемза для удаления кутикулы LAF в ассортименте",21,34
"4000108665","Магнит","Кюретка педикюрная LAF",129,0
"8000000116","Магнит","Салфетки для очищения кистей для макияжа LAF Wipes",79,0
"8000000803","Магнит","Набор щеточек для бровей и ресниц LAF 10шт",149,0
"8000000805","Магнит","Набор кистей для макияжа LAF Black 5шт",599,0
"8000001483","Магнит","Набор спонжей для макияжа LAF треугольники 12шт",169,0
"8000001485","Магнит","Дорожный набор мягких флаконов LAF 3шт",149,0
"8000001487","Магнит","Дорожный набор LAF флаконов 6шт",399,0
"8000002427","Магнит","Набор спонжей LAF с держателем 2шт",189,0
"8000002428","Магнит","Спонж для макияжа LAF Colour бриллиант",149,0
"8000002429","Магнит","Набор спонжей LAF с держателем в коробке 6шт",249,0
"8000002427","Магнит","Набор спонжей LAF с держателем 2шт",189,0
"8000002428","Магнит","Спонж для макияжа LAF Colour бриллиант",149,0
"8000002429","Магнит","Набор спонжей LAF с держателем в коробке 6шт",249,0
"8000002430","Магнит","Зажим для подкручивания ресниц LAF металл",139,0
"8000002431","Магнит","Спонж для макияжа LAF в футляре треугольники 6шт",249,0
"8000002432","Магнит","Точилка для косметических карандашей LAF",149,0
"8000002434","Магнит","Кисть для пудры LAF Rose",279,0
"8000002436","Магнит","Кисть LAF Rose для тональной основы и консилера",169,0
"8000002437","Магнит","Кисть для бровей и теней LAF Rose",159,0
"8000002438","Магнит","Кисть для теней LAF Rose растушевка",129,0
"8000002439","Магнит","Кисть для кремовых текстур LAF Rose",159,0
"8000002440","Магнит","Набор кистей для макияжа LAF Perfect eye 3шт",349,0
"8000002441","Магнит","Коврик для очистки кистей и спонжей LAF Силиконовый",49,159
"8000002442","Магнит","Кисть для пудры LAF Colour",229,0
"8000002444","Магнит","Кисть для пудры LAF Beige",349,0
"8000002445","Магнит","Кисть для румян и контуринга LAF Beige",269,0
"8000002447","Магнит","Кисть для румян и контуринга LAF Colour",149,199
"8000002448","Магнит","Маска для глаз LAF Гидрогелевая охлаждающая",269,0
"8000002449","Магнит","Кисть LAF Colour для тональной основы и консилера",199,0
"8000002450","Магнит","Пинцет LAF косметический черный",189,0
"8000002451","Магнит","Кисть для кремовых текстур LAF Colour",119,0
"8000002452","Магнит","Кисть LAF Beige для тональной основы и консилера",279,0
"8000002453","Магнит","Кисть для растушевки теней LAF Colour",119,0
"8000002455","Магнит","Кисть для губ LAF Beige",179,0
"8000002456","Магнит","Кисть для теней LAF Beige растушевка",159,0
"8000002457","Магнит","Карманное зеркало LAF квадратное",199,0
"8000002458","Магнит","Пуховка для пудры LAF велюровая",79,0
"8000002587","Магнит","Щетка для умывания и лопатка LAF для нанесения масок",119,0
"8000003224","Магнит","Спонж для макияжа LAF велюровый в футляре",199,0
"8000003225","Магнит","Набор LAF пуховка велюровая для пудры круглые 2шт",149,0
"8000003228","Магнит","Спонж для макияжа LAF в футляре яйцо в ассортименте",99,129
"8000003231","Магнит","Набор спонжей LAF для умывания 5шт",149,0
"8000003233","Магнит","Зеркало LAF настольное пластиковое",299,0
"8000003235","Магнит","Аппликаторы для теней LAF длинные 5шт",99,149
"8000003236","Магнит","Набор кистей для макияжа LAF White 5шт",269,399
"8000004182","Магнит","Набор спонжей LAF конжаковых для умывания 2шт",171,279
"8000003235","Магнит","Аппликаторы для теней LAF длинные 5шт",99,149
"8000003236","Магнит","Набор кистей для макияжа LAF White 5шт",269,399
"8000004182","Магнит","Набор спонжей LAF конжаковых для умывания 2шт",171,279
"8000008083","Магнит","Повязка для умывания LAF",149,0
"8000009766","Магнит","Набор спонжей LAF в коробе 4шт",99,189
"8000010116","Магнит","Набор мини спонжей для макияжа LAF 6шт",99,0
"8000010342","Магнит","Резинки для волос LAF тонкие черные 20шт",56,99
"8000010344","Магнит","Краб для волос LAF средний коричневый",69,0
"8000010346","Магнит","Набор крабов для волос LAF малые Коллекция бежевые 2шт",109,169
"8000010347","Магнит","Резинки для волос LAF тонкие База 20шт",49,0
"8000010348","Магнит","Набор крабов для волос LAF малый Коллекция синий 2шт",149,0
"8000010349","Магнит","Резинки для волос LAF черные плоские 10шт",69,0
"8000010352","Магнит","Резинки для волос LAF тонкие черные 20шт",74,0
"8000010354","Магнит","Краб для волос LAF матовый Неон в ассортименте",109,0
"8000010357","Магнит","Краб для волос LAF средний коричневый глянец",49,79
"8000010358","Магнит","Набор мини-крабов для волос LAF черные глянец 6шт",149,0
"8000010362","Магнит","Набор мини-крабов для волос LAF База 10шт",149,0
"8000010364","Магнит","Резинки для волос LAF фигурные черные 10шт",69,0
"8000010366","Магнит","Краб для волос LAF большой коричневый",84,0
"8000010388","Магнит","Краб для волос LAF черный матовый База",99,149
"8000010390","Магнит","Ободок LAF с зубчиками черный soft-touch",89,0
"8000010392","Магнит","Набор резинок для волос LAF детские фигурные 60шт",179,0
"8000010396","Магнит","Набор мягких мини резинок для волос LAF 20шт",84,189
"8000010397","Магнит","Краб для волос LAF металлический средний Серебро",169,0
"8000010400","Магнит","Набор мини-крабов для волос LAF База матовые 6шт",129,0
"8000010401","Магнит","Резинки для волос LAF силиконовые 300шт",129,0
"8000010402","Магнит","Заколки для волос LAF клик-клак софт тач 3шт",99,0
"8000010403","Магнит","Набор резинок для волос LAF База 30шт",49,99
"8000010404","Магнит","Набор крабов для волос LAF малые Серебро 2шт",109,0
"8000010405","Магнит","Набор клик-клаков для волос LAF мини черные 6шт",69,0
"8000010406","Магнит","Набор шпилек LAF жемчуг 10шт",129,199
"8000010407","Магнит","Набор крабов для волос LAF малые Золото 2шт",199,0
"8000010409","Магнит","Набор заколок для волос LAF клик-клак черные 4шт",79,0
"8000010406","Магнит","Набор шпилек LAF жемчуг 10шт",129,199
"8000010407","Магнит","Набор крабов для волос LAF малые Золото 2шт",199,0
"8000010409","Магнит","Набор заколок для волос LAF клик-клак черные 4шт",79,0
"8000010411","Магнит","Краб для волос LAF черный матовый прямоугольный База",149,0
"8000010416","Магнит","Краб для волос LAF черный матовый большой База",119,0
"8000010419","Магнит","Зажимы для волос LAF цветные 4шт",139,0
"8000010420","Магнит","Резинки для волос LAF мягкие базовые в банке 20шт",129,0
"8000010421","Магнит","Резинки для волос LAF мягкие черные в банке 20шт",129,0
"8000010451","Магнит","Устойчивая помада для губ Rich Nude тон 27 Stellary",524,0
"8000010452","Магнит","Устойчивая помада для губ Rich Nude тон 03 Stellary",512,0
"8000010453","Магнит","Устойчивая помада для губ Rich Nude тон 21 Stellary",518,0
"8000010454","Магнит","Устойчивая помада для губ Rich Nude тон 08 Stellary",518,0
"8000010455","Магнит","Устойчивая помада для губ Rich Nude тон 07 Stellary",518,0
"8000010456","Магнит","Устойчивая помада для губ Rich Nude тон 24 Stellary",449,495
"8000010457","Магнит","Устойчивая помада для губ Rich Nude тон 02 Stellary",512,0
"8000010458","Магнит","Устойчивая помада для губ Rich Nude тон 06 Stellary",518,0
"8000010459","Магнит","Устойчивая помада для губ Rich Nude тон 09 Stellary",518,0
"8000010460","Магнит","Устойчивая помада для губ Rich Nude тон 17 Stellary",449,495
"8000010461","Магнит","Устойчивая помада для губ Rich Nude тон 10 Stellary",449,495
"8000010462","Магнит","Устойчивая помада для губ Rich Nude тон 04 Stellary",518,0
"8000010463","Магнит","Устойчивая помада для губ Rich Nude тон 20 Stellary",449,495
"8000010464","Магнит","Устойчивая помада для губ Rich Nude тон 23 Stellary",449,495
"8000010465","Магнит","Устойчивая помада для губ Rich Nude тон 05 Stellary",512,0
"8000010466","Магнит","Устойчивая помада для губ Rich Nude тон 14 Stellary",518,0
"8000010467","Магнит","Устойчивая помада для губ Rich Nude тон 25 Stellary",535,0
"8000010468","Магнит","Устойчивая помада для губ Rich Nude тон 22 Stellary",524,0
"8000010469","Магнит","Устойчивая помада для губ Rich Nude тон 19 Stellary",518,0
"8000010470","Магнит","Устойчивая помада для губ Rich Nude тон 11 Stellary",449,495
"8000010471","Магнит","Устойчивая помада для губ Rich Nude тон 15 Stellary",518,0
"8000010472","Магнит","Устойчивая помада для губ Rich Nude тон 12 Stellary",518,0
"8000010608","Магнит","Расческа LAF компактная с декором",129,0
"8000010858","Магнит","Резинки для волос LAF атласные тонкие черные 3шт",129,0
"8000010859","Магнит","Шпильки для волос LAF черные в контейнере 30шт",149,0
"8000010861","Магнит","Невидимки для волос LAF черные в контейнере 30шт",159,0
"8000010858","Магнит","Резинки для волос LAF атласные тонкие черные 3шт",129,0
"8000010859","Магнит","Шпильки для волос LAF черные в контейнере 30шт",149,0
"8000010861","Магнит","Невидимки для волос LAF черные в контейнере 30шт",159,0
"8000010991","Магнит","Зонт LAF детский ПВХ полуавтомат 6 спиц",249,0
"8000010992","Магнит","Зонт LAF автоматический 8 спиц ручка крюк",849,0
"8000010995","Магнит","Зонт-мини LAF механический 6 спиц в ассортименте",399,0
"8000010996","Магнит","Зонт трость LAF полуавтомат 16 спиц",499,749
"8000010997","Магнит","Дождевик LAF пончо на рост от 150см в ассортименте",319,0
"8000011648","Магнит","Расческа для волос LAF скелетная узкая градиент",279,0
"8000011650","Магнит","Расческа для волос LAF массажная узкая хром",249,369
"8000011652","Магнит","Расческа-термобрашинг для волос LAF черный d-5см",449,0
"8000011654","Магнит","Расческа LAF скелетная овальная Softach",279,0
"8000011656","Магнит","Расческа массажная LAF фигурная softach",269,0
"8000011657","Магнит","Гребень для волос LAF с металлическим наконечником черный",129,0
"8000011658","Магнит","Расческа для волос LAF термобрашинг перламутровая d-3.5см",169,0
"8000011662","Магнит","Бигуди-липучки LAF черные 5см 4шт",159,0
"8000011668","Магнит","Расческа для волос LAF массажная узкая Softach",249,0
"8000011669","Магнит","Расческа для волос LAF массажная овальная Softach",249,0
"8000011670","Магнит","Расческа для волос LAF скелетная хром",199,349
"8000011672","Магнит","Расческа LAF продувная Бережное расчесывание",219,0
"8000011674","Магнит","Расческа для волос LAF скелетная квадратная градиент",319,0
"8000011676","Магнит","Расческа для волос LAF массажная компактная градиент",269,0
"8000011677","Магнит","Расческа для волос LAF бомбаж Softach",229,0
"8000011678","Магнит","Расческа для волос массажная фигурная хром",299,0
"8000011679","Магнит","Расческа LAF массажная овальная перламутр",199,0
"8000011681","Магнит","Бигуди-липучки LAF черные 3см 6шт",139,0
"8000011682","Магнит","Бигуди-липучки LAF черные 4см 6шт",139,0
"8000011683","Магнит","Гребень для укладки локонов LAF",74,0
"8000011724","Магнит","Краб для волос LAF петля металлический Серебро",169,229
"8000011726","Магнит","Резинки для волос LAF с ворсом 3шт",139,0
"8000011728","Магнит","Набор детских резинок для волос LAF 10шт в ассортименте",49,89
"8000011729","Магнит","Зажимы для волос LAF черные Softach 4шт",179,0
"8000011732","Магнит","Набор резинок для волос LAF с декором черные 3шт",89,0
"8000011733","Магнит","Резинки для волос LAF атласные толстые 2шт в ассортименте",149,0
"8000011729","Магнит","Зажимы для волос LAF черные Softach 4шт",179,0
"8000011732","Магнит","Набор резинок для волос LAF с декором черные 3шт",89,0
"8000011733","Магнит","Резинки для волос LAF атласные толстые 2шт в ассортименте",149,0
"8000012168","Магнит","Полоски для носа LAF 6шт",219,0
"8000012344","Магнит","Блеск-плампер для губ Poison Kiss тон 01 Stellary",429,612
"8000012345","Магнит","Блеск-плампер для губ Poison Kiss тон 06 Stellary",429,612
"8000012346","Магнит","Матирующий фиксатор-спрей для лица Matte Icon Stellary",479,549
"8000012347","Магнит","Плампер для губ пролонгирующего действия тон 01 Stellary",429,635
"8000012348","Магнит","Тушь для ресниц Volume Ambition Stellary",796,0
"8000012349","Магнит","Влагостойкая тушь для ресниц Lash Status тон 01 Stellary",564,769
"8000012350","Магнит","Блеск-плампер для губ Poison Kiss тон 04 Stellary",429,612
"8000012351","Магнит","Блеск-плампер для губ Poison Kiss тон 03 Stellary",429,612
"8000012352","Магнит","Тушь для ресниц Long Privilege Stellary",796,0
"8000012353","Магнит","Блеск-плампер для губ Poison Kiss тон 02 Stellary",429,612
"8000012354","Магнит","Блеск-плампер для губ Poison Kiss тон 05 Stellary",429,612
"8000012840","Магнит","Накладные ресницы с клеем Stellary",398,529
"8000012951","Магнит","Солнцезащитные очки LAF GX24031918",349,0
"8000012991","Магнит","Очки солнцезащитные детские LAF GX240318145_B",229,0
"8000012993","Магнит","Очки солнцезащитные детские LAF GX23061764",269,0
"8000013010","Магнит","Очки солнцезащитные детские LAF GX240318131",249,0
"8000013142","Магнит","Повязка для умывания LAF в ассортименте",199,0
"8000013352","Магнит","Органайзер для хранения спонжей и ватных палочек LAF",149,0
"8000013353","Магнит","Органайзер для хранения украшений и аксессуаров для волос LAF",129,229
"8000013354","Магнит","Органайзер для хранения кистей LAF",219,0
"8000015687","Магнит","Набор мини пилок для ногтей 200/240 LAF 3шт",65,129
"8000015688","Магнит","Набор разноцветных пилок для ногтей LAF 200/240 5шт",167,0
"8000015689","Магнит","Набор пилок для ногтей 200/240 LAF 3шт",62,129
"8000015690","Магнит","Набор пилок для ногтей LAF 100/180 5 штук",179,0
"8000015806","Магнит","Пилка для ногтей LAF 100/180",50,99
"8000017175","Магнит","Терка для педикюра LAF двусторонняя 100/180",139,0
"8000018718","Магнит","Дорожная косметичка LAF в ассортименте",349,0
"8000018719","Магнит","Дорожная косметичка квадратная LAF в ассортименте",299,349
"8000019029","Магнит","Косметичка-органайзер Washbag LAF",449,0
"8000020170","Магнит","Квадратная косметичка Washbag LAF",319,0
"8000021235","Магнит","Блеск для губ Idealist тон 02 Жемчужный Stellary",176,349
"8000021236","Магнит","Масло для губ Stellary тон 05 Ruby Stellary",522,0
"8000020170","Магнит","Квадратная косметичка Washbag LAF",319,0
"8000021235","Магнит","Блеск для губ Idealist тон 02 Жемчужный Stellary",176,349
"8000021236","Магнит","Масло для губ Stellary тон 05 Ruby Stellary",522,0
"8000021237","Магнит","Тушь для ресниц с эффектом удлинения Tiger Eye Black тон 01 Stellary",228,475
"8000021238","Магнит","Блеск для губ Idealist тон 06 Бежевый Stellary",176,349
"8000021239","Магнит","Кремовый контуринг для лица Soft Lines тон 01 Холодно-бежевый Stellary",417,595
"8000021240","Магнит","Рассыпчатая пудра для лица фиксирующая тон 02 Transparent Banana Stellary",431,589
"8000021241","Магнит","Кремовый контуринг для лица Soft Lines тон 02 Серо-коричневый Stellary",417,595
"8000021242","Магнит","Масло для губ Stellary тон 02 Diamond Stellary",522,0
"8000021243","Магнит","Румяна для лица Cashmere Blush тон 02 Pink Pleasure Розовый Stellary",503,0
"8000021244","Магнит","Масло для губ Stellary тон 04 Opal Stellary",546,0
"8000021245","Магнит","Румяна для лица Cashmere Blush тон 01 Nude Harmony Тепло-бежевый Stellary",503,0
"8000021246","Магнит","Тушь для ресниц с эффектом разделения Obsidian Black тон 01 Stellary",228,475
"8000021247","Магнит","Масло для губ Stellary тон 01 Gold Stellary",546,0
"8000021248","Магнит","Блеск для губ Idealist тон 08 Прозрачно-розовый Stellary",176,349
"8000021249","Магнит","Блеск для губ Idealist тон 11 Светло-малиновый Stellary",176,349
"8000021250","Магнит","Блеск для губ Idealist тон 12 Коричнево-бежевый Stellary",176,349
"8000021252","Магнит","Румяна для лица Cashmere Blush тон 04 Tender Rose Светло-розовый Stellary",469,0
"8000021253","Магнит","Тинт для губ Russian Lips тон 03 Stellary",358,489
"8000021254","Магнит","Тинт для губ Russian Lips тон 01 Stellary",358,489
"8000021255","Магнит","Румяна для лица Cashmere Blush тон 03 Natural Beige Персиковый Stellary",503,0
"8000021256","Магнит","Блеск для губ Idealist тон 10 Красно-розовый Stellary",176,349
"8000021257","Магнит","Блеск для губ Idealist тон 09 Розовый Stellary",176,349
"8000021258","Магнит","Блеск для губ Idealist тон 04 Перламутрово-розовый Stellary",176,349
"8000021259","Магнит","Кремовый хайлайтер для лица Rich Glow тон 01 Golden Prism Stellary",402,549
"8000021260","Магнит","Тинт для губ Russian Lips тон 04 Stellary",358,489
"8000021261","Магнит","Блеск для губ Idealist тон 03 Перламутровый Stellary",176,349
"8000021262","Магнит","Блеск для губ Idealist тон 01 Прозрачный Stellary",176,349
"8000021263","Магнит","Блеск для губ Idealist тон 05 Перламутрово-бежевый Stellary",176,349
"8000021264","Магнит","Блеск для губ Idealist тон 07 Теплый розовый Stellary",176,349
"8000021265","Магнит","Тинт для губ Russian Lips тон 02 Stellary",358,489
"8000021266","Магнит","Масло для губ Stellary тон 03 Topaz Stellary",522,0
"8000021925","Магнит","Щетки для маникюра LAF набор 3шт",79,0
"8000022757","Магнит","Щетка для очищения лица LAF",199,0
"8000023031","Магнит","Футляр для хранения спонжа силиконовый LAF в ассортименте",76,99
"8000022757","Магнит","Щетка для очищения лица LAF",199,0
"8000023031","Магнит","Футляр для хранения спонжа силиконовый LAF в ассортименте",76,99
"8000024717","Магнит","Металлический органайзер для хранения косметики LAF",299,0
"8000024718","Магнит","Металлический органайзер для хранения кистей LAF",199,0
"8000025154","Магнит","Педикюрная терка розовая LAF",249,0
"8000025884","Магнит","Мини-расческа для волос Pastel LAF в ассортименте",139,0
"8000026108","Магнит","Ободок корона LAF ДС5",129,249
"8000029478","Магнит","Косметический пинцет LAF в ассортименте",102,179
"8000029537","Магнит","Набор спонжей для макияжа LAF 7шт",279,0
"8000030001","Магнит","Двухсторонняя терка для педикюра металлическая LAF",199,0
"8000038157","Магнит","Массажер для мытья головы LAF в ассортименте",109,0
"8000040391","Магнит","Косметичка большая черная LAF",499,0
"8000040393","Магнит","Твидовая косметичка LAF в ассортименте",399,0
"8000040394","Магнит","Косметичка сетка квадратная LAF",299,0
"8000040395","Магнит","Квадратная косметичка LAF в ассортименте",349,0
"8000040397","Магнит","Косметичка полосатая полиэтиленовая LAF",75,149
"8000040401","Магнит","Бежевая косметичка LAF",199,299
"8000040402","Магнит","Косметичка сетка плоская LAF",151,199
"8000040403","Магнит","Дорожная косметичка Горы LAF",449,0
"8000040404","Магнит","Квадратная косметичка LAF в ассортименте",429,0
"8000040405","Магнит","Маленькая косметичка LAF в ассортименте",349,0
"8000040406","Магнит","Тканевая косметичка маленькая молочная LAF",399,0
"8000040407","Магнит","Дорожный органайзер серый LAF",499,0
"8000040408","Магнит","Тканевая косметичка квадратная молочная LAF",549,0
"8000040409","Магнит","Тканевая косметичка большая молочная LAF",599,0
"8000043650","Магнит","Увлажняющий консилер для лица Concealer Skin Privilege тон 01 Stellary",438,599
"8000043651","Магнит","Пудра для лица Compact Satin Powder тон 04 Stellary",571,658
"8000043652","Магнит","Пудра для лица Compact Satin Powder тон 02 Stellary",659,0
"8000043653","Магнит","Пудра для лица Compact Satin Powder тон 03 Stellary",681,0
"8000043654","Магнит","Пудра для лица Compact Satin Powder тон 01 Stellary",571,658
"8000043655","Магнит","Увлажняющий консилер для лица Concealer Skin Privilege тон 02 Stellary",438,599
"8000043656","Магнит","Консилер для лица Stellary Concealer Skin Privilege Увлажняющий тон 04",438,599
"8000043657","Магнит","Увлажняющий консилер для лица Concealer Skin Privilege тон 03 Stellary",438,599
"8000043655","Магнит","Увлажняющий консилер для лица Concealer Skin Privilege тон 02 Stellary",438,599
"8000043656","Магнит","Консилер для лица Stellary Concealer Skin Privilege Увлажняющий тон 04",438,599
"8000043657","Магнит","Увлажняющий консилер для лица Concealer Skin Privilege тон 03 Stellary",438,599
"8000043659","Магнит","Палетка теней для век Timeless Classic тон 01 Stellary",377,559
"8000043660","Магнит","Палетка теней для век Timeless Classic тон 02 Stellary",377,559
"8000043661","Магнит","Блеск для губ Lipgloss Big Lips тон 01 Stellary",344,491
"8000043662","Магнит","Палетка теней для век Timeless Classic тон 03 Stellary",377,559
"8000043663","Магнит","Палетка теней для век Timeless Classic тон 04 Stellary",377,559
"8000043664","Магнит","Блеск для губ Lipgloss Big Lips тон 02 Stellary",344,491
"8000043665","Магнит","Блеск для губ Lipgloss Big Lips тон 03 Stellary",344,491
"8000043666","Магнит","Блеск для губ Lipgloss Big Lips тон 04 Stellary",344,491
"8000043667","Магнит","Блеск для губ Lipgloss Big Lips тон 05 Stellary",344,491
"8000043668","Магнит","Блеск для губ Lipgloss Big Lips тон 06 Stellary",344,491
"8000043669","Магнит","Блеск для губ Lipgloss Big Lips тон 07 Stellary",344,491
"8000043670","Магнит","Блеск для губ Lipgloss Big Lips тон 10 Stellary",344,491
"8000043671","Магнит","Блеск для губ Lipgloss Big Lips тон 08 Stellary",344,491
"8000043672","Магнит","Блеск для губ Lipgloss Big Lips тон 09 Stellary",344,491
"8000043673","Магнит","Блеск для губ Lipgloss Big Lips тон 12 Stellary",344,491
"8000043674","Магнит","Блеск для губ Lipgloss Big Lips тон 11 Stellary",344,491
"8000043675","Магнит","Блеск для губ Lipgloss Big Lips тон 14 Stellary",344,491
"8000043676","Магнит","Блеск для губ Lipgloss Big Lips тон 15 Stellary",344,491
"8000043677","Магнит","Блеск для губ Lipgloss Big Lips тон 16 Stellary",344,491
"8000043678","Магнит","Блеск для губ Lipgloss Big Lips тон 13 Stellary",344,491
"8000047983","Магнит","Пакет с вырубной ручкой Несу красоту Магнит 29*33.5см",19,0
"8000048218","Магнит","Набор резинок шелковых Клевер LAF 2шт в ассортименте",99,0
"8000048676","Магнит","Браслет розовый кубик LAF",74,0
"8000048677","Магнит","Детский набор ожерелье и браслет перламутровые шары LAF",99,0
"8000048679","Магнит","Заколки клик-клак с декором LAF 4шт",99,0
"8000048687","Магнит","Детский набор ожерелье с браслетом матовые LAF",89,0
"8000048690","Магнит","Детский набор ожерелье с браслетом розовые шары LAF",89,0
"8000048691","Магнит","Набор браслетов с подвесками бабочка LAF 2шт",79,0
"8000048694","Магнит","Детский набор ожерелье с браслетом матовые сердца LAF",79,0
"8000048696","Магнит","Набор резинок с цветочками LAF 2шт в ассортименте",29,0
"8000048699","Магнит","Детский набор ожерелье с браслетом кубик LAF",79,0
"8000048696","Магнит","Набор резинок с цветочками LAF 2шт в ассортименте",29,0
"8000048699","Магнит","Детский набор ожерелье с браслетом кубик LAF",79,0
"8000048700","Магнит","Набор ожерелье с браслетом цветные бусины LAF",84,0
"8000048701","Магнит","Цветок на шнурке LAF в ассортименте",49,59
"8000048704","Магнит","Заколки для волос бантики LAF 2шт в ассортименте",79,0
"8000052492","Магнит","Карандаш-каял для глаз устойчивый Dubai Weekend Stellary т01",349,498
"8000056471","Магнит","Кисть для кремовых текстур Black LAF",249,0
"8000056472","Магнит","Кисть для тонального крема и пудры Beige LAF",249,0
"8000056474","Магнит","Набор спонжей для макияжа градиент LAF 2шт в ассортименте",229,0
"8000057256","Магнит","Набор зажимов для волос клюв черный LAF 4шт",169,0
"8000057450","Магнит","Зеркало карманное круглое в ассортименте",149,0
"8000057552","Магнит","Кисть для румян Black LAF",249,0
"8000057559","Магнит","Набор силиконовых резинок для волос LAF в ассортименте",119,0
"8000057832","Магнит","Кисть для пудры Black LAF",279,0
"8000057953","Магнит","Браслет Сердце LAF в ассортименте",49,149
"8000058182","Магнит","Краб для волос фигурный LAF в ассортименте",99,0
"8000061111","Магнит","Дорожный набор силиконовый 3 предмета LAF",249,299
"8000061114","Магнит","Банка с силиконовыми резинками цветные LAF 400шт",249,299
"8000061243","Магнит","Набор жемчужное ожерелье с браслетом Ракушка LAF",149,199
"8000061460","Магнит","Бисерное ожерелье Звезда LAF",149,199
"8000061462","Магнит","Ожерелье Море золото с подвесками LAF",149,199
"8000061463","Магнит","Бисерное двойное ожерелье Звезда серебро LAF",199,249
"8000061464","Магнит","Набор колец Море LAF 3шт",149,199
"8000061465","Магнит","Набор мини-крабов Звезда золото LAF 2шт",149,199
"8000061463","Магнит","Бисерное двойное ожерелье Звезда серебро LAF",199,249
"8000061464","Магнит","Набор колец Море LAF 3шт",149,199
"8000061465","Магнит","Набор мини-крабов Звезда золото LAF 2шт",149,199
"8000061467","Магнит","Автоматическая заколка для волос LAF",99,149
"8000061468","Магнит","Набор мини-крабов Ракушка золото LAF 2шт",149,199
"8000061470","Магнит","Перламутровый краб для волос молочный LAF",99,149
"8000061472","Магнит","Набор колец жемчуг LAF 3шт в ассортименте",99,149
"8000061474","Магнит","Жемчужный браслет серебро LAF",149,199
"8000063248","Магнит","Плюшевый брелок Овощ LAF в ассортименте",123,399
"8000063252","Магнит","Брелок Капибара LAF свет/звук в ассортименте",165,399
"8000063261","Магнит","Брелок-игрушка Еда плюш в ассортименте",99,299
"8000063268","Магнит","Брелок Зайчик LAF в ассортименте",99,119
"8000063271","Магнит","Брелок Меховая лапка LAF в ассортименте",149,179
"8000063273","Магнит","Брелок Хлеб со шнурком LAF в ассортименте",107,149
"8000063275","Магнит","Брелок-игрушка Белая собачка LAF",149,399
"8000063279","Магнит","Брелок Плюшевая булочка LAF в ассортименте",99,299
"8000063282","Магнит","Брелок-кошелек Фрукты-овощи LAF силикон в ассортименте",99,129
"8000063702","Магнит","Большой краб для волос мраморный LAF в ассортименте",149,299
"8000063999","Магнит","Щетка для очищения лица лапка LAF",79,0
"8000073965","Магнит","Парфюмерная вода женская Patchouli Absolu Stellary 46мл",1538,1912
"8000073966","Магнит","Парфюмерная вода женская Bloom Intense Stellary 46мл",1538,1912
"8000074350","Магнит","Тональный крем с сатиновым финишем Skin Privilege Stellary тон 01",942,0
"8000074351","Магнит","Тональный крем с сатиновым финишем Skin Privilege Stellary тон 02",570,941
"8000074352","Магнит","Тональный крем с сатиновым финишем Skin Privilege Stellary тон 03",942,0
"8000074350","Магнит","Тональный крем с сатиновым финишем Skin Privilege Stellary тон 01",942,0
"8000074351","Магнит","Тональный крем с сатиновым финишем Skin Privilege Stellary тон 02",570,941
"8000074352","Магнит","Тональный крем с сатиновым финишем Skin Privilege Stellary тон 03",942,0
"8000074353","Магнит","Тональный крем с сатиновым финишем Skin Privilege Stellary тон 05",664,941
"8000074354","Магнит","Тональный крем с сатиновым финишем Skin Privilege Stellary тон 04",659,849
"8000074355","Магнит","Тушь для ресниц Wild Stellary тон 01 Black",645,0
"8000074356","Магнит","Тушь для ресниц Wild Stellary тон 02 Brown",404,599
"8000074358","Магнит","Подкручивающая тушь для ресниц Wild Black Stellary тон 01",645,0
"8000074359","Магнит","Влагостойкая тушь для ресниц Wild Black Stellary тон 01",669,0
"8000074360","Магнит","Тушь для ресниц объем Millionaire Lashes Stellary тон 01",494,699
"8000074361","Магнит","Тушь для ресниц удлинение Millionaire Lashes Stellary тон 01",494,699
"8000074363","Магнит","Подводка для глаз Stellary тон 02 Brown",402,574
"8000074364","Магнит","Водостойкая подводка для глаз Stellary тон 01",402,574
"8000074366","Магнит","Палетка теней для век First Lady Stellary тон 02",488,0
"8000074367","Магнит","Подводка для глаз с кистью Wild Stellary тон 02 Brown",712,0
"8000074368","Магнит","Палетка теней для век Wild Angel Stellary тон 01",458,0
"8000074369","Магнит","Палетка теней для век High Society Stellary тон 03",418,499
"8000074370","Магнит","Автоматический карандаш для бровей Brow Sculpting Pencil Stellary тон 01",579,799
"8000074371","Магнит","Автоматический карандаш для бровей Brow Sculpting Pencil Stellary тон 02",575,799
"8000074372","Магнит","Автоматический карандаш для бровей Brow Sculpting Pencil Stellary тон 03",575,799
"8000074373","Магнит","Автоматический карандаш для бровей Brow Sculpting Pencil Stellary тон 04",348,799
"8000074374","Магнит","Карандаш для бровей с щеточкой Classic Brow Pencil Stellary тон 01",341,449
"8000074375","Магнит","Карандаш для бровей с щеточкой Classic Brow Pencil Stellary тон 02",206,449
"8000074376","Магнит","Карандаш для бровей с щеточкой Classic Brow Pencil Stellary тон 03",341,449
"8000074377","Магнит","Карандаш для бровей с щеточкой Classic Brow Pencil Stellary тон 04",349,449
"8000076167","Магнит","Палетка для лица и глаз Stellary Wild Chic тон 01",690,1099
"8000076168","Магнит","Сияющая пудра в шариках Stellary Wild Chic тон 01",519,738
"8000076169","Магнит","Стойкий карандаш-помада для губ Stellary Wild Chic тон 01",313,649
"8000081302","Магнит","Парфюмерная вода Flower Hypnotique Stellary 46мл",1538,1912
"8000081304","Магнит","Парфюмерная вода Vanille&Tobacco Stellary 46мл",1538,1912
"8000088937","Магнит","Косметичка-сундук розовая LAF",799,0
"8000091016","Магнит","Набор Ободок + Резинки чёрные 2шт LAF",599,0
"8000091018","Магнит","Набор ободок и 2 резинки розовые LAF",599,0
"8000091019","Магнит","Набор маска для сна и 3 резинки черные LAF",799,0
"8000091020","Магнит","Набор для волос Резинки чёрные 2шт + Резинки розовые 2штLAF",399,0
"8000091021","Магнит","Набор для макияжа 8 кистей в чехле LAF",1199,0
"8000091019","Магнит","Набор маска для сна и 3 резинки черные LAF",799,0
"8000091020","Магнит","Набор для волос Резинки чёрные 2шт + Резинки розовые 2штLAF",399,0
"8000091021","Магнит","Набор для макияжа 8 кистей в чехле LAF",1199,0
"8000091062","Магнит","Сотуар жемчужный LAF",799,0
"8000095221","Магнит","Оттеночный бальзам для губ Serpent Stellary тон 02",500,0
"8000095222","Магнит","Пудра для лица Matte Serpent Collection Stellary тон 01",630,0
"8000095223","Магнит","Монотени для век Mono Eyeshadow Serpent Stellary тон 01",432,0
"8000095224","Магнит","Палетка для лица Serpent Collection Stellary тон 01",446,649
"8000095225","Магнит","Монотени для век eyeshadow Serpent Collection Stellary тон 02",419,0
"8000095226","Магнит","Оттеночный бальзам для губ Serpent Stellary тон 01",500,0
"8000095227","Магнит","Карандаш для губ Serpent Collection Stellary тон 02",299,0
"8000095228","Магнит","Палетка теней Eyeshadow Serpent Stellary тон 01",458,849
"8000095229","Магнит","Карандаш для губ Serpent Collection Stellary тон 01",308,0
"4000087330","Моя цена","Фольга пищевая Моя цена 29см 8м",99,0
"4000086794","Моя цена","Пленка пищевая Моя цена 20м 29см",49,0
"8000015620","Моя цена","Пергамент Моя цена силиконизированный 29см*5м",59,0
"1000314145","Моя цена","Отбеливатель Моя цена Белизна 1л",59,0
"6949990375","Моя цена","Губки для посуды Моя цена универсальные 5шт ",42,0
"4000102380","Моя цена","Картон Моя цена цветной 8 листов 8 цветов",64,0
"4000101928","Моя цена","Картон Апплика белый А4 в папке 8л",39,64
"1000099148","Моя цена","Антинакипин Моя цена сухой 100г",26,0
"1000274160","Моя цена","Носовые платки Моя цена бумажные 2 слоя 10*10шт",64,0
"1000472521","Моя цена","Бумажные салфетки Моя цена 1 слой 24*24см 90шт",29,0
"1000413839","Моя цена","Салфетки влажные Моя цена детские с клапаном Ромашка и витамин Е 120шт",119,0
"1000472522","Моя цена","Салфетки бумажные Моя цена 1 слой 250шт 24*24мм",84,0
"1000213627","Моя цена","Салфетки Моя цена универсальные вискоза 3шт 30*38см в ассортименте",44,0
"4000084985","Моя цена","Набор обложек Моя цена для дневника и тетрадей 10шт",59,0
"4000078754","Моя цена","Ластик Моя цена прямоугольный",8,0
"4000086225","Моя цена","Полотенца Моя цена универсальные 20*25см 70шт",159,0
"8000038295","Моя цена","Влажные салфетки универсальные Моя цена 60шт",64,0
"1000221227","Моя цена","Мешки для мусора Моя цена 60л 20шт",49,0
"1000010874","Моя цена","Губки Моя цена спираль стальные 2шт",59,0
"1000317173","Моя цена","Пластины от комаров Моя цена без запаха 10шт",26,0
"4000060810","Моя цена","Пакеты Моя цена фасовочные 17*28.5см 100шт",54,0
"1000542422","Моя цена","Липкая лента от мух Моя цена 4шт",89,0
"1000221228","Моя цена","Мешки для мусора Моя цена 30л 20шт",39,0
"1000228309","Моя цена","Стакан одноразовый Моя цена 200мл 12шт",37,0
"1000220394","Моя цена","Таблетки для сливного бачка Моя цена Лес/Море 2шт*40г в ассортименте",69,0
"4000072846","Моя цена","Салфетка Моя цена из микрофибры 30*30см в ассортименте",64,0
"4000085266","Моя цена","Папка-вкладыш Моя цена 25мкм 100шт",199,0
"1000521317","Моя цена","Ватные диски Моя цена 50шт",39,0
"1000413874","Моя цена","Салфетки влажные Моя цена универсальные 120шт",129,0
"1000172015","Моя цена","Влажные салфетки Моя цена универсальные 15шт",23,0
"1000192071","Моя цена","Бумага туалетная Моя цена без втулки",11,0
"1000560729","Моя цена","Мыло Моя цена хозяйств 72% 1 группы с глицерином 150г",34,0
"1000142005","Моя цена","Средство для прочистки труб Моя цена Крот жидкое 500г",89,0
"1000372341","Моя цена","Освежитель воздуха Моя цена Морской бриз/Цитрус шейк/Ландыш 300мл в ассортименте",74,0
"1000191499","Моя цена","Тряпка для мытья пола Моя цена вискозная 50*60см",49,0
"1000183871","Моя цена","Стакан Моя цена одноразовый 200мл 12шт",22,37
"1000372341","Моя цена","Освежитель воздуха Моя цена Морской бриз/Цитрус шейк/Ландыш 300мл в ассортименте",74,0
"1000191499","Моя цена","Тряпка для мытья пола Моя цена вискозная 50*60см",49,0
"1000183871","Моя цена","Стакан Моя цена одноразовый 200мл 12шт",22,37
"4000078752","Моя цена","Набор шариковых ручек Моя цена 4шт цветные",39,0
"1000552731","Моя цена","Подгузники-трусики Моя цена XL для детей 12-17кг 38шт",549,0
"1000035217","Моя цена","Набор столовых вилок Моя цена из нержавеющей стали 6шт",99,0
"4000079736","Моя цена","Фломастеры Моя цена 6шт",19,34
"1000490835","Моя цена","Освежитель воздуха Моя цена сменный баллон Гранат Тайфун 250мл в ассортименте",99,0
"1000035215","Моя цена","Набор чайных ложек Моя цена из нержавеющей стали 6шт",79,0
"8000022120","Моя цена","Салфетки Моя цена целлюлозные 15*15см 3шт",119,0
"2009990229","Моя цена","Губка для обуви Моя цена бесцветная",54,0
"4000078750","Моя цена","Жидкость корректирующая Моя цена",36,0
"1000198592","Моя цена","Тряпка для мытья пола Моя цена 50*60см в ассортименте",99,0
"1000035216","Моя цена","Набор столовых ложек Моя цена из нержавеющей стали 6шт",99,0
"1000221229","Моя цена","Мешки для мусора Моя цена 120л 10шт",129,0
"1000552730","Моя цена","Подгузники-трусики Моя цена Maxi для детей 9-15кг 44шт",549,0
"4000086516","Моя цена","Форма для запекания Моя цена антипригарная прямоугольная 34*24*4см",349,0
"1000195060","Моя цена","Отбеливатель Моя цена сухой 300г",39,0
"4000079673","Моя цена","Набор ручек шариковых Моя цена синие 10шт",89,0
"6009999953","Моя цена","Губка для обуви Моя цена черная",54,0
"4000078739","Моя цена","Набор карандашей Моя цена чернографитных HB без ластика 4шт",29,0
"1000322484","Моя цена","Средство для мытья посуды Моя цена Яблоко 500мл",26,0
"1000313183","Моя цена","Стиральный порошок Моя цена автомат 6кг",449,0
"1000554249","Моя цена","Порошок для стирки Моя цена автомат 1.5кг",109,0
"1000545682","Моя цена","Стиральный порошок Моя цена Универсальный 350г",39,0
"4000078755","Моя цена","Набор шариковых ручек Моя цена синие 4шт",39,0
"4000086520","Моя цена","Форма для выпечки кекса Моя цена антипригарная 31*11*7см",299,0
"1000544605","Моя цена","Станок одноразовый Моя цена мужской 2 лезвия 4+1шт",49,0
"1000559392","Моя цена","Дезодорант спрей Моя цена женский 150мл",89,0
"1000559393","Моя цена","Дезодорант спрей Моя цена мужской 150мл",89,0
"1000408327","Рексона","Антиперспирант Рексона Клиникал Сухость и уверенность аэрозоль 75мл",170,225
"1000480157","Рексона","Антиперспирант Рексона Сухость пудры аэрозоль 100мл",179,0
"1000480158","Рексона","Антиперспирант Рексона Men Антибактериальный эффект аэрозоль 100мл",209,249
"1000555711","Рексона","Антиперспирант-карандаш Рексона Сочный арбуз 40мл",279,399
"1000304659","Рексона","Антиперспирант Рексона Нежно и сочно шариковый 50мл",166,249
"1000555712","Рексона","Антиперспирант Рексона Сочный арбуз шариковый 50мл",241,299
"1000555713","Рексона","Антиперспирант-карандаш Рексона Цитрусовый фреш 40мл",348,399
"1000161030","Рексона","Антиперспирант Рексона Сухость пудры шариковый 50мл",179,249
"1000449164","Рексона","Антиперспирант-карандаш Рексона Абсолютный комфорт 40мл",256,349
"1000550779","Рексона","Антиперспирант Рексона Сочный арбуз аэрозоль 150мл",199,349
"1000449165","Рексона","Антиперспирант-карандаш Рексона Men Экстремальная защита 50мл",247,399
"1000408328","Рексона","Антиперспирант Рексона Men Клиникал Защита и уверенность аэрозоль 75мл",229,0
"1056020273","Рексона","Антиперспирант-карандаш Рексона Невидимая на черной и белой одежде 40мл",274,349
"1000312994","Рексона","Антиперспирант Рексона Клиникал Сухость и уверенность Box шариковый 50мл",235,399
"1000458564","Рексона","Антиперспирант-карандаш Рексона Свежесть бамбука+Алоэ 40мл",264,349
"1000312993","Рексона","Антиперспирант Рексона Men Клиникал Защита и уверенность аэрозоль 150мл",241,449
"1056020268","Рексона","Антиперспирант Рексона Men Прозрачный лед шариковый 50мл",259,349
"1056020099","Рексона","Антиперспирант Рексона Прозрачный кристалл аэрозоль 150мл",186,299
"1000585061","Рексона","Гипоаллергенный антиперспирант для тела аэрозоль Рексона Men 250мл",458,0
"1056020229","Рексона","Антиперспирант Рексона Алоэ Вера шариковый 50мл",179,249
"1000585060","Рексона","Антиперспирант для тела Рексона гипоаллергенный карандаш 50мл",359,449
"1000132693","Рексона","Антиперспирант Рексона Сухость пудры аэрозоль 150мл",186,299
"1000559149","Рексона","Гель для душа и шампунь Рексона Men 2в1 Глубина океана 750мл",476,649
"1000550780","Рексона","Антиперспирант Рексона Цитрусовый фреш аэрозоль 150мл",199,349
"1000585062","Рексона","Антиперспирант для тела Рексона аэрозоль 250мл",309,419
"1000495339","Рексона","Антиперспирант Рексона Men Ультраневидимый аэрозоль 150мл",289,449
"1000213754","Рексона","Антиперспирант Рексона Антибактериальная и невидимая на черной и белой одежде аэрозоль 150мл",233,299
"1000423431","Рексона","Антиперспирант Рексона Абсолютный комфорт аэрозоль 150мл",233,299
"1000309118","Рексона","Антиперспирант Рексона Свежо и невидимо аэрозоль 150мл",186,299
"1000559148","Рексона","Гель для душа умывания и шампунь Рексона Men 3в1 Активный Уголь 490мл",330,549
"1056020234","Рексона","Антиперспирант Рексона Яркий букет аэрозоль 150мл",186,299
"1056020194","Рексона","Антиперспирант Рексона Прозрачный кристалл шариковый 50мл",166,249
"1000312999","Рексона","Антиперспирант Рексона Клиникал Сухость и уверенность аэрозоль 150мл",316,389
"1000366011","Рексона","Антиперспирант-карандаш Рексона Клиникал Сухость и уверенность 40мл",389,0
"2400000124","Рексона","Антиперспирант Рексона Men кобальт аэрозоль 150мл",234,449
"1000213755","Рексона","Антиперспирант Рексона Men Антибактериальный и невидимый на черной и белой одежде аэрозоль 150мл",310,449
"1000366011","Рексона","Антиперспирант-карандаш Рексона Клиникал Сухость и уверенность 40мл",389,0
"2400000124","Рексона","Антиперспирант Рексона Men кобальт аэрозоль 150мл",234,449
"1000213755","Рексона","Антиперспирант Рексона Men Антибактериальный и невидимый на черной и белой одежде аэрозоль 150мл",310,449
"1000423432","Рексона","Антиперспирант Рексона Men Экстремальная защита аэрозоль 150мл",310,449
"1000145123","Рексона","Антиперспирант-карандаш Рексона Сухость пудры 40мл",256,349
"1000185611","Рексона","Дезодорант-аэрозоль для ног Рексона Деоконтроль Активная свежесть 150мл",249,299
"1000197691","Рексона","Антиперспирант Рексона Антибактериальная свежесть аэрозоль 150мл",186,299
"1000281905","Рексона","Антиперспирант Рексона Ярко и цветочно аэрозоль 150мл",226,299
"1000281904","Рексона","Антиперспирант Рексона Men Свежесть душа аэрозоль 150мл",310,449
"1056020157","Рексона","Антиперспирант-карандаш Рексона Прозрачный кристалл 40мл",256,349
"1000273180","Рексона","Антиперспирант Рексона Нежно и сочно аэрозоль 150мл",186,299
"1000213757","Рексона","Антиперспирант Рексона Men Антибактериальный и невидимый на черной и белой одежде шариковый 50мл",249,349
"1000163043","Рексона","Антиперспирант-карандаш Рексона Men Невидимый на черной и белой одежде 50мл",234,399
"1000549179","Рексона","Антиперспирант-карандаш Рексона Men Минеральный комплекс 50мл",343,399
"1000559150","Рексона","Гель для душа умывания и шампунь Рексона Men 3в1 Дикий лайм 750мл",476,649
"1000385746","Рексона","Антиперспирант Рексона Men Дикая мята и кедр аэрозоль 150мл",310,449
"8000058819","Рексона","Подарочный набор для душа Рексона Men Гель 490мл + Мочалка в ассортименте",552,0
"1000116374","Сьёсс","Шампунь Сьёсс Full Hair 5D 450мл",299,549
"8000011811","Сьёсс","Бальзам кондиционер для волос Сьёсс Volume для тонких лишенных объема женский 750мл",489,699
"1109990084","Сьёсс","Шампунь для окрашенных волос Сьёсс Колор женский 450мл",289,549
"8000011921","Сьёсс","Шампунь для волос Сьёсс Pure & Gentle для частого мытья женский 450мл",299,549
"1000316887","Сьёсс","Бальзам для волос Сьёсс Blonde для осветленных и мелированных волос женский 450мл",549,0
"1000116375","Сьёсс","Бальзам кондиционер для волос Сьёсс Full Hair 5 для тонких лишенных густоты женский 450мл",299,549
"1000081452","Сьёсс","Стойкая крем-краска для волос Сьёсс Олео Интенсивная профессиональная 4-18 Шоколадный каштановый без аммиака",329,549
"1000213967","Сьёсс","Шампунь для волос мужской Сьёсс Men Clean&Cool для нормальных и жирных волос 450мл",299,549
"1106100226","Сьёсс","Лак для волос Сьёсс Volume Lift для укладки Объем экстрасильная фиксация 400мл",395,599
"1000394846","Сьёсс","Стойкая крем-краска для волос Сьёсс Color профессиональная 7-5 Холодный русый",379,449
"1000081455","Сьёсс","Стойкая крем-краска для волос Сьёсс Олео Интенсивная профессиональная 5-86 Карамельный каштановый без аммиака",329,549
"1000316886","Сьёсс","Шампунь для волос Сьёсс Blonde 450мл",290,498
"8000011819","Сьёсс","Паста для волос Сьёсс моделирующая для укладки легкий контроль естественный блеск 75мл",499,599
"1106100252","Сьёсс","Стойкая крем-краска для волос Сьёсс Color профессиональная 3-1 Темно-каштановый",379,449
"8000011918","Сьёсс","Маска для волос Сьёсс Ламинирование цвета 400мл",489,649
"8000011920","Сьёсс","Маска для волос Сьёсс Кератиновое восстановление 400мл",489,649
"1000357813","Сьёсс","Шампунь для волос женский Сьёсс Repair для поврежденных волос 450мл",299,549
"1000000840","Сьёсс","Стойкая крем-краска для волос Сьёсс Color профессиональная 4-1 Каштановый",379,449
"8000083271","Сьёсс","Лак для волос Pro Gold Сьёсс 500мл",462,0
"1000094395","Сьёсс","Краска для волос Сьёсс Колор Ultra Осветлитель 50мл",429,549
"8000011816","Сьёсс","Глина для волос Сьёсс текстурирующая для укладки сильный контроль матовый эффект 75мл",499,599
"1106100251","Сьёсс","Стойкая крем-краска для волос Сьёсс Color профессиональная 7-6 Русый",379,449
"1000244265","Сьёсс","Стойкая крем-краска для волос Сьёсс Color профессиональная 7-7 Паприка",319,449
"8000011817","Сьёсс","Шампунь для волос Barbershop Сьёсс Men 750мл",489,699
"1000357814","Сьёсс","Бальзам для волос женский Сьёсс Repair для поврежденных волос 450мл",299,549
"1106100254","Сьёсс","Стойкая крем-краска для волос Сьёсс Color профессиональная 1-1 Черный",379,449
"8000011923","Сьёсс","Бальзам кондиционер для волос Сьёсс Pure & Gentle для частого мытья женский 450мл",299,549
"1000000835","Сьёсс","Стойкая крем-краска для волос Сьёсс Color профессиональная 1-4 Иссиня-черный",379,449
"1106100133","Сьёсс","Бальзам для волос Сьёсс Volume для тонких волос лишенных объема женский 450мл",265,549
"8000020368","Сьёсс","Стойкая крем-краска для волос Сьёсс Color профессиональная 6-55 Ультрапепельный тёмно-русый",367,549
"8000011922","Сьёсс","Шампунь для волос Сьёсс Detox для нормальных и жирных волос женский 450мл",299,549
"1106100255","Сьёсс","Стойкая крем-краска для волос Сьёсс Color профессиональная 4-8 Каштаново-шоколадный",379,449
"1000081451","Сьёсс","Стойкая крем-краска для волос Сьёсс Олео Интенсивная профессиональная 2-10 Черно-каштановый без аммиака",329,549
"1106100132","Сьёсс","Шампунь для волос Сьёсс Volume для тонких волос лишенных объема женский 450мл",299,549
"1000081453","Сьёсс","Стойкая крем-краска для волос Сьёсс Олео Интенс профессиональная 7-10 Натуральный светло-русый без аммиака",329,549
"1000139058","Сьёсс","Жидкость для укладки волос Сьёсс Big Sexy Volume 150мл",549,0
"1106100132","Сьёсс","Шампунь для волос Сьёсс Volume для тонких волос лишенных объема женский 450мл",299,549
"1000081453","Сьёсс","Стойкая крем-краска для волос Сьёсс Олео Интенс профессиональная 7-10 Натуральный светло-русый без аммиака",329,549
"1000139058","Сьёсс","Жидкость для укладки волос Сьёсс Big Sexy Volume 150мл",549,0
"1000081457","Сьёсс","Стойкая крем-краска для волос Сьёсс Олео Интенсивная профессиональная 6-76 Мерцающий медный без аммиака",329,549
"1106100253","Сьёсс","Стойкая крем-краска для волос Сьёсс Color профессиональная 8-7 Карамельный блонд",379,449
"8000011919","Сьёсс","Шампунь для волос Сьёсс Volume для тонких лишенных объема женский 750мл",489,699
"1000547486","Сьёсс","Маска для волос Сьёсс Color для окрашенных и мелированных волос женская 250мл",345,499
"1000091365","Сьёсс","Шампунь для волос Сьёсс Men Power для нормальных волос мужской 450мл",289,549
"1000547485","Сьёсс","Маска для волос Сьёсс Repair для сухих и поврежденных волос женская 250мл",345,499
"1000425952","Сьёсс","Сухой шампунь для волос Сьёсс Pure Fresh для жирной кожи головы 200мл",399,699
"1000081450","Сьёсс","Стойкая крем-краска для волос Сьёсс Олео Интенс профессиональная 9-10 Яркий блонд без аммиака",329,549
"1000520404","Фа","Сердце для ванн Fabrik Cosmetology бурлящее Ягодное смузи 110г",96,129
"1000304150","Фа","Гель для душа Энергия Полинезии Свежесть грозы Фа Men 750мл",304,549
"1006100009","Фа","Гель для душа Фа Men Охлаждение Экстрим мужской 250мл",178,249
"1000391631","Фа","Шарик для ванны Fabrik Cosmetology Бурлящий 120г в ассортименте",72,0
"1000505778","Фа","Крем-гель для душа женский Фа Йогурт Алое Вера 450мл",169,349
"1000281971","Фа","Дезодорант женский Фа Ночи Ипанемы маракуйя и жасмин роликовый 50мл",159,219
"1000481404","Фа","Шарик бурлящий для ванны Fabrik Cosmetology шиммер Микс 120г в ассортименте",99,0
"8000057646","Фа","Антиперспирант-стик Фа Пудровая защита 40мл",249,349
"1000237793","Фа","Крем-гель для душа женский Фа Бали Delight 250мл",179,219
"1056100008","Фа","Дезодорант-антиперспирант Фа Прозрачная защита спрей женский 150мл",179,219
"1000239478","Фа","Дезодорант женский Фа Ритмы острова Бали Delight роликовый 50мл",159,219
"1000281973","Фа","Дезодорант мужской Фа Men Ночи Ипанемы роликовый 50мл",189,249
"1000520400","Фа","Сердце для ванн Fabrik Cosmetology бурлящее Черничный смузи 110г",114,0
"2400002402","Фа","Крем-гель для душа Фа Ванильный йогурт женский 250мл",179,219
"8000057647","Фа","Антиперспирант-стик Невидимая защита Фа 40мл",249,349
"1000481405","Фа","Таблетка бурлящая для ванны Fabrik Cosmetology микс в ассортименте",99,0
"1000237794","Фа","Дезодорант женский Фа Ритмы острова Бали Delight 150мл",153,219
"1000093905","Фа","Гель для душа мужской Фа Men Сила притяжения 250мл",165,249
"8000026872","Фа","Крем-мыло миндальное молочко Fax 4шт*70г",179,209
"1000505780","Фа","Крем-гель для душа женский Фа Ванильный йогурт 450мл",229,299
"1000551925","Фа","Гель для душа Фа Гавайи Fun женский 450мл",229,299
"1000060374","Фа","Крем-гель для душа женский Фа Алоэ Вера Йогурт 750мл",264,499
"1000302781","Фа","Гель для душа мужской Фа Men Энергия Полинезии Свежесть грозы 250мл",178,249
"8000057645","Фа","Антиперспирант-стик Фа Men Невидимая защита 50мл",249,399
"1000440233","Фа","Дезодорант-антиперспирант Фа Men Красный кедр роликовый мужской 50мл",189,249
"1056100006","Фа","Дезодорант-антиперспирант Фа Прозрачная защита роликовый женский 50мл",159,219
"1000429129","Фа","Крем-гель для душа женский Фа Cream & Oil Магнолия 250мл",179,219
"1000389516","Фа","Гель после бритья Comme Il Faut экстракт ромашка зверобой 39г",79,0
"8000057644","Фа","Антиперспирант-стик Фа Men Заряд энергии Sport 50мл",249,399
"8000026873","Фа","Крем-мыло авокадо Fax 4шт*70г",179,209
"1000049954","Фа","Дезодорант-антиперспирант мужской Фа Men Sport Взрыв энергии 150мл",188,249
"1000553914","Фа","Гель для душа 3в1 Морские минералы Aura Family Men 1л",242,349
"1000516057","Фа","Гель для душа Fabrik Cosmetology Mistero парфюмированный 520мл",262,379
"1000083106","Фа","Дезодорант-антиперспирант мужской Фа Men Прозрачная защита 150мл",172,249
"1000264924","Фа","Дезодорант и спрей для тела мужской Фа Men Энергия ночи 150мл",188,249
"1000516057","Фа","Гель для душа Fabrik Cosmetology Mistero парфюмированный 520мл",262,379
"1000083106","Фа","Дезодорант-антиперспирант мужской Фа Men Прозрачная защита 150мл",172,249
"1000264924","Фа","Дезодорант и спрей для тела мужской Фа Men Энергия ночи 150мл",188,249
"1056100064","Фа","Дезодорант Фа Натуральная свежесть аромат белого чая спрей 150мл",179,219
"1000055150","Фа","Гель для душа Фа Натуральная свежесть Белый чай и бамбук женский 750мл в ассортименте",304,499
"8000036644","Фа","Крем-гель для душа Фа Алоэ вера йогурт 250мл",229,0
"1000281086","Фа","Жидкое мыло Aura Family с соком алоэ 1л",189,249
"1000516058","Фа","Гель для душа Fabrik Cosmetology Sentimenti парфюмированный 520мл",176,379
"1000449915","Фа","Дезодорант и спрей для тела мужской Фа Men Сила притяжения 150мл",172,249
"1000198944","Фа","Гель для душа мужской Фа Men Спорт 750мл",273,549
"1000520220","Фа","Гель для душа Фа Men Охлаждение Экстрим мужской 450мл",328,399
"1000332232","Черный Жемчуг","Питательная пенка-мусс для умывания с коллагеном Черный жемчуг 150мл",215,399
"1000389096","Черный Жемчуг","Крем-эксперт для кожи вокруг глаз Liftactivator 46+ Черный жемчуг 15мл",342,499
"1000165531","Черный Жемчуг","Освежающий гель для умывания лица Очищение + уход Черный жемчуг 120мл",239,349
"1000165532","Черный Жемчуг","Крем-гель для умывания лица с коллагеном Черный жемчуг 120мл",232,319
"1000242435","Черный Жемчуг","Отшелушивающий скраб для лица от черных точек с гиалуроном Черный жемчуг 80мл",249,319
"1000153484","Черный Жемчуг","Очищающее био-масло для умывания лица Черный жемчуг 160мл",266,399
"1000247434","Черный Жемчуг","Тканевая маска-сыворотка для лица Mezocare Гиалурон+ Черный жемчуг 17.1г",129,179
"1000484869","Черный Жемчуг","Дневной крем для лица SPF30 для зрелой кожи Черный жемчуг 48мл",529,749
"1000247433","Черный Жемчуг","Тканевая маска для лица Питание с коллагеном Черный жемчуг 17.1г",129,179
"1000332229","Черный Жемчуг","Ночной крем для лица питательный с коллагеном 25+ Черный жемчуг 46мл",339,449
"1000389095","Черный Жемчуг","Крем-скульптор для лица и шеи Liftactivator с коллагеном Черный жемчуг 50мл",529,749
"1000153482","Черный Жемчуг","Очищающая пенка-мусс для умывания с 7 био-активными маслами Черный жемчуг 150мл",249,399
"8000054236","Черный Жемчуг","Дневной крем для лица и век 70+ Черный жемчуг 50мл",389,649
"1121692032","Черный Жемчуг","Дневной крем для лица Сияние и энергия антивозрастной 36+ Черный жемчуг 50мл",339,449
"1000476993","Черный Жемчуг","Восстанавливающая сыворотка-бустер для лица с коллагеном Черный жемчуг 30мл",400,549
"1000332230","Черный Жемчуг","Дневной крем для лица питательный с коллагеном 25+ Черный жемчуг 46мл",339,449
"1000555510","Черный Жемчуг","Мультикрем для лица и век легкая текстура Черный жемчуг 40мл",239,299
"8000054235","Черный Жемчуг","Ночная крем-маска для лица 70+ Черный жемчуг 50мл",389,649
"1000484614","Черный Жемчуг","Освежающий тоник для всех типов кожи очищение + уход Черный жемчуг 750мл",559,749
"1000515202","Черный Жемчуг","Отшелушивающий лосьон-тоник для лица Черный жемчуг 190мл",367,499
"1000165533","Черный Жемчуг","Очищающая пенка-мусс для умывания лица 2в1 Черный жемчуг 150мл",249,399
"1000556912","Черный Жемчуг","Антивозрастной мультистик для век и губ увлажняющий Черный жемчуг 12мл",349,449
"1000008229","Черный Жемчуг","Скраб для тела Идеальная кожа Черный жемчуг 200мл",369,449
"1000389099","Черный Жемчуг","Ночная крем-маска для лица Liftactivator лифтинг-эффект Черный жемчуг 48мл",529,749
"1000165534","Черный Жемчуг","Освежающий тоник для лица Очищение+уход с гиалуроном Черный жемчуг 200мл",289,399
"1000476994","Черный Жемчуг","Увлажняющая сыворотка-бустер для лица с гиалуроновой кислотой Черный жемчуг 30мл",389,549
"1000069439","Черный Жемчуг","Антивозрастная крем-сыворотка для кожи вокруг глаз 46+ Черный жемчуг 17мл",339,449
"1000270447","Черный Жемчуг","Ночной крем для лица Экстремальное увлажнение Черный жемчуг 50мл",339,449
"1000553104","Черный Жемчуг","Мультифункциональная сыворотка-мист для лица с коллагеном Черный жемчуг 115мл",379,449
"1000497337","Черный Жемчуг","СС-крем для лица с витамином С SPF25 Черный жемчуг 40мл",439,599
"1121692059","Черный Жемчуг","Дневной крем для лица с ретинолом антивозрастной 56+ Черный жемчуг 50мл",339,449
"8000034969","Черный Жемчуг","Набор Антивозрастной крем и маска-пилинг для лица с кислотами Черный жемчуг 50мл",529,699
"1000389098","Черный Жемчуг","Дневной крем-филлер для лица Liftactivator выравнивающий Черный жемчуг 48мл",529,749
"1000149482","Черный Жемчуг","Мицеллярная вода для снятия макияжа с глаз и лица Черный жемчуг 250мл",209,349
"1000069440","Черный Жемчуг","Антивозрастная крем-сыворотка для кожи вокруг глаз 56+ Черный жемчуг 17мл",316,449
"1000556225","Черный Жемчуг","Выравнивающая пилинг-скатка для лица Черный жемчуг 120мл",388,499
"1000149482","Черный Жемчуг","Мицеллярная вода для снятия макияжа с глаз и лица Черный жемчуг 250мл",209,349
"1000069440","Черный Жемчуг","Антивозрастная крем-сыворотка для кожи вокруг глаз 56+ Черный жемчуг 17мл",316,449
"1000556225","Черный Жемчуг","Выравнивающая пилинг-скатка для лица Черный жемчуг 120мл",388,499
"1000270449","Черный Жемчуг","Дневной крем для лица Экстремальное увлажнение Черный жемчуг 50мл",339,449
"1000124457","Черный Жемчуг","Дневной крем для лица Ретинол+ Экстра-восстановление 60+ Черный жемчуг 50мл",259,449
"1121692028","Черный Жемчуг","Дневной крем лифтинг для лица антивозрастной 46+ Черный жемчуг 50мл",339,449
"1000497338","Черный Жемчуг","Дневной крем для лица для молодой кожи SPF30 Черный жемчуг 48мл",556,749
"1000509302","Черный Жемчуг","Ночной крем для лица антивозрастной 60+ Черный жемчуг 50мл",339,449
"1000429137","Черный Жемчуг","Антивозрастной мультикрем для лица и век увлажняющий Черный жемчуг 46мл",339,449
"1000165535","Черный Жемчуг","Очищающий тоник для лица для сухой и чувствительной кожи Черный жемчуг 200мл",289,399
"1000551848","Черный Жемчуг","Укрепляющая сыворотка-бустер для лица для всех типов кожи Черный жемчуг 30мл",404,469
"1000551845","Черный Жемчуг","Омолаживающая сыворотка-бустер для лица для всех типов кожи Черный жемчуг 30мл",404,469
"1000515203","Черный Жемчуг","Обновляющая пилинг-маска для лица Черный жемчуг 48мл",529,749
"1121692029","Черный Жемчуг","Ночной крем лифтинг для лица с ретинолом антивозрастной 46+ Черный жемчуг 50мл",339,449
"8000029009","Черный Жемчуг","Универсальный крем для лица тела и рук Черный жемчуг 150мл",312,349
"8000034970","Черный Жемчуг","Подарочный набор Крем с SPF для лица и маска-пилинг Черный жемчуг 50мл",529,699
"1000551846","Чистая Линия","Пилинг для лица Чистая Линия бережный 3в1 50мл",129,0
"1000112834","Чистая Линия","Мягкий cкраб для лица Чистая линия 50мл",150,0
"1000282600","Чистая Линия","Березовое жидкое мыло для всей семьи Чистая линия 500мл",139,189
"1000479957","Чистая Линия","Косметическое мыло Чистая линия Алоэ 75г",64,84
"1000300630","Чистая Линия","Крем-масло для рук Комплексный уход с маслом облепихи Чистая линия 75мл",93,109
"8000029511","Чистая Линия","Крем-комфорт для лица для всех типов кожи Чистая линия 40мл",139,0
"1109990056","Чистая Линия","Шампунь для волос Шелковый блеск клевер Чистая линия 400мл",187,239
"1121692054","Чистая Линия","Ночной крем для лица Питательный для комбинированной кожи Чистая линия 40мл",104,129
"1121692024","Чистая Линия","Молочко для снятия макияжа Брусника Чистая линия 100мл",128,169
"8000033029","Чистая Линия","Мицеллярный шампунь-бальзам для всех типов волос 2в1 Чистая линия 1л",512,0
"1000247421","Чистая Линия","Маска для лица Увлажнение фитококтейль Чистая линия 19.7г",86,129
"1000370563","Чистая Линия","Гель-масло для умывания Natura Organic с маслом ши Чистая линия 115мл",199,249
"1101690067","Чистая Линия","Регулирующий шампунь для волос Чистая линия календула-шалфей 400мл",162,239
"1000046349","Чистая Линия","Крем-уход для рук Нежное питание Чистая линия 75мл",93,109
"1000001253","Чистая Линия","Лосьон-тоник для лица с экстрактом василька Чистая линия 100мл",142,169
"1000457531","Чистая Линия","Тканевая маска для лица для всех типов кожи Чистая линия",86,129
"1051690031","Чистая Линия","Дневной крем для лица для сухой кожи Чистая линия 40мл",104,129
"1000439439","Чистая Линия","Гель-крем для лица для всех типов кожи Чистая линия 40мл",104,129
"1000079223","Чистая Линия","Ночной крем для лица Таволга и калина 60+ Чистая линия 45мл",238,299
"1000093729","Чистая Линия","Гель для умывания глубокого действия Идеальная кожа Чистая линия 100мл",129,179
"8000033407","Чистая Линия","Тканевая маска для лица Восстановление и увлажнение Чистая линия",95,129
"1000163465","Чистая Линия","Гель+скраб+маска 5в1 Идеальная кожа Чистая линия 120мл",225,249
"1000242439","Чистая Линия","Гель для умывания Идеальная кожа Чистая линия 160мл",182,249
"1000317854","Чистая Линия","Тканевая маска для лица Идеальная кожа вулканическая Чистая линия",86,129
"1000054915","Чистая Линия","Крем-уход для рук Интенсивное увлажнение Чистая линия 75мл",93,109
"1121692025","Чистая Линия","Пенка для умывания Свежесть и увлажнение Чистая линия 100мл",139,169
"1000461608","Чистая Линия","Бальзам для волос объем и сила пшеница Чистая линия 380мл",167,239
"1000439131","Чистая Линия","Гель-пенка для умывания Чистая Линия для всех типов кожи 160мл",248,0
"1000476990","Чистая Линия","Гель-мультиуход для лица 3в1 для комбинированной кожи Чистая линия 100мл",244,299
"1000166569","Чистая Линия","Фитобальзам повышающий упругость тела Чистая линия 200мл",229,0
"8000029509","Чистая Линия","Крем-гель для век для чувствительной кожи Чистая линия 20мл",199,0
"1000005076","Чистая Линия","Молочко для тела Двойное увлажнение Чистая линия 250мл",211,249
"1000457532","Чистая Линия","Крем-бустер для лица Чистая линия 45мл",229,299
"1000241312","Чистая Линия","Молочко для тела Интенсивное питание Чистая линия 200мл",229,0
"8000033038","Чистая Линия","Мужской шампунь для волос 3в1 Энергия+чистота Чистая линия 1л",348,499
"1000457532","Чистая Линия","Крем-бустер для лица Чистая линия 45мл",229,299
"1000241312","Чистая Линия","Молочко для тела Интенсивное питание Чистая линия 200мл",229,0
"8000033038","Чистая Линия","Мужской шампунь для волос 3в1 Энергия+чистота Чистая линия 1л",348,499
"8000029510","Чистая Линия","Мицеллярная вода для сухой и чувствительной кожи Чистая линия 400мл",379,0
"1000461606","Чистая Линия","Восстанавливающий бальзам для волос ромашка Чистая линия 380мл",161,239
"1000300633","Чистая Линия","Универсальный крем для рук лица и тела Чистая линия 200мл",211,249
"1109990067","Чистая Линия","Шампунь для волос 2в1 Целебные травы Чистая линия 400мл",187,239
"1000093730","Чистая Линия","Аква-крем для лица Идеальная кожа Мгновенная матовость Чистая линия 50мл",215,0
"1000149483","Чистая Линия","Мицеллярная вода 3в1 Чистая линия 100мл",128,189
"1121692053","Чистая Линия","Дневной крем для лица для комбинированной кожи Чистая линия 40мл",92,129
"1000107438","Чистая Линия","Крем-уход для ног Интенсивное питание Чистая линия 75мл",139,189
"1000556226","Чистая Линия","Омолаживающий крем для лица и век Чистая линия 40мл",121,0
"1000241682","Чистая Линия","Мицеллярный шампунь-бальзам для частого мытья волос 2в1 Хлопковое молочко Чистая линия 400мл",167,239
"1000457318","Чистая Линия","Очищающая маска для лица Идеальная кожа Чистая линия",139,0
"8000033039","Чистая Линия","Бальзам-ополаскиватель для всех типов волос с экстрактом крапивы Чистая линия 730мл",369,0
"1121692052","Чистая Линия","Шампунь для волос Фитотерапия Ромашка и репейное масло Чистая линия 400мл",187,239
"1000476991","Чистая Линия","Гель для умывания 3в1 с гиалуроном для комбинированной кожи Чистая линия 200мл",239,0
"1000222378","Чистая Линия","Мицеллярный бальзам-ополаскиватель для волос Экспертный уход Сила 5 трав Чистая линия 380мл",167,239
"1000079224","Чистая Линия","Дневной крем для лица Таволга и калина 60+ Чистая линия 45мл",238,299
"1000247436","Чистая Линия","Маска для лица Преображение фитококтейль Чистая линия 25г",86,129
"1000027662","Чистая Линия","Крем для лица и тела питание и увлажнение Чистая линия 50мл",139,0
"1100000014","Чистая Линия","Укрепляющий шампунь для всех типов волос Сила и густота Чистая линия 400мл",159,239
"1000551847","Чистая Линия","ВВ-крем Чистая Линия 10в1 Идеальная кожа 40мл",272,349
"1000121795","Чистая Линия","Лак для волос Объем от корней Чистая линия 200мл",299,0
"1000121794","Чистая Линия","Пена для укладки волос Фито объем от корней Чистая линия 150мл",299,0
"1000355404","Чистая Линия","Гель-пенка для умывания 2в1 Очищение Чистая линия Natura 160мл",225,249
"1000242432","Чистая Линия","Крем-гель для лица для нормальной и комбинированной кожи Идеальная кожа Чистая линия 45мл",238,299
"1000185612","Чистая Линия","Гель-свежесть для ног Снятие усталости Чистая линия 75мл",175,0
"1000184050","Чистая Линия","Шампунь для всех типов волос Сила 5 трав Чистая линия 400мл",187,239
"1000212457","Чистая Линия","Мицеллярная вода для всех типов кожи 3в1 Чистая линия 400мл",399,0
"1121692055","Чистая Линия","Ночной крем для лица для сухой кожи Интенсивный Чистая линия 40мл",104,129
"8000033043","Чистая Линия","Маска-сыворотка для волос сила и густота крапива Чистая линия 400мл",268,399
"1000355405","Чистая Линия","Мицеллярная вода для лица глаз губ Natura Алоэ вера Чистая линия 400мл",259,399
"1000553103","Чистая Линия","Криогель для лица Утро без отеков Чистая линия Pure Line 45мл",449,0
"1101690066","Чистая Линия","Шампунь для тонких и ослабленных волос Объем и сила Чистая линия 400мл",159,239
"1000483257","Чистая Линия","Гель-флюид для умывания Витамин С и аргинин Чистая линия Pure Line 185мл",249,349
"1000553103","Чистая Линия","Криогель для лица Утро без отеков Чистая линия Pure Line 45мл",449,0
"1101690066","Чистая Линия","Шампунь для тонких и ослабленных волос Объем и сила Чистая линия 400мл",159,239
"1000483257","Чистая Линия","Гель-флюид для умывания Витамин С и аргинин Чистая линия Pure Line 185мл",249,349
"1000408654","Чистая Линия","Укрепляющий бальзам-ополаскиватель для волос крапива Чистая линия 380мл",187,239
"1000319916","Чистая Линия","Шампунь кондиционер и гель для душа 3в1 Чистая линия For Men 400мл",159,209
"1000483258","Чистая Линия","Тонер для лица Гиалуроновая кислота и витамин С Чистая линия Pure Line 190мл",271,349
"8000033035","Чистая Линия","Шампунь для поврежденных волос Восстановление с репейным маслом Чистая линия 400мл",251,0
"8000033044","Чистая Линия","Укрепляющий шампунь для всех типов волос Чистая линия 1л",348,499
"1000483263","Чистая Линия","Флюид-сыворотка для лица D-пантенол и гиалурон Чистая линия Pure Line 30мл",308,449
