magnitName,magnitPrice,ulybkaName,ulybkaPrice,matchPercent
"Прокладки ежедневные Always Everyday Незаметная защита экстраудлиненные 18шт",254.0,"Ежедневные прокладки Always Незаметная защита Экстраудлиненные 18шт",299.0,100
"Прокладки ежедневные Always Everyday удлиненные 16шт",178.0,"Ежедневные прокладки Always Незаметная защита удлиненные 16шт",199.0,83
"Прокладки ежедневные Always Everyday удлиненные 16шт",178.0,"Ежедневные прокладки Always Незаметная защита удлиненные 16шт",199.0,83
"Тушь для ресниц Art-Visage Chicago объемная коричневая",396.0,"Тушь для ресниц Art-Visage Chicago объёмная коричневая 15мл",449.0,100
"Подводка-фломастер для глаз Черная Art-Visage Chicago",374.0,"Подводка - фломастер для век Art-Visage Chicago Черная 0,7мл",429.0,87
"Основа под макияж Art-Visage Skin Primer выравнивающая",233.0,"Основа Art-Visage под макияж выравнивающая ' Skin Primer ' 13мл",269.0,100
"Гель для бровей ультра фиксация Art-Visage Ultimate Fix",263.0,"Ультрафиксирующий гель для бровей Art-Visage Ultimate Fix",369.0,87
"Гель для бровей и ресниц Art-Visage средней фиксации",237.0,"Гель для бровей и ресниц Art-Visage 5мл",229.0,87
"Тушь для ресниц Art-Visage Panoramic",400.0,"Тушь для ресниц Art-Visage Chicago Черная 15мл",449.0,83
"Тушь для ресниц Art-Visage Panoramic",400.0,"Тушь для ресниц Art-Visage Chicago объёмная коричневая 15мл",449.0,83
"Тушь для ресниц Art-Visage Panoramic",400.0,"Тушь для ресниц Art-Visage Panoramic объём , удлинение и разделение 9мл",455.0,100
"Тушь для ресниц Art-Visage Panoramic",400.0,"Тушь для ресниц Art-Visage Chicago Ultramarine 15мл",449.0,83
"Тушь для ресниц Art-Visage Panoramic",400.0,"Тушь для ресниц Art-Visage Chicago Emerald 15мл",449.0,83
"Тушь для ресниц Art-Visage Panoramic",400.0,"Тушь для ресниц Art-Visage Chicago Slim Черная 7мл",449.0,83
"Тушь для ресниц Art-Visage Panoramic",400.0,"Тушь для ресниц активатор роста Art-Visage Chicago Черная 15мл",449.0,83
"Блеск для губ Avenue тон 501 Glass Art-Visage",268.0,"Блеск для губ Art-Visage Avenue 501 Glass 3,3мл",269.0,88
"Гель для бровей и ресниц Art-Visage оттенок шатен",236.0,"Гель для бровей и ресниц Art-Visage 5мл",229.0,87
"Блеск для губ Avenue тон 502 Iconic Art-Visage",268.0,"Блеск для губ Art-Visage Avenue 502 Iconic 3,3мл",269.0,88
"Блеск для губ Avenue тон 512 Sangria Art-Visage",268.0,"Блеск для губ Art-Visage Avenue 512 Sangria 3,3мл",269.0,88
"Блеск для губ Avenue тон 508 Praline Art-Visage",268.0,"Блеск для губ Art-Visage Avenue 508 Praline 3,3мл",269.0,88
"Блеск для губ Avenue тон 506 Nectar Art-Visage",268.0,"Блеск для губ Art-Visage Avenue 506 Nectar 3,3мл",269.0,88
"Блеск для губ Avenue тон 508 Praline Art-Visage",268.0,"Блеск для губ Art-Visage Avenue 508 Praline 3,3мл",269.0,88
"Блеск для губ Avenue тон 506 Nectar Art-Visage",268.0,"Блеск для губ Art-Visage Avenue 506 Nectar 3,3мл",269.0,88
"Блеск для губ Avenue тон 503 Candy Rose Art-Visage",268.0,"Блеск для губ Art-Visage Avenue 503 Candy rose 3,3мл",269.0,90
"Блеск для губ Avenue тон 507 Sandy Art-Visage",268.0,"Блеск для губ Art-Visage Avenue 507 Sandy 3,3мл",269.0,88
"Гель для бровей и ресниц Art-Visage оттенок брюнет",236.0,"Гель для бровей и ресниц Art-Visage 5мл",229.0,87
"Блеск для губ Avenue тон 510 Lilac Nude Art-Visage",268.0,"Блеск для губ Art-Visage Avenue 510 Lilac nude 3,3мл",269.0,90
"Блеск для губ Avenue тон 504 Prosseco Art-Visage",268.0,"Блеск для губ Art-Visage Avenue 504 Prosseco 3,3мл",269.0,88
"Блеск для губ тон 02 Merry-Go-Round Beauty Bomb",448.0,"Блеск для губ Beauty Bomb Land Merry-go-round 02 5г",499.0,90
"Блеск для губ тон 03 Merry-Go-Round Beauty Bomb",445.0,"Блеск для губ Beauty Bomb Land Merry-go-round 03 5мл",499.0,90
"Блеск для губ  тон 01 Merry-Go-Round Beauty Bomb",448.0,"Блеск для губ Beauty Bomb Land Merry-go-round 01 5г",499.0,90
"Палетка теней для век двойная тон 04 Beauty Bomb",493.0,"Палетка теней для век двойная Beauty Bomb Double Eyeshadow 04 3,4г",499.0,88
"Палетка теней для век двойная тон 03 Beauty Bomb",499.0,"Палетка теней для век двойная Beauty Bomb Double Eyeshadow 03 3,4г",499.0,88
"Палетка теней для век двойная тон 01 Beauty Bomb",499.0,"Палетка теней для век двойная Beauty Bomb Double Eyeshadow 01 3,4г",499.0,88
"Палетка теней для век двойная тон 01 Beauty Bomb",499.0,"Палетка теней для век двойная Beauty Bomb Double Eyeshadow 01 3,4г",499.0,88
"Тушь для ресниц удлиняющая тон 01 Beauty Bomb Piercy Drama Volume Mascara",451.0,"Объёмная тушь для ресниц Beauty Bomb Piercy Drama Volume Mascara 01 9мл",451.0,83
"Палетка для контуринга Beauty Bomb тон 02",554.0,"Палетка для контуринга лица Beauty Bomb Countouring Queen 02 8г",559.0,85
"Карандаш для бровей Beauty Bomb автоматический тон 03",382.0,"Автоматический карандаш для бровей Beauty Bomb Pop 03 1г",389.0,87
"Объемная тушь для ресниц тон 01 Beauty Bomb Piercy",451.0,"Объёмная тушь для ресниц Beauty Bomb Piercy Drama Volume Mascara 01 9мл",451.0,88
"Помада-бальзам Beauty Bomb для губ тон 06",315.0,"Помада - бальзам для губ Beauty Bomb Color lip balm 06 4г",323.0,87
"Карандаш для губ Beauty Bomb Alt Lolita тон 09",278.0,"Карандаш для губ Beauty Bomb Alt Lolita 09 3,5г",277.0,88
"Тушь для ресниц Kitty Eye Lash Beauty Bomb",450.0,"Тушь для ресниц Beauty Bomb Kitty Eye Lash 01 9мл",449.0,100
"Блеск для губ Beauty Bomb Glossy Bossy тон 03",298.0,"Блеск для губ Beauty Bomb Glossy Bossy 03 12мл",335.0,88
"Тушь для ресниц Brown Power Beauty Bomb",450.0,"Тушь для ресниц Beauty Bomb Brown Power 01 9мл",449.0,100
"Карандаш для губ Beauty Bomb Alt Lolita тон 03",278.0,"Карандаш для губ Beauty Bomb Alt Lolita 03 3,5г",277.0,88
"Глянцевый бальзам для губ Holy Duck тон 05 Beauty Bomb",402.0,"Глянцевый бальзам для губ Beauty Bomb Holy Duck 05 2г",403.0,90
"Помада-бальзам Beauty Bomb для губ тон 05",321.0,"Помада - бальзам для губ Beauty Bomb Color lip balm 05 4г",323.0,87
"Глянцевый бальзам для губ Holy Duck тон 01 Beauty Bomb",402.0,"Глянцевый бальзам для губ Beauty Bomb Holy Duck 01 2г",403.0,90
"Увлажняющий тональный крем для лица тон 01 Waterbomb Beauty Bomb",627.0,"Увлажняющий тональный крем для лица Beauty Bomb Waterbomb 01 25мл",699.0,90
"Тушь для ресниц Volume Star Beauty Bomb",450.0,"Тушь для ресниц Beauty Bomb Volume Star 01 9мл",449.0,100
"Тушь для ресниц Volume Star Beauty Bomb",450.0,"Объёмная тушь для ресниц Beauty Bomb Piercy Drama Volume Mascara 01 9мл",451.0,85
"Карандаш для губ Beauty Bomb Alt Lolita тон 10",278.0,"Карандаш для губ Beauty Bomb Alt Lolita 10 3,5г",277.0,88
"Бальзам для губ Beauty Bomb тон 02",353.0,"Помада - бальзам для губ Beauty Bomb Color lip balm 02 4г",323.0,85
"Бальзам для губ Beauty Bomb тон 02",353.0,"Бальзам для губ Beauty Bomb Bla-bla-balm 02 3,5г",249.0,85
"Влагостойкая тушь для ресниц Watertastic Beauty Bomb",450.0,"Влагостойкая тушь для ресниц Beauty Bomb Waterlastic 01 9мл",449.0,85
"Глянцевый бальзам для губ Holy Duck тон 03 Beauty Bomb",402.0,"Глянцевый бальзам для губ Beauty Bomb Holy Duck 03 2г",403.0,90
"Глянцевый бальзам для губ Holy Duck тон 03 Beauty Bomb",402.0,"Глянцевый бальзам для губ Beauty Bomb Holy Duck 03 2г",403.0,90
"Палетка теней для век двойная тон 02 Beauty Bomb",499.0,"Палетка теней для век двойная Beauty Bomb Double Eyeshadow 02 3,4г",499.0,88
"Бальзам для губ Beauty Bomb тон 01",368.0,"Помада - бальзам для губ Beauty Bomb Color lip balm 01 4г",323.0,85
"Бальзам для губ Beauty Bomb тон 01",368.0,"Бальзам для губ Beauty Bomb Bla-bla-balm 01 3,5г",249.0,85
"Бальзам для губ Beauty Bomb тон 01",368.0,"Глянцевый бальзам для губ Beauty Bomb Holy Duck 01 2г",403.0,85
"Матовая помада для губ жидкая тон 04 Beauty Bomb",565.0,"Жидкая матовая помада для губ Beauty Bomb Only Matte 04 3,3мл",565.0,88
"Глянцевый бальзам для губ Holy Duck тон 04 Beauty Bomb",402.0,"Глянцевый бальзам для губ Beauty Bomb Holy Duck 04 2г",403.0,90
"Бальзам для губ Beauty Bomb тон 04",353.0,"Бальзам для губ Beauty Bomb Tinted Lip Balm 04 3г",459.0,85
"Бальзам для губ Beauty Bomb тон 04",353.0,"Глянцевый бальзам для губ Beauty Bomb Holy Duck 04 2г",403.0,85
"Карандаш для губ Beauty Bomb Alt Lolita тон 02",268.0,"Карандаш для губ Beauty Bomb Alt Lolita 02 3,5г",277.0,88
"Помада-бальзам Beauty Bomb для губ тон 01",321.0,"Помада - бальзам для губ Beauty Bomb Color lip balm 01 4г",323.0,87
"Помада-бальзам Beauty Bomb для губ тон 02",321.0,"Помада - бальзам для губ Beauty Bomb Color lip balm 02 4г",323.0,87
"Помада-бальзам Beauty Bomb для губ тон 03",321.0,"Помада - бальзам для губ Beauty Bomb Color lip balm 03 4г",323.0,87
"Бальзам для губ Beauty Bomb тон 02",206.0,"Помада - бальзам для губ Beauty Bomb Color lip balm 02 4г",323.0,85
"Бальзам для губ Beauty Bomb тон 02",206.0,"Бальзам для губ Beauty Bomb Bla-bla-balm 02 3,5г",249.0,85
"Тональный крем Beauty Bomb Acne Fighter тон 03",339.0,"Тональный крем для лица Beauty Bomb Matte & cover foundation ACNE Fighter 03 25мл",649.0,87
"Мыло для бровей Beauty Bomb Beach Brows 10г",414.0,"Мыло для бровей Beauty Bomb Beach Brows 10г",415.0,100
"Бальзам для губ Beauty Bomb Bla-bla-balm тон 01",173.0,"Бальзам для губ Beauty Bomb Bla-bla-balm 01 3,5г",249.0,88
"Бальзам для губ Beauty Bomb Bla-bla-balm тон 02",173.0,"Бальзам для губ Beauty Bomb Bla-bla-balm 02 3,5г",249.0,88
"Бальзам для губ Beauty Bomb Bla-bla-balm тон 03",173.0,"Бальзам для губ Beauty Bomb Bla-bla-balm 03 3,5г",249.0,88
"Бальзам для губ Beauty Bomb Bla-bla-balm тон 03",173.0,"Бальзам для губ Beauty Bomb Bla-bla-balm 03 3,5г",249.0,88
"Карандаш для губ Beauty Bomb Alt Lolita тон 01",278.0,"Карандаш для губ Beauty Bomb Alt Lolita 01 3,5г",277.0,88
"Карандаш для губ Beauty Bomb Alt Lolita тон 06",278.0,"Карандаш для губ Beauty Bomb Alt Lolita 06 3,5г",277.0,88
"Карандаш для губ Beauty Bomb Alt Lolita тон 08",278.0,"Карандаш для губ Beauty Bomb Alt Lolita 08 3,5г",277.0,88
"Тинт для губ Blood Shot тон 01 Beauty Bomb",307.0,"Тинт для губ Beauty Bomb Blood Shot 01 4мл",307.0,88
"Тинт для губ Blood Shot тон 02 Beauty Bomb",307.0,"Тинт для губ Beauty Bomb Blood Shot 02 4мл",307.0,88
"Матовая помада для губ жидкая тон 02 Beauty Bomb",565.0,"Жидкая матовая помада для губ Beauty Bomb Only Matte 02 3,3мл",565.0,88
"Матовая помада для губ жидкая тон 03 Beauty Bomb",565.0,"Жидкая матовая помада для губ Beauty Bomb Only Matte 03 3,3мл",565.0,88
"Матовая помада для губ жидкая тон 06 Beauty Bomb",565.0,"Жидкая матовая помада для губ Beauty Bomb Only Matte 06 3,3мл",565.0,88
"Гелевый карандаш для глаз Laser Blade тон 02 Beauty Bomb",428.0,"Гелевый карандаш для век Beauty Bomb Laser Blade 02 1,1г",429.0,80
"Гелевый карандаш для глаз Laser Blade тон 05 Beauty Bomb",428.0,"Гелевый карандаш для век Beauty Bomb Laser Blade 05 1,1г",429.0,80
"Блеск для губ Lip Gloss Juicy тон 01 Beauty Bomb",456.0,"Блеск для губ Beauty Bomb Juicy gloss 01 3,4мл",459.0,80
"Блеск для губ Lip Gloss Juicy тон 02 Beauty Bomb",456.0,"Блеск для губ Beauty Bomb Juicy gloss 02 3,4мл",459.0,80
"Блеск для губ Lip Gloss Juicy тон 03 Beauty Bomb",456.0,"Блеск для губ Beauty Bomb Juicy gloss 03 3,4мл",459.0,80
"Масло для губ Glossy Oops тон 05 Beauty Bomb",327.0,"Масло для губ Beauty Bomb Glossy oops 05 4мл",329.0,88
"Дуохромный карандаш для глаз Conspiracy тон 03 Beauty Bomb Ufo",483.0,"Дуохромный карандаш для век Beauty Bomb UFO Conspiracy 03 0,25г",483.0,80
"Масло для губ Glossy Oops тон 02 Beauty Bomb",327.0,"Масло для губ Beauty Bomb Glossy oops 02 4мл",329.0,88
"Масло для губ Glossy Oops тон 01 Beauty Bomb",327.0,"Масло для губ Beauty Bomb Glossy oops 01 4мл",329.0,88
"Дуохромный карандаш для глаз Conspiracy тон 02 Beauty Bomb Ufo",483.0,"Дуохромный карандаш для век Beauty Bomb UFO Conspiracy 02 0,25г",483.0,80
"Гель для бровей Fix Bro Beauty Bomb",183.0,"Гель для бровей Beauty Bomb Fix, Bro 01 6мл",185.0,100
"Масло для губ Glossy Oops тон 03 Beauty Bomb",327.0,"Масло для губ Beauty Bomb Glossy oops 03 4мл",329.0,88
"Дуохромный карандаш для глаз Conspiracy тон 01 Beauty Bomb Ufo",483.0,"Дуохромный карандаш для век Beauty Bomb UFO Conspiracy 01 0,25г",483.0,80
"Масло для губ Glossy Oops тон 04 Beauty Bomb",327.0,"Масло для губ Beauty Bomb Glossy oops 04 4мл",329.0,88
"Масло для губ Glossy Oops тон 06 Beauty Bomb",327.0,"Масло для губ Beauty Bomb Glossy oops 06 4мл",329.0,88
"Тональный крем для лица Acne Fighter Shade тон 03 Beauty Bomb",339.0,"Тональный крем для лица Beauty Bomb Matte & cover foundation ACNE Fighter 03 25мл",649.0,81
"Тональный крем для лица Acne Fighter Shade тон 01 Beauty Bomb",393.0,"Тональный крем для лица Beauty Bomb Matte & cover foundation ACNE Fighter 01 25мл",649.0,81
"Зубная паста Colgate Total 12 Здоровье десен 75мл",194.0,"Зубная паста Colgate total Активная защита ' Профессиональная здоровье десен ' 75мл",189.0,87
"Зубная паста Colgate Total для чувствительных зубов Активная защита 100мл",221.0,"Зубная паста Colgate total Активная защита+ ' Профессиональная для чувствительных зубов ' 100мл",189.0,100
"Зубная паста Colgate Доктор Заяц детская 50мл",122.0,"Детская зубная паста Colgate Доктор заяц со вкусом клубники 2+ 50мл",119.0,100
"Зубная паста Colgate Доктор Заяц детская 50мл",122.0,"Детская зубная паста Colgate Доктор заяц со вкусом Бабл Гам 2+ 50мл",119.0,100
"Зубная паста Colgate Максимальная защита от кариеса Свежая мята 150мл",159.0,"Зубная паста Colgate Максимальная защита от кариеса ' свежая мята ' 100 мл",129.0,90
"Зубная щетка Colgate Классика здоровья средней жесткости в ассортименте",89.0,"Зубная щетка Colgate Классика здоровья средней жесткости",69.0,100
"Зубная щетка Colgate Зиг заг 2 + 1 Древесный уголь средней жесткости",209.0,"Зубная щетка Colgate 360° Древесный уголь средней жесткости",199.0,87
"Зубная паста Colgate Бережное отбеливание с фтором и кальцием 150мл",179.0,"Зубная паста Colgate ' Бережное Отбеливание ' 100мл",129.0,83
"Ополаскиватель Colgate Тройное действие 500мл",263.0,"Ополаскиватель для полости рта Colgate Plax ' Тройное действие ' 500мл",239.0,100
"Зубная щетка Colgate Cushion Clean мягкая в ассортименте",221.0,"Зубная щетка Colgate Cushion Clean мягкая 1+1 в подарок",289.0,87
"Зубная паста Colgate Лечебные травы отбеливающая 100мл",139.0,"Зубная паста Colgate ' лечебные травы ' 100мл",129.0,100
"Зубная паста Colgate Тройное действие Экстра отбеливание 100мл",139.0,"Зубная паста Colgate Тройное действие ' экстра отбеливание ' 100мл",129.0,100
"Зубная паста Colgate Тройное действие Экстра отбеливание 100мл",139.0,"Зубная паста Colgate ' Бережное Отбеливание ' 100мл",129.0,83
"Зубная паста Colgate Тройное действие Экстра отбеливание 100мл",139.0,"Зубная паста Colgate Тройное действие ( 100мл + 100мл ) 200мл",199.0,85
"Зубная паста Colgate Тройное действие 150мл",179.0,"Зубная паста Colgate Тройное действие ' Натуральная мята ' 100мл",129.0,83
"Зубная паста Colgate Тройное действие 150мл",179.0,"Зубная паста Colgate Тройное действие ' экстра отбеливание ' 100мл",129.0,83
"Зубная паста Colgate Тройное действие 150мл",179.0,"Зубная паста Colgate Тройное действие ' Натуральная мята ' 150мл",169.0,100
"Зубная паста Colgate Тройное действие 150мл",179.0,"Зубная паста Colgate Тройное действие ( 100мл + 100мл ) 200мл",199.0,83
"Зубная паста Colgate Макс Фреш Нежная мята 100мл",189.0,"Зубная паста Colgate Макс Фреш ' взрывная мята ' с освежающими кристаллами 100мл",199.0,87
"Зубная паста Colgate Макс Фреш Нежная мята 100мл",189.0,"Зубная паста Colgate Макс Фреш ' Нежная мята ' с освежающими кристаллами 100мл",199.0,100
"Зубная паста Colgate Максимальная защита от кариеса 100мл",141.0,"Зубная паста Colgate Максимальная защита от кариеса ' свежая мята ' 100 мл",129.0,87
"Зубная паста Colgate Бережное отбеливание 100мл",199.0,"Зубная паста Colgate Тройное действие ' экстра отбеливание ' 100мл",129.0,83
"Зубная паста Colgate Бережное отбеливание 100мл",199.0,"Зубная паста Colgate ' Бережное Отбеливание ' 100мл",129.0,100
"Зубная щетка Colgate Зиг Заг Древесный уголь средней жесткости в ассортименте",102.0,"Зубная щетка Colgate 360° Древесный уголь средней жесткости",199.0,87
"Зубная паста Colgate Тройное действие 100мл",139.0,"Зубная паста Colgate Тройное действие ' Натуральная мята ' 100мл",129.0,100
"Зубная паста Colgate Тройное действие 100мл",139.0,"Зубная паста Colgate Тройное действие ' экстра отбеливание ' 100мл",129.0,100
"Зубная паста Colgate Тройное действие 100мл",139.0,"Зубная паста Colgate Тройное действие ' Натуральная мята ' 150мл",169.0,83
"Зубная паста Colgate Тройное действие 100мл",139.0,"Зубная паста Colgate Тройное действие ( 100мл + 100мл ) 200мл",199.0,100
"Зубная щетка Colgate 360 древесный уголь средней жесткости в ассортименте",212.0,"Зубная щетка Colgate 360° Древесный уголь средней жесткости",199.0,100
"Зубная паста Colgate Total 12 Чистая мята 75мл",194.0,"Зубная паста Colgate total Активная защита ' чистая мята ' 75мл",189.0,87
"Зубная паста Colgate Тройное действие 100мл",139.0,"Зубная паста Colgate Тройное действие ' Натуральная мята ' 100мл",129.0,100
"Зубная паста Colgate Тройное действие 100мл",139.0,"Зубная паста Colgate Тройное действие ' экстра отбеливание ' 100мл",129.0,100
"Зубная паста Colgate Тройное действие 100мл",139.0,"Зубная паста Colgate Тройное действие ' Натуральная мята ' 150мл",169.0,83
"Зубная паста Colgate Тройное действие 100мл",139.0,"Зубная паста Colgate Тройное действие ( 100мл + 100мл ) 200мл",199.0,100
"Зубная щетка Colgate 360 древесный уголь средней жесткости в ассортименте",212.0,"Зубная щетка Colgate 360° Древесный уголь средней жесткости",199.0,100
"Зубная паста Colgate Total 12 Чистая мята 75мл",194.0,"Зубная паста Colgate total Активная защита ' чистая мята ' 75мл",189.0,87
"Зубная паста Colgate Кальций-Ремин 100мл",189.0,"Зубная паста Colgate ' кальций - ремин ' 100мл",179.0,100
"Зубная паста Colgate Total 12 Профессиональная Отбеливающая 75мл",194.0,"Зубная паста Colgate total Активная защита ' профессиональная отбеливающая ' с цинком и аргинином 75мл",189.0,87
"Зубная паста Colgate Sens Pro-Relief отбеливание 75мл",289.0,"Зубная паста Colgate Sensitive Pro-Relief + отбеливание 75мл",249.0,87
"Зубная паста Colgate Total 12 Профессиональная чистка гель 75мл",194.0,"Зубная паста - гель Colgate total Активная защита ' профессиональная чистка ' 75мл",189.0,88
"Зубная паста Colgate МаксБлеск Кристальная мята 100мл",189.0,"Зубная паста Colgate Макс Блеск ' кристальная мята ' с отбеливающими пластинками 100мл",199.0,85
"Бальзам для губ Divage Lip Rehab Balm Папайя",179.0,"Бальзам для губ Divage Lip Rehab Balm с ароматом медового яблока 15мл",179.0,87
"Бальзам для губ Divage Lip Rehab Balm Папайя",179.0,"Бальзам для губ Divage Lip Rehab Balm с ароматом шоколада 15мл",179.0,87
"Бальзам для губ Divage Lip Rehab Balm Папайя",179.0,"Бальзам для губ Divage Lip Rehab Balm с ароматом карамели 15мл",179.0,87
"Бальзам для губ Divage Lip Rehab Balm Кокос",179.0,"Бальзам для губ Divage Lip Rehab Balm с ароматом медового яблока 15мл",179.0,87
"Бальзам для губ Divage Lip Rehab Balm Кокос",179.0,"Бальзам для губ Divage Lip Rehab Balm с ароматом шоколада 15мл",179.0,87
"Бальзам для губ Divage Lip Rehab Balm Кокос",179.0,"Бальзам для губ Divage Lip Rehab Balm с ароматом карамели 15мл",179.0,87
"Палетка теней для век Easy Nude Plum Divage",666.0,"Палетка теней для век Divage Easy Nude Tanned eyeshadow palette 9 оттенков 9г",749.0,87
"Палетка теней для век Easy Nude Plum Divage",666.0,"Палетка теней для век Divage Easy Nude Smokey eyeshadow palette 9 оттенков 9г",749.0,87
"Бальзам для губ Divage Lip Rehab Balm Арбуз",179.0,"Бальзам для губ Divage Lip Rehab Balm с ароматом медового яблока 15мл",179.0,87
"Бальзам для губ Divage Lip Rehab Balm Арбуз",179.0,"Бальзам для губ Divage Lip Rehab Balm с ароматом шоколада 15мл",179.0,87
"Бальзам для губ Divage Lip Rehab Balm Арбуз",179.0,"Бальзам для губ Divage Lip Rehab Balm с ароматом карамели 15мл",179.0,87
"Бальзам для губ Marbled Lip Balm тон 04 Divage",249.0,"Бальзам для губ Divage Marbled lip balm 04 4мл",299.0,88
"Бальзам для губ Divage Lip Rehab Balm Ананас",179.0,"Бальзам для губ Divage Lip Rehab Balm с ароматом медового яблока 15мл",179.0,87
"Бальзам для губ Divage Lip Rehab Balm Ананас",179.0,"Бальзам для губ Divage Lip Rehab Balm с ароматом шоколада 15мл",179.0,87
"Бальзам для губ Divage Lip Rehab Balm Ананас",179.0,"Бальзам для губ Divage Lip Rehab Balm с ароматом карамели 15мл",179.0,87
"Бальзам для губ Divage Lip Rehab Balm Манго",179.0,"Бальзам для губ Divage Lip Rehab Balm с ароматом медового яблока 15мл",179.0,87
"Бальзам для губ Divage Lip Rehab Balm Манго",179.0,"Бальзам для губ Divage Lip Rehab Balm с ароматом шоколада 15мл",179.0,87
"Бальзам для губ Divage Lip Rehab Balm Манго",179.0,"Бальзам для губ Divage Lip Rehab Balm с ароматом карамели 15мл",179.0,87
"Помада для губ Matte Cloud Liquid Lipstick тон 04 Divage",299.0,"Жидкая матовая помада для губ Divage Matte Cloud Liquid lipstick 04 2,8мл",339.0,90
"Помада для губ Butter Gloss Liquid Lipstick тон 04 Divage",269.0,"Жидкая помада для губ Divage Butter Gloss Liquid Lipstick 04 2,8мл",275.0,90
"Палетка теней для век Easy Nude Smokey Divage",666.0,"Палетка теней для век Divage Easy Nude Tanned eyeshadow palette 9 оттенков 9г",749.0,87
"Палетка теней для век Easy Nude Smokey Divage",666.0,"Палетка теней для век Divage Easy Nude Smokey eyeshadow palette 9 оттенков 9г",749.0,100
"Карандаш для губ Divage On The Way тон 08 Mocco Мокко",243.0,"Карандаш для губ Divage On The Way 08 1,35г",269.0,80
"Карандаш для губ Divage On The Way тон 01 Caramel Карамельный",243.0,"Карандаш для губ Divage On The Way 01 1,35г",269.0,80
"Карандаш для губ Divage On The Way тон 01 Caramel Карамельный",243.0,"Карандаш для губ Divage On The Way 01 1,35г",269.0,80
"Запеченный хайлайтер для лица тон 01 Divage",416.0,"Запеченный хайлайтер для лица Divage Glow Sense 01 5,5г",449.0,85
"Палетка теней для век Easy Nude Tanned Divage",666.0,"Палетка теней для век Divage Easy Nude Tanned eyeshadow palette 9 оттенков 9г",749.0,100
"Палетка теней для век Easy Nude Tanned Divage",666.0,"Палетка теней для век Divage Easy Nude Smokey eyeshadow palette 9 оттенков 9г",749.0,87
"Карандаш для бровей Divage Basic тон 02",223.0,"Карандаш для бровей Divage Basic Brow Pencil 02 1,1г",269.0,85
"Помада для губ Sensuality Semi Matte Lipstick тон 03 Divage",399.0,"Матовая помада для губ Divage Matte Sensuality Lipstick 03 4г",399.0,80
"Карандаш для губ Divage On The Way тон 11 Red Красный",243.0,"Карандаш для губ Divage On The Way 11 1,35г",269.0,80
"Карандаш для губ Divage On The Way тон 09 Terra Терракотовый",243.0,"Карандаш для губ Divage On The Way 09 1,35г",269.0,80
"Бальзам для губ Divage Lip Rehab Balm банан",179.0,"Бальзам для губ Divage Lip Rehab Balm с ароматом медового яблока 15мл",179.0,87
"Бальзам для губ Divage Lip Rehab Balm банан",179.0,"Бальзам для губ Divage Lip Rehab Balm с ароматом шоколада 15мл",179.0,87
"Бальзам для губ Divage Lip Rehab Balm банан",179.0,"Бальзам для губ Divage Lip Rehab Balm с ароматом карамели 15мл",179.0,87
"Помада для губ Matte Cloud Liquid Lipstick тон 08 Divage",299.0,"Жидкая матовая помада для губ Divage Matte Cloud Liquid lipstick 08 2,8мл",339.0,90
"Помада для губ Divage Praline тон 10",366.0,"Помада для губ Divage Praline 10 4г",399.0,85
"Помада для губ Sensuality Semi Matte Lipstick тон 07 Divage",399.0,"Матовая помада для губ Divage Matte Sensuality Lipstick 07 4г",399.0,80
"Помада для губ Butter Gloss Liquid Lipstick тон 07 Divage",269.0,"Жидкая помада для губ Divage Butter Gloss Liquid Lipstick 07 2,8мл",275.0,90
"Помада для губ Matte Cloud Liquid Lipstick тон 06 Divage",299.0,"Жидкая матовая помада для губ Divage Matte Cloud Liquid lipstick 06 2,8мл",339.0,90
"Помада для губ Divage Praline тон 12",366.0,"Помада для губ Divage Praline 12 4г",399.0,85
"Помада для губ Divage Praline тон 12",366.0,"Помада для губ Divage Praline 12 4г",399.0,85
"Консилер для лица Divage True Color тон 02N",299.0,"Универсальный консилер для лица Divage True Color Concealer 02N 3мл",339.0,87
"Помада для губ Butter Gloss Liquid Lipstick тон 05 Divage",269.0,"Жидкая помада для губ Divage Butter Gloss Liquid Lipstick 05 2,8мл",275.0,90
"Бальзам для губ Marbled Lip Balm тон 01 Divage",249.0,"Бальзам для губ Divage Marbled lip balm 01 4мл",299.0,88
"Консилер для лица Divage True Color тон 02W",299.0,"Универсальный консилер для лица Divage True Color Concealer 02W 3мл",339.0,87
"Бальзам для губ Marbled Lip Balm тон 02 Divage",249.0,"Бальзам для губ Divage Marbled lip balm 02 4мл",299.0,88
"Помада для губ Sensuality Semi Matte Lipstick тон 01 Divage",399.0,"Матовая помада для губ Divage Matte Sensuality Lipstick 01 4г",399.0,80
"Помада для губ Butter Gloss Liquid Lipstick тон 02 Divage",269.0,"Жидкая помада для губ Divage Butter Gloss Liquid Lipstick 02 2,8мл",275.0,90
"Помада для губ Praline New Divage тон 15 Mysterious Kiss",366.0,"Помада для губ Divage Praline 15 4г",399.0,85
"Помада для губ Divage Praline тон 04",366.0,"Помада для губ Divage Praline 04 4г",399.0,85
"Помада для губ Matte Cloud Liquid Lipstick тон 07 Divage",299.0,"Жидкая матовая помада для губ Divage Matte Cloud Liquid lipstick 07 2,8мл",339.0,90
"Помада для губ Matte Cloud Liquid Lipstick тон 02 Divage",299.0,"Жидкая матовая помада для губ Divage Matte Cloud Liquid lipstick 02 2,8мл",339.0,90
"Помада для губ Divage Praline тон 02",366.0,"Помада для губ Divage Praline 02 4г",399.0,85
"Карандаш для бровей Divage Basic тон 01",223.0,"Карандаш для бровей Divage Basic Brow Pencil 01 1,1г",269.0,85
"Помада для губ Praline New Divage тон 14 Tender Dreams",366.0,"Помада для губ Divage Praline 14 4г",399.0,85
"Бальзам для губ Marbled Lip Balm тон 03 Divage",249.0,"Бальзам для губ Divage Marbled lip balm 03 4мл",299.0,88
"Компактная пудра для лица тон 04 Sand Divage Matte Touch",576.0,"Пудра для лица Divage Matte Touch 04 10г",629.0,87
"Карандаш для губ Divage On The Way тон 03 Rose Taupe Пыльно-розовый",243.0,"Карандаш для губ Divage On The Way 03 1,35г",269.0,80
"Бальзам для губ Marbled Lip Balm тон 03 Divage",249.0,"Бальзам для губ Divage Marbled lip balm 03 4мл",299.0,88
"Компактная пудра для лица тон 04 Sand Divage Matte Touch",576.0,"Пудра для лица Divage Matte Touch 04 10г",629.0,87
"Карандаш для губ Divage On The Way тон 03 Rose Taupe Пыльно-розовый",243.0,"Карандаш для губ Divage On The Way 03 1,35г",269.0,80
"Помада для губ Matte Cloud Liquid Lipstick тон 05 Divage",299.0,"Жидкая матовая помада для губ Divage Matte Cloud Liquid lipstick 05 2,8мл",339.0,90
"Помада для губ Divage Praline тон 06",366.0,"Помада для губ Divage Praline 06 4г",399.0,85
"Палетка для лица тон 01 Divage Duo Face Palette",529.0,"Палетка для лица Divage Blush & Highlighter Duo Face Palette 01 8г",599.0,88
"Помада для губ Divage Praline тон 01",366.0,"Помада для губ Divage Praline 01 4г",399.0,85
"Помада для губ Butter Gloss Liquid Lipstick тон 06 Divage",269.0,"Жидкая помада для губ Divage Butter Gloss Liquid Lipstick 06 2,8мл",275.0,90
"Помада для губ Divage Praline тон 11",366.0,"Помада для губ Divage Praline 11 4г",399.0,85
"Палетка теней для век Easy Nude Fresh Divage",666.0,"Палетка теней для век Divage Easy Nude Tanned eyeshadow palette 9 оттенков 9г",749.0,87
"Палетка теней для век Easy Nude Fresh Divage",666.0,"Палетка теней для век Divage Easy Nude Smokey eyeshadow palette 9 оттенков 9г",749.0,87
"Помада для губ Matte Cloud Liquid Lipstick тон 03 Divage",299.0,"Жидкая матовая помада для губ Divage Matte Cloud Liquid lipstick 03 2,8мл",339.0,90
"Помада для губ Praline New Divage тон 13 Rose Quartz",366.0,"Помада для губ Divage Praline 13 4г",399.0,85
"Тушь для ресниц Karenina тон 01 Черная Divage",345.0,"Тушь для ресниц Divage Karenina Черная 10мл",345.0,85
"Помада для губ Matte Cloud Liquid Lipstick тон 01 Divage",299.0,"Жидкая матовая помада для губ Divage Matte Cloud Liquid lipstick 01 2,8мл",339.0,90
"Карандаш для бровей Brow Addiction тон 02 Divage",487.0,"Карандаш для бровей Divage Brow Addiction 02 0,24г",549.0,87
"Консилер для лица тон 01w Светло-розовый Divage Matte Touch",504.0,"Консилер для лица Divage Matte Touch 01W 4мл",549.0,87
"Помада для губ Butter Gloss Liquid Lipstick тон 03 Divage",269.0,"Жидкая помада для губ Divage Butter Gloss Liquid Lipstick 03 2,8мл",275.0,90
"Компактная пудра для лица тон 02 Ivory Divage Matte Touch",576.0,"Пудра для лица Divage Matte Touch 02 10г",629.0,87
"Помада для губ Butter Gloss Liquid Lipstick тон 08 Divage",269.0,"Жидкая помада для губ Divage Butter Gloss Liquid Lipstick 08 2,8мл",275.0,90
"Карандаш для губ Divage On The Way тон 06 Marsala Ягодный",243.0,"Карандаш для губ Divage On The Way 06 1,35г",269.0,80
"Карандаш для губ Divage On The Way тон 04 Shiny Rose Сатиновый розовый",243.0,"Карандаш для губ Divage On The Way 04 1,35г",269.0,80
"Помада для губ Divage Praline тон 05",366.0,"Помада для губ Divage Praline 05 4г",399.0,85
"Помада для губ Divage Praline тон 03",366.0,"Помада для губ Divage Praline 03 4г",399.0,85
"Карандаш для бровей Brow Addiction тон 01 Divage",487.0,"Карандаш для бровей Divage Brow Addiction 01 0,24г",549.0,87
"Помада для губ Divage Praline тон 03",366.0,"Помада для губ Divage Praline 03 4г",399.0,85
"Карандаш для бровей Brow Addiction тон 01 Divage",487.0,"Карандаш для бровей Divage Brow Addiction 01 0,24г",549.0,87
"Карандаш для губ Divage On The Way тон 05 Blush Глубокий розовый",243.0,"Карандаш для губ Divage On The Way 05 1,35г",269.0,80
"Компактная пудра для лица тон 01 Fair Divage Matte Touch",576.0,"Пудра для лица Divage Matte Touch 01 10г",629.0,87
"Консилер для лица тон 01n Светло-бежевый Divage Matte Touch",504.0,"Консилер для лица Divage Matte Touch 01N 4мл",549.0,87
"Карандаш для губ Divage On The Way тон 10 Tea Rose Чайная роза",243.0,"Карандаш для губ Divage On The Way 10 1,35г",269.0,80
"Карандаш для губ Divage On The Way тон 07 Rosewood Розовое дерево",243.0,"Карандаш для губ Divage On The Way 07 1,35г",269.0,80
"Консилер для лица тон 02n Золотисто-бежевый Divage Matte Touch",504.0,"Консилер для лица Divage Matte Touch 02N 4мл",549.0,87
"Помада для губ Sensuality Semi Matte Lipstick тон 04 Divage",399.0,"Матовая помада для губ Divage Matte Sensuality Lipstick 04 4г",399.0,80
"Помада для губ Sensuality Semi Matte Lipstick тон 11 Divage",399.0,"Матовая помада для губ Divage Matte Sensuality Lipstick 11 4г",399.0,80
"Помада для губ Sensuality Semi Matte Lipstick тон 08 Divage",399.0,"Матовая помада для губ Divage Matte Sensuality Lipstick 08 4г",399.0,80
"Компактная пудра для лица тон 03 Beige Divage Matte Touch",576.0,"Пудра для лица Divage Matte Touch 03 10г",629.0,87
"Помада для губ Sensuality Semi Matte Lipstick тон 06 Divage",399.0,"Матовая помада для губ Divage Matte Sensuality Lipstick 06 4г",399.0,80
"Карандаш для губ Divage On The Way тон 02 Nude Розово-бежевый",243.0,"Карандаш для губ Divage On The Way 02 1,35г",269.0,80
"Бальзам для губ Divage Lip Rehab Balm с ароматом ванили",179.0,"Бальзам для губ Divage Lip Rehab Balm с ароматом медового яблока 15мл",179.0,90
"Бальзам для губ Divage Lip Rehab Balm с ароматом ванили",179.0,"Бальзам для губ Divage Lip Rehab Balm с ароматом шоколада 15мл",179.0,90
"Бальзам для губ Divage Lip Rehab Balm с ароматом ванили",179.0,"Бальзам для губ Divage Lip Rehab Balm с ароматом карамели 15мл",179.0,90
"Бальзам для губ Divage Lip Rehab Balm с ароматом медового яблока",179.0,"Бальзам для губ Divage Lip Rehab Balm с ароматом медового яблока 15мл",179.0,100
"Бальзам для губ Divage Lip Rehab Balm с ароматом медового яблока",179.0,"Бальзам для губ Divage Lip Rehab Balm с ароматом шоколада 15мл",179.0,81
"Бальзам для губ Divage Lip Rehab Balm с ароматом медового яблока",179.0,"Бальзам для губ Divage Lip Rehab Balm с ароматом карамели 15мл",179.0,81
"Бальзам для губ Divage Lip Rehab Balm с ароматом маршмэллоу",179.0,"Бальзам для губ Divage Lip Rehab Balm с ароматом медового яблока 15мл",179.0,90
"Бальзам для губ Divage Lip Rehab Balm с ароматом маршмэллоу",179.0,"Бальзам для губ Divage Lip Rehab Balm с ароматом шоколада 15мл",179.0,90
"Бальзам для губ Divage Lip Rehab Balm с ароматом маршмэллоу",179.0,"Бальзам для губ Divage Lip Rehab Balm с ароматом карамели 15мл",179.0,90
"Бальзам для губ Divage Lip Rehab Balm с ароматом ванили",179.0,"Бальзам для губ Divage Lip Rehab Balm с ароматом медового яблока 15мл",179.0,90
"Бальзам для губ Divage Lip Rehab Balm с ароматом ванили",179.0,"Бальзам для губ Divage Lip Rehab Balm с ароматом шоколада 15мл",179.0,90
"Бальзам для губ Divage Lip Rehab Balm с ароматом ванили",179.0,"Бальзам для губ Divage Lip Rehab Balm с ароматом карамели 15мл",179.0,90
"Бальзам для губ Divage Lip Rehab Balm с ароматом медового яблока",179.0,"Бальзам для губ Divage Lip Rehab Balm с ароматом медового яблока 15мл",179.0,100
"Бальзам для губ Divage Lip Rehab Balm с ароматом медового яблока",179.0,"Бальзам для губ Divage Lip Rehab Balm с ароматом шоколада 15мл",179.0,81
"Бальзам для губ Divage Lip Rehab Balm с ароматом медового яблока",179.0,"Бальзам для губ Divage Lip Rehab Balm с ароматом карамели 15мл",179.0,81
"Бальзам для губ Divage Lip Rehab Balm с ароматом маршмэллоу",179.0,"Бальзам для губ Divage Lip Rehab Balm с ароматом медового яблока 15мл",179.0,90
"Бальзам для губ Divage Lip Rehab Balm с ароматом маршмэллоу",179.0,"Бальзам для губ Divage Lip Rehab Balm с ароматом шоколада 15мл",179.0,90
"Бальзам для губ Divage Lip Rehab Balm с ароматом маршмэллоу",179.0,"Бальзам для губ Divage Lip Rehab Balm с ароматом карамели 15мл",179.0,90
"Бальзам для губ Divage Lip Rehab Balm с ароматом карамели",179.0,"Бальзам для губ Divage Lip Rehab Balm с ароматом медового яблока 15мл",179.0,90
"Бальзам для губ Divage Lip Rehab Balm с ароматом карамели",179.0,"Бальзам для губ Divage Lip Rehab Balm с ароматом шоколада 15мл",179.0,90
"Бальзам для губ Divage Lip Rehab Balm с ароматом карамели",179.0,"Бальзам для губ Divage Lip Rehab Balm с ароматом карамели 15мл",179.0,100
"Бальзам для губ Divage Lip Rehab Balm с ароматом шоколада",179.0,"Бальзам для губ Divage Lip Rehab Balm с ароматом медового яблока 15мл",179.0,90
"Бальзам для губ Divage Lip Rehab Balm с ароматом шоколада",179.0,"Бальзам для губ Divage Lip Rehab Balm с ароматом шоколада 15мл",179.0,100
"Бальзам для губ Divage Lip Rehab Balm с ароматом шоколада",179.0,"Бальзам для губ Divage Lip Rehab Balm с ароматом карамели 15мл",179.0,90
"Бальзам для губ Divage Lip Rehab Balm с ароматом сладкой мяты",179.0,"Бальзам для губ Divage Lip Rehab Balm с ароматом медового яблока 15мл",179.0,81
"Бальзам для губ Divage Lip Rehab Balm с ароматом сладкой мяты",179.0,"Бальзам для губ Divage Lip Rehab Balm с ароматом шоколада 15мл",179.0,81
"Бальзам для губ Divage Lip Rehab Balm с ароматом сладкой мяты",179.0,"Бальзам для губ Divage Lip Rehab Balm с ароматом карамели 15мл",179.0,81
"Масло для губ Elixir Lip Oil тон 01 Divage",299.0,"Масло для губ Divage Elixir Lip Oil 01 4,5мл",339.0,88
"Масло для губ Elixir Lip Oil тон 03 Divage",299.0,"Масло для губ Divage Elixir Lip Oil 03 4,5мл",339.0,88
"Масло для губ Elixir Lip Oil тон 04 Divage",299.0,"Масло для губ Divage Elixir Lip Oil 04 4,5мл",339.0,88
"Помада-бальзам для губ Nude Balm Lipstick тон 04 Divage",319.0,"Помада - бальзам для губ Divage Lipstick Nude Balm 04 4г",319.0,90
"Помада-бальзам для губ Nude Balm Lipstick тон 03 Divage",319.0,"Помада - бальзам для губ Divage Lipstick Nude Balm 03 4г",319.0,90
"Помада-бальзам для губ Nude Balm Lipstick тон 05 Divage",319.0,"Помада - бальзам для губ Divage Lipstick Nude Balm 05 4г",319.0,90
"Помада-бальзам для губ Nude Balm Lipstick тон 06 Divage",319.0,"Помада - бальзам для губ для губ Divage Lipstick Nude Balm 06 4г",319.0,90
"Помада-бальзам для губ Nude Balm Lipstick тон 02 Divage",319.0,"Помада - бальзам для губ Divage Lipstick Nude Balm 02 4г",319.0,90
"Помада-бальзам для губ Nude Balm Lipstick тон 01 Divage",319.0,"Помада - бальзам для губ Divage Lipstick Nude Balm 01 4г",319.0,90
"Карандаш для губ Let's Talk Long-Lasting тон 04 Divage",269.0,"Автоматический карандаш для губ Divage Let’s Talk long-lasting lip liner 04 0,26г",299.0,80
"Карандаш для губ Let's Talk Long-Lasting тон 02 Divage",269.0,"Автоматический карандаш для губ Divage Let’s Talk long-lasting lip liner 02 0,26г",299.0,80
"Карандаш для губ Let's Talk Long-Lasting тон 01 Divage",269.0,"Автоматический карандаш для губ Divage Let’s Talk long-lasting lip liner 01 0,26г",299.0,80
"Карандаш для губ Let's Talk Long-Lasting тон 05 Divage",269.0,"Автоматический карандаш для губ Divage Let’s Talk long-lasting lip liner 05 0,26г",299.0,80
"Карандаш для губ Let's Talk Long-Lasting тон 02 Divage",269.0,"Автоматический карандаш для губ Divage Let’s Talk long-lasting lip liner 02 0,26г",299.0,80
"Карандаш для губ Let's Talk Long-Lasting тон 01 Divage",269.0,"Автоматический карандаш для губ Divage Let’s Talk long-lasting lip liner 01 0,26г",299.0,80
"Карандаш для губ Let's Talk Long-Lasting тон 05 Divage",269.0,"Автоматический карандаш для губ Divage Let’s Talk long-lasting lip liner 05 0,26г",299.0,80
"Шампунь для жирных волос Estel Curex Volume Живой объем 300мл",280.0,"Шампунь для склонных к жирности волос Estel Curex ' Живой объём ' 300мл",529.0,80
"Шампунь для светлых оттенков волос Estel Curex Color Intense Чистый цвет 300мл",280.0,"Шампунь для волос Estel Curex Чистый цвет для светлых оттенков волос 300мл",529.0,100
"Бальзам для волос Estel Curex Color Save Цвет-эксперт 250мл",419.0,"Бальзам Estel Curex Color Save ' Поддержание цвета ' для окрашенных волос 250мл",529.0,80
"Бальзам-Хайлайтер Estel Secrets для окрашенных и мелированных волос 200мл",294.0,"Спрей - термозащита Estel Secrets для окрашенных и мелированных волос ' Сияние цвета ' 200мл",625.0,80
"Бальзам-Хайлайтер Estel Secrets для окрашенных и мелированных волос 200мл",294.0,"Маска - хайлайтер Estel Secrets для окрашенных и мелированных волос ' Сияние цвета ' 275мл",799.0,80
"Спрей Estel Secrets мультифункциональный 17в1 для всех типов волос 200мл",327.0,"Мультифункциональный спрей Estel Secrets 17 в 1 для всех типов волос ' максимум заботы ' 200мл",625.0,90
"Маска-восстановление Estel Secrets для поврежденных волос 275мл",798.0,"Маска - восстановление Estel Secrets для поврежденных волос ' регенерация ' 275мл",799.0,100
"Бальзам для всех типов волос Estel Curex Balance Водный баланс 250мл",419.0,"Бальзам для волос Estel Curex Водный баланс для всех типов волос 250мл",529.0,100
"Бальзам для всех типов волос Estel Curex Balance Водный баланс 250мл",419.0,"Спрей для волос Estel Curex ' Водный баланс ' для всех типов волос 200мл",599.0,80
"Краска для бровей и ресниц Estel only looks коричневый тон 80мл",179.0,"Краска для бровей и ресниц Estel Only Looks Черная",339.0,88
"Краска для бровей и ресниц Estel only looks коричневый тон 80мл",179.0,"Краска для бровей и ресниц Estel Only Looks Графит",339.0,88
"Шампунь для всех типов волос Estel Curex Balance Водный баланс 300мл",280.0,"Бальзам для волос Estel Curex Водный баланс для всех типов волос 250мл",529.0,80
"Шампунь для всех типов волос Estel Curex Balance Водный баланс 300мл",280.0,"Спрей для волос Estel Curex ' Водный баланс ' для всех типов волос 200мл",599.0,80
"Маска-уход Estel Secrets мультифункциональная для всех типов волос 275мл",443.0,"Мультифункциональная маска - уход для всех типов волос Estel Secrets ' максимум заботы ' 275мл",799.0,100
"Маска-хайлайтер Estel Secrets для окрашенных и мелированных волос 275мл",709.0,"Маска - хайлайтер Estel Secrets для окрашенных и мелированных волос ' Сияние цвета ' 275мл",799.0,100
"Крем-краска для волос Estel Celebrity 7/45 Тициан 140мл",269.0,"Краска - уход для волос без аммиака Estel Celebrity 7/45 Тициан",359.0,80
"Крем-гель краска для волос Estel Color Signature тон 7/71 Фраппе",499.0,"Стойкая крем-гель краска для волос Estel Color Signature 7/7 Тирамису",489.0,81
"Крем-гель краска для волос Estel Color Signature тон 7/71 Фраппе",499.0,"Стойкая крем-гель краска для волос Estel Color Signature 7/71 Фраппе",489.0,91
"Крем-гель краска для волос Estel Color Signature тон 10/16 Завораживающий бриллиант",264.0,"Стойкая крем - гель краска для волос Estel Color Signature 10/16 Завораживающий Бриллиант",489.0,92
"Крем-краска для волос Estel Celebrity 7/7 Лесной орех 140мл",269.0,"Краска - уход для волос без аммиака Estel Celebrity 7/7 Лесной орех",359.0,80
"Крем-краска для волос Estel Celebrity 6/76 Горький шоколад 140мл",269.0,"Стойкая крем-гель краска для волос Estel Color Signature 6/76 Горький шоколад",489.0,81
"Крем-гель краска для волос Estel Color Signature тон 1/0 Черный классический",499.0,"Стойкая краска - гель Estel Only для волос 1/0 Черный классический",415.0,81
"Шампунь-восстановление Estel Secrets для поврежденных волос 250мл",649.0,"Шампунь - восстановление Estel Secrets для поврежденных волос ' регенерация ' 250мл",649.0,100
"Крем-гель краска для волос Estel Color Signature тон 4/7 Мокко",499.0,"Стойкая крем-гель краска для волос Estel Color Signature 4/7 Мокко",489.0,91
"Шампунь-восстановление Estel Secrets для поврежденных волос 250мл",649.0,"Шампунь - восстановление Estel Secrets для поврежденных волос ' регенерация ' 250мл",649.0,100
"Крем-гель краска для волос Estel Color Signature тон 4/7 Мокко",499.0,"Стойкая крем-гель краска для волос Estel Color Signature 4/7 Мокко",489.0,91
"Бальзам Estel Secrets Восстановление для поврежденных волос 200мл",599.0,"Бальзам - восстановление Estel Secrets для поврежденных волос ' регенерация ' 200мл",599.0,100
"Крем-краска для волос Estel Celebrity 7/0 Русый 140мл",269.0,"Краска - уход Estel Celebrity для волос 7/0 Русый",359.0,88
"Крем-краска для волос Estel Celebrity 4/7 Мокко 140мл",269.0,"Стойкая крем-гель краска для волос Estel Color Signature 4/7 Мокко",489.0,80
"Крем-краска для волос Estel Celebrity 5/65 Спелая вишня 140мл",269.0,"Стойкая крем-гель краска для волос Estel Color Signature 5/65 Спелая вишня",489.0,81
"Шампунь-уход Estel Secrets мультифункциональный для всех типов волос 250мл",598.0,"Мультифункциональный шампунь - уход для всех типов волос Estel Secret ' максимум заботы ' 250мл",649.0,90
"Крем-краска для волос Estel Celebrity 8/0 Светло-русый 140мл",269.0,"Стойкая крем - краска для седых волос Estel Великая 8/0 Светло-русый",599.0,81
"Крем-краска для волос Estel Celebrity 8/0 Светло-русый 140мл",269.0,"Краска - уход Estel Celebrity для волос 8/0 Светло-русый",359.0,90
"Краска для волос Estel White Balance тон 12.7 Завораживающий Жемчуг 350мл",699.0,"Краска для волос Estel White Balance ' Секрет идеального блонда ' 12.7 Завораживающий жемчуг",699.0,83
"Краска для волос Estel White Balance Аметист 350мл",699.0,"Краска для волос Estel White Balance ' Секрет идеального блонда ' 12.76 Волнительный аметист",699.0,87
"Краска для бровей и ресниц Estel Only looks чёрный тон 80мл",369.0,"Краска для бровей и ресниц Estel Only Looks Черная",339.0,88
"Краска для бровей и ресниц Estel Only looks чёрный тон 80мл",369.0,"Краска для бровей и ресниц Estel Only Looks Графит",339.0,88
"Крем-гель краска для волос Estel Color Signature тон 10/0 Белый песок",499.0,"Стойкая крем - гель краска для волос Estel Color Signature 10/0 Белый песок",489.0,92
"Крем-гель краска для волос Estel Color Signature тон 5/77 Горячий шоколад",499.0,"Стойкая крем-гель краска для волос Estel Color Signature 5/77 Горячий шоколад",489.0,92
"Крем-гель краска для волос Estel Color Signature тон 7/44 Морской коралл",499.0,"Стойкая крем-гель краска для волос Estel Color Signature 7/7 Тирамису",489.0,81
"Крем-гель краска для волос Estel Color Signature тон 7/44 Морской коралл",499.0,"Стойкая крем - гель краска для волос Estel Color Signature 7/44 Морской коралл",489.0,92
"Краска для волос Estel White Balance Бриллиант 350мл",699.0,"Краска для волос Estel White Balance ' Секрет идеального блонда ' 12.16 Роскошный бриллиант",699.0,87
"Крем-гель краска для волос Estel Color Signature тон 9/17 Шелковая вуаль",499.0,"Стойкая крем - гель краска для волос Estel Color Signature 9/17 Шелковая Вуаль",489.0,92
"Крем-гель краска для волос Estel Color Signature тон 10/65 Сияние сакуры",499.0,"Стойкая крем - гель краска для волос Estel Color Signature 10/65 Сияние Сакуры",489.0,92
"Краска для волос Estel White Balance Сапфир 350мл",699.0,"Краска для волос Estel White Balance ' Секрет идеального блонда ' 12.65 Прекрасный сапфир",699.0,87
"Краска для волос Estel White Balance Топаз 350мл",699.0,"Краска для волос Estel White Balance ' Секрет идеального блонда ' 12.0 Восхитительный топаз",699.0,87
"Молочко для тела Garnier Ambre Solaire Автозагар 175мл",949.0,"Молочко - автозагар для лица и тела Garnier Ambre Solaire Ровный загар Средний 175мл",1380.0,100
"Маска-молочко Garnier Тканевая с миндальным молочком Питание-Бомба 28г",199.0,"Тканевая маска - молочко для лица Garnier Skin Naturals ' Питание-бомба ' с кокосовым молочком ' 32г",194.0,80
"Маска-молочко Garnier Тканевая с миндальным молочком Питание-Бомба 28г",199.0,"Тканевая маска - молочко для лица с миндальным молочком Garnier Skin Naturals Питание Бомба",194.0,90
"Алоэ-гель для лица Garnier Skin Naturals Гиалуроновый увлажняющий дневной с алоэ вера и гиалуроновой кислотой для интенсивного увлажнения и упругости нормальной и смешанной кожи 50мл",496.0,"Тканевая алоэ - маска для лица Garnier Skin Naturals с гиалуроновой кислотой",194.0,81
"Маска для лица Garnier Тканевая Увлажнение + Аква Бомба c гиалуроновой П-Анисовой кислотами экстрактом граната",179.0,"Маска Garnier тканевая для лица ' увлажнение + Аква Бомба ' 32г",194.0,88
"Маска для лица Garnier Тканевая Увлажнение + Аква Бомба c гиалуроновой П-Анисовой кислотами экстрактом граната",179.0,"Маска Garnier тканевая для лица ' увлажнение + Аква Бомба ' 32г",194.0,88
"Алоэ-маска для лица Garnier Гиалуроновая Тканевая с гиалуроновой кислотой и органическим алоэ вера",176.0,"Тканевая алоэ - маска для лица Garnier Skin Naturals с гиалуроновой кислотой",194.0,81
"Маска для лица Garnier тканевая Эксперт + Крио Гель",267.0,"Тканевая маска для лица Garnier Эксперт + Крио гель",194.0,100
"Маска-молочко Garnier Тканевая с кокосовым молочком Питание-Бомба 28г",182.0,"Тканевая маска - молочко для лица Garnier Skin Naturals ' Питание-бомба ' с кокосовым молочком ' 32г",194.0,90
"Маска-молочко Garnier Тканевая с кокосовым молочком Питание-Бомба 28г",182.0,"Тканевая маска - молочко для лица с миндальным молочком Garnier Skin Naturals Питание Бомба",194.0,80
"Мицеллярная вода Garnier Витамин С очищающая 400мл",429.0,"Мицеллярная вода для лица , глаз и губ Garnier Skin Naturals ' Витамин С ' 400мл",629.0,85
"Краска для волос Garnier Color Sensation 7.12 Жемчужный блондин",306.0,"Крем - краска Garnier Color Sensation стойкая для волос 7.12 Жемчужный русый",399.0,90
"Маска для лица Garnier Тканевая Восстанавливающая с Пробиотиками",173.0,"Восстанавливающая тканевая маска для лица Garnier Skin Naturals с пребиотиками 23г",194.0,87
"Маска для лица салициловая Garnier 23г",250.0,"Восстанавливающая тканевая маска для лица Garnier Skin Naturals с пребиотиками 23г",194.0,83
"Сменные кассеты для бритья Gillette Fusion 5 Power 2шт",1299.0,"Кассеты для станка Gillette Fusion сменные 2шт",1190.0,85
"Кассеты для бритья Gillette Venus 2шт",590.0,"Мужской станок Gillette Fusion для бритья + сменные кассеты 2шт",1260.0,83
"Лезвия для бритья Gillette Sputnik 5шт",49.0,"Лезвия для станка Gillette Sputnik 5шт",59.0,83
"Гель для бритья Gillette Series Увлажняющий 200мл",379.0,"Гель для бритья Gillette Series ' Sensitive ' для чувствительной кожи 200мл",399.0,85
"Кассеты для бритья Gillette Venus 4шт",853.0,"Мужской станок для бритья Gillette Fusion + сменные кассеты 4шт",1790.0,83
"Кассеты для бритья Gillette Fusion 5 4шт",1566.0,"Мужской станок для бритья Gillette Fusion + сменные кассеты 4шт",1790.0,85
"Кассеты для бритья Gillette Mach3 4шт",1099.0,"Мужской станок для бритья Gillette Fusion + сменные кассеты 4шт",1790.0,83
"Кассеты для станка Gillette Fusion 5 2шт",1092.0,"Кассеты для станка Gillette Fusion сменные 2шт",1190.0,85
"Кассеты для станка Gillette Fusion 5 2шт",1092.0,"Кассеты для станка Gillette Fusion ProGlide сменные 2шт",1350.0,85
"Кассеты для станка Gillette Fusion 5 2шт",1092.0,"Сменные кассеты для станка Gillette Labs 5 лезвий 2шт",1650.0,85
"Гель после бритья Gillette для чувствительной кожи 75мл",399.0,"Гель после бритья Gillette Sensitive Skin для чувствительной кожи 75мл",399.0,100
"Гель для бритья Gillette Series очищающий 200мл",379.0,"Гель для бритья Gillette Series ' Sensitive ' для чувствительной кожи 200мл",399.0,85
"Пена для бритья Gillette для чувствительной кожи 200мл",225.0,"Гель для бритья Gillette Series ' Sensitive ' для чувствительной кожи 200мл",399.0,85
"Пена для бритья Gillette для чувствительной кожи 200мл",225.0,"Пена для бритья Gillette Sensitive для чувствительной кожи 300мл",379.0,85
"Кассеты для бритья Gillette Mach3 2шт",776.0,"Мужской станок Gillette Fusion для бритья + сменные кассеты 2шт",1260.0,83
"Гель для бритья Gillette Series для чувствительной кожи 200мл",362.0,"Гель для бритья Gillette Series ' Sensitive ' для чувствительной кожи 200мл",399.0,100
"Блеск для губ Metamorphix тон 01 Influence Beauty",732.0,"Блеск для губ Influence Beauty Metamorphix 01 4мл",749.0,87
"Тушь для ресниц тон 01 Influence Beauty Manipula",805.0,"Термостойкая тушь для ресниц Influence Beauty Manipula 01 10мл",809.0,87
"Тушь для ресниц Manipula Influence Beauty тон 02",805.0,"Тушь для ресниц Influence Beauty Manipula 02 10мл",809.0,87
"Хайлайтер Influence Beauty Illuminati тон 01",814.0,"Хайлайтер для лица Influence Beauty Illuminati 01 , 6,5г",849.0,83
"Хайлайтер Influence Beauty Illuminati тон 03",832.0,"Хайлайтер для лица Influence Beauty Illuminati 03 6,5г",849.0,83
"Пудра для лица Influence Beauty Zero Gravity рассыпчатая тон 01",708.0,"Фиксирующая пудра для лица Influence Beauty Zero Gravity 01 4,2г",1040.0,80
"Блеск для губ Metamorphix тон 03 Influence Beauty",683.0,"Блеск для губ Influence Beauty Metamorphix 03 4мл",749.0,87
"Тени для век в стике Neostylus Influence Beauty тон 08",599.0,"Тени для век в стике Influence Beauty Neostylus 08 1,1г",599.0,90
"Кремовые тени для век в стике тон 01 Серо-розовый Neostylus Influence Beauty 1.1г",599.0,"Тени для век в стике Influence Beauty Hydrogenesis 01 3г",599.0,80
"Бальзам-стик для губ тон 02 Influence Beauty Glow Injection",614.0,"Бальзам - стик для губ Influence Beauty Glow Injection 02 2г",699.0,90
"Компактная пудра для лица тон 02 Светло-бежевый Influence Beauty Mattronic",709.0,"Пудра для лица Influence Beauty Mattronic 02 7г",709.0,87
"Бальзам-стик для губ тон 02 Influence Beauty Glow Injection",614.0,"Бальзам - стик для губ Influence Beauty Glow Injection 02 2г",699.0,90
"Компактная пудра для лица тон 02 Светло-бежевый Influence Beauty Mattronic",709.0,"Пудра для лица Influence Beauty Mattronic 02 7г",709.0,87
"Глянцевая помада для губ тон 04 Influence Beauty Iridium",240.0,"Помада для губ Influence Beauty Influence 04 , 4г",599.0,85
"Тени для век в стике Neostylus Influence Beauty тон 03",599.0,"Тени для век в стике Influence Beauty Hydrogenesis 03 3г",599.0,80
"Кремовые тени для век в стике тон 07 Шампань Neostylus Influence Beauty 1.1г",599.0,"Тени для век в стике Influence Beauty Neostylus 07 1,1г",599.0,100
"Глянцевая помада для губ тон 02 Influence Beauty Iridium",240.0,"Помада для губ Influence Beauty Influence 02 , 4г",599.0,85
"Помада-стик для губ Influence Beauty тон 02 ",475.0,"Помада для губ Influence Beauty Influence 02 , 4г",599.0,85
"Тушь для ресниц тон 01 Influence Beauty Lash Singularity",681.0,"Тушь для ресниц с силиконовой щеточкой Influence Beauty Lash Singularity 01 13мл",699.0,88
"Тушь для ресниц тон 01 Influence Beauty Lash Singularity",681.0,"Тушь для ресниц с силиконовой щеточкой Influence Beauty Lash Singularity 01 13мл",699.0,88
"Помада-стик для губ Influence Beauty тон 15 ",481.0,"Помада для губ Influence Beauty Influence 15 , 4г",599.0,85
"Тени для век в стике Neostylus Influence Beauty тон 02",599.0,"Тени для век в стике Influence Beauty Hydrogenesis 02 3г",599.0,80
"Тени для век в стике Neostylus Influence Beauty тон 02",599.0,"Тени для век в стике Influence Beauty Neostylus 02 1,1г",599.0,90
"Компактная пудра для лица тон 03 Бежевый Influence Beauty Mattronic",709.0,"Пудра для лица Influence Beauty Mattronic 03 7г",709.0,87
"Помада-стик для губ Influence Beauty тон 05 ",520.0,"Помада для губ Influence Beauty Influence 05 , 4г",599.0,85
"Помада-стик для губ Influence Beauty тон 08 ",520.0,"Помада для губ Influence Beauty Influence 08 , 4г",599.0,85
"Помада-стик для губ Influence Beauty тон 10 ",585.0,"Помада для губ Influence Beauty Influence 10 , 4г",599.0,85
"Помада-стик для губ Influence Beauty тон 04 ",507.0,"Помада для губ Influence Beauty Influence 04 , 4г",599.0,85
"Компактная пудра для лица тон 01 Бело-бежевый Influence Beauty Mattronic",709.0,"Пудра для лица Influence Beauty Mattronic 01 7г",709.0,87
"Тушь Influence Beauty Lash Scaf для ресниц влажная тон 01",805.0,"Влагостойкая тушь для ресниц Influence Beauty Lash Scaf water-resistant 01 , 9мл",809.0,80
"Помада-стик для губ Influence Beauty тон 13 ",514.0,"Помада для губ Influence Beauty Influence 13 , 4г",599.0,85
"Помада-стик для губ Influence Beauty тон 07 ",507.0,"Помада для губ Influence Beauty Influence 07 , 4г",599.0,85
"Гель для бровей Influence Beauty Brow Robot",356.0,"Стойкий фиксирующий гель для бровей Influence Beauty Brow Robot 5,5мл",359.0,100
"Гель для бровей Influence Beauty Brow Robot",356.0,"Мыло для бровей Influence Beauty Brow Robot , 10мл",549.0,85
"Гель для бровей Influence Beauty Brow Robot",356.0,"Автоматический карандаш для бровей Influence Beauty Brow Robot 3 , 0,28г",569.0,85
"Гель для бровей Influence Beauty Brow Robot",356.0,"Автоматический карандаш для бровей Influence Beauty Brow Robot 2 , 0,28г",569.0,85
"Гель для бровей Influence Beauty Brow Robot",356.0,"Автоматический карандаш для бровей Influence Beauty Brow Robot 1 , 0,28г",569.0,85
"Гель для бровей Influence Beauty Brow Robot",356.0,"Автоматический карандаш для бровей Influence Beauty Brow Robot 4 , 0,28г",569.0,85
"Карандаш для губ Influence Beauty Lipfluence автоматический тон 09 ",466.0,"Автоматический карандаш для губ Influence Beauty Lipfluence 09 , 0,28г",519.0,88
"Карандаш для губ Influence Beauty Lipfluence автоматический тон 10 ",518.0,"Автоматический карандаш для губ Influence Beauty Lipfluence 10 , 0,28г",519.0,88
"Тушь для ресниц Influence Beauty Futuristic тон 01",559.0,"Тушь для ресниц Influence Beauty Futuristic 01 , 9мл",559.0,87
"Тушь для ресниц Influence Beauty Cybertruck тон 01",559.0,"Тушь для ресниц Influence Beauty Cybertruck 01 , 9мл",559.0,87
"Тушь для ресниц Influence Beauty New Era тон 01",559.0,"Тушь для ресниц Influence Beauty New Era 01 , 9мл",559.0,88
"Фиксирующий гель для бровей Influence Beauty",732.0,"Стойкий фиксирующий гель для бровей Influence Beauty Brow Robot 5,5мл",359.0,100
"Автоматический карандаш для губ тон 11 Influence Beauty",518.0,"Автоматический карандаш для губ Influence Beauty Lipfluence 11 0,28г",519.0,87
"Бальзам-стик для губ тон 01 Influence Beauty Glow Injection",473.0,"Бальзам - стик для губ Influence Beauty Glow Injection 01 2г",699.0,90
"Бальзам-стик для губ тон 04 Influence Beauty Glow Injection",666.0,"Бальзам - стик для губ Influence Beauty Glow Injection 04 2г",699.0,90
"Бальзам-стик для губ тон 06 Influence Beauty Glow Injection",473.0,"Бальзам - стик для губ Influence Beauty Glow Injection 06 2г",699.0,90
"Гель-блеск для губ тон 03 Influence Beauty Gloss-X",419.0,"Гель - блеск для губ Influence Beauty Gloss-X 03 3,4мл",419.0,90
"Гель-блеск для губ тон 06 Influence Beauty Gloss-X",419.0,"Гель - блеск для губ Influence Beauty Gloss-X 06 3,4мл",419.0,90
"Гель-блеск для губ тон 07 Influence Beauty Gloss-X",419.0,"Гель - блеск для губ Influence Beauty Gloss-X 07 3,4мл",419.0,90
"Гель-блеск для губ тон 04 Influence Beauty Gloss-X",419.0,"Гель - блеск для губ Influence Beauty Gloss-X 04 3,4мл",419.0,90
"Гель-блеск для губ тон 05 Influence Beauty Gloss-X",419.0,"Гель - блеск для губ Influence Beauty Gloss-X 05 3,4мл",419.0,90
"Гель-блеск для губ тон 09 Influence Beauty Gloss-X",419.0,"Гель - блеск для губ Influence Beauty Gloss-X 09 3,4мл",419.0,90
"Гель-блеск для губ тон 08 Influence Beauty Gloss-X",419.0,"Гель - блеск для губ Influence Beauty Gloss-X 08 3,4мл",419.0,90
"Гель-блеск для губ тон 02 Influence Beauty Gloss-X",419.0,"Гель - блеск для губ Influence Beauty Gloss-X 02 3,4мл",419.0,90
"Гель-блеск для губ тон 10 Influence Beauty Gloss-X",419.0,"Гель - блеск для губ Influence Beauty Gloss-X 10 3,4мл",419.0,90
"Гель-блеск для губ тон 01 Influence Beauty Gloss-X",419.0,"Гель - блеск для губ Influence Beauty Gloss-X 01 3,4мл",419.0,90
"Гель-блеск для губ тон 01 Influence Beauty Gloss-X",419.0,"Гель - блеск для губ Influence Beauty Gloss-X 01 3,4мл",419.0,90
"Тушь-топпер для ресниц Hydrogenesis Influence Beauty тон 01",799.0,"Тушь - топпер для ресниц Influence Beauty Hydrogenesis 01 3,5г",799.0,88
"Матовая помада Hydrogenesis Influence Beauty тон 03",699.0,"Жидкая матовая помада для губ Influence Beauty Hydrogenesis 03 3,2г",699.0,85
"Двойные тени Hydrogenesis Influence Beauty тон 01",660.0,"Тени для век двойные Influence Beauty Hydrogenesis 01 3г",659.0,85
"Матовая помада Hydrogenesis Influence Beauty тон 01",699.0,"Жидкая матовая помада для губ Influence Beauty Hydrogenesis 01 3,2г",699.0,85
"Бальзам-стик для губ Hydrogenesis Influence Beauty тон 03",720.0,"Бальзам - стик для губ Influence Beauty Hydrogenesis 03 2г",699.0,88
"Матовая помада Hydrogenesis Influence Beauty тон 02",699.0,"Жидкая матовая помада для губ Influence Beauty Hydrogenesis 02 3,2г",699.0,85
"Подводка для глаз Hydrogenesis Influence Beauty тон 02 0.5мл",699.0,"Подводка - фломастер для век с эффектом металлик Influence Beauty Hydrogenesis 02 0,5мл",699.0,80
"Кремовый хайлайтер Hydrogenesis Influence Beauty тон 01",699.0,"Хайлайтер для лица кремовый Influence Beauty Hydrogenesis 01 4,5г",699.0,85
"Бальзам-стик для губ Hydrogenesis Influence Beauty тон 02",699.0,"Бальзам - стик для губ Influence Beauty Hydrogenesis 02 2г",699.0,88
"Бальзам-стик для губ Hydrogenesis Influence Beauty тон 01",513.0,"Бальзам - стик для губ Influence Beauty Hydrogenesis 01 2г",699.0,88
"Двойные тени Hydrogenesis Influence Beauty тон 02",660.0,"Тени для век двойные Influence Beauty Hydrogenesis 02 3г",659.0,85
"Гиалуроновый крем для кожи вокруг глаз Librederm 20мл",772.0,"Крем широкого действия для кожи вокруг глаз Librederm ' гиалуроновый ' 20мл",769.0,100
"Гиалуроновая пенка для умывания Librederm 160мл",586.0,"Пенка для умывания Librederm Коллаген Peptide+ 160мл",995.0,83
"Крем для лица и шеи Librederm Гиалуроновый гидробаланс ночной 50мл",879.0,"Ночной крем для лица , шеи и области декольте Librederm ' гиалуроновый ' 50мл",903.0,90
"Гиалуроновый крем для лица шеи и области декольте Librederm 50мл",879.0,"Ночной крем для лица , шеи и области декольте Librederm ' гиалуроновый ' 50мл",903.0,100
"Крем для лица Librederm Aevit 50мл",382.0,"Ночной крем для лица , шеи и области декольте Librederm ' гиалуроновый ' 50мл",903.0,83
"Крем для лица Librederm Aevit 50мл",382.0,"Гель - крем для лица гиалуроновый дневной Librederm Hyaluronic 50мл",799.0,83
"Гиалуроновый тоник для лица увлажняющий Librederm 200мл",681.0,"Увлажняющий тоник для лица Librederm ' гиалуроновый ' 200мл",699.0,100
"Перекрывающий консилер для лица тон 02 Love Generation I'm Amazing",424.0,"Перекрывающий консилер для лица Love Generation I'm Amazing 02 5мл",449.0,90
"Жидкие тени для век тон 01 Love Generation Nirvana",149.0,"Сияющие жидкие тени для век Love Generation Nirvana 01 2,8мл",309.0,88
"Жидкие тени для век тон 01 Love Generation Nirvana",149.0,"Жидкие матовые тени для век Love Generation Nirvana 01 3мл",149.0,88
"Гелевый карандаш для глаз тон 01 Love Generation Color Bunny",368.0,"Гелевый карандаш для век Love Generation Color Bunny 01 1,3г",409.0,80
"Палетка теней для век U Give Me Money тон 01 Love Generation",761.0,"Палетка теней для век Love Generation Universe, give me money! 01 5г",839.0,83
"Блеск-плампер для губ тон 04 Love Generation Icy-spicy",331.0,"Блеск - плампер для губ Love Generation Icy-Spicy 04 5мл",329.0,90
"Кремовые румяна для лица тон 03 Hypnotized Blush Me Up Love Generation",329.0,"Кремовые румяна для лица Love Generation Blush Me Up 03 2,7г",449.0,83
"Глиттер для лица тон 02 Love Generation We Love Glitter",300.0,"Глиттер для лица Love Generation We Love Glitter 02 1,8г",309.0,88
"Скульптор для лица в стике тон 02 Love Generation Magic",317.0,"Скульптор для лица в стике Love Generation Magic 02 5,5г",469.0,90
"Матирующий тональный крем для лица тон 01 Love Generation Mattya Face",566.0,"Тональный крем для лица с экстрактом матчи Love Generation Matt'ya Face 01 30мл",579.0,81
"Жидкие тени для век матовые тон 01 Love Generation Nirvana",149.0,"Сияющие жидкие тени для век Love Generation Nirvana 01 2,8мл",309.0,80
"Жидкие тени для век матовые тон 01 Love Generation Nirvana",149.0,"Жидкие матовые тени для век Love Generation Nirvana 01 3мл",149.0,90
"Пудра для лица тон 02 Love Generation Tantrix",289.0,"Пудра для лица Love Generation Tantrix 02 6,5г",289.0,87
"Масло-блеск для губ Glossifyer Love Generation тон 06",387.0,"Масло - блеск для губ Love Generation Glossifyer 06 3,5мл",389.0,88
"Тинт для губ тон 01 Love Generation I'm Horny",312.0,"Тинт для губ Love Generation I'm Horny 01 2,5мл",399.0,88
"Масло-блеск для губ Glossifyer Love Generation тон 06",387.0,"Масло - блеск для губ Love Generation Glossifyer 06 3,5мл",389.0,88
"Тинт для губ тон 01 Love Generation I'm Horny",312.0,"Тинт для губ Love Generation I'm Horny 01 2,5мл",399.0,88
"Тушь для ресниц Mascara Happiness тон 01 Love Generation",331.0,"Тушь для ресниц Love Generation Happiness Good Volume Mascara 01 Черный 9мл",399.0,88
"Тушь для ресниц Love Every Lash Mascara Empathy тон 01 Love Generation",331.0,"Тушь для ресниц Love Generation Empathy Love Every Lash Mascara 01 9мл",399.0,90
"Тональный крем для лица тон 02 Love Generation Love Is The Foundation",287.0,"Тональный крем для лица Love Generation Love is the Foundation 02 30мл",289.0,90
"Тушь для ресниц Volume Mascara тон 01 Love Generation",634.0,"Тушь для ресниц с эффектом объёма и разделения Love Generation Volume mascara 01 9мл",289.0,88
"Тушь для ресниц Volume Mascara тон 01 Love Generation",634.0,"Тушь для ресниц Love Generation Happiness Good Volume Mascara 01 Черный 9мл",399.0,88
"Глиттер для лица тон 03 Love Generation We Love Glitter",273.0,"Глиттер для лица Love Generation We Love Glitter 03 1,8г",309.0,88
"Кремовый контуринг для лица Shape MeUp тон 01 Love Generation",451.0,"Кремовый контуринг для лица Love Generation Shape Me Up 01 2,7г",449.0,80
"Жидкие тени для век матовые тон 02 Love Generation Nirvana",149.0,"Сияющие жидкие тени для век Love Generation Nirvana 02 2,8мл",309.0,80
"Жидкие тени для век матовые тон 06 Love Generation Nirvana",222.0,"Сияющие жидкие тени для век Love Generation Nirvana 06 2,8мл",309.0,80
"Жидкие тени для век матовые тон 06 Love Generation Nirvana",222.0,"Жидкие матовые тени для век Love Generation Nirvana 06 3мл",149.0,90
"Масло-блеск для губ Glossifyer Love Generation тон 03",387.0,"Масло - блеск для губ Love Generation Glossifyer 03 3,5мл",389.0,88
"Кремовый тинт для губ тон 04 Pink Drama Generation I'm Horny Love",540.0,"Кремовый тинт для губ Love Generation I'm Horny 04 3мл",549.0,90
"Помада-бальзам для губ тон 09 Love Generation Wet Dream",468.0,"Помада - бальзам для губ Love Generation Wet Dream 09 1,4г",559.0,90
"Масло для губ тон 01 Love Generation Happy",378.0,"Масло для губ Love Generation Be Happy 01 2,3мл",415.0,87
"Масло-блеск для губ Glossifyer Love Generation тон 01",387.0,"Масло - блеск для губ Love Generation Glossifyer 01 3,5мл",389.0,88
"Масло для губ тон 02 Love Generation Happy",378.0,"Масло для губ Love Generation Be Happy 02 2,3мл",415.0,87
"Помада-бальзам для губ тон 01 Love Generation Wet Dream",390.0,"Помада - бальзам для губ Love Generation Wet Dream 01 1,4г",559.0,90
"Маска для губ тон 02 Love Generation Smoothie",362.0,"Маска для губ Love Generation Smoothie 02 2мл",365.0,87
"Тональный крем для лица тон 03 Love Generation Love Is The Foundation",287.0,"Тональный крем для лица Love Generation Love is the Foundation 03 30мл",289.0,90
"Маска для губ тон 02 Love Generation Smoothie",362.0,"Маска для губ Love Generation Smoothie 02 2мл",365.0,87
"Тональный крем для лица тон 03 Love Generation Love Is The Foundation",287.0,"Тональный крем для лица Love Generation Love is the Foundation 03 30мл",289.0,90
"Тональный флюид для лица тон 01 Love Generation Bubble Foundation",634.0,"Тональный флюид для лица Love Generation Bubble 01 40мл",649.0,88
"Масло для губ тон 04 Love Generation Happy",378.0,"Масло для губ Love Generation Be Happy 04 2,3мл",415.0,87
"Помада-бальзам для губ тон 05 Love Generation Wet Dream",540.0,"Помада - бальзам для губ Love Generation Wet Dream 05 1,4г",559.0,90
"Глиттер для лица тон 01 Love Generation We Love Glitter",309.0,"Глиттер для лица Love Generation We Love Glitter 01 1,8г",309.0,88
"Гелевый карандаш для глаз тон 02 Love Generation Color Bunny",368.0,"Гелевый карандаш для век Love Generation Color Bunny 02 1,3г",409.0,80
"Матирующий тональный крем для лица тон 02 Love Generation Mattya Face",566.0,"Тональный крем для лица с экстрактом матчи Love Generation Matt'ya Face 02 30мл",579.0,81
"Масло-блеск для губ Glossifyer Love Generation тон 04",387.0,"Масло - блеск для губ Love Generation Glossifyer 04 3,5мл",389.0,88
"Жидкие тени для век тон 03 Love Generation Nirvana",300.0,"Сияющие жидкие тени для век Love Generation Nirvana 03 2,8мл",309.0,88
"Кремовые румяна для лица тон 02 Cheek Flick Blush Me Up Love Generation",451.0,"Кремовые румяна для лица Love Generation Blush Me Up 02 2,7г",449.0,83
"Автоматический карандаш для бровей Brow Romance тон 04 Love Generation",349.0,"Карандаш для бровей Love Generation Brow Romance 04 3г",349.0,88
"Бальзам для губ тон 01 Love Generation Like A Virgin",381.0,"Бальзам для губ Love Generation Like a Virgin 01 4г",449.0,90
"Гелевый карандаш для глаз тон 04 Love Generation Color Bunny",276.0,"Гелевый карандаш для век Love Generation Color Bunny 04 1,3г",409.0,80
"Автоматический карандаш для бровей тон 02 Browlicious Brow Romance Love Generation",349.0,"Карандаш для бровей Love Generation Brow Romance 02 3г",349.0,88
"Тональный флюид для лица тон 02 Love Generation Bubble Foundation",634.0,"Тональный флюид для лица Love Generation Bubble 02 40мл",649.0,88
"Тинт для губ тон 02 Love Generation I'm Horny",540.0,"Кремовый тинт для губ Love Generation I'm Horny 02 3мл",549.0,88
"Блеск для век и губ тон 01 Love Generation Wet Drops",237.0,"Блеск для век и губ Love Generation Wet Drops 01 12мл",239.0,90
"Матирующий тональный крем для лица тон 03 Love Generation Mattya Face",490.0,"Тональный крем для лица с экстрактом матчи Love Generation Matt'ya Face 03 30мл",579.0,81
"Блеск для век и губ тон 01 Love Generation Wet Drops",237.0,"Блеск для век и губ Love Generation Wet Drops 01 12мл",239.0,90
"Матирующий тональный крем для лица тон 03 Love Generation Mattya Face",490.0,"Тональный крем для лица с экстрактом матчи Love Generation Matt'ya Face 03 30мл",579.0,81
"Автоматический карандаш для бровей тон 03 Cocoa Bean Brow Romance Love Generation",256.0,"Карандаш для бровей Love Generation Brow Romance 03 3г",349.0,88
"Жидкие тени для век тон 06 Love Generation Nirvana",300.0,"Сияющие жидкие тени для век Love Generation Nirvana 06 2,8мл",309.0,88
"Жидкие тени для век тон 06 Love Generation Nirvana",300.0,"Жидкие матовые тени для век Love Generation Nirvana 06 3мл",149.0,88
"Бальзам для губ тон 02 Love Generation Like A Virgin",381.0,"Бальзам для губ Love Generation Like a Virgin 02 4г",449.0,90
"Автоматический карандаш для бровей Brow Romance тон 01 Love Generation",349.0,"Карандаш для бровей Love Generation Brow Romance 01 3г",349.0,88
"Масло-блеск для губ Glossifyer Love Generation тон 05",387.0,"Масло - блеск для губ Love Generation Glossifyer 05 3,5мл",389.0,88
"Помада для губ в стике тон 04 Love Generation Pure Kaif",299.0,"Помада для губ Love Generation Pure Kaif 04 4г",299.0,88
"Гелевый карандаш для глаз тон 03 Love Generation Color Bunny",299.0,"Гелевый карандаш для век Love Generation Color Bunny 03 1,3г",409.0,80
"Кремовый тинт для губ тон 05 Cherish The Day Generation I'm Horny Love",540.0,"Кремовый тинт для губ Love Generation I'm Horny 05 3мл",549.0,90
"Масло для губ тон 03 Love Generation Happy",373.0,"Масло для губ Love Generation Be Happy 03 2,3мл",415.0,87
"Тональный крем для лица тон 04 Love Generation Love Is The Foundation",287.0,"Тональный крем для лица Love Generation Love is the Foundation 04 30мл",289.0,90
"Масло-блеск для губ Glossifyer Love Generation тон 02",387.0,"Масло - блеск для губ Love Generation Glossifyer 02 3,5мл",389.0,88
"Гель для бровей Love Generation Get High Fixing",331.0,"Гель для бровей Love Generation Get High 4,5мл",409.0,87
"Жидкие тени для век тон 02 Love Generation Nirvana",300.0,"Сияющие жидкие тени для век Love Generation Nirvana 02 2,8мл",309.0,88
"Кремовые румяна для лица тон 01 Fuego Kiss Blush Me Up Love Generation",427.0,"Кремовые румяна для лица Love Generation Blush Me Up 01 2,7г",449.0,83
"Помада для губ в стике тон 02 Love Generation Pure Kaif",299.0,"Помада для губ Love Generation Pure Kaif 02 4г",299.0,88
"Гелевый карандаш для губ тон 08 Love Generation Lip Pleasure",350.0,"Гелевый карандаш для губ Love Generation Lip Pleasure 08 1,35г",399.0,90
"Матирующий тональный крем для лица тон 04 Love Generation Mattya Face",490.0,"Тональный крем для лица с экстрактом матчи Love Generation Matt'ya Face 04 30мл",579.0,81
"Спрей для фиксации макияжа Prime Fix Luxvisage",214.0,"Спрей для фиксации макияжа Luxvisage ' Prime & Fix ' 50мл",191.0,100
"Тушь для ресниц Luxvisage XXL Эффект накладных ресниц Черная",288.0,"Тушь для ресниц Luxvisage XXL Суперобъём + Эффект накладных ресниц 9г",324.0,87
"Тушь для ресниц Luxvisage XXL Эффект накладных ресниц Черная",288.0,"Тушь для ресниц Luxvisage XXL эффект накладных ресниц коричневая 9г",324.0,87
"Тушь для ресниц Luxvisage XXL Длина-Изгиб-Объем Черная",288.0,"Тушь для ресниц Luxvisage MIXX ' объём - длина - изгиб ' Черная 12г",311.0,88
"Тушь для ресниц Luxvisage XXL Длина-Изгиб-Объем Черная",288.0,"Тушь для ресниц Luxvisage ' XXL длина-объём-изгиб ' 9г",324.0,88
"Тональный крем Luxvisage Skin Evolution тон 10 Light",272.0,"Тональный крем для лица Luxvisage Skin Evolution ' Soft matte blur effect ' 10 Light 35г",259.0,87
"Тинт для губ тон 05 Luxvisage",228.0,"Тинт для губ Luxvisage Lip Tint Aqua Gel 05 Wine Red 3,4мл",230.0,83
"Гель для бровей Luxvisage Brow Super Fix 12H Бесцветный",181.0,"Гель для бровей Luxvisage Brow super fix 12h суперсильной фиксации бесцветный 6г",194.0,100
"Тушь для ресниц XXL Коричневая Luxvisage",288.0,"Тушь для ресниц Luxvisage XXL Суперобъём + Эффект накладных ресниц 9г",324.0,83
"Тушь для ресниц XXL Коричневая Luxvisage",288.0,"Тушь для ресниц Luxvisage ' XXL длина-объём-изгиб ' 9г",324.0,83
"Тушь для ресниц XXL Коричневая Luxvisage",288.0,"Тушь для ресниц Luxvisage Secret коричневая 12г",278.0,83
"Тушь для ресниц XXL Коричневая Luxvisage",288.0,"Тушь для ресниц Luxvisage XXL эффект накладных ресниц коричневая 9г",324.0,100
"Светоотражающий консилер для лица тон 13 Beige Luxvisage",262.0,"Светоотражающий консилер для лица Luxvisage Ultra HD Soft Focus 12H 13 Beige 3,7г",259.0,87
"Румяна для лица Silk Dream тон 6 Luxvisage",296.0,"Румяна для лица Luxvisage Silk Dream компактные 6 5г",311.0,87
"Румяна для лица Silk Dream тон 3 Luxvisage",291.0,"Румяна для лица Luxvisage Silk Dream компактные 3 5г",311.0,87
"Тушь для ресниц 3D Effect Черная Luxvisage",218.0,"Тушь для ресниц Luxvisage 3D effect ' объём - длина - Ультра черная ' 10г",233.0,100
"Тональный крем Luxvisage Skin Evolution тон 30 Rose beige",272.0,"Тональный крем для лица Luxvisage Skin Evolution ' Soft matte blur effect ' 30 Rose Beige 35г",259.0,88
"Блеск для губ Luxvisage Dragon Glass 3D Volume тон 01",193.0,"Блеск для губ Luxvisage Dragon Glass 3D volume Прозрачный 3мл",207.0,80
"Тинт для губ Luxvisage Lip Tint Aqua Gel тон 01 Aperol",232.0,"Тинт для губ Luxvisage Lip Tint Aqua Gel 01 , Aperol , 3,4мл",230.0,90
"Тушь для ресниц Luxvisage Perfect Color Веер пышных ресниц Черная",253.0,"Тушь для ресниц Luxvisage Perfect color ' Веер пышных ресниц ' Черная 9г",243.0,100
"Тушь для ресниц Luxvisage Perfect Color Веер пышных ресниц Черная",253.0,"Тушь для ресниц Luxvisage Perfect color ' Веер пышных ресниц ' , Violet , 8г",243.0,88
"Тушь для ресниц Luxvisage Perfect Color Веер пышных ресниц Черная",253.0,"Тушь для ресниц Luxvisage Perfect color ' Веер пышных ресниц ' , Blue , 8г",243.0,88
"Тушь для ресниц Killer Luxvisage",314.0,"Тушь для ресниц Luxvisage XXL Суперобъём + Эффект накладных ресниц 9г",324.0,80
"Тушь для ресниц Killer Luxvisage",314.0,"Тушь для ресниц Luxvisage Secret Черная 12г",278.0,80
"Тушь для ресниц Killer Luxvisage",314.0,"Тушь для ресниц Luxvisage Perfect color ' Веер пышных ресниц ' Черная 9г",243.0,80
"Тушь для ресниц Killer Luxvisage",314.0,"Тушь для ресниц Luxvisage Perfect color ' EXPRESS объем&длина ' 9г",243.0,80
"Тушь для ресниц Killer Luxvisage",314.0,"Объёмная тушь для ресниц Luxvisage Elastica Thermo Tubing Черная 8г",315.0,80
"Тушь для ресниц Killer Luxvisage",314.0,"Тушь для ресниц Luxvisage MIXX ' объём - длина - изгиб ' Черная 12г",311.0,80
"Тушь для ресниц Killer Luxvisage",314.0,"Тушь для ресниц Luxvisage Arabian Night Drama volume Черный 8г",245.0,80
"Тушь для ресниц Killer Luxvisage",314.0,"Тушь для ресниц Luxvisage ' XXL длина-объём-изгиб ' 9г",324.0,80
"Тушь для ресниц Killer Luxvisage",314.0,"Тушь для ресниц Luxvisage Smoky Eyes ' Эффект умножения и удлинения ' 7г",278.0,80
"Тушь для ресниц Killer Luxvisage",314.0,"Тушь для ресниц Luxvisage Smoky Eyes ' Накладные ресницы ' 7г",278.0,80
"Тушь для ресниц Killer Luxvisage",314.0,"Тушь для ресниц Luxvisage Secret коричневая 12г",278.0,80
"Тушь для ресниц Killer Luxvisage",314.0,"Тушь для ресниц Luxvisage XXL эффект накладных ресниц коричневая 9г",324.0,80
"Тушь для ресниц Killer Luxvisage",314.0,"Тушь для ресниц Luxvisage Smoky Eyes ' Панорамный объем ' 7г",278.0,80
"Тушь для ресниц Killer Luxvisage",314.0,"Тушь для ресниц Luxvisage Killer Черная 11г",350.0,100
"Тушь для ресниц Killer Luxvisage",314.0,"Тушь для ресниц Luxvisage Absolute Веерный суперобъем Черная 8г",245.0,80
"Тушь для ресниц Killer Luxvisage",314.0,"Тушь для ресниц Luxvisage Perfect color ' Push Up Effect ' 9г",243.0,80
"Тушь для ресниц Killer Luxvisage",314.0,"Тушь для ресниц Luxvisage 3D effect ' объём - длина - Ультра черная ' 10г",233.0,80
"Тушь для ресниц Killer Luxvisage",314.0,"Тушь для ресниц Luxvisage Evolution ' суперобъём-длина-умножение ресниц ' , Черный , 8г",245.0,80
"Тушь для ресниц Killer Luxvisage",314.0,"Тушь для ресниц Luxvisage Illusion ' Панорамный объём ' Черный 8г",252.0,80
"Тушь для ресниц Killer Luxvisage",314.0,"Тушь для ресниц Luxvisage Fan! Volume Черная 9г",289.0,80
"Тушь для ресниц Killer Luxvisage",314.0,"Тушь для ресниц Luxvisage Secret синяя 12г",278.0,80
"Тушь для ресниц Killer Luxvisage",314.0,"Тушь для ресниц Luxvisage Perfect color ' Веер пышных ресниц ' , Violet , 8г",243.0,80
"Тушь для ресниц Killer Luxvisage",314.0,"Тушь для ресниц Luxvisage Perfect color ' Веер пышных ресниц ' , Blue , 8г",243.0,80
"Тушь для ресниц Killer Luxvisage",314.0,"Тушь для ресниц Luxvisage XXL Суперобъём + Эффект накладных ресниц 9г",324.0,80
"Тушь для ресниц Killer Luxvisage",314.0,"Тушь для ресниц Luxvisage Secret Черная 12г",278.0,80
"Тушь для ресниц Killer Luxvisage",314.0,"Тушь для ресниц Luxvisage Perfect color ' Веер пышных ресниц ' Черная 9г",243.0,80
"Тушь для ресниц Killer Luxvisage",314.0,"Тушь для ресниц Luxvisage Perfect color ' EXPRESS объем&длина ' 9г",243.0,80
"Тушь для ресниц Killer Luxvisage",314.0,"Объёмная тушь для ресниц Luxvisage Elastica Thermo Tubing Черная 8г",315.0,80
"Тушь для ресниц Killer Luxvisage",314.0,"Тушь для ресниц Luxvisage MIXX ' объём - длина - изгиб ' Черная 12г",311.0,80
"Тушь для ресниц Killer Luxvisage",314.0,"Тушь для ресниц Luxvisage Arabian Night Drama volume Черный 8г",245.0,80
"Тушь для ресниц Killer Luxvisage",314.0,"Тушь для ресниц Luxvisage ' XXL длина-объём-изгиб ' 9г",324.0,80
"Тушь для ресниц Killer Luxvisage",314.0,"Тушь для ресниц Luxvisage Smoky Eyes ' Эффект умножения и удлинения ' 7г",278.0,80
"Тушь для ресниц Killer Luxvisage",314.0,"Тушь для ресниц Luxvisage Smoky Eyes ' Накладные ресницы ' 7г",278.0,80
"Тушь для ресниц Killer Luxvisage",314.0,"Тушь для ресниц Luxvisage Secret коричневая 12г",278.0,80
"Тушь для ресниц Killer Luxvisage",314.0,"Тушь для ресниц Luxvisage XXL эффект накладных ресниц коричневая 9г",324.0,80
"Тушь для ресниц Killer Luxvisage",314.0,"Тушь для ресниц Luxvisage Smoky Eyes ' Панорамный объем ' 7г",278.0,80
"Тушь для ресниц Killer Luxvisage",314.0,"Тушь для ресниц Luxvisage Killer Черная 11г",350.0,100
"Тушь для ресниц Killer Luxvisage",314.0,"Тушь для ресниц Luxvisage Absolute Веерный суперобъем Черная 8г",245.0,80
"Тушь для ресниц Killer Luxvisage",314.0,"Тушь для ресниц Luxvisage Perfect color ' Push Up Effect ' 9г",243.0,80
"Тушь для ресниц Killer Luxvisage",314.0,"Тушь для ресниц Luxvisage 3D effect ' объём - длина - Ультра черная ' 10г",233.0,80
"Тушь для ресниц Killer Luxvisage",314.0,"Тушь для ресниц Luxvisage Evolution ' суперобъём-длина-умножение ресниц ' , Черный , 8г",245.0,80
"Тушь для ресниц Killer Luxvisage",314.0,"Тушь для ресниц Luxvisage Illusion ' Панорамный объём ' Черный 8г",252.0,80
"Тушь для ресниц Killer Luxvisage",314.0,"Тушь для ресниц Luxvisage Fan! Volume Черная 9г",289.0,80
"Тушь для ресниц Killer Luxvisage",314.0,"Тушь для ресниц Luxvisage Secret синяя 12г",278.0,80
"Тушь для ресниц Killer Luxvisage",314.0,"Тушь для ресниц Luxvisage Perfect color ' Веер пышных ресниц ' , Violet , 8г",243.0,80
"Тушь для ресниц Killer Luxvisage",314.0,"Тушь для ресниц Luxvisage Perfect color ' Веер пышных ресниц ' , Blue , 8г",243.0,80
"Тени для век Luxvisage Metal Hype жидкие тон 7",230.0,"Жидкие тени для век Luxvisage Metal hype 7 Кремовый жемчуг 3г",226.0,88
"Масло для губ Luxvisage Beauty Elixir тон 04 Вишневый эликсир",173.0,"Масло для губ Luxvisage Beauty elixir Вишневый эликсир 6г",172.0,88
"Тушь для ресниц Luxvisage Evolution объем-длина-умножение",232.0,"Тушь для ресниц Luxvisage Evolution ' суперобъём-длина-умножение ресниц ' , Черный , 8г",245.0,87
"Тональный крем Luxvisage Skin Evolution тон 25 Natural",449.0,"Тональный крем для лица Luxvisage Skin Evolution ' Soft matte blur effect ' 25 Natural 35г",259.0,87
"Тинт для губ Luxvisage Lip Tint Aqua Gel тон 02 Sexy Red",232.0,"Тинт для губ Luxvisage Lip Tint Aqua Gel 02 , Sexy red , 3,4мл",230.0,91
"Блеск для губ Dragon Glass 3D Volume тон 02 Luxvisage",204.0,"Блеск для губ Luxvisage Dragon Glass 3D volume Прозрачный 3мл",207.0,80
"Помада для губ Luxvisage Matt Tattoo No Transfer 12H тон 103",236.0,"Жидкая матовая помада для губ Luxvisage Matt Tattoo no transfer 12H 116 , 3,8г",246.0,81
"Помада для губ Luxvisage Matt Tattoo No Transfer 12H тон 103",236.0,"Жидкая помада для губ Luxvisage Matt Tattoo No transfer матовая 103 Caramel Nude",246.0,81
"Помада для губ Luxvisage Matt Tattoo No Transfer 12H тон 103",236.0,"Жидкая матовая помада для губ Luxvisage Matt Tattoo no transfer 12H 121 , 3,8г",246.0,81
"Помада для губ Luxvisage Matt Tattoo No Transfer 12H тон 103",236.0,"Жидкая матовая помада для губ Luxvisage Matt Tattoo no transfer 12H 120 , 3,8г",246.0,81
"Помада для губ Luxvisage Matt Tattoo No Transfer 12H тон 103",236.0,"Жидкая матовая помада для губ Luxvisage Matt Tattoo no transfer 12H 123 , 3,8г",246.0,81
"Гель для бровей Luxvisage Brow Fixing Бесцветный",179.0,"Гель для бровей Luxvisage Brow super fix 12h суперсильной фиксации бесцветный 6г",194.0,85
"Гель для бровей Luxvisage Brow Fixing Бесцветный",179.0,"Гель - фиксатор для бровей Luxvisage Brow fixing 5,5г",174.0,85
"Гель-корректор для бровей Luxvisage Brow Styler 3 in 1 тон 1 Латте",181.0,"Гель - корректор для бровей с микрофиброй Luxvisage Brow Styler 3 in 1 4 Эспрессо 5,5г",187.0,83
"Гель-корректор для бровей Luxvisage Brow Styler 3 in 1 тон 1 Латте",181.0,"Гель - корректор для бровей с микрофиброй Luxvisage Brow Styler 3 in 1 1 Латте 5,5г",187.0,91
"Гель-корректор для бровей Luxvisage Brow Styler 3 in 1 тон 1 Латте",181.0,"Гель - корректор для бровей с микрофиброй Luxvisage Brow Styler 3 in 1 3 Мокаччино 5,5г",187.0,83
"Тушь для ресниц Luxvisage Smoky Eyes Эффект умножения и удлинения",272.0,"Тушь для ресниц Luxvisage Smoky Eyes ' Эффект умножения и удлинения ' 7г",278.0,100
"Тушь для ресниц Absolute Веерный объем Черная Luxvisage",232.0,"Тушь для ресниц Luxvisage Absolute Веерный суперобъем Черная 8г",245.0,87
"Помада для губ Luxvisage Matt Tattoo No Transfer 12H тон 104",236.0,"Жидкая матовая помада для губ Luxvisage Matt Tattoo no transfer 12H 116 , 3,8г",246.0,81
"Помада для губ Luxvisage Matt Tattoo No Transfer 12H тон 104",236.0,"Жидкая помада для губ Luxvisage Matt Tattoo No transfer матовая 104 Lilac nude",246.0,81
"Помада для губ Luxvisage Matt Tattoo No Transfer 12H тон 104",236.0,"Жидкая матовая помада для губ Luxvisage Matt Tattoo no transfer 12H 121 , 3,8г",246.0,81
"Помада для губ Luxvisage Matt Tattoo No Transfer 12H тон 104",236.0,"Жидкая матовая помада для губ Luxvisage Matt Tattoo no transfer 12H 120 , 3,8г",246.0,81
"Помада для губ Luxvisage Matt Tattoo No Transfer 12H тон 104",236.0,"Жидкая матовая помада для губ Luxvisage Matt Tattoo no transfer 12H 123 , 3,8г",246.0,81
"Румяна для лица Silk Dream тон 4 Luxvisage",291.0,"Румяна для лица Luxvisage Silk Dream компактные 4 5г",311.0,87
"Тушь для ресниц Luxvisage Mixx Черный",288.0,"Тушь для ресниц Luxvisage MIXX ' объём - длина - изгиб ' Черная 12г",311.0,83
"Тушь для ресниц Luxvisage Mixx Черный",288.0,"Тушь для ресниц Luxvisage Arabian Night Drama volume Черный 8г",245.0,83
"Тушь для ресниц Luxvisage Mixx Черный",288.0,"Тушь для ресниц Luxvisage Evolution ' суперобъём-длина-умножение ресниц ' , Черный , 8г",245.0,83
"Тушь для ресниц Luxvisage Mixx Черный",288.0,"Тушь для ресниц Luxvisage Illusion ' Панорамный объём ' Черный 8г",252.0,83
"Блеск для губ Luxvisage Lip Volumizer Hot Vanilla тон 306",211.0,"Блеск - плампер для губ Luxvisage Lip Volumizer hot vanilla 308 2,9г",226.0,80
"Блеск для губ Luxvisage Lip Volumizer Hot Vanilla тон 306",211.0,"Блеск - плампер для губ Luxvisage Lip Volumizer hot vanilla 303 , 2,9г",226.0,80
"Блеск для губ Luxvisage Lip Volumizer Hot Vanilla тон 306",211.0,"Блеск - плампер для губ Luxvisage Lip Volumizer hot vanilla 305 , 2,9г",226.0,80
"Блеск для губ Luxvisage Lip Volumizer Hot Vanilla тон 306",211.0,"Блеск - плампер для губ Luxvisage Lip Volumizer hot vanilla 306 , 2,9г",226.0,90
"Блеск для губ Luxvisage Lip Volumizer Hot Vanilla тон 306",211.0,"Блеск - плампер для губ Luxvisage Lip Volumizer hot vanilla 307 , 2,9г",226.0,80
"Блеск для губ Luxvisage Lip Volumizer Hot Vanilla тон 306",211.0,"Блеск - плампер для губ Luxvisage Lip Volumizer hot vanilla 304 , 2,9г",226.0,80
"Блеск для губ Luxvisage Lip Volumizer Hot Vanilla тон 305",211.0,"Блеск - плампер для губ Luxvisage Lip Volumizer hot vanilla 308 2,9г",226.0,80
"Блеск для губ Luxvisage Lip Volumizer Hot Vanilla тон 305",211.0,"Блеск - плампер для губ Luxvisage Lip Volumizer hot vanilla 303 , 2,9г",226.0,80
"Блеск для губ Luxvisage Lip Volumizer Hot Vanilla тон 305",211.0,"Блеск - плампер для губ Luxvisage Lip Volumizer hot vanilla 305 , 2,9г",226.0,90
"Блеск для губ Luxvisage Lip Volumizer Hot Vanilla тон 305",211.0,"Блеск - плампер для губ Luxvisage Lip Volumizer hot vanilla 306 , 2,9г",226.0,80
"Блеск для губ Luxvisage Lip Volumizer Hot Vanilla тон 305",211.0,"Блеск - плампер для губ Luxvisage Lip Volumizer hot vanilla 307 , 2,9г",226.0,80
"Блеск для губ Luxvisage Lip Volumizer Hot Vanilla тон 305",211.0,"Блеск - плампер для губ Luxvisage Lip Volumizer hot vanilla 304 , 2,9г",226.0,80
"Блеск для губ Luxvisage Lip Volumizer Hot Vanilla тон 303",211.0,"Блеск - плампер для губ Luxvisage Lip Volumizer hot vanilla 308 2,9г",226.0,80
"Блеск для губ Luxvisage Lip Volumizer Hot Vanilla тон 303",211.0,"Блеск - плампер для губ Luxvisage Lip Volumizer hot vanilla 303 , 2,9г",226.0,90
"Блеск для губ Luxvisage Lip Volumizer Hot Vanilla тон 303",211.0,"Блеск - плампер для губ Luxvisage Lip Volumizer hot vanilla 305 , 2,9г",226.0,80
"Блеск для губ Luxvisage Lip Volumizer Hot Vanilla тон 303",211.0,"Блеск - плампер для губ Luxvisage Lip Volumizer hot vanilla 306 , 2,9г",226.0,80
"Блеск для губ Luxvisage Lip Volumizer Hot Vanilla тон 303",211.0,"Блеск - плампер для губ Luxvisage Lip Volumizer hot vanilla 307 , 2,9г",226.0,80
"Блеск для губ Luxvisage Lip Volumizer Hot Vanilla тон 303",211.0,"Блеск - плампер для губ Luxvisage Lip Volumizer hot vanilla 304 , 2,9г",226.0,80
"Тени для век Luxvisage Жидкие Matt tint waterproof 12H тон 102",230.0,"Жидкие матовые тени для век Luxvisage Matt tint 12h 102 DUSTY ROSE 3г",226.0,81
"Тени для век Luxvisage Matt Tint Waterproof 12H жидкие тон 110",218.0,"Жидкие матовые тени для век Luxvisage Matt tint 12h 110 Dark Chocolate 3г",226.0,81
"Тушь для ресниц Luxvisage Perfect Color Push Up Черная",234.0,"Тушь для ресниц Luxvisage Perfect color ' Push Up Effect ' 9г",243.0,88
"Тушь для ресниц Illusion панорамный объем Черная Luxvisage",232.0,"Тушь для ресниц Luxvisage Illusion ' Панорамный объём ' Черный 8г",252.0,87
"Помада для губ Luxvisage Matt Tattoo No Transfer 12H тон 109",248.0,"Жидкая матовая помада для губ Luxvisage Matt Tattoo no transfer 12H 116 , 3,8г",246.0,81
"Помада для губ Luxvisage Matt Tattoo No Transfer 12H тон 109",248.0,"Жидкая помада для губ Luxvisage Matt Tattoo No transfer матовая 109 Claassic red",246.0,81
"Помада для губ Luxvisage Matt Tattoo No Transfer 12H тон 109",248.0,"Жидкая матовая помада для губ Luxvisage Matt Tattoo no transfer 12H 121 , 3,8г",246.0,81
"Помада для губ Luxvisage Matt Tattoo No Transfer 12H тон 109",248.0,"Жидкая матовая помада для губ Luxvisage Matt Tattoo no transfer 12H 120 , 3,8г",246.0,81
"Помада для губ Luxvisage Matt Tattoo No Transfer 12H тон 109",248.0,"Жидкая матовая помада для губ Luxvisage Matt Tattoo no transfer 12H 123 , 3,8г",246.0,81
"Тени для век Luxvisage Metal Hype жидкие тон 16",230.0,"Жидкие тени для век Luxvisage Metal hype 16 Тигровый Глаз 3,5г",226.0,88
"Тени для век Luxvisage Matt Tint Waterproof 12H жидкие тон 103",215.0,"Жидкие матовые тени для век Luxvisage Matt tint 12h 103 Nude beige 3г",226.0,81
"Тени для век Luxvisage Matt Tint Waterproof 12H жидкие тон 103",215.0,"Жидкие матовые тени для век Luxvisage Matt tint 12h 103 Nude beige 3г",226.0,81
"Тени для век Luxvisage Жидкие Matt tint waterproof 12H тон 105",238.0,"Жидкие матовые тени для век Luxvisage Matt tint 12h 105 Ash Lilac 3г",226.0,81
"Тени для век Luxvisage Matt Tint Waterproof 12H жидкие тон 104",238.0,"Жидкие матовые тени для век Luxvisage Matt tint 12h 104 Cool Taupe 3г",226.0,81
"Блеск для губ Glass Shine тон 20 Rosewood Luxvisage",200.0,"Блеск для губ Luxvisage Glass Shine 20 3г",213.0,87
"Помада для губ Luxvisage Matt Tattoo No Transfer 12H тон 120",236.0,"Жидкая матовая помада для губ Luxvisage Matt Tattoo no transfer 12H 116 , 3,8г",246.0,81
"Помада для губ Luxvisage Matt Tattoo No Transfer 12H тон 120",236.0,"Жидкая матовая помада для губ Luxvisage Matt Tattoo no transfer 12H 121 , 3,8г",246.0,81
"Помада для губ Luxvisage Matt Tattoo No Transfer 12H тон 120",236.0,"Жидкая матовая помада для губ Luxvisage Matt Tattoo no transfer 12H 120 , 3,8г",246.0,90
"Помада для губ Luxvisage Matt Tattoo No Transfer 12H тон 120",236.0,"Жидкая матовая помада для губ Luxvisage Matt Tattoo no transfer 12H 123 , 3,8г",246.0,81
"Гель-корректор для бровей Luxvisage Brow Styler 3 in 1 тон 3 Моккачино",187.0,"Гель - корректор для бровей с микрофиброй Luxvisage Brow Styler 3 in 1 4 Эспрессо 5,5г",187.0,83
"Гель-корректор для бровей Luxvisage Brow Styler 3 in 1 тон 3 Моккачино",187.0,"Гель - корректор для бровей с микрофиброй Luxvisage Brow Styler 3 in 1 1 Латте 5,5г",187.0,83
"Гель-корректор для бровей Luxvisage Brow Styler 3 in 1 тон 3 Моккачино",187.0,"Гель - корректор для бровей с микрофиброй Luxvisage Brow Styler 3 in 1 3 Мокаччино 5,5г",187.0,83
"Блеск для губ Glass Shine тон 10 Caramel Nude Luxvisage",204.0,"Блеск для губ Luxvisage Glass Shine 10 3г",213.0,87
"Помада для губ тон 14 Luxvisage",349.0,"Помада для губ Luxvisage 14 4г",226.0,83
"Блеск для губ Luxvisage Pin Up Ultra Matt тон 39",259.0,"Блеск для губ Luxvisage Pin-Up 39 5г",259.0,87
"Блеск для губ Glass Shine тон 19 Crystal Beige Luxvisage",200.0,"Блеск для губ Luxvisage Glass Shine 19 3г",213.0,87
"Помада для губ тон 69 Luxvisage",349.0,"Помада для губ Luxvisage 69 4г",226.0,83
"Румяна для лица Silk Dream тон 1 Luxvisage",296.0,"Румяна для лица Luxvisage Silk Dream компактные 1 5г",311.0,87
"Помада для губ Luxvisage Matt Tattoo No Transfer 12H тон 101",240.0,"Жидкая помада для губ Luxvisage Matt Tattoo No transfer матовая 101 Lavender Pink",246.0,81
"Помада для губ Luxvisage Matt Tattoo No Transfer 12H тон 101",240.0,"Жидкая матовая помада для губ Luxvisage Matt Tattoo no transfer 12H 116 , 3,8г",246.0,81
"Помада для губ Luxvisage Matt Tattoo No Transfer 12H тон 101",240.0,"Жидкая матовая помада для губ Luxvisage Matt Tattoo no transfer 12H 121 , 3,8г",246.0,81
"Помада для губ Luxvisage Matt Tattoo No Transfer 12H тон 101",240.0,"Жидкая матовая помада для губ Luxvisage Matt Tattoo no transfer 12H 120 , 3,8г",246.0,81
"Помада для губ Luxvisage Matt Tattoo No Transfer 12H тон 101",240.0,"Жидкая матовая помада для губ Luxvisage Matt Tattoo no transfer 12H 123 , 3,8г",246.0,81
"Помада для губ тон 36 Luxvisage",349.0,"Помада для губ Luxvisage 36 4г",226.0,83
"Помада для губ Luxvisage Matt Tattoo No Transfer 12H тон 101",240.0,"Жидкая помада для губ Luxvisage Matt Tattoo No transfer матовая 101 Lavender Pink",246.0,81
"Помада для губ Luxvisage Matt Tattoo No Transfer 12H тон 101",240.0,"Жидкая матовая помада для губ Luxvisage Matt Tattoo no transfer 12H 116 , 3,8г",246.0,81
"Помада для губ Luxvisage Matt Tattoo No Transfer 12H тон 101",240.0,"Жидкая матовая помада для губ Luxvisage Matt Tattoo no transfer 12H 121 , 3,8г",246.0,81
"Помада для губ Luxvisage Matt Tattoo No Transfer 12H тон 101",240.0,"Жидкая матовая помада для губ Luxvisage Matt Tattoo no transfer 12H 120 , 3,8г",246.0,81
"Помада для губ Luxvisage Matt Tattoo No Transfer 12H тон 101",240.0,"Жидкая матовая помада для губ Luxvisage Matt Tattoo no transfer 12H 123 , 3,8г",246.0,81
"Помада для губ тон 36 Luxvisage",349.0,"Помада для губ Luxvisage 36 4г",226.0,83
"Блеск для губ Glass Shine тон 18 Velvet Rose Luxvisage",349.0,"Блеск для губ Luxvisage Glass Shine 18 3г",213.0,87
"Помада для губ тон 17 Luxvisage",349.0,"Помада для губ Luxvisage 17 4г",226.0,83
"Помада для губ тон 67 Luxvisage",349.0,"Помада для губ Luxvisage 67 4г",226.0,83
"Пенка для лица Mixit Очищающая с мочевиной и гиалуроновой кислотой 200мл",287.0,"Очищающая пенка Экстраувлажнение с мочевиной и гиалуроновой кислотой Mixit LAB WOW Moisture 200мл",374.0,81
"Крем для рук и тела Mixit Spa Rituals мускус 250мл",452.0,"Увлажняющий крем для рук и тела Mixit Spa Rituals Amber & Tonka cream 250мл",389.0,90
"Крем для рук и тела Mixit Spa Rituals мускус 250мл",452.0,"Парфюмированный крем для рук и тела Mixit Spa Rituals Musk kashmir 250мл",588.0,90
"Крем для рук и тела Mixit Spa Rituals мускус 250мл",452.0,"Парфюмитрованный крем для рук и тела Mixit Spa Rituals Black Pepper 250мл",588.0,90
"Маска-реконструктор для восстановления волос Hair Expert Mixit 400мл",899.0,"Маска - реконструктор для волос Mixit Hair Expert Collagen mask 400мл",599.0,88
"Сыворотка для лица Mixit Skin Chemistry увлажняющая с гиалуроновой кислотой 30мл",290.0,"Увлажняющая сыворотка - концентрат с гиалуроновой кислотой Mixit Skin Chemistry Water Bomb 30мл",374.0,81
"Маска-реконструктор для восстановления волос Hair Expert Mixit 400мл",899.0,"Маска - реконструктор для волос Mixit Hair Expert Collagen mask 400мл",599.0,88
"Сыворотка для лица Mixit Skin Chemistry увлажняющая с гиалуроновой кислотой 30мл",290.0,"Увлажняющая сыворотка - концентрат с гиалуроновой кислотой Mixit Skin Chemistry Water Bomb 30мл",374.0,81
"Энзимная пудра Mixit Vitamin C Enzyme Powder с витамином С 100г",509.0,"Энзимная пудра с витамином C Mixit Vitamin C 100г",729.0,100
"Гидрофильное гель-масло для умывания Mixit Your Skin очищающее 150мл",549.0,"Гидрофильное гель - масло для умывания Mixit Your skin Mango Cleansing Oil 150мл",411.0,90
"Бальзам-ополаскиватель для волос Mixit Collagen&Biotin восстанавливающий 1л",408.0,"Восстанавливающий бальзам - ополаскиватель для волос с коллагеном и биотином Mixit Hair Expert Collagen+biotin 1000мл",479.0,88
"Тоник для лица с кислотами для проблемной кожи Stop Acne Mixit 150мл",449.0,"Пэды с кислотами для проблемной кожи Mixit Stop Acne 60шт",817.0,80
"Тоник для лица с кислотами для проблемной кожи Stop Acne Mixit 150мл",449.0,"Тоник с кислотами для проблемной кожи Mixit Stop Acne 150мл",654.0,100
"Тоник для лица с кислотами для проблемной кожи Stop Acne Mixit 150мл",449.0,"Очищающий гель с кислотами для проблемной кожи Mixit Stop Acne 150мл",449.0,81
"Сыворотка для лица Mixit Skin Chemistry антивозрастная с пептидами и гиалуроновой кислотой 30мл",349.0,"Антивозрастная сыворотка с пептидами меди и гиалуроновой кислотой Mixit Skin Chemistry Anti-age 30мл",374.0,84
"Гель-патч для лица Mixit Stop Acne с кислотами для проблемной кожи 15мл",443.0,"Пэды с кислотами для проблемной кожи Mixit Stop Acne 60шт",817.0,80
"Гель-патч для лица Mixit Stop Acne с кислотами для проблемной кожи 15мл",443.0,"Тоник с кислотами для проблемной кожи Mixit Stop Acne 150мл",654.0,80
"Гель-патч для лица Mixit Stop Acne с кислотами для проблемной кожи 15мл",443.0,"Очищающий гель с кислотами для проблемной кожи Mixit Stop Acne 150мл",449.0,81
"Гель-уход для душа Свежесть и забота NIVEA 250мл",239.0,"Гель - уход для душа NIVEA ' Свежесть и забота ' натуральное Алоэ вера и мягкий свежий аромат 250мл",299.0,100
"Бальзам после бритья с гиалуроном NIVEA Men 100мл",559.0,"Бальзам после бритья NIVEA Men Гиалурон 100мл",627.0,85
"Увлажняющий крем универсальный NIVEA 30мл",139.0,"Увлажняющий крем NIVEA Creme универсальный для тела 75мл",269.0,80
"Увлажняющий крем универсальный NIVEA 30мл",139.0,"Увлажняющий крем NIVEA Creme универсальный для тела 150мл",395.0,80
"Увлажняющий бальзам после бритья NIVEA Men 100мл",519.0,"Бальзам после бритья NIVEA For Men для чувствительной кожи 100мл",669.0,85
"Увлажняющий бальзам после бритья NIVEA Men 100мл",519.0,"Бальзам после бритья NIVEA Men ' Защита и уход ' увлажняющий 100мл",699.0,100
"Увлажняющий бальзам после бритья NIVEA Men 100мл",519.0,"Бальзам после бритья NIVEA Men Гиалурон 100мл",627.0,85
"Бальзам для губ Вишневое сияние NIVEA",218.0,"Бальзам для губ NIVEA ' Фруктовое сияние. клубника ' 4,8г",289.0,83
"Восстанавливающая пена для бритья для чувствительной кожи NIVEA Men 200мл",314.0,"Восстанавливающая пена NIVEA для бритья для чувствительной кожи 200мл",419.0,100
"Восстанавливающая пена для бритья для чувствительной кожи NIVEA Men 200мл",314.0,"Охлаждающая пена NIVEA Men для бритья для чувствительной кожи 200мл",419.0,88
"Бальзам для губ Восстановление и защита NIVEA",199.0,"Бальзам для губ NIVEA ' защита и восстановление ' 4,8г",289.0,100
"Антиперспирант Невидимая защита для черного и белого Pure NIVEA 50мл",189.0,"Мужской дезодорант - антиперспирант NIVEA Невидимая защита для черного и белого , шариковый 50мл",299.0,90
"Антиперспирант Невидимая защита для черного и белого Pure NIVEA 50мл",189.0,"Шариковый NIVEA Невидимая защита для черного и белого женский дезодорант - антиперспирант ' Pure ' 50мл",201.0,100
"Антиперспирант Жемчужная красота шариковый женский NIVEA 50мл",189.0,"Женский антиперспирант NIVEA Жемчужная красота 50мл",261.0,100
"Антиперспирант Невидимая защита для черного и белого Pure NIVEA 150мл",199.0,"Мужской дезодорант - антиперспирант NIVEA Невидимая защита для черного и белого , шариковый 50мл",299.0,80
"Антиперспирант Невидимая защита для черного и белого Pure NIVEA 150мл",199.0,"Шариковый NIVEA Невидимая защита для черного и белого женский дезодорант - антиперспирант ' Pure ' 50мл",201.0,90
"Гель для душа Cпорт NIVEA 500мл",452.0,"Мужской гель для душа NIVEA Men ' Сила угля ' 500мл",449.0,83
"Гель для душа Cпорт NIVEA 500мл",452.0,"Мужской гель для душа 3 в 1 NIVEA Men Ultra Extreme 500мл",449.0,83
"Бальзам для губ NIVEA Жемчужное сияние",241.0,"Бальзам для губ NIVEA ' Фруктовое сияние. клубника ' 4,8г",289.0,83
"Восстанавливающий бальзам для тела NIVEA SOS 250мл",399.0,"Бальзам NIVEA SOS для тела , для очень сухой кожи 250мл",599.0,85
"Увлажняющий крем универсальный NIVEA Creme 250мл",297.0,"Увлажняющий крем NIVEA Creme универсальный для тела 75мл",269.0,83
"Увлажняющий крем универсальный NIVEA Creme 250мл",297.0,"Увлажняющий крем NIVEA Creme универсальный для тела 150мл",395.0,83
"Увлажняющий крем для тела интенсивный NIVEA Soft 300мл",469.0,"Крем NIVEA для тела увлажняющий 250мл",449.0,83
"Увлажняющий крем для тела интенсивный NIVEA Soft 300мл",469.0,"Увлажняющий крем NIVEA Soft интенсивный для лица , рук и тела 200мл",469.0,87
"Увлажняющий крем для тела интенсивный NIVEA Soft 300мл",469.0,"Увлажняющий крем NIVEA Soft интенсивный для лица , рук и тела 100мл",284.0,87
"Увлажняющий крем для тела интенсивный NIVEA Soft 300мл",469.0,"Интенсивный увлажняющий крем для лица и тела NIVEA Soft 300мл",699.0,100
"Антиперспирант Черное и белое Невидимый NIVEA Men Extra 150мл",299.0,"Мужской дезодорант - антиперспирант NIVEA Men Черное и белое Невидимый Extra 150мл",336.0,100
"Увлажняющий крем для тела интенсивный NIVEA Soft 300мл",469.0,"Крем NIVEA для тела увлажняющий 250мл",449.0,83
"Увлажняющий крем для тела интенсивный NIVEA Soft 300мл",469.0,"Увлажняющий крем NIVEA Soft интенсивный для лица , рук и тела 200мл",469.0,87
"Увлажняющий крем для тела интенсивный NIVEA Soft 300мл",469.0,"Увлажняющий крем NIVEA Soft интенсивный для лица , рук и тела 100мл",284.0,87
"Увлажняющий крем для тела интенсивный NIVEA Soft 300мл",469.0,"Интенсивный увлажняющий крем для лица и тела NIVEA Soft 300мл",699.0,100
"Антиперспирант Черное и белое Невидимый NIVEA Men Extra 150мл",299.0,"Мужской дезодорант - антиперспирант NIVEA Men Черное и белое Невидимый Extra 150мл",336.0,100
"Антиперспирант Невидимый для черного и белого NIVEA Men Fresh 150мл",299.0,"Мужской дезодорант - антиперспирант NIVEA Men ' Невидимый для черного и белого Fresh 50мл",299.0,90
"Дезодорант-антиперспирант Жемчужная красота женский спрей NIVEA 150мл",199.0,"Женский антиперспирант NIVEA Жемчужная красота 50мл",261.0,83
"Восстанавливающий бальзам после бритья для чувствительной кожи NIVEA Men 100мл",419.0,"Бальзам после бритья NIVEA For Men для чувствительной кожи 100мл",669.0,90
"Восстанавливающий бальзам после бритья для чувствительной кожи NIVEA Men 100мл",419.0,"Лосьон после бритья NIVEA Men для чувствительной кожи ' успокаивающий ' 100мл",669.0,80
"Восстанавливающий бальзам после бритья для чувствительной кожи NIVEA Men 100мл",419.0,"Восстанавливающий бальзам NIVEA после бритья для чувствительной кожи 100мл",699.0,100
"Восстанавливающий бальзам после бритья для чувствительной кожи NIVEA Men 100мл",419.0,"Бальзам после бритья NIVEA Men Гиалурон 100мл",627.0,85
"Антиперспирант Черное и белое Невидимый женский NIVEA Extra 50мл",189.0,"Женский шариковый дезодорант - антиперспирант NIVEA Черное и белое Невидимый Extra 50мл",201.0,100
"Антиперспирант Энергия свежести NIVEA 50мл",189.0,"Женский дезодорант - антиперспирант NIVEA ' Энергия свежести ' 50мл",201.0,100
"Увлажняющий гель для бритья NIVEA Men 200мл",399.0,"Охлаждающий гель NIVEA Men для бритья для чувствительной кожи 200мл",471.0,85
"Молочко для тела Питание и забота для сухой кожи NIVEA 250мл",369.0,"Молочко для тела NIVEA Питание и забота 250мл",411.0,100
"Восстанавливающий гель для бритья для чувствительной кожи NIVEA Men 200мл",399.0,"Восстанавливающий гель NIVEA для бритья для чувствительной кожи 200мл",471.0,100
"Восстанавливающий гель для бритья для чувствительной кожи NIVEA Men 200мл",399.0,"Охлаждающий гель NIVEA Men для бритья для чувствительной кожи 200мл",471.0,88
"Бальзам для губ Клубничное сияние NIVEA",241.0,"Бальзам для губ NIVEA ' Фруктовое сияние. клубника ' 4,8г",289.0,83
"Крем-гель для душа Молоко и абрикос NIVEA 750мл",515.0,"Крем - гель NIVEA для душа ' молоко и абрикос ' 250мл",299.0,88
"Пена для бритья для чувствительной кожи NIVEA Men 200мл",269.0,"Охлаждающий гель NIVEA Men для бритья для чувствительной кожи 200мл",471.0,87
"Пена для бритья для чувствительной кожи NIVEA Men 200мл",269.0,"Восстанавливающая пена NIVEA для бритья для чувствительной кожи 200мл",419.0,87
"Пена для бритья для чувствительной кожи NIVEA Men 200мл",269.0,"Охлаждающая пена NIVEA Men для бритья для чувствительной кожи 200мл",419.0,100
"Увлажняющий крем для лица рук и тела интенсивный NIVEA Soft 100мл",286.0,"Крем NIVEA для тела увлажняющий 250мл",449.0,83
"Увлажняющий крем для лица рук и тела интенсивный NIVEA Soft 100мл",286.0,"Увлажняющий крем NIVEA Soft интенсивный для лица , рук и тела 200мл",469.0,90
"Увлажняющий крем для лица рук и тела интенсивный NIVEA Soft 100мл",286.0,"Увлажняющий крем NIVEA Soft интенсивный для лица , рук и тела 100мл",284.0,100
"Увлажняющий крем для лица рук и тела интенсивный NIVEA Soft 100мл",286.0,"Интенсивный увлажняющий крем для лица и тела NIVEA Soft 300мл",699.0,90
"Крем для лица 7в1 Сияющая кожа NIVEA Care 100мл",330.0,"Крем для лица NIVEA Care антивозрастной 100мл",299.0,85
"Увлажняющий крем для лица рук и тела интенсивный NIVEA Soft 100мл",286.0,"Крем NIVEA для тела увлажняющий 250мл",449.0,83
"Увлажняющий крем для лица рук и тела интенсивный NIVEA Soft 100мл",286.0,"Увлажняющий крем NIVEA Soft интенсивный для лица , рук и тела 200мл",469.0,90
"Увлажняющий крем для лица рук и тела интенсивный NIVEA Soft 100мл",286.0,"Увлажняющий крем NIVEA Soft интенсивный для лица , рук и тела 100мл",284.0,100
"Увлажняющий крем для лица рук и тела интенсивный NIVEA Soft 100мл",286.0,"Интенсивный увлажняющий крем для лица и тела NIVEA Soft 300мл",699.0,90
"Крем для лица 7в1 Сияющая кожа NIVEA Care 100мл",330.0,"Крем для лица NIVEA Care антивозрастной 100мл",299.0,85
"Антиперспирант Невидимая защита роликовый женский NIVEA 50мл",189.0,"Шариковый NIVEA Невидимая защита для черного и белого женский дезодорант - антиперспирант ' Pure ' 50мл",201.0,85
"Успокаивающий бальзам после бритья NIVEA Men 100мл",519.0,"Бальзам после бритья NIVEA For Men для чувствительной кожи 100мл",669.0,85
"Успокаивающий бальзам после бритья NIVEA Men 100мл",519.0,"Лосьон после бритья NIVEA Men для чувствительной кожи ' успокаивающий ' 100мл",669.0,85
"Успокаивающий бальзам после бритья NIVEA Men 100мл",519.0,"Бальзам после бритья NIVEA Men ' Защита и уход ' увлажняющий 100мл",699.0,85
"Успокаивающий бальзам после бритья NIVEA Men 100мл",519.0,"Бальзам после бритья NIVEA Men Гиалурон 100мл",627.0,85
"Черный гель для бритья с активным углем NIVEA Men Ultra 200мл",334.0,"Черный гель для бритья NIVEA ' Ultra ' с активным углем 200мл",471.0,100
"Крем для лица NIVEA Men 75мл",300.0,"Крем NIVEA Men мужской для лица 75мл",409.0,100
"Охлаждающая пена для бритья для чувствительной кожи NIVEA 200мл",314.0,"Восстанавливающая пена NIVEA для бритья для чувствительной кожи 200мл",419.0,87
"Охлаждающая пена для бритья для чувствительной кожи NIVEA 200мл",314.0,"Охлаждающая пена NIVEA Men для бритья для чувствительной кожи 200мл",419.0,100
"Антиперспирант Original черное-белое мужской NIVEA Men 50мл",289.0,"Мужской антиперспирант NIVEA Men Черное и Белое Невидимый Original 50мл",299.0,100
"Увлажняющий крем универсальный NIVEA Creme 150мл",282.0,"Увлажняющий крем NIVEA Creme универсальный для тела 75мл",269.0,83
"Увлажняющий крем универсальный NIVEA Creme 150мл",282.0,"Увлажняющий крем NIVEA Creme универсальный для тела 150мл",395.0,100
"Антиперспирант Жемчужная красота женский стик NIVEA 50мл",294.0,"Женский антиперспирант NIVEA Жемчужная красота 50мл",261.0,100
"Гиалуроновый гель для лица NIVEA Care 100мл",321.0,"Гиалуроновый гель для лица NIVEA Care 100мл",299.0,100
"Увлажняющий крем для лица NIVEA Care 100мл",295.0,"Крем для лица NIVEA Care антивозрастной 100мл",299.0,85
"Увлажняющий крем для лица NIVEA Care 100мл",295.0,"Увлажняющий крем NIVEA Soft интенсивный для лица , рук и тела 100мл",284.0,85
"Антиперспирант Ultra мужской NIVEA Men 50мл",289.0,"Мужской антиперспирант NIVEA Men Черное и Белое Невидимый Original 50мл",299.0,83
"Антиперспирант Ultra мужской NIVEA Men 50мл",289.0,"Мужской дезодорант - антиперспирант NIVEA Men ' Невидимый для черного и белого Fresh 50мл",299.0,83
"Антиперспирант Ultra мужской NIVEA Men 50мл",289.0,"Мужской дезодорант - антиперспирант NIVEA Men ' Fresh Kick ' 50мл",299.0,83
"Антиперспирант Ultra мужской NIVEA Men 50мл",289.0,"Мужской дезодорант - антиперспирант NIVEA Men ' Серебряная защита ' 50мл",299.0,83
"Антиперспирант Ultra мужской NIVEA Men 50мл",289.0,"Мужской дезодорант антиперспирант NIVEA Men Ultra Extreme Помело и Дуб 150мл",269.0,83
"Антиперспирант Невидимый для черного и белого NIVEA Men Fresh 50мл",399.0,"Мужской дезодорант - антиперспирант NIVEA Men ' Невидимый для черного и белого Fresh 50мл",299.0,100
"Гель для душа Сила угля NIVEA Men 500мл",452.0,"Мужской гель для душа NIVEA Men ' Сила угля ' 500мл",449.0,100
"Гель для душа Сила угля NIVEA Men 250мл",239.0,"Мужской гель для душа NIVEA Men ' Сила угля ' 500мл",449.0,87
"Антиперспирант Невидимая защита для черного и белого NIVEA Clear 150мл",199.0,"Мужской дезодорант - антиперспирант NIVEA Невидимая защита для черного и белого , шариковый 50мл",299.0,80
"Антиперспирант Невидимая защита для черного и белого NIVEA Clear 150мл",199.0,"Шариковый NIVEA Невидимая защита для черного и белого женский дезодорант - антиперспирант ' Pure ' 50мл",201.0,80
"Ночной крем для лица NIVEA Care 100мл",321.0,"Крем для лица NIVEA Care антивозрастной 100мл",299.0,85
"Антиперспирант Экстремальная свежесть NIVEA Men 50мл",293.0,"Мужской дезодорант NIVEA Men Экстремальная Свежесть 50мл",299.0,83
"Антиперспирант Экстремальная свежесть NIVEA Men 50мл",293.0,"Мужской дезодорант - антиперспирант NIVEA Экстремальная Свежесть 50мл",299.0,83
"Антиперспирант Жемчужная красота NIVEA 150мл",199.0,"Женский антиперспирант NIVEA Жемчужная красота 50мл",261.0,80
"Гель для бритья Сверхскольжение NIVEA Men 200мл",399.0,"Охлаждающий гель NIVEA Men для бритья для чувствительной кожи 200мл",471.0,85
"Антиперспирант Черное и белое Невидимый женский NIVEA Extra 150мл",218.0,"Женский шариковый дезодорант - антиперспирант NIVEA Черное и белое Невидимый Extra 50мл",201.0,88
"Гель-уход для душа Крем и абрикос NIVEA 250мл",239.0,"Крем - гель NIVEA для душа ' молоко и абрикос ' 250мл",299.0,88
"Увлажняющий крем универсальный NIVEA Creme 75мл",219.0,"Увлажняющий крем NIVEA Creme универсальный для тела 75мл",269.0,100
"Увлажняющий крем универсальный NIVEA Creme 75мл",219.0,"Увлажняющий крем NIVEA Creme универсальный для тела 150мл",395.0,83
"Охлаждающий гель для бритья NIVEA Men 200мл",379.0,"Охлаждающий гель NIVEA Men для бритья для чувствительной кожи 200мл",471.0,100
"Охлаждающий гель для бритья NIVEA Men 200мл",379.0,"Охлаждающий гель NIVEA Men для бритья для чувствительной кожи 200мл",471.0,100
"Увлажняющий крем интенсивный NIVEA Soft 200мл",393.0,"Увлажняющий крем NIVEA Soft интенсивный для лица , рук и тела 200мл",469.0,100
"Увлажняющий крем интенсивный NIVEA Soft 200мл",393.0,"Увлажняющий крем NIVEA Soft интенсивный для лица , рук и тела 100мл",284.0,83
"Увлажняющий крем интенсивный NIVEA Soft 200мл",393.0,"Интенсивный увлажняющий крем для лица и тела NIVEA Soft 300мл",699.0,83
"Антивозрастной крем для лица NIVEA Care 100мл",321.0,"Крем для лица NIVEA Care антивозрастной 100мл",299.0,100
"Освежающий гель для лица для нормальной и комбинированной кожи женский NIVEA 150мл",298.0,"Освежающий гель NIVEA для умывания для нормальной кожи 150мл",399.0,87
"Успокаивающий гель для бритья для чувствительной кожи NIVEA Men 200мл",399.0,"Восстанавливающий гель NIVEA для бритья для чувствительной кожи 200мл",471.0,87
"Успокаивающий гель для бритья для чувствительной кожи NIVEA Men 200мл",399.0,"Охлаждающий гель NIVEA Men для бритья для чувствительной кожи 200мл",471.0,88
"Дезодорант-антиперспирант Мандарин и кедр спрей NIVEA Men 150мл",310.0,"Мужской дезодорант антиперспирант NIVEA Men Мандарин и Кедр 48ч 150мл",336.0,88
"Дезодорант Экстремальная свежесть мужской стик NIVEA Men 50мл",296.0,"Мужской дезодорант NIVEA Men Экстремальная Свежесть 50мл",299.0,100
"Дезодорант Экстремальная свежесть мужской стик NIVEA Men 50мл",296.0,"Мужской дезодорант - антиперспирант NIVEA Экстремальная Свежесть 50мл",299.0,85
"Матирующий гель для умывания NIVEA 150мл",320.0,"Освежающий гель NIVEA для умывания для нормальной кожи 150мл",399.0,83
"Шариковый антиперспирант невидимый черное и белое мужской NIVEA Original 50мл",293.0,"Мужской антиперспирант NIVEA Men Черное и Белое Невидимый Original 50мл",299.0,90
"Шариковый антиперспирант невидимый черное и белое мужской NIVEA Original 50мл",293.0,"Мужской шариковый дезодорант NIVEA Men Черное и белое Невидимый Extra 50мл",299.0,80
"Гель для душа Ultra Extreme NIVEA Men 500мл",452.0,"Мужской гель для душа 3 в 1 NIVEA Men Ultra Extreme 500мл",449.0,100
"Пена для бритья С активным углем NIVEA Men Ultra 200мл",314.0,"Черный гель для бритья NIVEA ' Ultra ' с активным углем 200мл",471.0,80
"Гель для душа Ультраочищение и свежесть NIVEA Men 250мл",300.0,"Гель для душа NIVEA Men ' Ultra ' ультра очищение и свежесть 250мл",379.0,88
"Антиперспирант Серебряная защита NIVEA Men 50мл",293.0,"Мужской дезодорант - антиперспирант NIVEA Men ' Серебряная защита ' 50мл",299.0,100
"Антиперспирант Ultra Extreme мужской NIVEA Men 150мл",510.0,"Мужской дезодорант антиперспирант NIVEA Men Ultra Extreme Помело и Дуб 150мл",269.0,100
"Дезодорант-антиперспирант Грейпфрут и мята спрей NIVEA Men 150мл",310.0,"Мужской дезодорант антиперспирант NIVEA Men Грейпфрут и Мята 48ч 150мл",336.0,88
"Антиперспирант Серебряная защита NIVEA Men 150мл",499.0,"Мужской дезодорант - антиперспирант NIVEA Men ' Серебряная защита ' 50мл",299.0,83
"Бальзам для волос Natura Siberica Oblepikha Облепиховый Питание и восстановление 400мл",339.0,"Бальзам Natura Siberica Oblepikha Siberica облепиховый с эффектом ламинирования для ослабленных и поврежденных волос 400мл",349.0,81
"Мицеллярная вода Natura Siberica Lab Biome гиалуроновая для всех типов кожи 450мл",360.0,"Гиалуроновая мицеллярная вода для всех типов кожи Natura Siberica Lab Biome Hydration 450мл",549.0,100
"Патчи для глаз Natura Siberica Lab Biome Сияние и тонус 60шт",339.0,"Гидрогелевые патчи для глаз Natura Siberica Lab Biome Упругость 60шт",599.0,80
"Патчи для глаз Natura Siberica Lab Biome Супер Омолаживание 60шт",368.0,"Гидрогелевые патчи для глаз Natura Siberica Lab Biome Упругость 60шт",599.0,80
"Крем-Филлер для лица Natura Siberica Lab Biome ночной гиалуроновый 50мл",400.0,"Гиалуроновый ночной крем - филлер для лица Natura Siberica Lab Biome Hyaluron 50мл",589.0,100
"Шампунь для волос Natura Siberica Для поврежденных волос облепиховый 400мл",339.0,"Шампунь Natura Siberica Oblepikha Siberica ' облепиховый ' , для всех типов волос 400мл",349.0,87
"Шампунь для волос Natura Siberica Для поврежденных волос облепиховый 400мл",339.0,"Шампунь Natura Siberica Oblepikha Siberica ' облепиховый ' , для нормальных и жирных волос 400мл",349.0,87
"Шампунь для волос Natura Siberica Для поврежденных волос облепиховый 400мл",339.0,"Шампунь Natura Siberica Oblepikha Siberica облепиховый с эффектом ламинирования для ослабленных и поврежденных волос 400мл",349.0,100
"Шампунь для волос Natura Siberica Для поврежденных волос облепиховый 400мл",339.0,"Бальзам Natura Siberica Oblepikha Siberica облепиховый с эффектом ламинирования для ослабленных и поврежденных волос 400мл",349.0,87
"Шампунь для поврежденных волос Natura Siberica Oblepikha 500мл",346.0,"Шампунь Natura Siberica Oblepikha Siberica облепиховый с эффектом ламинирования для ослабленных и поврежденных волос 400мл",349.0,87
"Мицеллярная вода Natura Siberica Lab Biome для сухой и чувствительной кожи 450мл",360.0,"Мицеллярная вода для сухой и чувствительной кожи Natura Siberica Lab Biome Sensitive 450мл",549.0,100
"Шампунь для волос Natura Siberica Oblepikha Облепиховый для всех типов волос 400мл",385.0,"Шампунь Natura Siberica Oblepikha Siberica ' облепиховый ' , для всех типов волос 400мл",349.0,100
"Шампунь для волос Natura Siberica Oblepikha Облепиховый для всех типов волос 400мл",385.0,"Шампунь Natura Siberica Oblepikha Siberica ' облепиховый ' , для нормальных и жирных волос 400мл",349.0,80
"Шампунь для волос Natura Siberica Oblepikha Облепиховый для всех типов волос 400мл",385.0,"Шампунь Natura Siberica Oblepikha Siberica облепиховый с эффектом ламинирования для ослабленных и поврежденных волос 400мл",349.0,80
"Бальзам Natura Siberica Oblepikha Облепиховый для всех типов волос 400мл",339.0,"Шампунь Natura Siberica Oblepikha Siberica ' облепиховый ' , для всех типов волос 400мл",349.0,90
"Бальзам Natura Siberica Oblepikha Облепиховый для всех типов волос 400мл",339.0,"Бальзам Natura Siberica Oblepikha Siberica облепиховый с эффектом ламинирования для ослабленных и поврежденных волос 400мл",349.0,80
"Облепиховый шампунь для волос Natura Siberica 400мл",385.0,"Шампунь Natura Siberica Oblepikha Siberica ' облепиховый ' , для всех типов волос 400мл",349.0,100
"Облепиховый шампунь для волос Natura Siberica 400мл",385.0,"Шампунь Natura Siberica Oblepikha Siberica ' облепиховый ' , для нормальных и жирных волос 400мл",349.0,100
"Облепиховый шампунь для волос Natura Siberica 400мл",385.0,"Шампунь Natura Siberica Oblepikha Siberica облепиховый с эффектом ламинирования для ослабленных и поврежденных волос 400мл",349.0,100
"Облепиховый шампунь для волос Natura Siberica 400мл",385.0,"Бальзам Natura Siberica Oblepikha Siberica облепиховый с эффектом ламинирования для ослабленных и поврежденных волос 400мл",349.0,85
"Бальзам для нормальных и сухих волос Natura Siberica облепиховый 400мл",339.0,"Шампунь Natura Siberica Oblepikha Siberica ' облепиховый ' , для нормальных и жирных волос 400мл",349.0,80
"Бальзам для нормальных и сухих волос Natura Siberica облепиховый 400мл",339.0,"Бальзам Natura Siberica Oblepikha Siberica облепиховый с эффектом ламинирования для ослабленных и поврежденных волос 400мл",349.0,80
"Облепиховый шампунь для окрашенных и осветленных волос Oblepikha Natura Siberica 400мл",385.0,"Шампунь Natura Siberica Oblepikha Siberica ' облепиховый ' , для всех типов волос 400мл",349.0,80
"Облепиховый шампунь для окрашенных и осветленных волос Oblepikha Natura Siberica 400мл",385.0,"Шампунь Natura Siberica Oblepikha Siberica ' облепиховый ' , для нормальных и жирных волос 400мл",349.0,81
"Облепиховый шампунь для окрашенных и осветленных волос Oblepikha Natura Siberica 400мл",385.0,"Шампунь Natura Siberica Oblepikha Siberica облепиховый с эффектом ламинирования для ослабленных и поврежденных волос 400мл",349.0,81
"Дезодорант Old Spice Deep Sea 150мл",329.0,"Мужской дезодорант стик Old Spice Deep Sea 50мл",374.0,83
"Аэрозольный антиперспирант Cold Spice Old Spice 150мл",464.0,"Мужской антиперспирант Old Spice Cold Spice 150мл",499.0,83
"Дезодорант Old Spice Deep Sea 50мл",359.0,"Мужской дезодорант стик Old Spice Deep Sea 50мл",374.0,100
"Гель для душа+Шампунь Old Spice Deep Sea 3в1 1л",799.0,"Мужской гель для душа + шампунь 3 в 1 Old Spice Deep Sea 400мл",359.0,80
"Дезодорант Old Spice Wolfthorn стик 50мл",295.0,"Мужской дезодорант стик Old Spice Deep Sea 50мл",374.0,83
"Гель для душа + шампунь Old Spice Rockstar 400мл",359.0,"Мужской гель для душа + шампунь 3 в 1 Old Spice Cold Spice 400мл",359.0,87
"Гель для душа + шампунь Old Spice Rockstar 400мл",359.0,"Мужской гель для душа + шампунь 3 в 1 Old Spice Deep Sea 400мл",359.0,87
"Дезодорант Old Spice Tigerclaw стик 50мл",359.0,"Мужской дезодорант стик Old Spice Deep Sea 50мл",374.0,83
"Дезодорант Old Spice Whitewater стик 50мл",295.0,"Мужской дезодорант стик Old Spice Deep Sea 50мл",374.0,83
"Дезодорант Old Spice Captain стик 50мл",344.0,"Мужской дезодорант стик Old Spice Deep Sea 50мл",374.0,83
"Твердый дезодорант Epic Legend Old Spice 50мл",359.0,"Мужской дезодорант Old Spice Epic Legend 50мл",374.0,85
"Антиперспирант Sport Power стик Old Spice 50мл",379.0,"Мужской антиперспирант Old Spice Sport Power 50мл",524.0,85
"Гель для душа Old Spice Whitewater 400мл",359.0,"Мужской гель для душа 3 в 1 Old Spice Epic Legend 400мл",359.0,85
"Гель для душа Old Spice Whitewater 400мл",359.0,"Мужской гель для душа + шампунь 3 в 1 Old Spice Cold Spice 400мл",359.0,85
"Гель для душа Old Spice Whitewater 400мл",359.0,"Мужской гель для душа + шампунь 3 в 1 Old Spice Deep Sea 400мл",359.0,85
"Антиперспирант Sport Power стик Old Spice 50мл",379.0,"Мужской антиперспирант Old Spice Sport Power 50мл",524.0,85
"Гель для душа Old Spice Whitewater 400мл",359.0,"Мужской гель для душа 3 в 1 Old Spice Epic Legend 400мл",359.0,85
"Гель для душа Old Spice Whitewater 400мл",359.0,"Мужской гель для душа + шампунь 3 в 1 Old Spice Cold Spice 400мл",359.0,85
"Гель для душа Old Spice Whitewater 400мл",359.0,"Мужской гель для душа + шампунь 3 в 1 Old Spice Deep Sea 400мл",359.0,85
"Дезодорант-антиперспирант Sport Power аэрозоль Old Spice 150мл",379.0,"Мужской антиперспирант Old Spice Sport Power 150мл",524.0,85
"Мыло Витамин C и апельсин Palmolive Натурэль 150г",139.0,"Мыло твердое туалетное Palmolive Натурэль ' мандарин и витамин C ' 150г",123.0,87
"Освежающее мыло Летний арбуз Palmolive Натурэль 90г",109.0,"Туалетное мыло Palmolive Натурэль Освежающее ' Летний арбуз ' 90г",101.0,100
"Мыло Масло макадамии Palmolive Роскошь масел 90г",94.0,"Туалетное мыло для лица и тела Palmolive Роскошь масел ' масло миндаля и камелия ' 90г",101.0,85
"Мыло Интенсивное увлажнение Palmolive Натурэль 90г",109.0,"Туалетное мыло Palmolive Натурэль ' интенсивное увлажнение ' с экстрактом оливы и увлажняющим молочком 90г",101.0,100
"Мыло Интенсивное увлажнение Palmolive Натурэль 4шт*90г",319.0,"Туалетное мыло Palmolive Натурэль ' интенсивное увлажнение ' с экстрактом оливы и увлажняющим молочком 90г",101.0,85
"Гель для душа Интенсивное увлажнение Palmolive Натурэль 750мл",409.0,"Гель - крем для душа Palmolive Натурэль ' интенсивное увлажнение ' 750мл",389.0,100
"Гель для душа Спорт 3в1 Palmolive Men 750мл",558.0,"Мужской гель для душа 3 в 1 для тела , волос и лица Palmolive Men ' СПОРТ ' восстанавливающий 750мл",699.0,87
"Мыло Натурэль Витамин B и гранат Palmolive 150г",138.0,"Туалетное мыло Palmolive Натурэль ' Витамин B и гранат ' 150г",123.0,100
"Гель для душа Спорт Palmolive Men 500мл",410.0,"Мужской гель для душа 3 в 1 для тела , волос и лица Palmolive Men ' СПОРТ ' восстанавливающий 750мл",699.0,85
"Гель для душа Спорт Palmolive Men 500мл",410.0,"Мужской гель для душа 3 в 1 для тела , волос и лица Palmolive Men ' СПОРТ ' восстанавливающий 750мл",699.0,85
"Автоматический карандаш для бровей тон 04 Stellary",229.0,"Автоматический карандаш для бровей Stellary Brow Sculpting pencil 04 0,08г",575.0,85
"Автоматический карандаш для бровей тон 03 Stellary",229.0,"Автоматический карандаш для бровей Stellary Brow Sculpting pencil 03 0,08г",575.0,85
"Тушь для ресниц с эффектом разделения Obsidian Black тон 01 Stellary",228.0,"Тушь для ресниц с эффектом объёма, удлинения, разделения Stellary Black Onyx 01 9мл",349.0,81
"Тушь для ресниц с эффектом разделения Obsidian Black тон 01 Stellary",228.0,"Тушь для ресниц с эффектом объёма и разделения Stellary Panther Black Volume mascara 01 10мл",785.0,81
"Тушь для ресниц Wild Stellary тон 02 Brown",404.0,"Тушь для ресниц Stellary Wild Brown 02 Коричневый 9мл",669.0,87
"Тушь для ресниц Black Onyx Stellary",348.0,"Тушь для ресниц с эффектом объёма, удлинения, разделения Stellary Black Onyx 01 9мл",349.0,100
"Тушь для ресниц Black Onyx Stellary",348.0,"Тушь для ресниц с эффектом объёма и разделения Stellary Panther Black Volume mascara 01 10мл",785.0,83
"Тушь для ресниц Black Onyx Stellary",348.0,"Влагостойкая термотушь для ресниц Stellary Water Resistant Onyx 01 Ultra Black 9мл",499.0,83
"Тушь для ресниц Black Onyx Stellary",348.0,"Тушь для ресниц с эффектом удлинения и разделения Stellary Dangerous Eyes Mascara Black 9мл",899.0,83
"Тушь для ресниц Black Onyx Stellary",348.0,"Тушь для ресниц с эффектом удлинения и объёма Stellary Seductive Eyes Mascara Black 9мл",899.0,83
"Тушь для ресниц Black Onyx Stellary",348.0,"Тушь для ресниц с эффектом объёма и подкручивания Stellary Seductive Eyes Mascara Black 9мл",899.0,83
"Тушь для ресниц Black Onyx Stellary",348.0,"Объёмная тушь для ресниц Stellary Volume mascara Wild Black 01 9мл",669.0,83
"Тушь для ресниц Black Onyx Stellary",348.0,"Подкручивающая тушь для ресниц Stellary Curling mascara Wild Black 01 9мл",669.0,83
"Тушь для ресниц Black Onyx Stellary",348.0,"Удлиняющая тушь для ресниц Stellary Extending mascara Wild Black 01 9мл",669.0,83
"Палетка для лица Serpent Collection Stellary тон 01",446.0,"Палетка для лица Stellary Serpent 01 6г",699.0,85
"Палетка теней для век First Lady Stellary тон 02",488.0,"Палетка теней для век Stellary First Lady 02 4,4г",523.0,88
"Палетка теней для век High Society Stellary тон 03",418.0,"Палетка теней для век Stellary High Society 03 4,4г",523.0,88
"Тушь для ресниц Звездный объем Like A Star тон 01 Stellary",337.0,"Тушь для ресниц Stellary Star Volume ' Like a Star ' 01 9мл",499.0,80
"Тональный крем с сатиновым финишем Skin Privilege Stellary тон 02",570.0,"Тональный крем с сатиновым финишем Stellary Skin Privilege 02 21мл",949.0,90
"Тональный крем с сатиновым финишем Skin Privilege Stellary тон 02",570.0,"Тональный крем с сатиновым финишем Stellary Skin Privilege 02 21мл",949.0,90
"Устойчивая помада для губ Rich Nude тон 06 Stellary",518.0,"Устойчивая помада для губ Stellary Rich Nude 06 3,8г",519.0,88
"Жидкие румяна для лица Liquid Blush тон 01 Stellary",444.0,"Жидкие румяна для лица Stellary Liquid Blush 01 3мл",519.0,88
"Автоматический карандаш для бровей Brow Sculpting Pencil Stellary тон 04",348.0,"Автоматический карандаш для бровей Stellary Brow Sculpting pencil 04 0,08г",575.0,90
"Автоматический карандаш для бровей тон 01 Stellary",229.0,"Автоматический карандаш для бровей Stellary Brow Sculpting pencil 01 0,08г",575.0,85
"Подкручивающая тушь для ресниц Wild Black Stellary тон 01",645.0,"Подкручивающая тушь для ресниц Stellary Curling mascara Wild Black 01 9мл",669.0,88
"Палетка теней для век Wild Angel Stellary тон 01",458.0,"Палетка теней для век Stellary Wild Angel 01 4,4г",523.0,88
"Оттеночный бальзам для губ Serpent Stellary тон 02",500.0,"Оттеночный бальзам для губ Stellary Serpent 02 2,7г",513.0,87
"Оттеночный бальзам для губ Serpent Stellary тон 02",500.0,"Оттеночный бальзам для губ Stellary Serpent 02 2,7г",513.0,87
"Устойчивая помада для губ Rich Nude тон 05 Stellary",512.0,"Устойчивая помада для губ Stellary Rich Nude 05 3,8г",519.0,88
"Оттеночный бальзам для губ Serpent Stellary тон 01",500.0,"Оттеночный бальзам для губ Stellary Serpent 01 2,7г",513.0,87
"Стойкая помада для губ жидкая матовая тон 07 Stellary",303.0,"Стойкая жидкая матовая помада для губ Stellary Lip Tattoo 07 4,5мл",303.0,88
"Устойчивая помада для губ Rich Nude тон 23 Stellary",449.0,"Устойчивая помада для губ Stellary Rich Nude 23 3,8г",519.0,88
"Устойчивая помада для губ Rich Nude тон 10 Stellary",449.0,"Устойчивая помада для губ Stellary Rich Nude 10 3,8г",519.0,88
"Пудра для лица Compact Satin Powder тон 02 Stellary",659.0,"Сатиновая пудра для лица Stellary Compact satin powder 02 7г",669.0,88
"Устойчивая помада для губ Rich Nude тон 24 Stellary",449.0,"Устойчивая помада для губ Stellary Rich Nude 24 3,8г",519.0,88
"Стойкая помада для губ жидкая матовая тон 06 Stellary",303.0,"Стойкая жидкая матовая помада для губ Stellary Lip Tattoo 06 4,5мл",303.0,88
"Пудра для лица Matte Serpent Collection Stellary тон 01",630.0,"Пудра для лица Stellary Serpent 01 9г",629.0,85
"Автоматический карандаш для бровей Brow Sculpting Pencil Stellary тон 01",579.0,"Автоматический карандаш для бровей Stellary Brow Sculpting pencil 01 0,08г",575.0,90
"Жидкие румяна для лица Liquid Blush тон 02 Stellary",513.0,"Жидкие румяна для лица Stellary Liquid Blush 02 3мл",519.0,88
"Тональный крем с сатиновым финишем Skin Privilege Stellary тон 03",942.0,"Тональный крем с сатиновым финишем Stellary Skin Privilege 03 21мл",949.0,90
"Устойчивая помада для губ Rich Nude тон 11 Stellary",449.0,"Устойчивая помада для губ Stellary Rich Nude 11 3,8г",519.0,88
"Тональный крем с сатиновым финишем Skin Privilege Stellary тон 05",664.0,"Тональный крем с сатиновым финишем Stellary Skin Privilege 05 21мл",949.0,90
"Пудра для лица Compact Satin Powder тон 03 Stellary",681.0,"Сатиновая пудра для лица Stellary Compact satin powder 03 7г",669.0,88
"Пудра для лица Compact Satin Powder тон 03 Stellary",681.0,"Сатиновая пудра для лица Stellary Compact satin powder 03 7г",669.0,88
"Автоматический карандаш для бровей Brow Sculpting Pencil Stellary тон 03",575.0,"Автоматический карандаш для бровей Stellary Brow Sculpting pencil 03 0,08г",575.0,90
"Тушь для ресниц Wild Stellary тон 01 Black",645.0,"Объёмная тушь для ресниц Stellary Volume mascara Wild Black 01 9мл",669.0,87
"Тушь для ресниц Wild Stellary тон 01 Black",645.0,"Подкручивающая тушь для ресниц Stellary Curling mascara Wild Black 01 9мл",669.0,87
"Тушь для ресниц Wild Stellary тон 01 Black",645.0,"Удлиняющая тушь для ресниц Stellary Extending mascara Wild Black 01 9мл",669.0,87
"Кремовый консилер для лица тон 04 Stellary",536.0,"Кремовый консилер для лица Stellary Nude Skin Concealer 04 3мл",579.0,85
"Автоматический карандаш для бровей Brow Sculpting Pencil Stellary тон 02",575.0,"Автоматический карандаш для бровей Stellary Brow Sculpting pencil 02 0,08г",575.0,90
"Прозрачный гель для бровей Stellary",214.0,"Гель для бровей Stellary Brow Fixing Gel Прозрачный 8мл",301.0,100
"Праймер для лица тон 01 Stellary",531.0,"Праймер для лица Stellary праймер праймер 01 3мл",759.0,83
"Тушь для ресниц Foxy Eyes Stellary",348.0,"Тушь для ресниц с эффектом 'лисьих глазок ' Stellary Foxy Eyes 01 9мл",349.0,100
"Тушь для ресниц Foxy Eyes Stellary",348.0,"Тушь для ресниц с эффектом удлинения и разделения Stellary Dangerous Eyes Mascara Black 9мл",899.0,83
"Тушь для ресниц Foxy Eyes Stellary",348.0,"Тушь для ресниц с эффектом удлинения и объёма Stellary Seductive Eyes Mascara Black 9мл",899.0,83
"Тушь для ресниц Foxy Eyes Stellary",348.0,"Тушь для ресниц с эффектом объёма и подкручивания Stellary Seductive Eyes Mascara Black 9мл",899.0,83
"Тональный крем с эффектом идеальной кожи тон 03 Stellary",816.0,"Тональный крем с эффектом идеальной кожи Stellary Perfect Nude Skin foundation 03 35мл",869.0,88
"Тональный крем с эффектом идеальной кожи тон 04 Stellary",576.0,"Тональный крем с эффектом идеальной кожи Stellary Perfect Nude Skin foundation 04 35мл",869.0,88
"Тональный крем с эффектом идеальной кожи тон 01 Stellary",605.0,"Тональный крем с эффектом идеальной кожи Stellary Perfect Nude Skin foundation 01 35мл",869.0,88
"Тушь для ресниц Wild Blue Stellary",249.0,"Объёмная тушь для ресниц Stellary Volume mascara Wild Black 01 9мл",669.0,83
"Тушь для ресниц Wild Blue Stellary",249.0,"Подкручивающая тушь для ресниц Stellary Curling mascara Wild Black 01 9мл",669.0,83
"Тушь для ресниц Wild Blue Stellary",249.0,"Тушь для ресниц Stellary Wild Brown 02 Коричневый 9мл",669.0,83
"Тушь для ресниц Wild Blue Stellary",249.0,"Удлиняющая тушь для ресниц Stellary Extending mascara Wild Black 01 9мл",669.0,83
"Стойкая помада для губ жидкая матовая тон 04 Stellary",303.0,"Стойкая жидкая матовая помада для губ Stellary Lip Tattoo 04 4,5мл",303.0,88
"Стойкая помада для губ жидкая матовая тон 05 Stellary",303.0,"Стойкая жидкая матовая помада для губ Stellary Lip Tattoo 05 4,5мл",303.0,88
"Кремовый консилер для лица тон 03 Stellary",536.0,"Кремовый консилер для лица Stellary Nude Skin Concealer 03 3мл",579.0,85
"Устойчивая помада для губ My Lip Symbol тон 03 Angel Stellary",271.0,"Устойчивая помада для губ Stellary Long Lasting My Lip Symbol 03 4г",273.0,81
"Устойчивая помада для губ My Lip Symbol тон 07 Vamp Stellary",271.0,"Устойчивая помада для губ Stellary Long Lasting My Lip Symbol 07 4г",273.0,81
"Кремовый консилер для лица тон 01 Stellary",536.0,"Кремовый консилер для лица Stellary Nude Skin Concealer 01 3мл",579.0,85
"Устойчивая помада для губ My Lip Symbol тон 01 Lady Stellary",271.0,"Устойчивая помада для губ Stellary Long Lasting My Lip Symbol 01 4г",273.0,81
"Кремовый консилер для лица тон 02 Stellary",530.0,"Кремовый консилер для лица Stellary Nude Skin Concealer 02 3мл",579.0,85
"Тональный крем для лица Matte Icon Foundation тон 01 Stellary",785.0,"Матирующий тональный крем для лица Stellary Matte Icon 01 35мл",949.0,80
"Тональный крем для лица Matte Icon Foundation тон 01 Stellary",785.0,"Матирующий тональный крем для лица Stellary Cult Matte Foundation 01 25мл",363.0,80
"Тональный крем для лица Matte Icon Foundation тон 02 Stellary",659.0,"Матирующий тональный крем для лица Stellary Cult Matte Foundation 02 25мл",363.0,80
"Тональный крем для лица Matte Icon Foundation тон 02 Stellary",659.0,"Матирующий тональный крем для лица Stellary Matte Icon 02 35мл",949.0,80
"Тональный крем для лица Matte Icon Foundation тон 03 Stellary",659.0,"Матирующий тональный крем для лица Stellary Cult Matte Foundation 03 25мл",363.0,80
"Тональный крем для лица Matte Icon Foundation тон 03 Stellary",659.0,"Матирующий тональный крем для лица Stellary Matte Icon 03 35мл",949.0,80
"Тональный крем для лица Matte Icon Foundation тон 04 Stellary",659.0,"Матирующий тональный крем для лица Stellary Cult Matte Foundation 04 25мл",363.0,80
"Тональный крем для лица Matte Icon Foundation тон 04 Stellary",659.0,"Матирующий тональный крем для лица Stellary Matte Icon 04 35мл",949.0,80
"Коричневый гель для бровей Stellary",214.0,"Гель для бровей Stellary Brow Fixing Gel Прозрачный 8мл",301.0,80
"Тональный крем для лица Cult Matte тон 01 Stellary",363.0,"Матирующий тональный крем для лица Stellary Cult Matte Foundation 01 25мл",363.0,88
"Тональный крем для лица Cult Matte тон 02 Stellary",363.0,"Матирующий тональный крем для лица Stellary Cult Matte Foundation 02 25мл",363.0,88
"Тональный крем для лица Cult Matte тон 03 Stellary",363.0,"Матирующий тональный крем для лица Stellary Cult Matte Foundation 03 25мл",363.0,88
"Тональный крем для лица Cult Matte тон 04 Stellary",363.0,"Матирующий тональный крем для лица Stellary Cult Matte Foundation 04 25мл",363.0,88
"Блеск-плампер для губ Poison Kiss тон 01 Stellary",429.0,"Блеск - плампер для губ Stellary Poison kiss plump lip gloss 01 4мл",429.0,88
"Тушь для ресниц Volume Ambition Stellary",796.0,"Тушь для ресниц Stellary Volume ambition 01 12мл",809.0,100
"Тушь для ресниц Volume Ambition Stellary",796.0,"Тушь для ресниц с эффектом объёма и разделения Stellary Panther Black Volume mascara 01 10мл",785.0,83
"Тушь для ресниц Volume Ambition Stellary",796.0,"Тушь для ресниц Stellary Star Volume ' Like a Star ' 01 9мл",499.0,83
"Тушь для ресниц Volume Ambition Stellary",796.0,"Объёмная тушь для ресниц Stellary Volume mascara Wild Black 01 9мл",669.0,83
"Тушь для ресниц Long Privilege Stellary",796.0,"Тушь для ресниц Stellary Long privilege 01 12мл",809.0,100
"Блеск для губ Lipgloss Big Lips тон 01 Stellary",344.0,"Блеск для губ Stellary Lipgloss Big Lips 01 4,2мл",345.0,88
"Блеск для губ Lipgloss Big Lips тон 02 Stellary",344.0,"Блеск для губ Stellary Lipgloss Big Lips 02 4,2мл",345.0,88
"Блеск для губ Lipgloss Big Lips тон 03 Stellary",344.0,"Блеск для губ Stellary Lipgloss Big Lips 03 4,2мл",345.0,88
"Блеск для губ Lipgloss Big Lips тон 04 Stellary",344.0,"Блеск для губ Stellary Lipgloss Big Lips 04 4,2мл",345.0,88
"Блеск для губ Lipgloss Big Lips тон 05 Stellary",344.0,"Блеск для губ Stellary Lipgloss Big Lips 05 4,2мл",345.0,88
"Блеск для губ Lipgloss Big Lips тон 06 Stellary",344.0,"Блеск для губ Stellary Lipgloss Big Lips 06 4,2мл",345.0,88
"Блеск для губ Lipgloss Big Lips тон 07 Stellary",344.0,"Блеск для губ Stellary Lipgloss Big Lips 07 4,2мл",345.0,88
"Блеск для губ Lipgloss Big Lips тон 10 Stellary",344.0,"Блеск для губ Stellary Lipgloss Big Lips 10 4,2мл",345.0,88
"Блеск для губ Lipgloss Big Lips тон 08 Stellary",344.0,"Блеск для губ Stellary Lipgloss Big Lips 08 4,2мл",345.0,88
"Блеск для губ Lipgloss Big Lips тон 09 Stellary",344.0,"Блеск для губ Stellary Lipgloss Big Lips 09 4,2мл",345.0,88
"Блеск для губ Lipgloss Big Lips тон 14 Stellary",344.0,"Блеск для губ Stellary Lipgloss Big Lips 14 4,2мл",345.0,88
"Блеск для губ Lipgloss Big Lips тон 14 Stellary",344.0,"Блеск для губ Stellary Lipgloss Big Lips 14 4,2мл",345.0,88
"Блеск для губ Lipgloss Big Lips тон 15 Stellary",344.0,"Блеск для губ Stellary Lipgloss Big Lips 15 4,2мл",345.0,88
"Блеск для губ Lipgloss Big Lips тон 13 Stellary",344.0,"Блеск для губ Stellary Lipgloss Big Lips 13 4,2мл",345.0,88
"Пилинг для лица Обновляющий красный Stellary Skin Studio Superfood 30мл",399.0,"Обновляющий красный пилинг для лица Stellary Skin Studio Superfood 30мл",549.0,100
"Пенка для умывания Stellary Skin Studio Retinol Power 160мл",321.0,"Нежная пенка для умывания Stellary Skin Studio Retinol Power 160мл",485.0,100
"Гидрогелевая маска Stellary Skin Studio для лица 1шт",168.0,"Гидрогелевая маска для лица Stellary Skin Studio Hydrogel active mask",249.0,87
"Крем-гель Stellary Skin Studio Hydrogen для умывания",229.0,"Крем - пенка для умывания Stellary Skin Studio Hydrogen 200мл",439.0,87
"Сыворотка для лица Stellary Skin Studio Retinol Power ночная 30мл",381.0,"Разглаживающая сыворотка для лица Stellary Skin Studio Retinol Power 30мл",699.0,90
"Энзимная пудра для умывания Stellary Skin Studio Hydrogen",316.0,"Обновляющая энзимная пудра для умывания Stellary Skin Studio Superfood 90мл",499.0,87
"Крем для лица Stellary Skin Studio Hydrogen увлажняющий ",234.0,"Ночной интенсивно увлажняющий крем для лица Stellary Skin Studio Hydrogen 50мл",549.0,100
"Крем для лица Stellary Skin Studio Hydrogen увлажняющий ",234.0,"Дневной увлажняющий крем для лица Stellary Skin Studio Hydrogen 50мл",599.0,100
"Крем для лица Stellary Skin Studio Retinol Power дневной 50мл",665.0,"Дневной моделирующий крем для лица Stellary Skin Studio Retinol Power SPF 10 50мл",783.0,100
"Крем для лица Stellary Skin Studio Retinol Power дневной 50мл",665.0,"Дневной увлажняющий крем для лица Stellary Skin Studio Hydrogen 50мл",599.0,80
"Крем для лица Stellary Skin Studio Retinol Power для коррекции морщин 30мл",476.0,"Разглаживающая сыворотка для лица Stellary Skin Studio Retinol Power 30мл",699.0,80
"Лосьон-пилинг для лица Stellary Skin Studio Superfood",270.0,"Обновляющий красный пилинг для лица Stellary Skin Studio Superfood 30мл",549.0,87
"Крем для лица Stellary Skin Studio Hydrogen дневной увлажняющий 50мл",337.0,"Дневной моделирующий крем для лица Stellary Skin Studio Retinol Power SPF 10 50мл",783.0,80
"Крем для лица Stellary Skin Studio Hydrogen дневной увлажняющий 50мл",337.0,"Дневной увлажняющий крем для лица Stellary Skin Studio Hydrogen 50мл",599.0,100
"Гель для лица Stellary Skin Studio Hydrogen Увлажняющий ",308.0,"Ночной интенсивно увлажняющий крем для лица Stellary Skin Studio Hydrogen 50мл",549.0,87
"Гель для лица Stellary Skin Studio Hydrogen Увлажняющий ",308.0,"Дневной увлажняющий крем для лица Stellary Skin Studio Hydrogen 50мл",599.0,87
"Сыворотка для лица Stellary Skin Studio Retinol Power разглаживающая 30мл",439.0,"Разглаживающая сыворотка для лица Stellary Skin Studio Retinol Power 30мл",699.0,100
"Крем для глаз и губ Stellary Skin Studio Retinol Power 20мл",293.0,"Омолаживающий крем для контура глаз и губ Stellary Skin Studio Retinol Power 20мл",399.0,100
"Крем для глаз и губ Stellary Skin Studio Retinol Power 20мл",293.0,"Омолаживающий крем для контура глаз и губ Stellary Skin Studio Retinol Power 20мл",399.0,100
"Крем для лица Stellary Skin Studio Hydrogen ночной увлажняющий 50мл",402.0,"Ночной скульптурирующий крем для лица Stellary Skin Studio 50мл",799.0,88
"Крем для лица Stellary Skin Studio Hydrogen ночной увлажняющий 50мл",402.0,"Ночной интенсивно увлажняющий крем для лица Stellary Skin Studio Hydrogen 50мл",549.0,100
"Крем для лица Stellary Skin Studio Retinol Power ночной 50мл",574.0,"Ночной скульптурирующий крем для лица Stellary Skin Studio 50мл",799.0,88
"Крем для лица Stellary Skin Studio Retinol Power ночной 50мл",574.0,"Ночной интенсивно увлажняющий крем для лица Stellary Skin Studio Hydrogen 50мл",549.0,80
"Крем для лица Stellary Skin Studio Superfood дневной 50мл",402.0,"Дневной моделирующий крем для лица Stellary Skin Studio Retinol Power SPF 10 50мл",783.0,88
"Крем для лица Stellary Skin Studio Superfood дневной 50мл",402.0,"Дневной увлажняющий крем для лица Stellary Skin Studio Hydrogen 50мл",599.0,88
"Крем для лица Stellary Skin Studio Superfood ночной 50мл",402.0,"Ночной скульптурирующий крем для лица Stellary Skin Studio 50мл",799.0,88
"Крем для лица Stellary Skin Studio Superfood ночной 50мл",402.0,"Ночной интенсивно увлажняющий крем для лица Stellary Skin Studio Hydrogen 50мл",549.0,88
"Энзимная пудра для умывания Stellary Skin Studio Superfood 60г",407.0,"Обновляющая энзимная пудра для умывания Stellary Skin Studio Superfood 90мл",499.0,88
"Стиральный порошок Synergetic Color для цветного белья 1.5кг",299.0,"Гипоаллергенный стиральный порошок для цветного белья Synergetic Color 1,5кг",279.0,100
"Таблетки для посудомоечных машин Synergetic 55шт",699.0,"Биоразлагаемые таблетки для посудомоечных машин Synergetic Эко All in One бесфосфатные , без запаха 55шт",659.0,100
"Мыло жидкое Synergetic Аромамагия 500мл",148.0,"Жидкое мыло для рук Synergetic антибактериальное ' мелисса и ромашка ' 500мл",149.0,80
"Мыло жидкое Synergetic Аромамагия 500мл",148.0,"Жидкое мыло для рук Synergetic антибактериальное нейтрализующее запах ' Лемонграсс и мята ' 500мл",149.0,80
"Мыло жидкое Synergetic Аромамагия 500мл",148.0,"Жидкое мыло для рук Synergetic антибактериальное ' мелисса и ромашка ' 500мл",149.0,80
"Мыло жидкое Synergetic Аромамагия 500мл",148.0,"Жидкое мыло для рук Synergetic антибактериальное нейтрализующее запах ' Лемонграсс и мята ' 500мл",149.0,80
"Капсулы для стирки Synergetic Color 12шт",271.0,"Капсулы для стирки цветного белья Synergetic Color 12шт",279.0,100
"Скраб для тела Synergetic Натуральный кофейный тонус и упругость Кофе и зелёный лайм 300мл",264.0,"Натуральный кофейный скраб для тела Synergetic ' кофе и зеленый лайм ' 300мл",291.0,100
"Крем для рук и тела Synergetic пачули и аромат бергамота 380мл",228.0,"Натуральный крем для рук и тела Synergetic ' пачули и ароматный бергамот ' 380мл",449.0,80
"Капсулы для стирки Synergetic Color 40шт",608.0,"Капсулы для стирки цветного белья Synergetic Color 40шт",699.0,100
"Капсулы для стирки Synergetic Color 40шт",608.0,"Капсулы для стирки Synergetic All in One Магическая орхидея 40шт",699.0,83
"Капсулы для стирки Synergetic Color 40шт",608.0,"Капсулы для стирки цветного белья Synergetic Color 40шт",699.0,100
"Капсулы для стирки Synergetic Color 40шт",608.0,"Капсулы для стирки Synergetic All in One Магическая орхидея 40шт",699.0,83
"Гель для душа Cherry Synergetic 750мл",567.0,"Натуральный гель для душа Synergetic ' сандал и ягоды можжевельника ' 750мл",421.0,83
"Гель для душа Cherry Synergetic 750мл",567.0,"Натуральный гель для душа Synergetic ' пачули и ароматный бергамот ' 750мл",421.0,83
"Стиральный порошок Synergetic Color для цветного белья 3кг",443.0,"Гипоаллергенный стиральный порошок для цветного белья Synergetic Color 1,5кг",279.0,87
"Тушь для ресниц Cabaret Noir Arabique тон 01 Vivienne Sabo",199.0,"Тушь для ресниц с эффектом рокового объема Vivienne Sabo Cabaret Legende Noir 01 9мл",649.0,80
"Крем для лица с азелаиновой кислотой Pure Dermatol Vivienne Sabo 50мл",539.0,"Матирующий крем - гель для лица с центеллой Vivienne Sabo Pure Dermatol' 50мл",499.0,81
"Невидимые локальные патчи против несовершенств Pure Dermatol Vivienne Sabo 20шт",269.0,"Патчи для лица невидимые локальные против несовершенств Vivienne Sabo Pure Dermatol' 20шт",315.0,100
"Обновляющий пилинг для лица винный Skin Expertiq Vivienne Sabo 33мл",579.0,"Интенсивно обновляющий винный пилинг для лица Vivienne Sabo Skin Expertiq 33мл",529.0,100
"Дневной крем для лица с ниацинамидом SPF15 Skin Expertiq Vivienne Sabo 50мл",519.0,"Дневной крем для лица с витамином C SPF 15 Vivienne Sabo Skin Expertiq 50мл",629.0,83
"Дневной крем для лица с ниацинамидом SPF15 Skin Expertiq Vivienne Sabo 50мл",519.0,"Дневной крем для лица с ниацинамидом SPF 15 Vivienne Sabo Skin Expertiq 50мл",519.0,91
"Ночная сыворотка с АНА- и ВНА-кислотами Skin Expertiq Vivienne Sabo 30мл",522.0,"Ночная сыворотка для лица с AHA- и BHA- кислотами Vivienne Sabo Skin Expertiq 30мл",609.0,83
"Обновляющий ночной крем с кислотами Skin Expertiq Vivienne Sabo 50мл",579.0,"Обновляющий ночной крем для лица с кислотами Vivienne Sabo Skin Expertiq 50мл",679.0,100
"Карандаш для бровей тон 001 Vivienne Sabo Coup De Genie",285.0,"Карандаш для бровей Vivienne Sabo Coup de Genie 01 Бежевый 1,4г",355.0,80
"Карандаш для бровей тон 001 Vivienne Sabo Coup De Genie",285.0,"Карандаш для бровей Vivienne Sabo Coup de Genie 02 Серый теплый ( Русый ) 1,4г",355.0,80
"Карандаш для бровей тон 001 Vivienne Sabo Coup De Genie",285.0,"Карандаш для бровей Vivienne Sabo Coup de Genie 03 Темно-серый 1,4г",355.0,80
"Дневной крем для лица c витамином С SPF15 Skin Expertiq Vivienne Sabo 50мл",539.0,"Дневной крем для лица с витамином C SPF 15 Vivienne Sabo Skin Expertiq 50мл",629.0,92
"Тушь для ресниц Vivienne Sabo Cabaret Legende Dor",650.0,"Тушь для ресниц с эффектом объёма и удлинения Vivienne Sabo Cabaret Legende D'or 01 9мл",649.0,100
"Тушь для ресниц Vivienne Sabo Cabaret Legende Dor",650.0,"Тушь для ресниц с эффектом рокового объема Vivienne Sabo Cabaret Legende Noir 01 9мл",649.0,87
"Тушь для ресниц Vivienne Sabo Cabaret Legende Dor",650.0,"Тушь для ресниц с экстремальным объёмом Vivienne Sabo Cabaret Legende Rouge 01 9мл",649.0,87
"Карандаш для бровей тон 002 Vivienne Sabo Coup De Genie",285.0,"Карандаш для бровей Vivienne Sabo Coup de Genie 01 Бежевый 1,4г",355.0,80
"Карандаш для бровей тон 002 Vivienne Sabo Coup De Genie",285.0,"Карандаш для бровей Vivienne Sabo Coup de Genie 02 Серый теплый ( Русый ) 1,4г",355.0,80
"Карандаш для бровей тон 002 Vivienne Sabo Coup De Genie",285.0,"Карандаш для бровей Vivienne Sabo Coup de Genie 03 Темно-серый 1,4г",355.0,80
"Патчи для глаз с кофеином Basic Luxury Vivienne Sabo 30шт",315.0,"Гель для кожи вокруг глаз с кофеином Vivienne Sabo Basic Luxury 20мл",469.0,80
"Патчи для глаз с кофеином Basic Luxury Vivienne Sabo 30шт",315.0,"Патчи для глаз кофеиновые с противоотечным эффектом Vivienne Sabo Basic Luxury 30шт",315.0,90
"Бальзам для губ тон 06 Bonbone Vivienne Sabo",472.0,"Бальзам для губ с пептидами Vivienne Sabo Bonbone 06 10мл",535.0,87
"Сыворотка для лица с Витамином С Skin Expertiq Vivienne Sabo 30мл",522.0,"Дневной крем для лица с витамином C SPF 15 Vivienne Sabo Skin Expertiq 50мл",629.0,80
"Сыворотка для лица с Витамином С Skin Expertiq Vivienne Sabo 30мл",522.0,"Ночная сыворотка для лица с AHA- и BHA- кислотами Vivienne Sabo Skin Expertiq 30мл",609.0,90
"Сыворотка для лица с Витамином С Skin Expertiq Vivienne Sabo 30мл",522.0,"Сыворотка для лица антиоксидантная для сияния кожи с витамином С Vivienne Sabo Skin Expertiq 30мл",499.0,100
"Бальзам для губ тон 01 Bonbone Vivienne Sabo",472.0,"Бальзам для губ с пептидами Vivienne Sabo Bonbone 01 10мл",535.0,87
"Увлажняющая тканевая маска с 8 формами гиалуроновой кислоты Basic Luxury Vivienne Sabo",209.0,"Увлажняющая тканевая маска для лица с 8 формами гиалуроновой кислоты Vivienne Sabo Basic Luxury",209.0,100
"Сыворотка для лица с Витамином С Skin Expertiq Vivienne Sabo 30мл",522.0,"Дневной крем для лица с витамином C SPF 15 Vivienne Sabo Skin Expertiq 50мл",629.0,80
"Сыворотка для лица с Витамином С Skin Expertiq Vivienne Sabo 30мл",522.0,"Ночная сыворотка для лица с AHA- и BHA- кислотами Vivienne Sabo Skin Expertiq 30мл",609.0,90
"Сыворотка для лица с Витамином С Skin Expertiq Vivienne Sabo 30мл",522.0,"Сыворотка для лица антиоксидантная для сияния кожи с витамином С Vivienne Sabo Skin Expertiq 30мл",499.0,100
"Бальзам для губ тон 01 Bonbone Vivienne Sabo",472.0,"Бальзам для губ с пептидами Vivienne Sabo Bonbone 01 10мл",535.0,87
"Увлажняющая тканевая маска с 8 формами гиалуроновой кислоты Basic Luxury Vivienne Sabo",209.0,"Увлажняющая тканевая маска для лица с 8 формами гиалуроновой кислоты Vivienne Sabo Basic Luxury",209.0,100
"Очищающий крем-гель для лица с энзимами Skin Expertiq Vivienne Sabo 120мл",439.0,"Очищающий крем - гель для лица с энзимами Vivienne Sabo Skin Expertiq 120мл",515.0,100
"Омолаживающая тканевая маска с ДНК лосося Formule Anti-Age Vivienne Sabo",209.0,"Маска для лица омолаживающая с ДНК лосося Vivienne Sabo Formule Anti-Age",209.0,90
"Тушь для ресниц Moore Moore тон 01 Vivienne Sabo",371.0,"Тушь для ресниц с эффектом подкручивания и объёма Vivienne Sabo Moore Moore 01 Черная 9мл",389.0,87
"Энзимная пудра для умывания Сияние кожи Skin Expert Vivienne Sabo 73.5г",569.0,"Энзимная пудра для сияния кожи Vivienne Sabo Skin Expertiq 73,5г",659.0,81
"Кремовые румяна для лица Courage тон 02 Vivienne Sabo",658.0,"Кремовые румяна для лица Vivienne Sabo Courage 02 4,3мл",659.0,88
"Тушь для ресниц Toutou Lashes тон 01 Vivienne Sabo",371.0,"Тушь для ресниц с эффектом разделения и удлинения Vivienne Sabo Toutou Lashes 01 Черная 9мл",389.0,88
"Кремовые румяна для лица Courage тон 01 Vivienne Sabo",658.0,"Кремовые румяна для лица Vivienne Sabo Courage 01 4,3мл",659.0,88
"Тинт для губ Tititint тон 01 Vivienne Sabo",349.0,"Тинт для губ Vivienne Sabo Tititint 01 Персиковый 3мл",349.0,87
"Консилер Vivienne Sabo Retouche тон 01 ",496.0,"Консилер для лица Vivienne Sabo Retouche Concealer 01 3мл",549.0,83
"Муссовая помада для губ тон 07 Muse de Velours Vivienne Sabo",507.0,"Помада для губ муссовая Vivienne Sabo Muse de velours 07 5мл",585.0,90
"Карандаш для бровей Vivienne Sabo Coup De Genie тон 003 ",285.0,"Карандаш для бровей Vivienne Sabo Coup de Genie 01 Бежевый 1,4г",355.0,80
"Карандаш для бровей Vivienne Sabo Coup De Genie тон 003 ",285.0,"Карандаш для бровей Vivienne Sabo Coup de Genie 02 Серый теплый ( Русый ) 1,4г",355.0,80
"Карандаш для бровей Vivienne Sabo Coup De Genie тон 003 ",285.0,"Карандаш для бровей Vivienne Sabo Coup de Genie 03 Темно-серый 1,4г",355.0,80
"Палетка теней для век Croissant тон 04 Vivienne Sabo",513.0,"Палетка теней для век Vivienne Sabo Croissant 04 4г",513.0,88
"Бальзам для губ тон 04 Bonbone Vivienne Sabo",472.0,"Бальзам для губ с пептидами Vivienne Sabo Bonbone 04 10мл",535.0,87
"Консилер для лица Coverture с плотным покрытием тон 01 Vivienne Sabo",544.0,"Консилер для лица с плотным покрытием Vivienne Sabo Coverture 01 5мл",549.0,90
"Консилер Vivienne Sabo Retouche тон 02",411.0,"Консилер для лица Vivienne Sabo Retouche Concealer 02 3мл",549.0,83
"Помада-бальзам для губ La La Laque тон 02 Vivienne Sabo",428.0,"Глянцевая помада - бальзам для губ Vivienne Sabo La La Laque 02 2,5г",429.0,90
"Муссовая помада для губ тон 06 Muse de Velours Vivienne Sabo",507.0,"Помада для губ муссовая Vivienne Sabo Muse de velours 06 5мл",585.0,90
"Плампер для губ Le Grande Volume тон 03 Vivienne Sabo",550.0,"Плампер для губ Vivienne Sabo Le Grand Volume Extra Plumping 03 3мл",569.0,80
"Жидкие тени для век Artiste 24/7 тон 09 Vivienne Sabo",159.0,"Жидкие тени для век Vivienne Sabo Artiste 24/7 08 6,5мл",319.0,81
"Жидкие тени для век Artiste 24/7 тон 09 Vivienne Sabo",159.0,"Жидкие тени для век Vivienne Sabo Artiste 24/7 02 6,5мл",319.0,81
"Жидкие тени для век Artiste 24/7 тон 09 Vivienne Sabo",159.0,"Жидкие тени для век Vivienne Sabo Artiste 24/7 01 6,5мл",319.0,81
"Жидкие тени для век Artiste 24/7 тон 09 Vivienne Sabo",159.0,"Жидкие тени для век Vivienne Sabo Artiste 24/7 05 6,5мл",319.0,81
"Жидкие тени для век Artiste 24/7 тон 09 Vivienne Sabo",159.0,"Жидкие тени для век Vivienne Sabo Artiste 24/7 03 6,5мл",319.0,81
"Жидкие тени для век Artiste 24/7 тон 09 Vivienne Sabo",159.0,"Жидкие тени для век Vivienne Sabo Artiste 24/7 06 6,5мл",319.0,81
"Жидкие тени для век Artiste 24/7 тон 09 Vivienne Sabo",159.0,"Жидкие тени для век Vivienne Sabo Artiste 24/7 12 5мл",319.0,81
"Жидкие тени для век Artiste 24/7 тон 09 Vivienne Sabo",159.0,"Жидкие тени для век Vivienne Sabo Artiste 24/7 07 5мл",319.0,81
"Жидкие тени для век Artiste 24/7 тон 09 Vivienne Sabo",159.0,"Жидкие тени для век Vivienne Sabo Artiste 24/7 09 5мл",319.0,90
"Жидкие тени для век Artiste 24/7 тон 09 Vivienne Sabo",159.0,"Жидкие тени для век Vivienne Sabo Artiste 24/7 04 6,5мл",319.0,81
"Жидкие тени для век Artiste 24/7 тон 09 Vivienne Sabo",159.0,"Жидкие тени для век Vivienne Sabo Artiste 24/7 10 5мл",319.0,81
"Жидкие тени для век Artiste 24/7 тон 09 Vivienne Sabo",159.0,"Жидкие тени для век Vivienne Sabo Artiste 24/7 11 5мл",319.0,81
"Муссовая помада для губ тон 05 Muse de Velours Vivienne Sabo",507.0,"Помада для губ муссовая Vivienne Sabo Muse de velours 05 5мл",585.0,90
"Жидкие тени для век Artiste 24/7 тон 09 Vivienne Sabo",159.0,"Жидкие тени для век Vivienne Sabo Artiste 24/7 08 6,5мл",319.0,81
"Жидкие тени для век Artiste 24/7 тон 09 Vivienne Sabo",159.0,"Жидкие тени для век Vivienne Sabo Artiste 24/7 02 6,5мл",319.0,81
"Жидкие тени для век Artiste 24/7 тон 09 Vivienne Sabo",159.0,"Жидкие тени для век Vivienne Sabo Artiste 24/7 01 6,5мл",319.0,81
"Жидкие тени для век Artiste 24/7 тон 09 Vivienne Sabo",159.0,"Жидкие тени для век Vivienne Sabo Artiste 24/7 05 6,5мл",319.0,81
"Жидкие тени для век Artiste 24/7 тон 09 Vivienne Sabo",159.0,"Жидкие тени для век Vivienne Sabo Artiste 24/7 03 6,5мл",319.0,81
"Жидкие тени для век Artiste 24/7 тон 09 Vivienne Sabo",159.0,"Жидкие тени для век Vivienne Sabo Artiste 24/7 06 6,5мл",319.0,81
"Жидкие тени для век Artiste 24/7 тон 09 Vivienne Sabo",159.0,"Жидкие тени для век Vivienne Sabo Artiste 24/7 12 5мл",319.0,81
"Жидкие тени для век Artiste 24/7 тон 09 Vivienne Sabo",159.0,"Жидкие тени для век Vivienne Sabo Artiste 24/7 07 5мл",319.0,81
"Жидкие тени для век Artiste 24/7 тон 09 Vivienne Sabo",159.0,"Жидкие тени для век Vivienne Sabo Artiste 24/7 09 5мл",319.0,90
"Жидкие тени для век Artiste 24/7 тон 09 Vivienne Sabo",159.0,"Жидкие тени для век Vivienne Sabo Artiste 24/7 04 6,5мл",319.0,81
"Жидкие тени для век Artiste 24/7 тон 09 Vivienne Sabo",159.0,"Жидкие тени для век Vivienne Sabo Artiste 24/7 10 5мл",319.0,81
"Жидкие тени для век Artiste 24/7 тон 09 Vivienne Sabo",159.0,"Жидкие тени для век Vivienne Sabo Artiste 24/7 11 5мл",319.0,81
"Муссовая помада для губ тон 05 Muse de Velours Vivienne Sabo",507.0,"Помада для губ муссовая Vivienne Sabo Muse de velours 05 5мл",585.0,90
"Консилер для лица Coverture с плотным покрытием тон 02 Vivienne Sabo",544.0,"Консилер для лица с плотным покрытием Vivienne Sabo Coverture 02 5мл",549.0,90
"Муссовая помада для губ тон 01 Muse de Velours Vivienne Sabo",585.0,"Помада для губ муссовая Vivienne Sabo Muse de velours 01 5мл",585.0,90
"Тушь для ресниц Volume Fuzzy тон 01 Vivienne Sabo",371.0,"Влагостойкая тушь для ресниц с эффектом суперобъёма Vivienne Sabo Volume Fuzzy 01 9мл",389.0,88
"Муссовая помада для губ тон 08 Muse de Velours Vivienne Sabo",507.0,"Помада для губ муссовая Vivienne Sabo Muse de velours 08 5мл",585.0,90
"Жидкие тени для век Artiste 24/7 тон 10 Vivienne Sabo",159.0,"Жидкие тени для век Vivienne Sabo Artiste 24/7 08 6,5мл",319.0,81
"Жидкие тени для век Artiste 24/7 тон 10 Vivienne Sabo",159.0,"Жидкие тени для век Vivienne Sabo Artiste 24/7 02 6,5мл",319.0,81
"Жидкие тени для век Artiste 24/7 тон 10 Vivienne Sabo",159.0,"Жидкие тени для век Vivienne Sabo Artiste 24/7 01 6,5мл",319.0,81
"Жидкие тени для век Artiste 24/7 тон 10 Vivienne Sabo",159.0,"Жидкие тени для век Vivienne Sabo Artiste 24/7 05 6,5мл",319.0,81
"Жидкие тени для век Artiste 24/7 тон 10 Vivienne Sabo",159.0,"Жидкие тени для век Vivienne Sabo Artiste 24/7 03 6,5мл",319.0,81
"Жидкие тени для век Artiste 24/7 тон 10 Vivienne Sabo",159.0,"Жидкие тени для век Vivienne Sabo Artiste 24/7 06 6,5мл",319.0,81
"Жидкие тени для век Artiste 24/7 тон 10 Vivienne Sabo",159.0,"Жидкие тени для век Vivienne Sabo Artiste 24/7 12 5мл",319.0,81
"Жидкие тени для век Artiste 24/7 тон 10 Vivienne Sabo",159.0,"Жидкие тени для век Vivienne Sabo Artiste 24/7 07 5мл",319.0,81
"Жидкие тени для век Artiste 24/7 тон 10 Vivienne Sabo",159.0,"Жидкие тени для век Vivienne Sabo Artiste 24/7 09 5мл",319.0,81
"Жидкие тени для век Artiste 24/7 тон 10 Vivienne Sabo",159.0,"Жидкие тени для век Vivienne Sabo Artiste 24/7 04 6,5мл",319.0,81
"Жидкие тени для век Artiste 24/7 тон 10 Vivienne Sabo",159.0,"Жидкие тени для век Vivienne Sabo Artiste 24/7 10 5мл",319.0,90
"Жидкие тени для век Artiste 24/7 тон 10 Vivienne Sabo",159.0,"Жидкие тени для век Vivienne Sabo Artiste 24/7 11 5мл",319.0,81
"Плампер для губ Le Grande Volume тон 04 Vivienne Sabo",581.0,"Плампер для губ Vivienne Sabo Le Grand Volume Extra Plumping 04 3мл",569.0,80
"Муссовая помада для губ тон 03 Muse de Velours Vivienne Sabo",507.0,"Помада для губ муссовая Vivienne Sabo Muse de velours 03 5мл",585.0,90
"Муссовая помада для губ тон 04 Muse de Velours Vivienne Sabo",507.0,"Помада для губ муссовая Vivienne Sabo Muse de velours 04 5мл",585.0,90
"Плампер для губ Le Grande Volume тон 01 Vivienne Sabo",550.0,"Плампер для губ Vivienne Sabo Le Grand Volume Extra Plumping 01 3мл",569.0,80
"Бальзам для губ тон 05 Bonbone Vivienne Sabo",472.0,"Бальзам для губ с пептидами Vivienne Sabo Bonbone 05 10мл",535.0,87
"Палетка теней для век Croissant тон 02 Vivienne Sabo",513.0,"Палетка теней для век Vivienne Sabo Croissant 02 4г",513.0,88
"Тушь для ресниц Vivienne Sabo Cabaret Legende Noir",650.0,"Тушь для ресниц с эффектом объёма и удлинения Vivienne Sabo Cabaret Legende D'or 01 9мл",649.0,87
"Тушь для ресниц Vivienne Sabo Cabaret Legende Noir",650.0,"Тушь для ресниц с эффектом рокового объема Vivienne Sabo Cabaret Legende Noir 01 9мл",649.0,100
"Тушь для ресниц Vivienne Sabo Cabaret Legende Noir",650.0,"Тушь для ресниц с экстремальным объёмом Vivienne Sabo Cabaret Legende Rouge 01 9мл",649.0,87
"Помада-бальзам для губ La La Laque тон 05 Vivienne Sabo",428.0,"Глянцевая помада - бальзам для губ Vivienne Sabo La La Laque 05 2,5г",429.0,90
"Плампер для губ Le Grande Volume тон 02 Vivienne Sabo",507.0,"Плампер для губ Vivienne Sabo Le Grand Volume Extra Plumping 02 3мл",569.0,80
"Помада-бальзам для губ La La Laque тон 01 Vivienne Sabo",428.0,"Глянцевая помада - бальзам для губ Vivienne Sabo La La Laque 01 2,5г",429.0,90
"Бальзам для губ тон 02 Bonbone Vivienne Sabo",518.0,"Бальзам для губ с пептидами Vivienne Sabo Bonbone 02 10мл",535.0,87
"Жидкие тени для век Artiste 24/7 тон 11 Vivienne Sabo",159.0,"Жидкие тени для век Vivienne Sabo Artiste 24/7 08 6,5мл",319.0,81
"Жидкие тени для век Artiste 24/7 тон 11 Vivienne Sabo",159.0,"Жидкие тени для век Vivienne Sabo Artiste 24/7 02 6,5мл",319.0,81
"Жидкие тени для век Artiste 24/7 тон 11 Vivienne Sabo",159.0,"Жидкие тени для век Vivienne Sabo Artiste 24/7 01 6,5мл",319.0,81
"Жидкие тени для век Artiste 24/7 тон 11 Vivienne Sabo",159.0,"Жидкие тени для век Vivienne Sabo Artiste 24/7 05 6,5мл",319.0,81
"Жидкие тени для век Artiste 24/7 тон 11 Vivienne Sabo",159.0,"Жидкие тени для век Vivienne Sabo Artiste 24/7 03 6,5мл",319.0,81
"Жидкие тени для век Artiste 24/7 тон 11 Vivienne Sabo",159.0,"Жидкие тени для век Vivienne Sabo Artiste 24/7 06 6,5мл",319.0,81
"Жидкие тени для век Artiste 24/7 тон 11 Vivienne Sabo",159.0,"Жидкие тени для век Vivienne Sabo Artiste 24/7 12 5мл",319.0,81
"Жидкие тени для век Artiste 24/7 тон 11 Vivienne Sabo",159.0,"Жидкие тени для век Vivienne Sabo Artiste 24/7 07 5мл",319.0,81
"Жидкие тени для век Artiste 24/7 тон 11 Vivienne Sabo",159.0,"Жидкие тени для век Vivienne Sabo Artiste 24/7 09 5мл",319.0,81
"Жидкие тени для век Artiste 24/7 тон 11 Vivienne Sabo",159.0,"Жидкие тени для век Vivienne Sabo Artiste 24/7 04 6,5мл",319.0,81
"Жидкие тени для век Artiste 24/7 тон 11 Vivienne Sabo",159.0,"Жидкие тени для век Vivienne Sabo Artiste 24/7 10 5мл",319.0,81
"Жидкие тени для век Artiste 24/7 тон 11 Vivienne Sabo",159.0,"Жидкие тени для век Vivienne Sabo Artiste 24/7 11 5мл",319.0,90
"Бальзам для губ тон 03 Bonbone Vivienne Sabo",472.0,"Бальзам для губ с пептидами Vivienne Sabo Bonbone 03 10мл",535.0,87
"Жидкие тени для век Artiste 24/7 тон 11 Vivienne Sabo",159.0,"Жидкие тени для век Vivienne Sabo Artiste 24/7 08 6,5мл",319.0,81
"Жидкие тени для век Artiste 24/7 тон 11 Vivienne Sabo",159.0,"Жидкие тени для век Vivienne Sabo Artiste 24/7 02 6,5мл",319.0,81
"Жидкие тени для век Artiste 24/7 тон 11 Vivienne Sabo",159.0,"Жидкие тени для век Vivienne Sabo Artiste 24/7 01 6,5мл",319.0,81
"Жидкие тени для век Artiste 24/7 тон 11 Vivienne Sabo",159.0,"Жидкие тени для век Vivienne Sabo Artiste 24/7 05 6,5мл",319.0,81
"Жидкие тени для век Artiste 24/7 тон 11 Vivienne Sabo",159.0,"Жидкие тени для век Vivienne Sabo Artiste 24/7 03 6,5мл",319.0,81
"Жидкие тени для век Artiste 24/7 тон 11 Vivienne Sabo",159.0,"Жидкие тени для век Vivienne Sabo Artiste 24/7 06 6,5мл",319.0,81
"Жидкие тени для век Artiste 24/7 тон 11 Vivienne Sabo",159.0,"Жидкие тени для век Vivienne Sabo Artiste 24/7 12 5мл",319.0,81
"Жидкие тени для век Artiste 24/7 тон 11 Vivienne Sabo",159.0,"Жидкие тени для век Vivienne Sabo Artiste 24/7 07 5мл",319.0,81
"Жидкие тени для век Artiste 24/7 тон 11 Vivienne Sabo",159.0,"Жидкие тени для век Vivienne Sabo Artiste 24/7 09 5мл",319.0,81
"Жидкие тени для век Artiste 24/7 тон 11 Vivienne Sabo",159.0,"Жидкие тени для век Vivienne Sabo Artiste 24/7 04 6,5мл",319.0,81
"Жидкие тени для век Artiste 24/7 тон 11 Vivienne Sabo",159.0,"Жидкие тени для век Vivienne Sabo Artiste 24/7 10 5мл",319.0,81
"Жидкие тени для век Artiste 24/7 тон 11 Vivienne Sabo",159.0,"Жидкие тени для век Vivienne Sabo Artiste 24/7 11 5мл",319.0,90
"Бальзам для губ тон 03 Bonbone Vivienne Sabo",472.0,"Бальзам для губ с пептидами Vivienne Sabo Bonbone 03 10мл",535.0,87
"Помада-бальзам для губ La La Laque тон 03 Vivienne Sabo",428.0,"Глянцевая помада - бальзам для губ Vivienne Sabo La La Laque 03 2,5г",429.0,90
"Помада-бальзам для губ La La Laque тон 06 Vivienne Sabo",428.0,"Глянцевая помада - бальзам для губ Vivienne Sabo La La Laque 06 2,5г",429.0,90
"Помада-бальзам для губ La La Laque тон 04 Vivienne Sabo",428.0,"Глянцевая помада - бальзам для губ Vivienne Sabo La La Laque 04 2,5г",429.0,90
"Помада-бальзам для губ La La Laque тон 07 Vivienne Sabo",428.0,"Глянцевая помада - бальзам для губ Vivienne Sabo La La Laque 07 2,5г",429.0,90
"Муссовая помада для губ тон 02 Muse de Velours Vivienne Sabo",507.0,"Помада для губ муссовая Vivienne Sabo Muse de velours 02 5мл",585.0,90
"Жидкие тени для век Artiste 24/7 тон 08 Vivienne Sabo",243.0,"Жидкие тени для век Vivienne Sabo Artiste 24/7 08 6,5мл",319.0,90
"Жидкие тени для век Artiste 24/7 тон 08 Vivienne Sabo",243.0,"Жидкие тени для век Vivienne Sabo Artiste 24/7 02 6,5мл",319.0,81
"Жидкие тени для век Artiste 24/7 тон 08 Vivienne Sabo",243.0,"Жидкие тени для век Vivienne Sabo Artiste 24/7 01 6,5мл",319.0,81
"Жидкие тени для век Artiste 24/7 тон 08 Vivienne Sabo",243.0,"Жидкие тени для век Vivienne Sabo Artiste 24/7 05 6,5мл",319.0,81
"Жидкие тени для век Artiste 24/7 тон 08 Vivienne Sabo",243.0,"Жидкие тени для век Vivienne Sabo Artiste 24/7 03 6,5мл",319.0,81
"Жидкие тени для век Artiste 24/7 тон 08 Vivienne Sabo",243.0,"Жидкие тени для век Vivienne Sabo Artiste 24/7 06 6,5мл",319.0,81
"Жидкие тени для век Artiste 24/7 тон 08 Vivienne Sabo",243.0,"Жидкие тени для век Vivienne Sabo Artiste 24/7 12 5мл",319.0,81
"Жидкие тени для век Artiste 24/7 тон 08 Vivienne Sabo",243.0,"Жидкие тени для век Vivienne Sabo Artiste 24/7 07 5мл",319.0,81
"Жидкие тени для век Artiste 24/7 тон 08 Vivienne Sabo",243.0,"Жидкие тени для век Vivienne Sabo Artiste 24/7 09 5мл",319.0,81
"Жидкие тени для век Artiste 24/7 тон 08 Vivienne Sabo",243.0,"Жидкие тени для век Vivienne Sabo Artiste 24/7 04 6,5мл",319.0,81
"Жидкие тени для век Artiste 24/7 тон 08 Vivienne Sabo",243.0,"Жидкие тени для век Vivienne Sabo Artiste 24/7 10 5мл",319.0,81
"Жидкие тени для век Artiste 24/7 тон 08 Vivienne Sabo",243.0,"Жидкие тени для век Vivienne Sabo Artiste 24/7 11 5мл",319.0,81
"Тинт для губ Tititint тон 04 Vivienne Sabo",349.0,"Тинт для губ Vivienne Sabo Tititint 04 Клубничный 3мл",349.0,87
"Палетка теней для век Croissant тон 03 Vivienne Sabo",513.0,"Палетка теней для век Vivienne Sabo Croissant 03 4г",513.0,88
"Жидкие тени для век Artiste 24/7 тон 12 Vivienne Sabo",243.0,"Жидкие тени для век Vivienne Sabo Artiste 24/7 08 6,5мл",319.0,81
"Жидкие тени для век Artiste 24/7 тон 12 Vivienne Sabo",243.0,"Жидкие тени для век Vivienne Sabo Artiste 24/7 02 6,5мл",319.0,81
"Жидкие тени для век Artiste 24/7 тон 12 Vivienne Sabo",243.0,"Жидкие тени для век Vivienne Sabo Artiste 24/7 01 6,5мл",319.0,81
"Жидкие тени для век Artiste 24/7 тон 12 Vivienne Sabo",243.0,"Жидкие тени для век Vivienne Sabo Artiste 24/7 05 6,5мл",319.0,81
"Жидкие тени для век Artiste 24/7 тон 12 Vivienne Sabo",243.0,"Жидкие тени для век Vivienne Sabo Artiste 24/7 03 6,5мл",319.0,81
"Жидкие тени для век Artiste 24/7 тон 12 Vivienne Sabo",243.0,"Жидкие тени для век Vivienne Sabo Artiste 24/7 06 6,5мл",319.0,81
"Жидкие тени для век Artiste 24/7 тон 12 Vivienne Sabo",243.0,"Жидкие тени для век Vivienne Sabo Artiste 24/7 12 5мл",319.0,90
"Жидкие тени для век Artiste 24/7 тон 12 Vivienne Sabo",243.0,"Жидкие тени для век Vivienne Sabo Artiste 24/7 07 5мл",319.0,81
"Жидкие тени для век Artiste 24/7 тон 12 Vivienne Sabo",243.0,"Жидкие тени для век Vivienne Sabo Artiste 24/7 09 5мл",319.0,81
"Жидкие тени для век Artiste 24/7 тон 12 Vivienne Sabo",243.0,"Жидкие тени для век Vivienne Sabo Artiste 24/7 04 6,5мл",319.0,81
"Жидкие тени для век Artiste 24/7 тон 12 Vivienne Sabo",243.0,"Жидкие тени для век Vivienne Sabo Artiste 24/7 10 5мл",319.0,81
"Жидкие тени для век Artiste 24/7 тон 12 Vivienne Sabo",243.0,"Жидкие тени для век Vivienne Sabo Artiste 24/7 11 5мл",319.0,81
"Плампер для губ Le Grande Volume тон 05 Vivienne Sabo",440.0,"Плампер для губ Vivienne Sabo Le Grand Volume Extra Plumping 05 3мл",569.0,80
"Помада-бальзам для губ La La Laque тон 08 Vivienne Sabo",428.0,"Глянцевая помада - бальзам для губ Vivienne Sabo La La Laque 08 2,5г",429.0,90
"Консилер Vivienne Sabo Retouche тон 03",411.0,"Консилер для лица Vivienne Sabo Retouche Concealer 03 3мл",549.0,83
"Карандаш для бровей Vivienne Sabo Powder Veluxe 02",502.0,"Пудровый карандаш для бровей Vivienne Sabo Powder Veluxe 02 1,2г",505.0,100
"Консилер Vivienne Sabo Retouche тон 04",496.0,"Консилер для лица Vivienne Sabo Retouche Concealer 04 3мл",549.0,83
"Карандаш для бровей Vivienne Sabo Powder Veluxe 02",502.0,"Пудровый карандаш для бровей Vivienne Sabo Powder Veluxe 02 1,2г",505.0,100
"Консилер Vivienne Sabo Retouche тон 04",496.0,"Консилер для лица Vivienne Sabo Retouche Concealer 04 3мл",549.0,83
"Карандаш для бровей Vivienne Sabo Powder Veluxe 03",502.0,"Пудровый карандаш для бровей Vivienne Sabo Powder Veluxe 03 1,2г",505.0,100
"Консилер для лица Coverture с плотным покрытием тон 03 Vivienne Sabo",544.0,"Консилер для лица с плотным покрытием Vivienne Sabo Coverture 03 5мл",549.0,90
"Тушь для ресниц Vivienne Sabo Cabaret Legende Rouge",650.0,"Тушь для ресниц с эффектом объёма и удлинения Vivienne Sabo Cabaret Legende D'or 01 9мл",649.0,87
"Тушь для ресниц Vivienne Sabo Cabaret Legende Rouge",650.0,"Тушь для ресниц с эффектом рокового объема Vivienne Sabo Cabaret Legende Noir 01 9мл",649.0,87
"Тушь для ресниц Vivienne Sabo Cabaret Legende Rouge",650.0,"Тушь для ресниц с экстремальным объёмом Vivienne Sabo Cabaret Legende Rouge 01 9мл",649.0,100
"Карандаш для бровей Vivienne Sabo Powder Veluxe 01",502.0,"Пудровый карандаш для бровей Vivienne Sabo Powder Veluxe 01 1,2г",505.0,100
"Жидкие тени для век Artiste 24/7 тон 07 Vivienne Sabo",243.0,"Жидкие тени для век Vivienne Sabo Artiste 24/7 08 6,5мл",319.0,81
"Жидкие тени для век Artiste 24/7 тон 07 Vivienne Sabo",243.0,"Жидкие тени для век Vivienne Sabo Artiste 24/7 02 6,5мл",319.0,81
"Жидкие тени для век Artiste 24/7 тон 07 Vivienne Sabo",243.0,"Жидкие тени для век Vivienne Sabo Artiste 24/7 01 6,5мл",319.0,81
"Жидкие тени для век Artiste 24/7 тон 07 Vivienne Sabo",243.0,"Жидкие тени для век Vivienne Sabo Artiste 24/7 05 6,5мл",319.0,81
"Жидкие тени для век Artiste 24/7 тон 07 Vivienne Sabo",243.0,"Жидкие тени для век Vivienne Sabo Artiste 24/7 03 6,5мл",319.0,81
"Жидкие тени для век Artiste 24/7 тон 07 Vivienne Sabo",243.0,"Жидкие тени для век Vivienne Sabo Artiste 24/7 06 6,5мл",319.0,81
"Жидкие тени для век Artiste 24/7 тон 07 Vivienne Sabo",243.0,"Жидкие тени для век Vivienne Sabo Artiste 24/7 12 5мл",319.0,81
"Жидкие тени для век Artiste 24/7 тон 07 Vivienne Sabo",243.0,"Жидкие тени для век Vivienne Sabo Artiste 24/7 07 5мл",319.0,90
"Жидкие тени для век Artiste 24/7 тон 07 Vivienne Sabo",243.0,"Жидкие тени для век Vivienne Sabo Artiste 24/7 09 5мл",319.0,81
"Жидкие тени для век Artiste 24/7 тон 07 Vivienne Sabo",243.0,"Жидкие тени для век Vivienne Sabo Artiste 24/7 04 6,5мл",319.0,81
"Жидкие тени для век Artiste 24/7 тон 07 Vivienne Sabo",243.0,"Жидкие тени для век Vivienne Sabo Artiste 24/7 10 5мл",319.0,81
"Жидкие тени для век Artiste 24/7 тон 07 Vivienne Sabo",243.0,"Жидкие тени для век Vivienne Sabo Artiste 24/7 11 5мл",319.0,81
"Карандаш для губ Vivienne Sabo Jolies Levres тон 206 ",259.0,"Карандаш для губ Vivienne Sabo Jolies Levres 206 , 1,4г",329.0,88
"Карандаш для губ Vivienne Sabo Jolies Levres тон 202 ",241.0,"Карандаш для губ Vivienne Sabo Jolies Levres 202 Темно-розовый холодный 0,9г",329.0,88
"Тушь для ресниц Vivienne Sabo Cabaret тон 01 ",396.0,"Тушь для ресниц Vivienne Sabo ' CABARET ' 01 Черный 9мл",359.0,87
"Тушь для ресниц Vivienne Sabo Cabaret тон 01 ",396.0,"Тушь для ресниц с эффектом объёма и удлинения Vivienne Sabo Cabaret Legende D'or 01 9мл",649.0,87
"Тушь для ресниц Vivienne Sabo Cabaret тон 01 ",396.0,"Тушь для ресниц Vivienne Sabo Cabaret Premiere водостойкая со сценическим эффектом 01 Черный 9мл",579.0,87
"Тушь для ресниц Vivienne Sabo Cabaret тон 01 ",396.0,"Водостойкая тушь для ресниц Vivienne Sabo Cabaret Latex 01 Черный 9мл",649.0,87
"Тушь для ресниц Vivienne Sabo Cabaret тон 01 ",396.0,"Тушь для ресниц с эффектом рокового объема Vivienne Sabo Cabaret Legende Noir 01 9мл",649.0,87
"Тушь для ресниц Vivienne Sabo Cabaret тон 01 ",396.0,"Тушь для ресниц с экстремальным объёмом Vivienne Sabo Cabaret Legende Rouge 01 9мл",649.0,87
"Тушь для ресниц Vivienne Sabo Cabaret тон 04 ",396.0,"Тушь для ресниц Vivienne Sabo Cabaret Premiere 04 Фиолетовый 9мл",579.0,87
"Гель для бровей и ресниц Vivienne Sabo Fixateur Фиксирующий коричневый ",304.0,"Гель Vivienne Sabo Fixateur Фиксирующий для бровей и ресниц 01 Прозрачный 6мл",309.0,90
"Гель для бровей и ресниц Vivienne Sabo Fixateur Фиксирующий коричневый ",304.0,"Гель для бровей Vivienne Sabo Fixateur Фиксирующий 01 коричневый 6мл",309.0,80
"Карандаш для губ Vivienne Sabo Jolies Levres тон 110 ",208.0,"Карандаш для губ Vivienne Sabo Jolies Levres 110 Винный 0,9г",329.0,88
"Карандаш для бровей Vivienne Sabo Brow Arcade автоматический тон 04",518.0,"Автоматический карандаш для бровей Vivienne Sabo Brow Arcade 04 Серо-коричневый",535.0,90
"Карандаш для бровей Vivienne Sabo Brow Arcade автоматический тон 01",576.0,"Автоматический карандаш для бровей Vivienne Sabo Brow Arcade 01 Светло-коричневый",535.0,90
"Карандаш для бровей Vivienne Sabo Brow Arcade автоматический тон 03",362.0,"Автоматический карандаш для бровей Vivienne Sabo Brow Arcade 03 , 0,1г",535.0,90
"Карандаш для глаз Vivienne Sabo Virtuose устойчивый гелевый тон 602",324.0,"Устойчивый гелевый карандаш для век Vivienne Sabo Virtuose 602 1,5г",429.0,80
"Карандаш для глаз Vivienne Sabo Virtuose устойчивый гелевый тон 602",324.0,"Устойчивый гелевый карандаш для век Vivienne Sabo Virtuose 602 1,5г",429.0,80
"Карандаш для глаз Vivienne Sabo Virtuose устойчивый гелевый тон 603",386.0,"Устойчивый гелевый карандаш для век Vivienne Sabo Virtuose 603 1,5г",429.0,80
"Карандаш для глаз Vivienne Sabo Virtuose устойчивый гелевый тон 601",386.0,"Устойчивый гелевый карандаш для век Vivienne Sabo Virtuose 601 1,5г",429.0,80
"Подводка для глаз Vivienne Sabo Cabaret Premiere тон 01",483.0,"Подводка - фломастер Vivienne Sabo Cabaret Premiere",659.0,83
"Подводка для глаз Vivienne Sabo Cabaret Premiere жидкая тон 01 ",300.0,"Подводка - фломастер Vivienne Sabo Cabaret Premiere",659.0,83
"Карандаш для губ Vivienne Sabo Le Grand Volume тон 1",517.0,"Блеск для губ Vivienne Sabo Le Grand Volume 1 Litchi 3мл",559.0,80
"Карандаш для губ Vivienne Sabo Le Grand Volume тон 3",575.0,"Блеск для губ Vivienne Sabo Le Grand Volume 3 Goyave 3мл",559.0,80
"Блеск для губ Vivienne Sabo Le Grand Volume тон 5 ",495.0,"Блеск для губ Vivienne Sabo Le Grand Volume 5 Pasteque 3мл",559.0,90
"Блеск для губ Vivienne Sabo Le Grand Volume тон 8 ",446.0,"Блеск для губ Vivienne Sabo Le Grand Volume 8 Grapefruit 3мл",559.0,90
"Блеск для губ Vivienne Sabo Le Grand Volume тон 9 ",440.0,"Блеск для губ Vivienne Sabo Le Grand Volume 9 Figue 3мл",559.0,90
"Блеск для губ Vivienne Sabo Le Grand Volume тон 10 ",446.0,"Блеск для губ Vivienne Sabo Le Grand Volume 10 Datte 3мл",559.0,90
"Блеск для губ Vivienne Sabo Le Grand Volume тон 12 ",446.0,"Блеск для губ Vivienne Sabo Le Grand Volume 12 Cerise 3мл",559.0,90
"Карандаш для губ Vivienne Sabo Le Grand Volume тон 2",523.0,"Блеск для губ Vivienne Sabo Le Grand Volume 2 Coco 3мл",559.0,80
"Блеск для губ Vivienne Sabo Le Grand Volume тон 2 ",446.0,"Блеск для губ Vivienne Sabo Le Grand Volume 2 Coco 3мл",559.0,90
"Блеск для губ Vivienne Sabo Le Grand Volume тон 3 ",550.0,"Блеск для губ Vivienne Sabo Le Grand Volume 3 Goyave 3мл",559.0,90
"Блеск для губ Vivienne Sabo Le Grand Volume тон 1 ",452.0,"Блеск для губ Vivienne Sabo Le Grand Volume 1 Litchi 3мл",559.0,90
"Консилер Vivienne Sabo Aurora со светоотражающими частицами тон 01",702.0,"Консилер для лица Vivienne Sabo ' Aurora ' со светоотражающими частицами 01 4,5мл",699.0,88
"Консилер Vivienne Sabo Aurora со светоотражающими частицами тон 02",639.0,"Консилер для лица Vivienne Sabo ' Aurora ' со светоотражающими частицами 02 4,5мл",699.0,88
"Тушь для ресниц Vivienne Sabo Cabaret Latex тон 01 ",584.0,"Водостойкая тушь для ресниц Vivienne Sabo Cabaret Latex 01 Черный 9мл",649.0,88
"Консилер Vivienne Sabo Aurora со светоотражающими частицами тон 01",702.0,"Консилер для лица Vivienne Sabo ' Aurora ' со светоотражающими частицами 01 4,5мл",699.0,88
"Консилер Vivienne Sabo Aurora со светоотражающими частицами тон 02",639.0,"Консилер для лица Vivienne Sabo ' Aurora ' со светоотражающими частицами 02 4,5мл",699.0,88
"Тушь для ресниц Vivienne Sabo Cabaret Latex тон 01 ",584.0,"Водостойкая тушь для ресниц Vivienne Sabo Cabaret Latex 01 Черный 9мл",649.0,88
"Водостойкая подводка для глаз тон 03 Vivienne Sabo Cabaret Premiere Black",658.0,"Подводка - фломастер Vivienne Sabo Cabaret Premiere",659.0,83
"Маркер для бровей Vivienne Sabo Marqueur Superb тон 01 ",549.0,"Маркер для бровей Vivienne Sabo Marqueur Superb 01 , 0,7мл",549.0,88
"Маркер для бровей Vivienne Sabo Marqueur Superb тон 02 ",549.0,"Маркер для бровей Vivienne Sabo Marqueur Superb 02 , 0,7мл",549.0,88
"Карандаш для бровей Vivienne Sabo Brow Arcade тон 07",518.0,"Автоматический карандаш для бровей Vivienne Sabo Brow Arcade 07 , 0,1г",535.0,88
"Блеск для губ Vivienne Sabo Tropique Gloss тон 01",159.0,"Блеск для губ Vivienne Sabo Tropique 01 3мл",159.0,87
"Помада-бальзам для губ Vivienne Sabo Balm Fantaisie 02 тон ",470.0,"Помада - бальзам для губ Vivienne Sabo Balm Fantaisie 02 , 4г",479.0,90
"Помада-бальзам для губ Vivienne Sabo Balm Fantaisie 05 тон ",470.0,"Помада - бальзам для губ Vivienne Sabo Balm Fantaisie 05 , 4г",479.0,90
"Помада-бальзам для губ Vivienne Sabo Balm Fantaisie 06 тон ",470.0,"Помада - бальзам для губ Vivienne Sabo Balm Fantaisie 06 , 4г",479.0,90
"Помада-бальзам для губ Vivienne Sabo Balm Fantaisie 07 тон ",413.0,"Помада - бальзам для губ Vivienne Sabo Balm Fantaisie 07 , 4г",479.0,90
"Блеск для губ тон 14 Vivienne Sabo",550.0,"Блеск для губ Vivienne Sabo Le Grand Volume 14 , 3мл",559.0,85
"Блеск для губ тон 15 Vivienne Sabo",452.0,"Блеск для губ Vivienne Sabo Le Grand Volume 15 , 3мл",559.0,85
"Блеск для губ тон 14 Vivienne Sabo",550.0,"Блеск для губ Vivienne Sabo Le Grand Volume 14 , 3мл",559.0,85
"Блеск для губ тон 15 Vivienne Sabo",452.0,"Блеск для губ Vivienne Sabo Le Grand Volume 15 , 3мл",559.0,85
"Тушь с эффектом наращенных ресниц Vivienne Sabo",599.0,"Тушь для ресниц Vivienne Sabo Cabaret Premiere с эффектом сценического объёма 05 коричневый 9мл",579.0,85
"Тушь с эффектом наращенных ресниц Vivienne Sabo",599.0,"Тушь для ресниц с эффектом по-настоящему невероятного объёма Vivienne Sabo Lashextase Черная 9мл",729.0,85
"Тушь с эффектом наращенных ресниц Vivienne Sabo",599.0,"Тушь для ресниц с эффектом объёма и удлинения Vivienne Sabo Cabaret Legende D'or 01 9мл",649.0,85
"Тушь с эффектом наращенных ресниц Vivienne Sabo",599.0,"Тушь для ресниц с эффектом рокового объема Vivienne Sabo Cabaret Legende Noir 01 9мл",649.0,85
"Тушь с эффектом наращенных ресниц Vivienne Sabo",599.0,"Тушь для ресниц с эффектом объёма и удлинения Vivienne Sabo ' Exctentrique ' , Черный , 9мл",249.0,85
"Тушь с эффектом наращенных ресниц Vivienne Sabo",599.0,"Тушь для ресниц с эффектом гиперобъёма Vivienne Sabo ' Fantastique ' , Черный , 9мл",249.0,85
"Тушь с эффектом наращенных ресниц Vivienne Sabo",599.0,"Тушь и праймер с эффектом наращенных ресниц Vivienne Sabo Cabaret Premiere Double Extension Черный",599.0,100
"Тушь с эффектом наращенных ресниц Vivienne Sabo",599.0,"Тушь для ресниц с эффектом подкручивания и объёма Vivienne Sabo Moore Moore 01 Черная 9мл",389.0,85
"Тушь с эффектом наращенных ресниц Vivienne Sabo",599.0,"Тушь для ресниц с эффектом объёма и разделения Vivienne Sabo ' Grotesque ' , Черный , 9мл",249.0,85
"Тушь с эффектом наращенных ресниц Vivienne Sabo",599.0,"Тушь для ресниц с эффектом разделения и удлинения Vivienne Sabo Toutou Lashes 01 Черная 9мл",389.0,85
"Тушь с эффектом наращенных ресниц Vivienne Sabo",599.0,"Тушь для ресниц Vivienne Sabo Cabaret Premiere с эффектом сценического объёма 02 Синий 9мл",579.0,85
"Тушь с эффектом наращенных ресниц Vivienne Sabo",599.0,"Влагостойкая тушь для ресниц с эффектом суперобъёма Vivienne Sabo Volume Fuzzy 01 9мл",389.0,85
"Тушь с эффектом наращенных ресниц Vivienne Sabo",599.0,"Тушь для ресниц с эффектом по-настоящему невероятного объёма Vivienne Sabo Lashextase Chocolat 02 9мл",729.0,85
"Пудровая палетка для скульптурирования лица Vivienne Sabo",539.0,"Пудровая палетка для скульптурирования лица Vivienne Sabo Mariniere 01 14г",539.0,100
"Пудровая палетка для скульптурирования лица Vivienne Sabo",539.0,"Кремовая палетка для скульптурирования лица Vivienne Sabo Mariniere 01 17,2г",539.0,85
"Кремовая палетка для скульптурирования лица Vivienne Sabo",539.0,"Пудровая палетка для скульптурирования лица Vivienne Sabo Mariniere 01 14г",539.0,85
"Кремовая палетка для скульптурирования лица Vivienne Sabo",539.0,"Кремовая палетка для скульптурирования лица Vivienne Sabo Mariniere 01 17,2г",539.0,100
"Плотный тональный крем для лица тон 02 Vivienne Sabo Coverture",691.0,"Стойкий тональный крем для лица Vivienne Sabo Coverture 02 28мл",949.0,80
"Плотный тональный крем для лица тон 03 Vivienne Sabo Coverture",660.0,"Стойкий тональный крем для лица Vivienne Sabo Coverture 03 28мл",949.0,80
"Гель для бровей тон 01 Vivienne Sabo Fixateur Lamination",159.0,"Гель для бровей с эффектом ламинирования Vivienne Sabo Fixateur Lamination effect 01 6мл",159.0,88
"Тинт для губ Tititint тон 07 Vivienne Sabo",349.0,"Тинт для губ Vivienne Sabo Tititint 07 Нежно-розовый 3мл",349.0,87
"Тинт для губ Tititint тон 08 Vivienne Sabo",349.0,"Тинт для губ Vivienne Sabo Tititint 08 Холодный розовый 3мл",349.0,87
"Тинт для губ Tititint тон 02 Vivienne Sabo",349.0,"Тинт для губ Vivienne Sabo Tititint 02 Пыльно-розовый 3мл",349.0,87
"Тинт для губ Tititint тон 03 Vivienne Sabo",349.0,"Тинт для губ Vivienne Sabo Tititint 03 Рубиновый 3мл",349.0,87
"Тинт для губ Tititint тон 05 Vivienne Sabo",349.0,"Тинт для губ Vivienne Sabo Tititint 05 Коралловый 3мл",349.0,87
"Тинт для губ Tititint тон 06 Vivienne Sabo",349.0,"Тинт для губ Vivienne Sabo Tititint 06 Винный 3мл",349.0,87
"Карандаш для губ тон 101 Vivienne Sabo Jolies Levres",263.0,"Карандаш для губ Vivienne Sabo Jolies Levres 101 светлый Бежево-розовый 0,9г",329.0,88
"Карандаш для губ тон 102 Vivienne Sabo Jolies Levres",259.0,"Карандаш для губ Vivienne Sabo Jolies Levres 102 Бежевый 0,9г",329.0,88
"Тональный крем с естественным покрытием Aerien тон 01 Vivienne Sabo",449.0,"Тональный крем для лица с естественным покрытием Vivienne Sabo Aerien 01 23мл",449.0,90
"Матовые румяна для лица Macaron тон 03 Vivienne Sabo",424.0,"Матовые румяна для лица Vivienne Sabo Macaron 03 4,1г",469.0,88
"Тональный крем с естественным покрытием Aerien тон 03 Vivienne Sabo",449.0,"Тональный крем для лица с естественным покрытием Vivienne Sabo Aerien 03 23мл",449.0,90
"Матовые румяна для лица Macaron тон 02 Vivienne Sabo",424.0,"Матовые румяна для лица Vivienne Sabo Macaron 02 4,1г",469.0,88
"Матовые румяна для лица Macaron тон 02 Vivienne Sabo",424.0,"Матовые румяна для лица Vivienne Sabo Macaron 02 4,1г",469.0,88
"Матовые румяна для лица Macaron тон 01 Vivienne Sabo",460.0,"Матовые румяна для лица Vivienne Sabo Macaron 01 4,1г",469.0,88
"Тональный крем с естественным покрытием Aerien тон 02 Vivienne Sabo",449.0,"Тональный крем для лица с естественным покрытием Vivienne Sabo Aerien 02 23мл",449.0,90
"Подводка для глаз с кисточкой Linerextase тон 02 Vivienne Sabo",639.0,"Подводка для глаз с кисточкой Vivienne Sabo Linerextase 02 0,5мл",729.0,90
"Подводка для глаз с кисточкой Linerextase тон 01 Vivienne Sabo",710.0,"Подводка для глаз с кисточкой Vivienne Sabo Linerextase 01 0,5мл",729.0,90
"Кремовый контуринг для лица Courage тон 01 Vivienne Sabo",658.0,"Кремовый контуринг для лица Vivienne Sabo Courage 01 4,3мл",659.0,88
"Ультра увлажняющий милки тоник для лица Basic Luxury Vivienne Sabo 150мл",369.0,"Ультра увлажняющий милки тоник для лица Vivienne Sabo Basic Luxury 150мл",369.0,100
"Гель для кожи вокруг глаз с кофеином Basic Luxury Vivienne Sabo 20мл",470.0,"Гель для кожи вокруг глаз с кофеином Vivienne Sabo Basic Luxury 20мл",469.0,100
"Увлажняющая сыворотка для лица с гиалуроновой кислотой Vivienne Sabo Basic Luxury 30мл",607.0,"Сыворотка для лица увлажняющая с гиалуроновой кислотой Vivienne Sabo Basic Luxury 30мл",609.0,100
"Мягкий мусс для умывания с гиалуроновой кислотой Vivienne Sabo Basic Luxury 150мл",474.0,"Мусс для умывания лица с гиалуроновой кислотой Vivienne Sabo Basic Luxury 50мл",479.0,83
"Легкий увлажняющий крем без масел для нормальной и комбинированной кожи Basic Luxury Vivienne Sabo 50мл",555.0,"Легкий крем для лица увлажняющий без масел Vivienne Sabo Basic Luxury 50мл",555.0,91
"Легкий увлажняющий крем без масел для нормальной и комбинированной кожи Basic Luxury Vivienne Sabo 50мл",555.0,"Экстра увлажняющий крем для сияния кожи Vivienne Sabo Basic Luxury 50мл",555.0,81
"Увлажняющий ночной крем для лица с коллагеном Basic Luxury Vivienne Sabo 50мл",641.0,"Ночной крем для лица интенсивно увлажняющий с морским коллагеном Vivienne Sabo Basic Luxury 50мл",679.0,100
"Увлажняющий крем для сияния для сухой и нормальной кожи Basic Luxury Vivienne Sabo 50мл",554.0,"Экстра увлажняющий крем для сияния кожи Vivienne Sabo Basic Luxury 50мл",555.0,90
"Антивозрастной очищающий мусс для лица с экстрактом устрицы Formule Anti-Age Vivienne Sabo 150мл",649.0,"Очищающий мусс для лица антивозрастной с экстрактом устрицы Vivienne Sabo Formule Anti-Age 150мл",609.0,100
"Сыворотка для лица с липосомальным ретинолом Formule Anti-Age Vivienne Sabo 30мл",812.0,"Сыворотка для лица интенсивно восстанавливающая Vivienne Sabo Formule Anti-Age 30мл",939.0,81
"Сыворотка для лица с липосомальным ретинолом Formule Anti-Age Vivienne Sabo 30мл",812.0,"Сыворотка для лица с липосомальным ретинолом 1,5% Vivienne Sabo Formule Anti-Age 30мл",759.0,100
"Увлажняющий крем для сияния для сухой и нормальной кожи Basic Luxury Vivienne Sabo 50мл",554.0,"Экстра увлажняющий крем для сияния кожи Vivienne Sabo Basic Luxury 50мл",555.0,90
"Антивозрастной очищающий мусс для лица с экстрактом устрицы Formule Anti-Age Vivienne Sabo 150мл",649.0,"Очищающий мусс для лица антивозрастной с экстрактом устрицы Vivienne Sabo Formule Anti-Age 150мл",609.0,100
"Сыворотка для лица с липосомальным ретинолом Formule Anti-Age Vivienne Sabo 30мл",812.0,"Сыворотка для лица интенсивно восстанавливающая Vivienne Sabo Formule Anti-Age 30мл",939.0,81
"Сыворотка для лица с липосомальным ретинолом Formule Anti-Age Vivienne Sabo 30мл",812.0,"Сыворотка для лица с липосомальным ретинолом 1,5% Vivienne Sabo Formule Anti-Age 30мл",759.0,100
"Интенсивно восстанавливающая сыворотка для лица Formule Anti-Age Vivienne Sabo 30мл",942.0,"Сыворотка для лица интенсивно восстанавливающая Vivienne Sabo Formule Anti-Age 30мл",939.0,100
"Интенсивно восстанавливающая сыворотка для лица Formule Anti-Age Vivienne Sabo 30мл",942.0,"Сыворотка для лица с липосомальным ретинолом 1,5% Vivienne Sabo Formule Anti-Age 30мл",759.0,81
"Укрепляющий крем для кожи вокруг глаз Formule Anti-Age Vivienne Sabo 20мл",506.0,"Крем для кожи вокруг глаз укрепляющий Vivienne Sabo Formule Anti-Age 20мл",515.0,100
"Лифтинг-крем с муцином улитки Formule Anti-age Vivienne Sabo 50мл",514.0,"Лифтинг - крем для лица с муцином улитки Vivienne Sabo Formule Anti-Age 50мл",499.0,100
"Ночной разглаживающий крем с ретинолом Formule Anti-Age Vivienne Sabo 50мл",680.0,"Крем для лица ночной разглаживающий с ретинолом Vivienne Sabo Formule Anti-Age 50мл",679.0,100
"Стойкая подводка для глаз тон 01 Vivienne Sabo Cabaret Legende 1.3мл",701.0,"Подводка для век Vivienne Sabo Cabaret Legende 01 1,3мл",699.0,90
"Масло для губ Riviera Du Soleil Vivienne Sabo тон 01",546.0,"Карандаш для губ Vivienne Sabo Riviera du Soleil 01 1,2г",549.0,80
"Масло для губ Riviera Du Soleil Vivienne Sabo тон 01",546.0,"Масло для губ Vivienne Sabo Riviera du Soleil 01 3мл",599.0,90
"Масло для губ Riviera Du Soleil Vivienne Sabo тон 01",546.0,"Помада для губ Vivienne Sabo Riviera du Soleil 01 3г",599.0,80
"Карандаш для глаз Riviera Du Soleil Vivienne Sabo тон 01",549.0,"Карандаш для губ Vivienne Sabo Riviera du Soleil 01 1,2г",549.0,80
"Карандаш для глаз Riviera Du Soleil Vivienne Sabo тон 01",549.0,"Карандаш для век сияющий Vivienne Sabo Riviera du Soleil 01 1,2г",549.0,80
"Карандаш для губ Riviera Du Soleil Vivienne Sabo тон 02",611.0,"Карандаш для губ Vivienne Sabo Riviera du Soleil 02 1,2г",549.0,90
"Карандаш для губ Riviera Du Soleil Vivienne Sabo тон 02",611.0,"Помада для губ Vivienne Sabo Riviera du Soleil 02 3г",599.0,80
"Карандаш для губ Riviera Du Soleil Vivienne Sabo тон 02",611.0,"Карандаш для век сияющий Vivienne Sabo Riviera du Soleil 02 1,2г",549.0,80
"Масло для губ Riviera Du Soleil Vivienne Sabo тон 02",546.0,"Карандаш для губ Vivienne Sabo Riviera du Soleil 02 1,2г",549.0,80
"Масло для губ Riviera Du Soleil Vivienne Sabo тон 02",546.0,"Помада для губ Vivienne Sabo Riviera du Soleil 02 3г",599.0,80
"Карандаш для глаз Riviera Du Soleil Vivienne Sabo тон 02",353.0,"Карандаш для губ Vivienne Sabo Riviera du Soleil 02 1,2г",549.0,80
"Карандаш для глаз Riviera Du Soleil Vivienne Sabo тон 02",353.0,"Карандаш для век сияющий Vivienne Sabo Riviera du Soleil 02 1,2г",549.0,80
"Сияющая помада для губ Riviera Du Soleil Vivienne Sabo тон 02",606.0,"Помада для губ Vivienne Sabo Riviera du Soleil 02 3г",599.0,90
"Карандаш для губ Riviera Du Soleil Vivienne Sabo тон 01",494.0,"Карандаш для губ Vivienne Sabo Riviera du Soleil 01 1,2г",549.0,90
"Карандаш для губ Riviera Du Soleil Vivienne Sabo тон 01",494.0,"Масло для губ Vivienne Sabo Riviera du Soleil 01 3мл",599.0,80
"Карандаш для губ Riviera Du Soleil Vivienne Sabo тон 01",494.0,"Помада для губ Vivienne Sabo Riviera du Soleil 01 3г",599.0,80
"Карандаш для губ Riviera Du Soleil Vivienne Sabo тон 01",494.0,"Карандаш для век сияющий Vivienne Sabo Riviera du Soleil 01 1,2г",549.0,80
"Сияющая помада для губ Riviera Du Soleil Vivienne Sabo тон 01",526.0,"Масло для губ Vivienne Sabo Riviera du Soleil 01 3мл",599.0,80
"Сияющая помада для губ Riviera Du Soleil Vivienne Sabo тон 01",526.0,"Помада для губ Vivienne Sabo Riviera du Soleil 01 3г",599.0,90
"Шампунь для волос женский Глисс Кур Жидкий шелк 750мл",509.0,"Шампунь для волос Глисс Кур Жидкий Шелк 750мл",499.0,100
"Шампунь для волос женский Глисс Кур Жидкий шелк 400мл",261.0,"Шампунь для волос Глисс Кур Жидкий Шелк 750мл",499.0,87
"Масло-уход для волос женский Глисс Кур с эффектом термозащиты 150мл",419.0,"Масло - уход для волос с эффектом термозащиты Глисс Кур 150мл",489.0,100
"Бальзам кондиционер для волос Глисс Кур Безупречно длинные женский 360мл",283.0,"Бальзам для длинных волос Глисс Кур Безупречно Длинные 360мл",289.0,88
"Бальзам для волос Жидкий шелк Глисс кур 650мл",509.0,"Бальзам для волос Глисс Кур Жидкий Шелк 650мл",499.0,100
"Крем для волос Глисс Кур 10-в-1 200мл",278.0,"Крем - преображение для волос Глисс Кур 200мл",319.0,85
"Шампунь для волос женский Глисс Кур Совершенство блонд оттенков 360мл",283.0,"Фиолетовый шампунь для волос Глисс Кур Совершенство Блонд Оттенков с экстрактом черники 360мл",289.0,90
"Шампунь для волос женский Глисс Кур Экстремальное восстановление 750мл",509.0,"Шампунь для поврежденных волос Глисс Кур Экстремальное восстановление 750мл",499.0,88
"Стойкая краска для волос Глисс Кур Уход & Увлажнение профессиональная 4-0 Тёмно-каштановый",469.0,"Стойкая краска для волос Глисс Кур Уход & увлажнение с гиалуроновой кислотой 4-0 Темно-каштановый",419.0,92
"Бальзам кондиционер для волос Глисс Кур Исключительное увлажнение женский 360мл",283.0,"Бальзам для волос Глисс Кур Исключительное Увлажнение 360мл",289.0,100
"Стойкая краска для волос Глисс Кур Уход & Увлажнение профессиональная 8-1 Холодный пепельно-русый",469.0,"Стойкая краска для волос Глисс Кур Уход & увлажнение с гиалуроновой кислотой 8-1 Холодный пепельно-русый",419.0,92
"Маска для волос Глисс Кур Роскошь питание и восстановление 400мл",499.0,"Маска для волос блеск и защита от повреждений Глисс Кур Роскошь волос 400мл",489.0,80
"Стойкая краска для волос Глисс Кур Уход & Увлажнение профессиональная 6-0 Светло-каштановый",469.0,"Стойкая краска для волос Глисс Кур Уход & увлажнение с гиалуроновой кислотой 6-0 Светло-каштановый",419.0,92
"Стойкая краска для волос Глисс Кур Уход & Увлажнение профессиональная 10-55 Платиновый блонд",469.0,"Стойкая краска для волос Глисс Кур Уход & увлажнение с гиалуроновой кислотой 10-55 Платиновый блонд",419.0,92
"Стойкая краска для волос Глисс Кур Уход & Увлажнение профессиональная 7-00 Тёмно-русый",469.0,"Стойкая краска для волос Глисс Кур Уход & увлажнение с гиалуроновой кислотой 7-00 Тёмно-русый",419.0,92
"Шампунь для волос Глисс Кур Исключительное увлажнение женский 400мл",253.0,"Шампунь для волос Глисс Кур Исключительное Увлажнение 400мл",289.0,100
"Стойкая краска для волос Глисс Кур Уход & Увлажнение профессиональная 5-65 Лесной орех",469.0,"Стойкая краска для волос Глисс Кур Уход & увлажнение с гиалуроновой кислотой 5-65 Лесной орех",419.0,92
"Экспресс-кондиционер для волос Глисс Кур Драгоценное питание женский спрей 200мл",412.0,"Экспресс - кондиционер для волос Глисс Кур Драгоценное питание 200мл",499.0,100
"Экспресс-кондиционер для волос Глисс Кур Драгоценное питание женский спрей 200мл",412.0,"Экспресс - кондиционер для волос Глисс Кур Драгоценное питание 200мл",499.0,100
"Бальзам для волос Экстремальное восстановление Глисс кур 650мл",509.0,"Бальзам для поврежденных волос Глисс Кур Экстремальное восстановление 650мл",499.0,100
"Экспресс-кондиционер для волос женский Глисс Кур Экстремальное восстановление 200мл",412.0,"Экспресс - кондиционер для поврежденных волос Глисс Кур Экстремальное восстановление 200мл",499.0,90
"Бальзам-Ополаскиватель Дав Интенсивное восстановление 100мл",119.0,"Бальзам - ополаскиватель для поврежденных волос Дав Интенсивное восстановление 350мл",314.0,83
"Крем-гель для душа Дав Ритуал красоты и восстановление 250мл",260.0,"Крем - гель для душа Дав Ритуал красоты ' восстановление ' 250мл",279.0,100
"Молочко для тела Дав Увлажнение и питание 200мл",369.0,"Молочко для тела Дав ' увлажнение и питание ' 200мл",384.0,100
"Гель для бритья для чувствительной кожи Дав Men+Care 200мл",542.0,"Гель для бритья для чувствительной кожи Дав Men+Care 200мл",412.0,100
"Гель для бритья для чувствительной кожи Дав Men+Care 200мл",542.0,"Пена для бритья Дав Men+Care для чувствительной кожи 200мл",258.0,88
"Крем-гель для душа Дав Для всей семьи Глубокое питание и увлажнение 500мл",299.0,"Крем - гель для душа Дав ' глубокое питание и увлажнение ' 250мл",279.0,90
"Крем-гель для душа Дав Глубокое питание и увлажнение 250мл",259.0,"Крем - гель для душа Дав ' глубокое питание и увлажнение ' 250мл",279.0,100
"Крем-гель для душа Дав Для всей семьи Глубокое питание и увлажнение 610мл",418.0,"Крем - гель для душа Дав ' глубокое питание и увлажнение ' 250мл",279.0,90
"Шампунь Дав Восстановление с куркумой и кокосовым маслом 380мл",329.0,"Шампунь для волос Дав ' восстановление ' с куркумой и кокосовым маслом 380мл",314.0,100
"Бальзам-Ополаскиватель Дав Интенсивное восстановление 350мл",276.0,"Бальзам - ополаскиватель для поврежденных волос Дав Интенсивное восстановление 350мл",314.0,100
"Бальзам-Ополаскиватель Дав Интенсивное восстановление 350мл",276.0,"Бальзам - ополаскиватель для поврежденных волос Дав Интенсивное восстановление 350мл",314.0,100
"Шампунь Дав Объем и восстановление Da 380мл",291.0,"Шампунь для волос Дав ' Объём и восстановление ' 380мл",314.0,85
"Бальзам-Ополаскиватель Дав Густые и сильные Лаванда 350мл",499.0,"Бальзам - ополаскиватель для волос Дав ' Густые и сильные ' с маслом лаванды и экстрактом розмарина 350мл",314.0,87
"Антиперспирант Дав Невидимый Нежность лепестков аэрозоль 150мл",209.0,"Женский дезодорант - антиперспирант Дав Невидимый ' Нежность лепестков ' 150мл",244.0,85
"Шампунь Дав Интенсивное восстановление 380мл",329.0,"Шампунь для поврежденных волос Дав Интенсивное восстановление 380мл",314.0,100
"Шампунь Дав Интенсивное восстановление 380мл",329.0,"Шампунь для волос Дав ' восстановление ' с куркумой и кокосовым маслом 380мл",314.0,80
"Шампунь Дав Интенсивное восстановление 380мл",329.0,"Шампунь для волос Дав ' Объём и восстановление ' 380мл",314.0,80
"Гель для душа умывания и шампунь Рексона Men 3в1 Активный Уголь 490мл",330.0,"Гель для душа и умывания + шампунь 3 в 1 Рексона Men ' Активный уголь ' 490мл",391.0,91
"Дезодорант-аэрозоль для ног Рексона Деоконтроль Активная свежесть 150мл",249.0,"Дезодорант для ног Рексона ДЕОконтроль ' Активная свежесть ' 150мл",246.0,100
"Гель для душа умывания и шампунь Рексона Men 3в1 Дикий лайм 750мл",476.0,"Мужской гель для душа и умывания + шампунь 3 в 1 Рексона Men ' Дикий лайм ' 490мл",391.0,83
"Шампунь для волос Сьёсс Pure & Gentle для частого мытья женский 450мл",299.0,"Мицеллярный шампунь для частого мытья волос Сьёсс Pure & Gentle 450мл",319.0,90
"Лак для волос Сьёсс Volume Lift для укладки Объем экстрасильная фиксация 400мл",395.0,"Лак для волос Сьёсс Volume Lift Сверхсильная фиксация (4) 400мл",486.0,80
"Стойкая крем-краска для волос Сьёсс Color профессиональная 7-5 Холодный русый",379.0,"Стойкая крем - краска для волос Сьёсс 7-6 Русый 50мл",329.0,80
"Шампунь для волос Сьёсс Blonde 450мл",290.0,"Шампунь для поврежденных волос Сьёсс Repair 450мл",319.0,83
"Шампунь для волос Сьёсс Blonde 450мл",290.0,"Мицеллярный шампунь для частого мытья волос Сьёсс Pure & Gentle 450мл",319.0,83
"Шампунь для волос Сьёсс Blonde 450мл",290.0,"Шампунь для тусклых и лишенных блеска волос Сьёсс Glossing 450мл",319.0,83
"Шампунь для волос женский Сьёсс Repair для поврежденных волос 450мл",299.0,"Шампунь для поврежденных волос Сьёсс Repair 450мл",319.0,100
"Лак для волос Pro Gold Сьёсс 500мл",462.0,"Лак для волос Сьёсс Pro Gold Hold Volume Protection 500мл",559.0,100
"Стойкая крем-краска для волос Сьёсс Color профессиональная 7-6 Русый",379.0,"Стойкая крем - краска для волос Сьёсс 7-6 Русый 50мл",329.0,90
"Бальзам для волос женский Сьёсс Repair для поврежденных волос 450мл",299.0,"Шампунь для поврежденных волос Сьёсс Repair 450мл",319.0,85
"Стойкая крем-краска для волос Сьёсс Color профессиональная 1-1 Черный",379.0,"Стойкая крем - краска для волос Сьёсс 1-4 Иссиня-черный 50мл",329.0,80
"Бальзам кондиционер для волос Сьёсс Pure & Gentle для частого мытья женский 450мл",299.0,"Мицеллярный шампунь для частого мытья волос Сьёсс Pure & Gentle 450мл",319.0,80
"Стойкая крем-краска для волос Сьёсс Color профессиональная 1-4 Иссиня-черный",379.0,"Стойкая крем - краска для волос Сьёсс 1-4 Иссиня-черный 50мл",329.0,90
"Стойкая крем-краска для волос Сьёсс Олео Интенс профессиональная 7-10 Натуральный светло-русый без аммиака",329.0,"Стойкая крем - краска для волос Сьёсс 7-6 Русый 50мл",329.0,80
"Стойкая крем-краска для волос Сьёсс Олео Интенс профессиональная 7-10 Натуральный светло-русый без аммиака",329.0,"Стойкая крем - краска для волос Сьёсс 7-6 Русый 50мл",329.0,80
"Сухой шампунь для волос Сьёсс Pure Fresh для жирной кожи головы 200мл",399.0,"Сухой шампунь для волос Сьёсс Pure Fresh 200мл",469.0,100
"Гель для душа Энергия Полинезии Свежесть грозы Фа Men 750мл",304.0,"Мужской гель для душа 2 в 1 Фа Men Свежесть грозы 750мл",389.0,80
"Дезодорант мужской Фа Men Ночи Ипанемы роликовый 50мл",189.0,"Мужской дезодорант Фа Men Ночи Ипанемы 50мл",224.0,100
"Крем-гель для душа женский Фа Алоэ Вера Йогурт 750мл",264.0,"Ухаживающий крем - гель для душа Фа Алоэ вера Йогурт 750мл",339.0,90
"Крем-гель для душа Фа Алоэ вера йогурт 250мл",229.0,"Ухаживающий крем - гель для душа Фа Алоэ вера Йогурт 750мл",339.0,88
"Гель для душа мужской Фа Men Спорт 750мл",273.0,"Мужской гель для душа 2 в 1 Фа Men Свежесть грозы 750мл",389.0,87
"Гель для душа мужской Фа Men Спорт 750мл",273.0,"Мужской гель для душа 2 в 1 Фа Men ' Спорт ' 750мл",389.0,100
"Питательная пенка-мусс для умывания с коллагеном Черный жемчуг 150мл",215.0,"Пенка - мусс для умывания Черный Жемчуг ' интенсивное питание ' с коллагеном 150мл",299.0,90
"Крем-скульптор для лица и шеи Liftactivator с коллагеном Черный жемчуг 50мл",529.0,"Крем - скульптор для лица и шеи Черный Жемчуг LiftACTIVATOR ' лифтинг-эффект и контуринг ' 50мл",524.0,83
"Дневной крем для лица и век 70+ Черный жемчуг 50мл",389.0,"Дневной крем для лица и век Черный Жемчуг Retinol + Витамины Е + В3 программа 70+ 50мл",449.0,100
"Дневной крем для лица Сияние и энергия антивозрастной 36+ Черный жемчуг 50мл",339.0,"Дневной крем Черный Жемчуг Самоомоложение для лица 36+ 50мл",449.0,88
"Восстанавливающая сыворотка-бустер для лица с коллагеном Черный жемчуг 30мл",400.0,"Сыворотка - бустер для лица Черный Жемчуг восстанавливает упругость кожи с коллагеном , SPF 20 30мл",599.0,90
"Дневной крем для лица питательный с коллагеном 25+ Черный жемчуг 46мл",339.0,"Дневной крем для лица Черный Жемчуг ' интенсивное питание ' с коллагеном 46мл",336.0,81
"Ночная крем-маска для лица 70+ Черный жемчуг 50мл",389.0,"Ночная крем - маска для лица Черный Жемчуг Retinol + Витамины Е + В3 программа 70+ 50мл",449.0,100
"Очищающая пенка-мусс для умывания лица 2в1 Черный жемчуг 150мл",249.0,"Пенка - мусс Черный Жемчуг Деликатное очищение для лица для умывания 150мл",299.0,80
"Ночной крем для лица Экстремальное увлажнение Черный жемчуг 50мл",339.0,"Ночной крем для лица Черный Жемчуг Экстремальное увлажнение 100% гиалурон + ледниковая вода 50мл",449.0,100
"Дневной крем для лица с ретинолом антивозрастной 56+ Черный жемчуг 50мл",339.0,"Дневной крем Черный Жемчуг Самоомоложение для лица 56+ 50мл",449.0,88
"Дневной крем-филлер для лица Liftactivator выравнивающий Черный жемчуг 48мл",529.0,"Дневной крем - филлер для лица Черный Жемчуг LiftACTIVATOR с гиалуроновой кислотой 48мл",524.0,90
"Дневной крем для лица Экстремальное увлажнение Черный жемчуг 50мл",339.0,"Дневной крем для лица Черный Жемчуг Экстремальное увлажнение 100% гиалурон + ледниковая вода 50мл",449.0,100
"Дневной крем лифтинг для лица антивозрастной 46+ Черный жемчуг 50мл",339.0,"Дневной крем Черный Жемчуг Самоомоложение для лица 46+ 50мл",449.0,88
"Мягкий cкраб для лица Чистая линия 50мл",150.0,"Мягкий скраб Чистая линия для лица для сухой и для чувствительной кожи 50мл",119.0,85
"Ночной крем для лица Питательный для комбинированной кожи Чистая линия 40мл",104.0,"Питательный крем Чистая линия ночной для лица для сухой кожи 40мл",139.0,90
"Ночной крем для лица Питательный для комбинированной кожи Чистая линия 40мл",104.0,"Питательный крем Чистая линия ночной для лица для нормальной и комбинированной кожи 40мл",139.0,100
"Дневной крем для лица для сухой кожи Чистая линия 40мл",104.0,"Дневной крем Чистая линия насыщенный увлажняющий для лица , для сухой кожи 40мл",139.0,100
"Ночной крем для лица Таволга и калина 60+ Чистая линия 45мл",238.0,"Ночной Фито - крем Чистая линия От 60 лет ' таволга и калина ' для лица 45мл",246.0,100
"Гель для умывания Идеальная кожа Чистая линия 160мл",182.0,"Гель для умывания Чистая линия Идеальная Кожа ' Нежное Очищение ' 160мл",224.0,100
"Гель-пенка для умывания Чистая Линия для всех типов кожи 160мл",248.0,"Пенка для умывания Чистая линия на отваре целебных трав , для всех типов кожи 100мл",199.0,80
"Гель-пенка для умывания Чистая Линия для всех типов кожи 160мл",248.0,"Гель - пенка для умывания Чистая линия ' Гиалурон-Активатор ' для всех типов кожи 160мл",299.0,100
"Крем-бустер для лица Чистая линия 45мл",229.0,"Дневной Фито - крем Чистая линия От 60 лет ' таволга и калина ' для лица , 45мл",246.0,85
"Крем-бустер для лица Чистая линия 45мл",229.0,"Ночной Фито - крем Чистая линия От 60 лет ' таволга и калина ' для лица 45мл",246.0,85
"Крем-бустер для лица Чистая линия 45мл",229.0,"Дневной Фито - крем Чистая линия От 60 лет ' таволга и калина ' для лица , 45мл",246.0,85
"Крем-бустер для лица Чистая линия 45мл",229.0,"Ночной Фито - крем Чистая линия От 60 лет ' таволга и калина ' для лица 45мл",246.0,85
"Универсальный крем для рук лица и тела Чистая линия 200мл",211.0,"Крем для рук , лица и тела Чистая линия Natura универсальный 200мл",299.0,100
"Аква-крем для лица Идеальная кожа Мгновенная матовость Чистая линия 50мл",215.0,"Аква - крем Чистая линия Идеальная Кожа ' мгновенная матовость ' для лица 50мл",215.0,100
"Дневной крем для лица для комбинированной кожи Чистая линия 40мл",92.0,"Дневной крем Чистая линия насыщенный увлажняющий для лица , для сухой кожи 40мл",139.0,88
"Дневной крем для лица Таволга и калина 60+ Чистая линия 45мл",238.0,"Дневной Фито - крем Чистая линия От 60 лет ' таволга и калина ' для лица , 45мл",246.0,100
"Укрепляющий шампунь для всех типов волос Сила и густота Чистая линия 400мл",159.0,"Шампунь для всех типов волос Чистая линия Сила 5 трав 400мл",249.0,81
"Пена для укладки волос Фито объем от корней Чистая линия 150мл",299.0,"Пенка для укладки волос Чистая линия Объем от корней Сверхсильная фиксация (4) 150мл",329.0,81
"Шампунь для всех типов волос Сила 5 трав Чистая линия 400мл",187.0,"Шампунь для всех типов волос Чистая линия Сила 5 трав 400мл",249.0,100
"Ночной крем для лица для сухой кожи Интенсивный Чистая линия 40мл",104.0,"Питательный крем Чистая линия ночной для лица для сухой кожи 40мл",139.0,90
"Ночной крем для лица для сухой кожи Интенсивный Чистая линия 40мл",104.0,"Питательный крем Чистая линия ночной для лица для нормальной и комбинированной кожи 40мл",139.0,80
"Шампунь кондиционер и гель для душа 3в1 Чистая линия For Men 400мл",159.0,"Мужской шампунь - кондиционер и гель для душа Чистая линия For Men ' Энергия и чистота ' 3 в 1 400мл",249.0,91
"Шампунь для поврежденных волос Восстановление с репейным маслом Чистая линия 400мл",251.0,"Восстанавливающий шампунь для волос Чистая линия Технология 3D восстановления с репейным маслом 400мл",249.0,81
