brand,name,price,oldPrice
"Глисс Кур","Шампунь для волос Глисс Кур Совершенство Окрашенных Волос с экстрактом клюквы 400мл",289.0,439
"Estel","Пудра для волос Estel Blond Ultra обесцвечивающая 30г",165.0,165
"Gillette","Кассеты для станка Gillette Fusion сменные 2шт",1190.0,1650
"Catrice","Увлажняющий праймер для лица Catrice Aqua Splash 30мл",553.0,553
"Synergetic","Капсулы для стирки цветного белья Synergetic Color 12шт",279.0,449
"Essence","Рассыпчатая фиксирующая пудра для лица Essence fix & LAST 14h 9,5г",459.0,459
"Essence","Увлажняющий праймер - желе для лица Essence Jelly Grip Hydrating 29мл",459.0,459
"Luxvisage","Тушь для ресниц Luxvisage XXL Суперобъём + Эффект накладных ресниц 9г",324.0,499
"Catrice","Бронзирующая пудра для лица с эффектом сияния Catrice Sun Lover Glow 010 8г",553.0,553
"Essence","Фиксирующая пудра для лица Essence All about matt! Прозрачный 8г",355.0,355
"Gillette","Сменные кассеты для станка Gillette Fusion 4шт",1990.0,2490
"Vivienne Sabo","Тушь для ресниц Vivienne Sabo ' CABARET ' 01 Черный 9мл",359.0,499
"Vivienne Sabo","Тушь для ресниц Vivienne Sabo Cabaret Premiere с эффектом сценического объёма 05 коричневый 9мл",579.0,579
"Шаума","Шампунь для волос Шаума ' Воздушный объем ' с экстрактом кувшинки 370мл",199.0,299
"Estel","Оксигент для волос Estel Blond Ultra 6% 60мл",145.0,145
"Gillette","Кассеты для станка Gillette Mach 3 сменные 4шт",1350.0,1750
"Synergetic","Гипоаллергенный гель для стирки Synergetic для всех видов тканей 2,75л",699.0,1290
"Relouis","Прозрачная фиксирующая пудра для лица Relouis PRO HD Powder 10г",669.0,669
"SPLAT","Зубная паста SPLAT Professional ' Отбеливание Плюс ' 100мл",209.0,339
"Valori","Набор дорожных флаконов Valori 9 предметов",499.0,499
"Шаума","Шампунь для волос Шаума ' Мицеллярный уход ' с экстрактом пиона и провитамином B5 370мл",199.0,299
"Mixit","Бальзам - ополаскиватель для волос с коллагеном и кератином Mixit Hair Expert Collagen+Keratin 1000мл",479.0,639
"Luxvisage","Гель для бровей Luxvisage Brow super fix 12h суперсильной фиксации бесцветный 6г",194.0,299
"Guten Tag","Губки для мытья посуды Guten Tag пена эффект 5шт",69.0,99
"Spa 4 Me","Мочалка Spa 4 Me - пемза для душа и ванны",79.0,79
"Vivienne Sabo","Тушь для ресниц с эффектом по-настоящему невероятного объёма Vivienne Sabo Lashextase Черная 9мл",729.0,729
"Gillette","Мужской станок для бритья Gillette Fusion + сменные кассеты 4шт",1790.0,2250
"Gillette","Кассеты для станка Gillette Mach 3 сменные 8шт",2190.0,2890
"WEIS","Гидрогелевые патчи для век WEIS Lazy Care с экстрактом сакуры , гиалуроновой кислотой и коллагеном 60шт",549.0,549
"E-Xact","Кассеты для бритья E-Xact с увлажняющей полоской 5 лезвий 2шт",499.0,799
"Luxvisage","CC крем для лица Luxvisage Active Complex SPF10 , 10 , 35г",324.0,499
"Guten Tag","Салфетки универсальные Guten Tag в рулоне 25*30см , 30 листов",149.0,199
"Vivienne Sabo","Автоматический карандаш для бровей Vivienne Sabo Brow Arcade 02 коричневый",535.0,535
"E-Xact","Кассеты для бритья E-Xact с увлажняющей полоской 5 лезвий 4шт",799.0,1220
"ФИТОкосметик","Бальзам для губ ФИТОкосметик ' Бархатные губки ' в ассортименте 4,5г",69.0,99
"Vivienne Sabo","Тушь для очень большого объёма и удлинения ресниц Vivienne Sabo Grand Noire Черная 9мл",729.0,729
"Luxvisage","Тушь для ресниц Luxvisage Secret Черная 12г",278.0,429
"Aqua Joy","Мочалка - брикет Aqua Joy Energy для душа и ванны , в ассортименте 15см*9см",199.0,199
"Aqua Joy","Мочалка - лента Aqua Joy Energy для душа и ванны , полипропиленовая , в ассортименте",349.0,349
"Gillette","Кассеты для станка Gillette Mach 3 сменные 2шт",799.0,995
"Haus Frau","Тряпка для пола Haus Frau из микрофибры 50*60см",149.0,149
"Mixit","Восстанавливающий бальзам - ополаскиватель для волос с коллагеном и биотином Mixit Hair Expert Collagen+biotin 1000мл",479.0,639
"Estel","Оксигент для волос Estel Blond Ultra 9% 60мл",145.0,145
"Aqua Joy","Мочалка - шар Aqua Joy для душа с черной сеткой",149.0,149
"Aqua Joy","Мочалка - шар Aqua Joy Romantic YPM55P-1 для тела , полиэстер",149.0,149
"Carelax","Кассеты для станка Carelax Energy 3 лезвия 4шт + станок в подарок",995.0,995
"Clear Line","Фасовочные пакеты Clear Line 26*36см 200шт",104.0,149
"Likato Professional","Энзимная пудра для очищения чувствительной кожи и осветления следов постакне Likato Professional Enzyme Powder Vitamin C 150мл",569.0,759
"Mixit","Очищающая пенка Экстраувлажнение с мочевиной и гиалуроновой кислотой Mixit LAB WOW Moisture 200мл",374.0,499
"Venus","Кассеты для станка Venus сменные 2шт",849.0,1150
"Aravia Laboratories","Увлажняющий крем для лица Aravia Laboratories Hydro Boost SPF 20 с мочевиной 10% и аква-комплексом 100мл",429.0,679
"Frenchi","Средство для ногтей Frenchi Умная эмаль ' стальной укрепитель ' 11мл",299.0,299
"Luxvisage","Тинт для губ Luxvisage Lip Tint Aqua Gel 06 Toffe 3,4мл",230.0,355
"Catrice","Палетка теней для век Catrice The Pure Nude 8 оттенков 9г",689.0,689
"Без бренда","Жидкость для снятия лака без ацетона 100мл",79.0,79
"Мойдодыр","Мочалка массажная Мойдодыр с высокой петлей в ассортименте",349.0,349
"Venus","Одноразовые станки Venus Satin Care Simply для бритья 4шт",279.0,369
"Vivienne Sabo","Автоматический карандаш для бровей Vivienne Sabo Brow Arcade 03 , 0,1г",535.0,535
"Ameli","Набор банных косметичек Ameli из ПВХ и ПУ S/L 2шт",599.0,599
"Duru","Универсальное хозяйственное мыло Duru Clean & White 120г* 4шт",261.0,349
"Aura","Ватные диски прошитые Aura Pure Cotton 180шт",129.0,199
"Невская Косметика","Порошок Невская Косметика Ушастый нянь для стирки детского белья 2,4кг",449.0,599
"Gillette","Кассеты для станка Gillette Fusion сменные в блистере 8шт",3390.0,4250
"Ameli","Набор косметических аксессуаров Ameli с принтом 7 предметов",399.0,399
"Guten Tag","Мешки для мусора Guten Tag 35л с завязками 20шт",99.0,139
"Aqua Joy","Мочалка - шар Aqua Joy для душа и ванны , в ассортименте",129.0,129
"Chupa Chups","Карамель на палочке Chupa Chups в ассортименте 12г",15.0,15
"Haus Frau","Перчатки Haus Frau с хлопковым напылением S 1 пара",69.0,69
"SPLAT","Зубная паста SPLAT Professional ' лечебные травы ' 100мл",209.0,339
"Lavel","Универсальный пятновыводитель Lavel ' OXY комплекс ' 250мл",139.0,199
"Aravia Laboratories","Омолаживающий крем для лица Aravia Laboratories Collagen Active SPF 20 с нативным коллагеном 100мл",429.0,679
"PSLAB","Отбеливающая зубная паста с дозатором PSLAB Double White 200мл",399.0,399
"Essence","Масло для губ Essence Hydra kiss lip oil 08 4мл",355.0,355
"Vilardi","Целлюлозные салфетки Vilardi 3шт",199.0,269
"Frenchi","Средство для ногтей Frenchi Умная эмаль ' стальной укрепитель ' с шиммером 11мл",299.0,299
"PresiDENT","Отбеливающая зубная паста PresiDENT White 75мл",304.0,469
"Тафт","Лак для волос Тафт Объем Мегафиксация (5) 225мл",319.0,449
"Dorco","Одноразовый станок для бритья Dorco Eve 4",169.0,169
"В каждый дом","Салфетки для уборки В каждый дом из микрофибры 30*30см",29.0,29
"PresiDENT","Зубная щетка PresiDENT Smokers жесткая в ассортименте",194.0,299
"Vivienne Sabo","Тушь для ресниц с эффектом объёма и удлинения Vivienne Sabo Cabaret Legende D'or 01 9мл",649.0,649
"Floresan","Полоски для депиляции для лица Floresan DEEP depil восковые с алоэ вера 20шт",139.0,199
"Dorco","Женский одноразовый станок для бритья Dorco Eve 4 лезвия 4шт",575.0,575
"Vilardi","Губка для мытья посуды Vilardi Expert Clean 5шт",99.0,129
"Aqua Joy","Джутовая мочалка Aqua Joy - лента для душа и ванны",399.0,399
"Valori","Дорожный набор Valori ( флакон с крышкой - защелкой 80мл , 2шт )",249.0,249
"Dropstop","Зонт Dropstop автоматический , 3 сложения , Черный",899.0,899
"Vivienne Sabo","Тушь для ресниц Vivienne Sabo Cabaret Premiere водостойкая со сценическим эффектом 01 Черный 9мл",579.0,579
"Estel","Бальзам для всех типов волос Estel Curex Classic ' увлажнение и питание ' 1000мл",995.0,995
"Luxvisage","Тинт для губ Luxvisage Lip Tint Aqua Gel 04 , Rosewood , 3,4мл",230.0,355
"Catrice","Палетка теней для век Catrice The Dark Cocoa 8 оттенков 9г",689.0,689
"Opticell","Элементы питания Opticell CR 2032 2шт",429.0,429
"Guten Tag","Резиновые перчатки с хлопковым напылением Guten Tag особопрочные M",99.0,179
"Influence Beauty","Увлажняющий фиксатор - спрей для лица Influence Beauty Hydra 110мл",613.0,613
"Guten Tag","Мешки для мусора Guten Tag Premium суперпрочные ПВД в рулоне 120л 10шт",149.0,199
"Catrice","Тональный флюид для лица с эффектом мягкого свечения Catrice Soft Glam Filter 020 30мл",749.0,749
"Aqua Joy","Мочалка - варежка Aqua Joy для душа и ванны",299.0,299
"Estel","Стойкая крем-гель краска для волос Estel Color Signature 5/77 Горячий шоколад",489.0,489
"KeraSys","Восстанавливающий шампунь для волос KeraSys 180мл",299.0,399
"Ollin Professional","Шампунь для волос Ollin Professional Care ' Увлажняющий ' 1000мл",899.0,899
"Мойдодыр","Мочалка-лента для тела Мойдодыр",349.0,349
"Барьер","Сменный картридж Барьер для фильтра-кувшина , жесткость 6",349.0,449
"Luxvisage","Тональный крем для лица Luxvisage Skin Evolution ' Soft matte blur effect ' 10 Light 35г",259.0,399
"Essence","Блеск для губ Essence Extreme shine volume lipgloss 102 5мл",247.0,247
"TopTech","Мужской станок для бритья TopTech Pro 3 + сменные кассеты 10шт",489.0,699
"KeraSys","Увлажняющий шампунь для волос KeraSys 180мл",299.0,399
"Vivienne Sabo","Палетка теней для век Vivienne Sabo Croissant 02 4г",513.0,513
"Aura","Влажные салфетки Aura Family с антибактериальным эффектом 200шт",249.0,249
"Estel","Стойкая крем-гель краска для волос Estel Color Signature 4/7 Мокко",489.0,489
"Estel","Стойкая крем-гель краска для волос Estel Color Signature 7/7 Тирамису",489.0,489
"Luxvisage","Гель - фиксатор для бровей Luxvisage Brow fixing 5,5г",174.0,269
"Old Spice","Мужской дезодорант Old Spice Epic Legend 50мл",374.0,499
"Mixit","Бальзам - ополаскиватель для волос с коллагеном и аминокислотами Mixit Hair Expert Collagen+amino acids 1000мл",479.0,639
"Aravia Laboratories","Успокаивающий крем для лица Aravia Laboratories Acne Balance SPF 20 с ниацинамидом 100мл",499.0,679
"Spa 4 Men","Мочалка-лента для тела Spa 4 Men массажная рами",199.0,199
"Market Fresh","Пакеты для бутербродов Market Fresh 50шт",39.0,49
"Estel","Стойкая крем - гель краска для волос Estel Color Signature 8/7 Ваниль",489.0,489
"Essence","Жидкий Бронзер для лица Essence Baby got bronze 10 10мл",409.0,409
"Venus","Кассеты для станка Venus сменные 4шт",1290.0,1650
"Frenchi","Укрепитель для ногтей Frenchi Умная эмаль с гексаналем 11мл",299.0,299
"Guten Tag","Набор салфеток из микрофибры для мытья окон Guten Tag 30*30см , 2шт",79.0,139
"Guten Tag","Универсальные салфетки из микрофибры Guten Tag 30*30см 4шт",159.0,199
"Essence","Консилер для лица Essence Skin Lovin' Sensitive 10 3,5мл",355.0,355
"Catrice","Тональный крем для лица Catrice HD Liquid Coverage Foundation 010 30мл",749.0,749
"Luxvisage","Укрепитель для ногтей Luxvisage Алмазное Ламинирование 10г",181.0,279
"Антипятин","Мыло - пятновыводитель Антипятин от всех видов пятен ' Лимон ' 90г",74.0,99
"Luxvisage","Спрей для фиксации макияжа Luxvisage ' Prime & Fix ' 50мл",191.0,295
"Тафт","Лак для тонких волос Тафт Объем для Сверхсильная фиксация (4) 225мл",319.0,449
"TopBeauty","Женский станок TopBeauty Paris + сменные кассеты 3 лезвия 10шт",699.0,699
"Luxvisage","CC крем для лица Luxvisage Active Complex SPF10 , 20 , 35г",324.0,499
"Luxvisage","Тинт для губ Luxvisage Lip Tint Aqua Gel 05 Wine Red 3,4мл",230.0,355
"Невская Косметика","Порошок Невская Косметика Ушастый нянь для стирки детского белья 400г",99.0,129
"Vivienne Sabo","Автоматический карандаш для бровей Vivienne Sabo Brow Arcade 04 Серо-коричневый",535.0,535
"Luxvisage","Тушь для ресниц Luxvisage Perfect color ' Веер пышных ресниц ' Черная 9г",243.0,375
"Catrice","Консилер для лица Catrice True Skin high over concealer 10 4,5мл",449.0,449
"Aravia Professional","Шампунь для тонких и склонных к жирности волос Aravia Professional Volume Pure бессульфатный 420мл",999.0,999
"Kotex","Тампоны Kotex Active Normal , 16шт",299.0,399
"Luxvisage","Тушь для ресниц Luxvisage Perfect color ' EXPRESS объем&длина ' 9г",243.0,375
"Luxvisage","Тинт для губ Luxvisage Lip Tint Aqua Gel 02 , Sexy red , 3,4мл",230.0,355
"Sensicare","Салфетки для лица матирующие Sensicare 80шт",139.0,199
"Без бренда","Дезодорант - кристалл универсальный ' Алоэ вера ' без запаха 60г",261.0,349
"Velvet","Крем - гель для депиляции Velvet ультрабыстрый для зоны бикини 125мл",218.0,299
"Ollin Professional","Окисляющая эмульсия для волос Ollin Professional Performance ' Oxy ' 6% 20vol. , 90мл",189.0,189
"Aravia Professional","Крем - лифтинг для лица с нативным коллагеном Aravia Professional Collagen Expert Cream 50мл",599.0,959
"Expel","Средство для устранения засоров Expel Жирогон 2 саше по 50г",179.0,179
"Catrice","Консилер для лица Catrice Liquid camouflage 001 5мл",419.0,419
"Essence","Блеск для губ Essence Extreme shine volume lipgloss 02 5мл",247.0,247
"Colgate","Зубная паста Colgate Макс Фреш ' взрывная мята ' с освежающими кристаллами 100мл",199.0,329
"Bic","Одноразовый станок Bic Miss Soleil женский 2шт",249.0,249
"Bambolina","Гель для стирки детского белья Bambolina 0+ 1500мл",299.0,499
"Luxvisage","Объёмная тушь для ресниц Luxvisage Elastica Thermo Tubing Черная 8г",315.0,485
"Ollin Professional","Флюид - Реконструктор для волос Ollin Professional Bionika 100мл",799.0,799
"Vivienne Sabo","Водостойкая тушь для ресниц Vivienne Sabo Cabaret Latex 01 Черный 9мл",649.0,649
"KeraSys","Восстанавливающий кондиционер для волос KeraSys 180мл",299.0,399
"LONGA VITA","Монопучковая зубная щетка LONGA VITA Prof soft",224.0,299
"Чистая сила","Жидкость для снятия лака Чистая сила Улыбка Супер Эффект 110мл",99.0,99
"Luxvisage","Основа под макияж выравнивающая Luxvisage Prime Expert ' Pore Filler ' Прозрачный 35г",278.0,429
"Корпорация удачи","Печенье песочное с предсказаниями Корпорация удачи 6г",29.0,29
"Ameli","Набор банных косметичек Ameli Коты из ПВХ и ПУ S/L 2шт",599.0,599
"Essence","Жидкий Бронзер для лица Essence Baby got bronze 20 10мл",409.0,409
"Vivienne Sabo","Консилер для лица Vivienne Sabo ' Aurora ' со светоотражающими частицами 01 4,5мл",699.0,699
"Kaizer","Маникюрные кусачки двухпружинные Kaizer ручная алмазная заточка , Серебро",699.0,699
"Spa 4 Me","Мочалка - шар Spa 4 Me для душа , D13см",49.0,49
"KeraSys","Увлажняющий кондиционер для волос KeraSys 180мл",299.0,399
"Scandic","Конфеты без сахара Scandic Лесные ягоды 14г",79.0,99
"Aqua Joy","Мочалка - шар Aqua Joy для душа и ванны , плиссированная в ассортименте",129.0,129
"Guten Tag","Мусорные мешки Guten Tag 60л особо прочные 20шт",119.0,179
"Estel","Стойкая крем-гель краска для волос Estel Color Signature 7/71 Фраппе",489.0,489
"Day Spa","Ультратонкие ежедневные прокладки Day Spa Plus Large 24шт",159.0,159
"Выгода","Влажные салфетки Выгода освежающие с фруктовым ароматом 80шт",99.0,99
"Gillette","Мужской станок для бритья Gillette Mach 3 + сменные кассеты 5шт",1790.0,2290
"Estel","Шампунь для склонных к жирности волос Estel Curex ' Живой объём ' 300мл",529.0,529
"Essence","Бальзам для губ Essence Juicy Bomb glossy butter balm 05 2,5г",315.0,315
"Vivienne Sabo","Карандаш для бровей Vivienne Sabo автоматический 06 темно-коричневый",535.0,535
"Farres","Рассыпчатая пудра для лица Farres Love me Not Белый 13г",314.0,449
"Essence","Фиксирующий спрей для лица Essence Fix & last 18h 50мл",409.0,409
"Concept","Бессульфатный шампунь для деликатного очищения волос Concept Fusion ' Super Miracle ' 1000мл",594.0,849
"Zinger","Средство Zinger Professional ' Полная регенерация ' для поврежденных ногтей NC-41 , 12мл",299.0,299
"Aravia Professional","Энзимная пудра для умывания с азелаиновой кислотой Aravia Professional Stop-Acne Enzyme Powder 150мл",899.0,1390
"Katsuri","Увлажняющий спрей для волос Katsuri 150мл",399.0,399
"Раптор","Ловушка Раптор для тараканов 6шт",379.0,379
"Aqua Joy","Мочалка Aqua Joy Romantic для ванны и душа",349.0,349
"Gillette","Одноразовые станки Gillette мужские для бритья 5шт",179.0,229
"Luxvisage","Тушь для ресниц Luxvisage MIXX ' объём - длина - изгиб ' Черная 12г",311.0,479
"Familia","Бумажные носовые платочки Familia Trio Natural 10шт",109.0,169
"Head and Shoulders","Шампунь и бальзам-ополаскиватель против перхоти Head and Shoulders 2 в 1 Ментол 360мл",389.0,649
"Zinger","Пинцет для бровей Zinger 86119 скошенный , плоский , ручная заточка",199.0,199
"Essence","Тушь для ресниц Essence I love extreme crazy volume 01 8мл",355.0,355
"Floom","Бумажные косметические салфетки Floom ' Розовые цветы ' 2х-слойные в коробке 100шт",99.0,99
"Kloger","Чистящий крем Kloger Active универсальный 500мл",149.0,199
"KeraSys","Шампунь для поврежденных волос KeraSys Repairing 400мл",799.0,799
"Essence","Патчи от прыщей Essence Spot squad pimple patches 32шт",241.0,241
"Vivienne Sabo","Консилер для лица Vivienne Sabo Retouche Concealer 01 3мл",549.0,549
"Ameli","Массажная расческа Ameli mini фиолетовая",199.0,199
"Estel","Питательная маска Estel Curex Classic для всех типов волос 500мл",899.0,899
"Aqua Joy","Мочалка - шар для тела Aqua Joy YPM55P-2 полиэстер в ассортименте",149.0,149
"Zinger","Клиппер для маникюра Zinger 501108 большой GL BFY",229.0,229
"Novaroll","Клейкая лента Novaroll 48мм*52м",109.0,109
"Aravia Laboratories","Витаминный крем для лица Aravia Laboratories Vita Complex Cream SPF 20 с антиоксидантным комплексом 100мл",429.0,679
"Bic","Одноразовый станок для бритья Bic с защитным покрытием 5шт",169.0,169
"Aqua Joy","Мочалка Aqua Joy Wellness line для душа и ванны , с декоративной петлей , в ассортименте",159.0,159
"Vivienne Sabo","Матирующая пудра для лица Vivienne Sabo Mattriarcat 04 7,5г",479.0,479
"Pantene Pro-V","Бальзам - ополаскиватель для волос Pantene Pro-V Интенсивное восстановление 275мл",349.0,549
"Guten Tag","Набор плечиков Guten Tag металл + ПВХ , в ассортименте 6шт",199.0,369
"Estel","Стойкая крем - гель краска для волос Estel Color Signature 7/44 Морской коралл",489.0,489
"Тафт","Пена для укладки тонких волос Тафт Объем Сверхсильная фиксация (4) 150мл",319.0,449
"Valori","Шампунь для светлых оттенков волос Valori Professional Anti-yellow effect нейтрализующий желтизну 250мл",239.0,399
"Sanita","Спрей Sanita чистящий для плит и микроволновых печей ' ' 500г",169.0,219
"Прелесть Professional","Лак для укладки волос Прелесть Сильная фиксация (2) 160мл",149.0,219
"Synergetic","Капсулы для стирки цветного белья Synergetic Color 40шт",699.0,1290
"Big City Life","Пакеты для мусора Big City Life особопрочные 240л 5шт",299.0,299
"D.I.E.S.","Зубная щетка D.I.E.S. ' Vogue Style ' средней жесткости 1+1 в ассортименте",249.0,249
"Dorco","Мужской одноразовый станок для бритья Dorco Pace 6 лезвий",219.0,219
"Vivienne Sabo","Кремовый контуринг для лица Vivienne Sabo Courage 01 4,3мл",659.0,659
"Без бренда","Дезодорант - кристалл универсальный ' Натуральный ' без запаха 60г",261.0,349
"Gillette","Кассеты для станка Gillette Fusion ProGlide сменные 2шт",1350.0,1790
"Gillette","Одноразовые станки Gillette Blue 3 Simple sensitive 4шт",319.0,399
"Cillit BANG","Чистящее средство для сантехники Cillit BANG Антиналет + блеск 750мл",359.0,519
"Luxvisage","Укрепитель для ногтей Luxvisage Dimond Hard с микроблеском 9г",178.0,275
"Aravia Laboratories","Регенерирующий крем для лица от морщин Aravia Laboratories Anti-age с ретинолом 50мл",929.0,1250
"INSO","Влажные салфетки для интимной гигиены INSO Sensitive Care 20шт",125.0,125
"Аквафор","Картридж Аквафор B100-5 сменный для фильтра - кувшина 2шт",583.0,799
"Estel","Стойкая крем-гель краска для волос Estel Color Signature 3/01 Чёрный жемчуг",489.0,489
"Essence","Масло для губ Essence Hydra kiss lip oil 03 4мл",355.0,355
"Luxvisage","Тинт для губ Luxvisage Lip Tint Aqua Gel 03 , Deep Ruby , 3,4мл",230.0,355
"Aravia Laboratories","Омолаживающая сыворотка для лица с пептидами Aravia Laboratories Anti-Age Deep Serum 30мл",599.0,919
"Estel","Стойкая крем - краска для седых волос Estel Великая 7/7 Русый коричневый",599.0,599
"Essence","Праймер для области вокруг глаз в стике Essence Jelly Grip 4,6г",377.0,377
"Чистая сила","Жидкость для снятия лака Чистая сила без ацетона , с помпой 200мл",199.0,199
"Essence","Тушь для ресниц Essence Lash without limits extreme lengthening & volume 01 13мл",459.0,459
"Benabi","Крем для лица Benabi день / ночь , с змеиным пептидом 50мл",995.0,1990
"Gillette","Кассеты для станка Gillette Fusion сменные 6шт",2790.0,3490
"Estel","Осветлитель для волос Estel Color Signature Blond",489.0,489
"Тафт","Жидкость для укладки волос Тафт Объем Очень сильная фиксация (3) 150мл",411.0,549
"Stellary","Карандаш для губ Stellary Lipliner 09 1,35г",289.0,289
"Ollin Professional","Фруктовая сыворотка для волос Ollin Professional Perfect Hair ' Fresh mix ' 120мл",399.0,399
"Art-Visage","Тушь для ресниц Art-Visage Chicago Черная 15мл",449.0,449
"Opticell","Элементы питания Opticell AAA LR03 4шт",399.0,399
"Vivienne Sabo","Тушь для ресниц с эффектом рокового объема Vivienne Sabo Cabaret Legende Noir 01 9мл",649.0,649
"Тафт","Гипоаллергенный лак для волос Тафт без запаха сверхсильная фиксация (4) 225мл",319.0,449
"Valori","Спрей - кондиционер для волос Valori Professional термозащита , насыщенный блеск 200мл",299.0,299
"Gillette","Мужской станок Gillette Fusion для бритья + сменные кассеты 2шт",1260.0,1590
"Zondex","Жидкость для фумигатора от комаров Zondex 60 ночей 40мл",99.0,99
"D.I.E.S.","Насадки для электрической зубной щетки D.I.E.S. средней жесткости 4шт",299.0,399
"Vivienne Sabo","Автоматический карандаш для бровей Vivienne Sabo Brow Arcade 07 , 0,1г",535.0,535
"Spa 4 Me","Женские одноразовые станки для бритья Spa 4 Me Sensitive 2 лезвия 5шт",69.0,125
"Mr.Muscle","Чистящее средство для стекол и поверхностей Mr.Muscle ' Утренняя роса ' 530мл",335.0,335
"KeraSys","Увлажняющий шампунь KeraSys Moisturizing для сухих волос 400мл",799.0,799
"Aravia Laboratories","Увлажняющий крем для лица с гиалуроновой кислотой Aravia Laboratories Hyaluron Filler Hydrating Cream 50мл",279.0,399
"Floresan","Восковые полоски Floresan DEEP depil для депиляции с ромашкой для чувствительной кожи 20шт",199.0,199
"Mixit","Гидрофильное гель - масло для умывания Mixit Your skin Mango Cleansing Oil 150мл",411.0,549
"Барьер","Кассета Барьер сменная для фильтра ' Стандарт ' 1шт",299.0,399
"Luxvisage","Тушь для ресниц Luxvisage Arabian Night Drama volume Черный 8г",245.0,377
"Planeta Organica","Тоник для лица Planeta Organica Pure ' Тонус и свежесть ' 200мл",209.0,299
"Estel","Стойкая крем-гель краска для волос Estel Color Signature 6/4 Индийский сандал",489.0,489
"Guten Tag","Универсальная салфетка из микрофибры Guten Tag , Серый , 30*30см",45.0,69
"Venus","Женские одноразовые станки для бритья Venus Simply 2 лезвия 2шт",179.0,229
"Ameli","Пинцет Ameli для бровей скошенный с волновой резьбой",149.0,149
"Gillette","Кассеты для станка Gillette Fusion Power сменные 4шт",2090.0,2650
"Essence","Жидкие румяна для лица Essence Baby got blush 30 10мл",409.0,409
"ФИТОкосметик","Жидкость ФИТОкосметик для снятия лака ' Быстрый эффект ' 30мл",49.0,49
"Vivienne Sabo","Тушь для ресниц с эффектом объёма и удлинения Vivienne Sabo ' Exctentrique ' , Черный , 9мл",249.0,529
"Velvet","Крем для депиляции Velvet ультраделикатный для зоны бикини 125мл",218.0,299
"Katsuri","Увлажняющий кондиционер для сухих волос Katsuri 500мл",749.0,749
"Head and Shoulders","Шампунь и бальзам-ополаскиватель против перхоти Head and Shoulders Основной уход 2 в 1 360мл",389.0,649
"Catrice","Консилер для лица Catrice Liquid camouflage 005 5мл",419.0,419
"Grass","Чистящее средство Grass Azelit Антижир для стеклокерамики 600мл",189.0,269
"Ameli","Маникюрные ножницы Ameli сталь",249.0,249
"Сьёсс","Сухой шампунь для волос Сьёсс Pure Fresh 200мл",469.0,639
"Shiny Lux","Таблетки для посудомоечных машин Shiny Lux 6 в 1 45шт",369.0,369
"Luxvisage","Тушь для ресниц Luxvisage ' XXL длина-объём-изгиб ' 9г",324.0,499
"Gillette","Гель для бритья Gillette Series ' Sensitive ' для чувствительной кожи 200мл",399.0,729
"Luxvisage","Тушь для ресниц Luxvisage Smoky Eyes ' Эффект умножения и удлинения ' 7г",278.0,429
"Сьёсс","Лак для волос Сьёсс Max Hold Мегафиксация (5) 400мл",486.0,649
"Essence","Ухаживающий бальзам для губ Essence The super peptide 03 10мл",355.0,355
"Ameli","Настольное зеркало Ameli квадратное пластик 17*13,8см",399.0,399
"Ollin Professional","Окисляющая эмульсия для волос Ollin Professional OXY 9% 30vol. 90мл",179.0,179
"NIVEA","Бальзам после бритья NIVEA For Men для чувствительной кожи 100мл",669.0,669
"Catrice","Гель для бровей Catrice Lash Brow Designer Shaping And Conditioning Mascara Gel 010 6мл",315.0,315
"Art-Visage","Консилер Art-Visage Miracle Touch светоотражающий для лица 102 Pink Beige 6мл",399.0,399
"ФИТОкосметик","Жидкость для снятия лака ФИТОкосметик ' Быстрый эффект ' с экстрактом календулы и ромашки 30мл",49.0,49
"Vivienne Sabo","Карандаш для губ Vivienne Sabo Jolies Levres 103 Розово-бежевый 0,9г",329.0,329
"Lavel","Универсальный пятновыводитель Lavel ' Активный кислород ' 500г",219.0,299
"Venus","Станок Venus для бритья + сменная кассета 1шт",590.0,849
"Bic","Мужской одноразовый станок для бритья Bic для чувствительной кожи , 3 лезвия , 4шт",209.0,299
"Aravia Laboratories","Мицеллярная вода с гиалуроновой кислотой Aravia Laboratories Hyaluronic Micellar Water 520мл",499.0,829
"Grass","Чистящее средство для плит и микроволновых печей Grass Azelit Антижир для казана 600мл",189.0,269
"L'Oreal Paris","Тушь для ресниц L'Oreal Paris Volume Million Lashes Feline экстрачерная 9,2мл",817.0,1090
"Carelax","Мусс для бритья Carelax Silk Touch perfume с ароматом ванили 200мл",299.0,299
"Bisou","Мицеллярный себобалансирующий шампунь для волос Bisou Bio-professional ' till 72 HR Fresh ' 300мл",419.0,599
"Art-Visage","Гель для бровей Art-Visage Fix&Care суперфиксация 4мл",229.0,229
"Estel","Бальзам - восстановление Estel Secrets для поврежденных волос ' регенерация ' 200мл",599.0,599
"Ola!","Ежедневные прокладки Ola! silk sense Daily deo ромашка Large 20шт",139.0,199
"Я Самая","Освежающие влажные салфетки для рук и тела Я Самая 120шт",249.0,249
"Floresan","Восковые полоски для депиляции Floresan DEEP depil для чувствительной кожи лица 20шт",215.0,215
"Bisou","Клей - сыворотка для секущихся кончиков волос Bisou Bio-professional ' Keratin hair glue anti-split ends ' 100мл",439.0,569
"Vivienne Sabo","Автоматический карандаш для бровей Vivienne Sabo Brow Arcade 01 Светло-коричневый",535.0,535
"Рецепты бабушки Агафьи","Нейтральный детский шампунь - гель для волос и тела Рецепты бабушки Агафьи Для Внучат с витамином B5 3+ 500мл",249.0,249
"Ameli","Зеркало косметическое Ameli прямоугольное на подставке 21*14см",249.0,499
"Aravia Laboratories","Пенка для умывания с коллоидной серой и экстрактом женьшеня Aravia Laboratories Anti-Acne Cleansing Foam 150мл",549.0,929
"Estrade","Пудра для лица Estrade Invisible 100 Прозрачный 7г",359.0,479
"Catrice","Консилер для лица Catrice Liquid camouflage 010 5мл",419.0,419
"Unicum","Средство Unicum Tornado гранулированное , для устранения засоров 600г",299.0,459
"Zinger","Ножницы для маникюра Zinger B116 S GL BFY",399.0,399
"Dorco","Одноразовый станок для бритья Dorco Pace 4",169.0,169
"Global White","Отбеливающие полоски для зубов Global White Teeth Whitening Strips 1 пара",139.0,139
"Estel","Маска для волос Estel Я Тон тонирующая 6/7 Шоколадный",189.0,189
"Venus","Кассеты для станка Venus Breeze сменные 2шт",1050.0,1490
"Тафт","Пенка для укладки волос Тафт Объем Мегафиксация (5) 150мл",319.0,449
"Clear Line","Универсальные салфетки из микрофибры Clear Line 30*30см 4шт",129.0,129
"Alerana","Шампунь Alerana для жирных и комбинированных волос 250мл",479.0,689
"Floom","Бумажные косметические салфетки Floom ' Зеленый мрамор ' 2х-слойные в коробке 100шт",99.0,99
"Moskitek","Дихлофос от всех насекомых Moskitek Professional 345мл",199.0,199
"Estel","Стойкая крем - гель краска для волос Estel Color Signature 8/0 Капучино",489.0,489
"Luxvisage","CC крем для лица Luxvisage Active Complex SPF10 , 30 , 35г",324.0,499
"Timer","Кислородный очиститель Timer Чистая сила для всех поверхностей 1000г",239.0,349
"PresiDENT","Зубная паста для укрепления и реминерализации эмали PresiDENT Four Calcium 75г",304.0,469
"SPLAT","Зубная паста SPLAT Professional для чувствительных зубов ' Sensitive ' 100мл",209.0,339
"Vanish","Пятновыводитель для цветного белья Vanish Oxi Action 450мл",189.0,259
"Zinger","Пинцет Zinger скошенный для бровей",379.0,379
"Haus Frau","Таблетки для сливного бачка Haus Frau WC ' хвоя ' 2шт*50г",179.0,179
"Benabi","Антивозрастной крем - филлер для лица с гиалуроном , плацентой и бакучиолом Benabi Revitalift Face Cream 50мл",995.0,1990
"WEIS","Отшелушивающие носочки для ног WEIS Peeling foot mask с экстрактом лаванды 1 пара",269.0,269
"Лоск","Порошок для стирки цветного белья Лоск Color автомат 450г",99.0,149
"Frenchi","Средство для ногтей Frenchi Умная эмаль ' быстросохнущее финишное покрытие Супер Блеск ' 11мл",299.0,299
"Estel","Краска для бровей и ресниц Estel Only Looks Черная",339.0,339
"MitRa","Салфетки против окрашивания белья MitRa Color Absorbent 20шт",129.0,129
"Estel","Стойкая краска - гель Estel Only для волос 6/71 Темно-русый Коричнево-пепельный",415.0,415
"Estel","Бальзам Estel Curex Color Save ' Поддержание цвета ' для окрашенных волос 250мл",529.0,529
"Essence","Гель для бровей и ресниц Essence Lash and Brow 9мл",241.0,241
"Delicare","Детское масло для тела Delicare Baby ' увлажнение и уход ' 0+ 150мл",119.0,199
"Ameli","Мягкие бигуди для создания локонов Ameli",399.0,399
"Ollin Professional","Окисляющая эмульсия для волос Ollin Professional Performance ' Oxy ' 3% 10vol. , 90мл",189.0,189
"Kaizer","Клиппер для маникюра Kaizer большой 80мм",259.0,259
"Kaizer","Кисть для окрашивания волос Kaizer Professional широкая , искусственный ворс",109.0,109
"Valori","Жидкость для снятия гель-лака Valori с ацетоном 150мл",199.0,199
"Elseve","Масло Elseve восстанавливающее экстраординарное для поврежденных волос 100мл",1390.0,1390
"Synergetic","Средство для устранения засоров Synergetic 1л",189.0,279
"D.I.E.S.","Детская зубная щетка D.I.E.S. Kids с мигающим таймером 3+ мягкая в ассортименте",299.0,299
"Vivienne Sabo","Тушь для ресниц с эффектом гиперобъёма Vivienne Sabo ' Fantastique ' , Черный , 9мл",249.0,529
"Чистая сила","Мягкое средство для снятия лака без ацетона Чистая сила Улыбка 110мл",99.0,99
"Haus Frau","Салфетка Haus Frau из микрофибры 30*30см",149.0,149
"Colgate","Зубная паста Colgate Тройное действие ' Натуральная мята ' 100мл",129.0,179
"Сьёсс","Лак для волос Сьёсс Volume Lift Сверхсильная фиксация (4) 400мл",486.0,649
"Ollin Professional","Шампунь для волос и тела Ollin Professional Care для ежедневного применения 1000мл",899.0,899
"Ameli","Расческа вентиляционная Ameli Soft touch лодочка Черная",299.0,299
"Haus Frau","Мусорные мешки Haus Frau с завязками 35л 20шт",89.0,89
"Ollin Professional","Окисляющая эмульсия для волос Ollin Professional OXY 1,5% 5vol. 90мл",179.0,179
"Aravia Laboratories","Омолаживающая мезо - сыворотка для лица Aravia Laboratories Mezo-plex Serum 50мл",359.0,549
"Estel","Осветлитель для волос Estel Uniq Sense Blond",519.0,519
"Frenchi","Средство для ногтей Frenchi Умная эмаль ' Turbo восстановление ' 11мл",299.0,299
"Repute","Женский дезодорант - антиперспирант Repute ' Violet ' 150мл",179.0,239
"Scandic","Конфеты без сахара Scandic Арктическая мята 14г",79.0,99
"Delicare","Стойкая крем - краска для волос Delicare Professional Color Trend 3.4 Темный шоколад",249.0,249
"Vivienne Sabo","Тушь и праймер с эффектом наращенных ресниц Vivienne Sabo Cabaret Premiere Double Extension Черный",599.0,829
"NIVEA","Мужской антиперспирант NIVEA Men Черное и Белое Невидимый Original 50мл",299.0,399
"Essence","Карандаш для век Essence Long lasting 01 0,28г",209.0,209
"LAVELiq","Гель для стирки 2 в 1 LAVELiq Aroma ' Камелия ' 1,5л",299.0,399
"Concept","Крем - оксидант для волос Concept Fusion Inspiration 6% 100мл",149.0,149
"Guten Tag","Салфетки Guten Tag из вискозы 30*38см 5шт",69.0,99
"Estel","Стойкая краска - гель Estel Only для волос 4/7 Шатен коричневый",415.0,415
"Aravia Laboratories","Пенка для умывания Aravia Laboratories Energy Skin Foam с муцином улитки и гинкго билоба 150мл",549.0,929
"Guten Tag","Насадка для швабры из микрофибры Guten Tag Comfort 40*10см",115.0,195
"Guten Tag","Влажные салфетки Guten Tag ' универсальные ' 7 в 1 , с антибактериальным эффектом 80шт",99.0,149
"Valori","Несмываемый крем - спрей для волос Valori Professional 15 in One 200мл",399.0,399
"Colgate","Зубная паста Colgate Макс Блеск ' кристальная мята ' с отбеливающими пластинками 100мл",199.0,329
"Aravia Laboratories","Лимфодренажная маска для лица Aravia Laboratories Urban Detox Mask 100мл",489.0,699
"Sendo","Энзимная пудра для умывания Sendo Peeling Powder Wash 75мл",209.0,299
"Gardex","Аэрозоль - репеллент Gardex Family от летающих насекомых 150мл",449.0,449
"Opticell","Элементы питания Opticell АА LR6 4шт",399.0,399
"Kotex","Ежедневные прокладки Kotex Natural Normal в индивидуальной упаковке 20шт",139.0,189
"Gardex","Аэрозоль от клещей и комаров Gardex Baby на одежду 150мл",459.0,459
"Estel","Шампунь - восстановление Estel Secrets для поврежденных волос ' регенерация ' 250мл",649.0,649
"WEIS","Отшелушивающие носочки для ног WEIS Peeling foot mask с экстрактом чайного дерева 1 пара",269.0,269
"Aqua Joy","Банная мочалка - лента Aqua Joy Romantic для душа и ванны , сизаль , полиэстер , поролон 62*10см",349.0,349
"LAVELiq","Универсальный стиральный порошок LAVELiq Power Enzyme 2,4кг",399.0,599
"Estel","Стойкая крем-гель краска для волос Estel Color Signature 6/74 Парижские каштаны",489.0,489
"Luxvisage","Тушь для ресниц Luxvisage Smoky Eyes ' Накладные ресницы ' 7г",278.0,429
"Colgate","Зубная паста Colgate Тройное действие ' экстра отбеливание ' 100мл",129.0,179
"Estel","Стойкая крем - гель краска для волос Estel Color Signature 8/54 Красная Медь",489.0,489
"Bic","Мужские одноразовые станки для бритья Bic Sensitive 3 8шт",349.0,499
"Ameli","Маникюрные ножницы Ameli",299.0,299
"Estel","Бальзам для волос Estel Curex Водный баланс для всех типов волос 250мл",529.0,529
"Aqua Joy","Мочалка-лента для тела Aqua Joy Romantic 57*10см",449.0,449
"Чистая сила","Жидкость для снятия лака Чистая сила Супер Эффект 250мл",199.0,199
"Estel","Стойкая краска - гель Estel Only для волос 7/1 Русый пепельный",415.0,415
"Frenchi","Средство для ногтей Frenchi Умная эмаль ' финишное покрытие с эффектом гель-лака ' 11мл",299.0,299
"Foammen","Лосьон после бритья Foammen Бодрящая свежесть 100мл",449.0,449
"Luxvisage","Тушь для ресниц Luxvisage Secret коричневая 12г",278.0,429
"Vivienne Sabo","Тушь для ресниц с эффектом подкручивания и объёма Vivienne Sabo Moore Moore 01 Черная 9мл",389.0,529
"Concept","Оттеночный бальзам для светлых волос Concept Anti-yellow effect Эффект Пепельный блонд 300мл",381.0,545
"Delta Parfum","Лосьон после бритья Gentle 100мл",194.0,299
"Ollin Professional","Интенсивная маска - реконструктор для волос Ollin Professional Bionika 200мл",799.0,799
"Estel","Объём - пудра для укладки волос Estel ST 3/3 Сверхсильная фиксация (4) 8г",419.0,419
"SVOBODA","Крем для век SVOBODA и лица для сухой и чувствительной кожи ' Вечер ' 40г",139.0,139
"Аист","Отбеливатель Аист Бос плюс Maximum универсальный 600г",159.0,159
"Market Fresh","Фольга алюминиевая Market Fresh особо прочная 14мкр 29см*10м",129.0,179
"Luxvisage","Тушь для ресниц Luxvisage XXL эффект накладных ресниц коричневая 9г",324.0,499
"Чистая сила","Жидкость для снятия лака Чистая сила ' Супер эффект ' с помпой 200мл",199.0,199
"Organic Shop","Тонизирующий гель для душа Organic Shop ' Смородина + мята ' 1000мл",399.0,399
"Moskitek","Пластинки Moskitek от моли ' лаванда ' 10шт",69.0,69
"Smile Care","Межзубные ершики силиконовые Smile Care 30шт",179.0,249
"Relouis","Гель для бровей Relouis All Day Fixing 7г",299.0,299
"Кислица","Жевательная резинка Кислица в ассортименте ( кола, дыня, апельсин, лайм, арбуз ) 4г",15.0,15
"Venus","Женский станок Venus Breeze для бритья + сменные кассеты 2шт",1290.0,1650
"Big City Life","Губки для мытья посуды Big City Life Максима 6шт",139.0,139
"Influence Beauty","Стойкий фиксирующий гель для бровей Influence Beauty Brow Robot 5,5мл",359.0,477
"Kaizer","Ножницы маникюрные Kaizer ручная алмазная заточка Серебро",429.0,429
"Luxvisage","Тинт для губ Luxvisage Lip Tint Aqua Gel 01 , Aperol , 3,4мл",230.0,355
"SVOBODA","Питательный крем SVOBODA для лица для сухой кожи ' Геронтол ' 40г",139.0,139
"Synergetic","Натуральный дезодорант Synergetic ' без запаха ' 50мл",299.0,399
"Раптор","Аэрозоль от ползающих насекомых Раптор от тараканов 275мл",299.0,299
"Estel","Стойкая крем-гель краска для волос Estel Color Signature 6/71 Коричневый перламутр",489.0,489
"Gillette","Кассеты для станка Gillette Mach 3 сменные 6шт",1790.0,2390
"Estel","Пудра - объём для укладки волос Estel Me \\ Это стайлинг \\ сильная фиксация 4 10г",449.0,449
"Hair Style","Лак для укладки волос Hair Style ' Эффект памяти и термозащита ' Мегафиксация (5)",238.0,379
"Colgate","Зубная паста Colgate Максимальная защита от кариеса ' свежая мята ' 100 мл",129.0,179
"Colgate","Зубная паста Colgate ' Крепкие зубы Свежее дыхание ' 100мл",129.0,179
"Тафт","Лак для волос Тафт Power ' Нежность кашемира ' Мегафиксация (5) 225мл",319.0,449
"Essence","Блеск для губ Essence Juicy Bomb 104 10мл",173.0,173
"Guten Tag","Мусорные мешки Guten Tag биоразлагаемые 60л 20шт",99.0,149
"Guten Tag","Мешки для мусора Guten Tag биоразлагаемые 30л 20шт",69.0,99
"Ameli","Пинцет Ameli прямой для бровей",149.0,149
"Zinger","Кусачки для маникюра Zinger B002 S GL BFY",749.0,749
"Zinger","Пилка для ногтей Zinger F-6 металлическая GL BFY",199.0,199
"Likato Professional","Гель для умывания Likato Professional с AHA-кислотами 200мл",456.0,609
"Farres","Масло для губ Farres Magic Lip Oil 6,9г",215.0,215
"Aravia Laboratories","Азелаиновый крем - корректор для лица Aravia Laboratories Azelaic Correcting Cream 50мл",519.0,789
"ФИТОкосметик","Крем - хна ФИТОкосметик иранская натуральная для волос с репейным маслом в готовом виде , Классическая 50мл",80.0,115
"Mamba","Жевательная конфета Mamba 26,5г",39.0,39
"Delta Parfum","Лосьон после бритья Red Space 100мл",299.0,299
"Vivienne Sabo","Палетка теней для век Vivienne Sabo Croissant 03 4г",513.0,513
"Estel","Оттеночный бальзам Estel Love Ton для волос 4/71 Черный кофе 150мл",229.0,229
"Luxvisage","Тушь для ресниц Luxvisage Smoky Eyes ' Панорамный объем ' 7г",278.0,429
"Estel","Ухаживающая краска - блеск для волос без аммиака Estel Uniq Sense 7/74 Русый коричнево-медный",519.0,519
"Mixit","Соляной скраб - бальзам для тела Mixit Spa Rituals Lemon Pie 300г",411.0,549
"Aravia Laboratories","Корректирующая сыворотка для лица Aravia Laboratories Pure Balance Serum 50мл",359.0,549
"Day Spa","Ежедневные прокладки Day Spa Queen Cusion Classic 30шт",109.0,149
"Estel","Тонирующий шампунь - блеск Estel Secrets для для холодных оттенков блонд ' роскошь блонда ' 250мл",649.0,649
"Luxvisage","Тональный крем для лица Luxvisage Skin Evolution ' Soft matte blur effect ' 25 Natural 35г",259.0,399
"Акс","Гель для душа Акс Gold 3 в 1 для тела , лица и волос 250мл",287.0,399
"Synergetic","Капсулы для стирки цветного белья Synergetic Color 60шт",899.0,1690
"Aravia Professional","Пенка для умывания Aravia Professional Snail Foam Cleanser с муцином улитки и зеленым чаем ' 160мл",599.0,949
"Aravia Professional","Очищающий гель для умывания для жирной и проблемной кожи Aravia Professional Anti-Acne Gel Cleanser 250мл",499.0,849
"Luxvisage","Тональный крем для лица Luxvisage Skin Evolution ' Soft matte blur effect ' 20 Beige 35г",259.0,399
"Mentholatum","Точечный гель Mentholatum Acnes для проблемной кожи 18г",699.0,699
"Zinger","Маникюрные ножницы Zinger для кутикулы ручная заточка",649.0,649
"Таёжные рецепты","Зубная щетка Таёжные рецепты Безопасное отбеливание средняя 2шт",89.0,125
"Estel","Мусс для укладки и создания локонов Estel Me \\ Это стайлинг \\ сильная фиксация 4 350мл",539.0,539
"Zinger","Педикюрный кусачки Zinger",1220.0,1220
"Alerana","Бальзам - ополаскиватель Alerana для всех типов волос 200мл",479.0,689
"Carelax","Одноразовый станок Carelax для бритья для мужчин 1шт",69.0,69
"Zinger","Пинцет для бровей Zinger B158 S скошенный GL BFY",199.0,199
"Estel","Шампунь для волос Estel Curex ' Блеск-эффект ' 300мл",529.0,529
"NIVEA","Мужской дезодорант - антиперспирант NIVEA Men ' Невидимый для черного и белого Fresh 50мл",299.0,399
"Guten Tag","Резиновые перчатки с хлопковым напылением Guten Tag особопрочные L",99.0,179
"NIVEA","Мужской дезодорант - антиперспирант NIVEA Невидимая защита для черного и белого , шариковый 50мл",299.0,399
"Valori","Спрей для волос Valori Professional ' Push-Up ' Антистатический эффект 200мл",299.0,299
"Luxvisage","Светоотражающий консилер для лица Luxvisage Ultra HD Soft Focus 12H 13 Beige 3,7г",259.0,399
"Выгода","Губка металлическая для мытья посуды Выгода 2шт",35.0,45
"Zinger","Расческа для волос Zinger вентилируемая массажная двусторонняя",259.0,259
"Mixit","Крем Экстраувлажнение с мочевиной и гиалуроновой кислотой Mixit LAB WOW moisture 150мл",411.0,549
"WEIS","Очищающие полоски для лица WEIS с алоэ вера 6шт",149.0,249
"Frenchi","Гель для утолщения ногтей Frenchi Умная эмаль 11мл",299.0,299
"Planeta Organica","Гель для умывания Planeta Organica Pure ' Чистая и свежая кожа ' 300мл",399.0,399
"Floom","Бумажные носовые платочки Floom 3х-слойные , белые 10шт",10.0,15
"Aravia Professional","Рассасывающая маска с поросуживающим эффектом Aravia Professional Post-Acne Balance Mask 100мл",299.0,519
"Guten Tag","Тряпка Guten Tag для пола из вискозы и хлопка 80*100см",109.0,139
"Floresan","Крем - депилятор Floresan DEEP depil ' деликатный ' для удаления волос на лице , с персиковым маслом 50мл",199.0,199
"Guten Tag","Резиновые перчатки с хлопковым напылением Guten Tag особопрочные S",99.0,179
"Frenchi","Восстановитель Frenchi Умная эмаль для поврежденных ногтей 11мл",299.0,299
"BRANDFREE","Энзимный карандаш BRANDFREE для отбеливания и удаления пятнен 25г",179.0,229
"Meizer","Пинцет для бровей с рисунком Meizer в ассортименте",249.0,249
"Day Spa","Тампоны с аппликатором Day Spa Active Days Normal 8шт",199.0,299
"ФИТОкосметик","Индийская крем - хна для волос ФИТОкосметик Professional 4.0 Каштан 140мл",239.0,239
"Eveline","Тональный крем для лица Eveline Liquid control 005 Ivory 32мл",849.0,849
"Essence","Точилка для косметических карандашей Essence duo sharpener",153.0,153
"Estel","Стойкая крем - гель краска для волос Estel Color Signature 10/0 Белый песок",489.0,489
"Vivienne Sabo","Консилер для лица Vivienne Sabo Retouche Concealer 02 3мл",549.0,549
"Bambolina","Детские пеленки Bambolina с суперабсорбентом 40*60см 30шт",449.0,449
"Zinger","Гребень Zinger для волос 1607-1615 2шт",69.0,69
"Bic","Мужской станок для бритья Bic Flex 3 Hybrid + 2 сменные кассеты",449.0,449
"Guten Tag","Мешки для мусора Guten Tag в рулоне 30л 50шт",75.0,115
"SPLAT","Зубная паста SPLAT Professional ' Длительная свежесть ' 100мл",209.0,339
"Valori","Салфетки для лица Valori матирующие 50шт + зеркало",199.0,199
"Mixit","Тонизирующая сыворотка с витамином C Mixit Skin Chemistry Energy Serum Vitamin C 5% 30мл",449.0,599
"Luxvisage","Бальзам для губ Luxvisage Help! ' экстренная помощь ' с маслом чайного дерева",116.0,179
"L'Oreal Paris","Краска L'Oreal Paris Preference стойкая для волос 3 Бразилия",1240.0,1240
"Estel","Стойкая крем-гель краска для волос Estel Color Signature 5/75 Брауни",489.0,489
"Amore Care","Универсальные капсулы для стирки с кондиционером 5 в 1 Amore Care Сакура 10шт",129.0,179
"Carelax","Женские кассеты для бритья Carelax Silk Touch Sensitive 3 лезвия 4шт + станок в подарок",597.0,995
"Kaizer","Ножницы маникюрные закругленные Kaizer ручная алмазная заточка Серебро",429.0,429
"Only Bio Color","Крем - краска для волос Only Bio Color 7.3 , Сияющая карамель , 115мл",139.0,199
"Aravia Professional","Разглаживающий крем для лица Aravia Professional Anti-Age DMAE Cream с ДМАЭ и гиалуроновой кислотой 150мл",629.0,1060
"Estel","Маска для волос Estel Я Тон тонирующая 10/61 Перламутровый",189.0,189
"Mixit","Увлажняющий крем для рук и тела Mixit Spa Rituals Amber & Tonka cream 250мл",389.0,519
"Estel","Термозащитный спрей для укладки волос Estel ST Estel ST x15 Двухфазный Слабая фиксация (1) 200мл",519.0,519
"Luxvisage","Тушь для ресниц Luxvisage Killer Черная 11г",350.0,539
"Naturella","Женские гигиенические прокладки Naturella Ultra maxi 8шт",119.0,169
"Nextbeau","Увлажняющий крем для лица Nextbeau Hyaluronic Solution ' Moist Cream ' с гиалуроновой кислотой 100мл",1043.0,1490
"Zondex","Дихлофос от всех насекомых Zondex с цветущим ароматом 200мл",115.0,115
"Relouis","Фиксирующая пудра для лица с эффектом блюра Relouis PRO HD Blur effect 01 10г",669.0,669
"Estel","Маска - кондиционер для всех типов волос Estel Me \\ Это блеск \\ + иллюминация 300мл",529.0,529
"Vanish","Пятновыводитель - отбеливатель для белого белья Vanish Oxi Action 450мл",189.0,259
"Рецепты Чистоты","Мыло туалетное Рецепты Чистоты ' банное ' 180г",74.0,99
"Выгода","Ватные палочки Выгода в пакете 200шт",39.0,49
"Estel","Краска для волос Estel White Balance ' Секрет идеального блонда ' 12.0 Восхитительный топаз",699.0,699
"ФИТОкосметик","Осветлитель ФИТОкосметик Lady Blonden для волос с фитопорошком белого льна 35г",99.0,99
"El'Skin","Гелевая маска для лица El'Skin collagen ' Экспресс лифтинг ' 23г",375.0,375
"Estel","Масло - эссенция для всех типов волос Estel Me \\ Это блеск \\ + иллюминация 65мл",499.0,499
"Essence","Фиксирующий спрей для лица Essence Fix & last keep it perfect 50мл",355.0,355
"Luxvisage","Тушь для ресниц Luxvisage Absolute Веерный суперобъем Черная 8г",245.0,377
"Vilardi","Суперпрочные салфетки из вискозы Vilardi Perfect Clean 38*34см 2+1шт",99.0,129
"Magic Boom","Капсулы для стирки белья Magic Boom ' Цветочная магия ' 20шт",219.0,299
"LONGA VITA","Электрическая зубная щетка LONGA VITA Kids Влад А4 2 насадки 5+",1190.0,1190
"Estel","Ухаживающая краска - блеск для волос без аммиака Estel Uniq Sense 5/7 Светлый шатен коричневый",519.0,519
"Ola!","Ежедневные прокладки Ola! Daily без аромата Large 20шт",139.0,199
"Выгода","Хлопковая тряпка Выгода для мытья пола 80*100см",89.0,89
"One4me","Сухой шампунь для волос One4me WOW Объём 200мл",454.0,649
"Выгода","Салфетки Выгода 30*30см 10шт",69.0,69
"Carelax","Кассеты для станка Carelax Energy 3 лезвия 5шт",899.0,899
"Estel","Спрей для волос Estel Curex ' Живой объем ' для всех типов волос 200мл",599.0,599
"Day Spa","Мыло для бани Day Spa ' Черное ' 500мл",179.0,299
"WEIS","Маска для лица WEIS Black mask ' 5X centella ' с центеллой азиатской и салициловой кислотой 25г",99.0,99
"Zinger","Маникюрные кусачки Zinger для кутикулы B-188 ручная заточка",995.0,995
"NIVEA","Шариковый NIVEA Невидимая защита для черного и белого женский дезодорант - антиперспирант ' Pure ' 50мл",201.0,269
"Carelax","Одноразовые мужские станки для бритья Carelax Chrome 2+ с увлажняющей полоской 2 лезвия 7шт",101.0,169
"Essence","Карандаш для век Essence Long lasting 02 0,28г",209.0,209
"Likato Professional","Энзимная пудра для умывания Likato Professional Enzyme Powder Papain 150мл",569.0,759
"Zinger","Маникюрные ножницы Zinger для кутикулы В-118",559.0,559
"Bic","Сменные кассеты Bic Flex 3 Hybrid 4шт",549.0,549
"Essence","Блеск для губ Essence Extreme shine volume lipgloss 01 5мл",247.0,247
"Ameli","Металлическая пилка Ameli маникюрная для ногтей",129.0,129
"LAVELiq","Стиральный порошок LAVELiq Color Enzyme 1,5кг",269.0,399
"Aravia Professional","Оттеночная маска - кондиционер для восстановления цвета и структуры осветленных волос Aravia Professional Blond Revive 300мл",1240.0,1240
"Carelax","Мужской гель для душа 3 в 1 Carelax Energy ' Arctic & Frost ' 365мл",179.0,299
"Estel","Оттеночный бальзам для волос Estel Love Ton 6/65 Вишня 150мл",229.0,229
"Likato Professional","Сыворотка для лица с лифтинг-эффектом Likato Professional ' Hialuronic acid, Peptide, Vitamin B5 ' 30мл",449.0,599
"Estel","Тонирующая маска для волос Estel Я Тон 8/76 Русый 60мл",189.0,189
"Carelax","Пена для бритья Carelax ' чувствительная кожа ' 400мл",209.0,349
"Compliment","Солевой спрей Compliment Volume для объемных укладок ' Текстурирующий ' 200мл",199.0,199
"Mixit","Соляной скраб - бальзам для тела Mixit Spa Rituals Coconut & Salt 300г",411.0,549
"Essence","Тушь для ресниц Essence Lash Princess false lash effect black brown 12мл",459.0,459
"Lanbena","Гидрогелевые патчи для области вокруг глаз Lanbena Hyaluronic Hydra-Gel Eye Patches с гиалуроном 60шт",599.0,599
"Aravia Professional","Тонер для лица Aravia Professional Anti-Age Toner ' омолаживающий с ниацинамидом ' 150мл",399.0,669
"Estel","Стойкая крем - краска для седых волос Estel Великая 6/71 Тёмно-русый коричнево-пепельный",599.0,599
"Defance","Салфетка - автозагар Defance 1шт",64.0,99
"ФИТОкосметик","Хна ФИТОкосметик иранская натуральная , для любого типа волос 125г",115.0,115
"Estel","Краска для бровей и ресниц Estel Only Looks Графит",339.0,339
"Spa 4 Men","Мужской одноразовый станок Spa 4 Men 5шт",69.0,105
"Farres","Масло - блеск для губ Farres Magic Fruit в ассортименте 4г",149.0,149
"Aqua Joy","Двусторонняя мочалка для душа Aqua Joy",299.0,299
"Essence","Тушь для ресниц Essence I love extreme Volume mascara 01 8мл",355.0,355
"NIVEA","Восстанавливающий гель NIVEA для бритья для чувствительной кожи 200мл",471.0,629
"Glade","Освежитель воздуха Glade ' Индонезийский сандал ' 300мл",169.0,229
"Estel","Спрей - термозащита Estel Secrets для окрашенных и мелированных волос ' Сияние цвета ' 200мл",625.0,625
"Vivienne Sabo","Кремовые румяна для лица Vivienne Sabo Courage 02 4,3мл",659.0,659
"Тафт","Лак для волос Тафт Естественная укладка сверхсильная фиксация (4)",319.0,449
"Synergetic","Биоразлагаемое чистящее средство Synergetic ' Антижир ' от жира , копоти, нагара 500мл",219.0,369
"Estel","Стойкая крем - гель краска для волос Estel Color Signature 9/17 Шелковая Вуаль",489.0,489
"BeYoung","Пудра для лица BeYoung Fixing Loose Powder 1 Слоновая кость 8г",269.0,449
"Floresan","Восковые полоски для депиляции Floresan Gel Depil для сухой и чувствительной кожи лица 20шт",219.0,219
"Vivienne Sabo","Хайлайтер для лица Vivienne Sabo Gloire d'amour 01 , 6г",409.0,559
"Estel","Краска - уход Estel Celebrity для волос 7/0 Русый",359.0,359
"Floom","Бумажные носовые платочки Floom 3х-слойные ' цветочные ' 10шт",10.0,15
"Cafe Mimi","Гель для душа Cafe Mimi Colours Sweet Shake 400мл",329.0,329
"Only Bio Color","Крем - краска для волос Only Bio Color 5.6 , Красное дерево , 115мл",139.0,199
"Пропеллер","Полоски Пропеллер Pore Vacuum очищающие для носа , с активированным углем 6шт",181.0,259
"Bambolina","Бурлящий шар для ванны с игрушкой внутри Bambolina Funny Animals с ароматом бабл гам 3+ 130г",125.0,199
"Alerana","Шампунь для волос Alerana ' от перхоти ' 250мл",479.0,689
"ФИТОкосметик","Хна ФИТОкосметик ' иранская натуральная ' для любого типа волос 25г",69.0,69
"Jeanmishel","Увлажняющее масло для ногтей и кутикулы Jeanmishel ' Малиновый Рай ' 2мл",116.0,179
"Estel","Matt глина моделирующая для волос Estel ST 4G Сверхсильная фиксация (4) 65мл",399.0,399
"Estel","Оттеночный бальзам Estel Love Ton 6/74 Темный каштан 150мл",229.0,229
"Day Spa","Гигиенические тампоны Day Spa Normal 8шт",79.0,159
"Gillette","Лезвия для станка Gillette Sputnik 5шт",59.0,79
"Day Spa","Тампоны Day Spa super 8шт",79.0,159
"Meizer","Ножницы маникюрные Meizer с цветными ручками",419.0,419
"Aravia Professional","Увлажняющий шампунь для сухих и обезвоженных волос Aravia Professional Hydra Pure бессульфатный 420мл",999.0,999
"Весна","Жидкое мыло Весна ' дегтярное ' 280г",99.0,99
"Персил","Капсулы для стирки цветного белья Персил Color Power Caps 4 in 1 10шт",279.0,449
"ФИТОкосметик","Индийская крем - хна для волос ФИТОкосметик Professional 6.0 Натуральный русый 140мл",239.0,239
"KeraSys","Увлажняющий кондиционер KeraSys Moisturizing для сухих волос 400мл",799.0,799
"Day Spa","Ватные палочки Day Spa 500шт",149.0,149
"HADA LABO","Антивозрастной крем для лица HADA LABO Gokujyun Aging Care Cream 50г",1690.0,1690
"Essence","Блеск для губ Essence Juicy Bomb 101 10мл",173.0,173
"Lavel","Универсальный пятновыводитель - карандаш Lavel ' OXY комплекс ' 35г",119.0,159
"Zinger","Пилка для маникюра Zinger USS-411 прямая , 150/220 , GL BFY",89.0,89
"Glade","Освежитель воздуха Glade ' Пион и сочные ягоды ' 300мл",169.0,229
"Vivienne Sabo","Карандаш для бровей Vivienne Sabo Coup de Genie 01 Бежевый 1,4г",355.0,355
"Luxvisage","Укрепитель для ногтей Luxvisage Актив Комплекс 10 в 1 , 9г",178.0,275
"Day Spa","Тампоны Day Spa Super 16шт",129.0,249
"Vivienne Sabo","Тушь для ресниц с эффектом объёма и разделения Vivienne Sabo ' Grotesque ' , Черный , 9мл",249.0,529
"Valori","Бальзам для светлых оттенков волос Valori Professional Anti-yellow effect нейтрализующий желтизну 250мл",239.0,399
"Aqua Joy","Шапочка Aqua Joy Energy для душа D26см 8шт",199.0,199
"Vivienne Sabo","Палетка теней для век Vivienne Sabo Croissant 04 4г",513.0,513
"Vivienne Sabo","Подводка - фломастер Vivienne Sabo Cabaret Premiere",659.0,659
"Estel","Шампунь для поврежденных и секущихся волос Estel Me \\ Это сила\\ + бондинг 400мл",499.0,499
"Garnier Fructis","Укрепляющий шампунь Garnier Fructis SOS восстановление для секущихся и поврежденных волос 250мл",261.0,349
"Невская Косметика","Крем для лица Невская Косметика ' ретинол ' 40мл",99.0,129
"L'Oreal Paris","Тушь для ресниц L'Oreal Paris Panorama Черный 9,9мл",1550.0,1550
"Essence","Карандаш для век Essence Kajal 01 1г",153.0,153
"Valori","Спонж Valori для макияжа полиуретановый",125.0,249
"D.I.E.S.","Осветляющая зубная паста D.I.E.S. Coffee & Tea ' Активная формула ' 100мл",199.0,199
"Рецепты бабушки Агафьи","Очищающая гель - пенка для подмывания девочек Рецепты бабушки Агафьи Для Внучат с пантенолом от 0 до 10 лет 350мл",259.0,259
"Art-Visage","Консилер Art-Visage Miracle Touch светоотражающий для лица 101 Golden beige 6мл",399.0,399
"Sanita","Таблетки для посудомоечных машин Sanita All in 1 50шт",599.0,899
"Estel","Ухаживающая краска - блеск для волос без аммиака Estel Uniq Sense 7/7 Русый коричневый",519.0,519
"Golden Rose","Лак для ногтей Golden Rose Color Expert бесцветный 10,2мл",149.0,199
"Frenchi","Покрытие для ногтей Frenchi Умная эмаль ' коррекция неоднородных ногтей ' 11мл",299.0,299
"Aravia Professional","Очищающий тоник против черных точек и комедонов Aravia Professional Black Head Off 250мл",449.0,799
"Bambolina","Бурлящий шар для ванны с игрушкой внутри Bambolina Little Dragon с ароматом вишневой жвачки 3+ 130г",125.0,199
"Aura","Одноразовые покрытия Aura на сиденье унитаза 10шт",89.0,89
"NIVEA","Лосьон после бритья NIVEA Men для чувствительной кожи ' успокаивающий ' 100мл",669.0,669
"Ameli","Косметичка - сетка Ameli 2шт",399.0,399
"Bisou","Кератиновая маска для молекулярного восстановления волос Bisou Bio-professional ' Reconstructor Cationic Keratin mask ' 250мл",665.0,665
"Три кота","Детский бальзам для губ Три кота Зимние каникулы ' Гипоаллергенный ' Малиновый 4,2г",103.0,159
"Vivienne Sabo","Тональный крем - флюид для лица с натуральным блюр эффектом Vivienne Sabo Shakefoundation 03 25мл",599.0,809
"Holly Polly","Восстанавливающая маска для волос Holly Polly ' Keratin Shock ' 300мл",440.0,629
"Estel","Краска для волос Estel White Balance ' Секрет идеального блонда ' 12.7 Завораживающий жемчуг",699.0,699
"Dendy Candy","Карамель леденцовая Dendy Candy Diamond Ring Микс 15г",39.0,39
"D.I.E.S.","Зубная щетка D.I.E.S. ' Vogue Sensitive ' мягкая , в ассортименте",199.0,199
"Bambolina","Детские пеленки Bambolina с суперабсорбентом 40*60см 10шт",199.0,199
"Meizer","Кусачки маникюрные Meizer большие",549.0,549
"INSO","Гель для интимной гигиены на молочной кислоте INSO Sensitive Care 250мл",269.0,449
"Unicum","Жироудалитель для плит и духовок Unicum Gold 500мл",249.0,369
"Carelax","Мужской дезодорант Carelax ' Infinite Energy ' 150мл",209.0,279
"Бреф","Туалетный блок для унитаза Бреф Сила-актив Цветная вода 2*50г",449.0,449
"Essence","Блеск для губ Essence Birthday Bomb 01 10мл",195.0,195
"Estel","Краска - уход Estel Celebrity для волос 10/76 Скандинавский блондин",359.0,359
"Sensodyne","Зубная паста Sensodyne 8 в 1 75мл",249.0,419
"Zinger","Покрытие для ногтей Zinger Professional базовое 7 в 1 ' укрепление и лечение ' NC82 12мл",299.0,299
"Aravia Laboratories","Увлажняющая сыворотка для лица с гиалуроновой кислотой Aravia Laboratories Hydra Therapy Serum 50мл",359.0,549
"Day Spa","Тампоны Day Spa Color Normal 8шт",159.0,159
"Aravia Laboratories","Энзимная пудра для умывания с азелаиновой кислотой Aravia Laboratories Anti-acne Enzyme Powder 150мл",819.0,1250
"Aqua Joy","Мочалка Aqua Joy Energy тройная , полиэтиленовая сетка",349.0,349
"Haus Frau","Плечики для верхней одежды Haus Frau с металлическими прищепками + ПВХ",149.0,269
"Clear Line","Салфетка для пола из микрофибры Clear Line 50*60см",109.0,109
"SPLAT","Зубная паста SPLAT Kids биоактивная ' Фруктовое мороженое ' для детей от 2 до 6 лет 50мл",209.0,299
"Estel","Стойкая краска - гель Estel Only для волос 7/77 Русый коричневый интенсивный",415.0,415
"Day Spa","Ежедневные прокладки в индивидуальной упаковке Day Spa Active Days multiform Normal 20шт",59.0,119
"Ameli","Косметичка Ameli Бочонок",599.0,599
"Estel","Гель для укладки волос Estel Me \\ Это стайлинг \\ сильная фиксация 4 200мл",419.0,419
"Delicare","Стойкая крем - краска для волос Delicare Professional Color Trend 6.0 Натуральный русый",249.0,249
"Valori","Набор для ресниц Valori Natural Volume 1 пара",399.0,399
"Estel","Мультифункциональный спрей Estel Secrets 17 в 1 для всех типов волос ' максимум заботы ' 200мл",625.0,625
"Zinger","Педикюрная терка Zinger деревянная - наждак для ног",199.0,199
"SPLAT","Детская зубная щетка SPLAT Juicy Магия единорога с ионами серебра мягкая 6+",199.0,259
"L'Oreal Paris","Стойкая краска L'Oreal Paris Preference для волос 6.35 Гавана",1240.0,1240
"Absolut","Антибактериальное мыло Absolut Nature ' алоэ ' 90г",51.0,69
"Невская Косметика","Мыло детское Невская Косметика 90г",44.0,59
"Estel","Спрей для волос Estel Curex ' Водный баланс ' для всех типов волос 200мл",599.0,599
"Jundo","Универсальный стиральный порошок Jundo Aroma Capsule 2в1 , 1,1кг",349.0,699
"Synergetic","Натуральный гель для душа Synergetic ' сандал и ягоды можжевельника ' 750мл",421.0,649
"Sanfor","Гель для устранения засоров Sanfor 750г",159.0,259
"Synergetic","Гель для душа Synergetic ' пачули и ароматный бергамот ' 380мл",379.0,379
"Essence","Карандаш для бровей Essence Eyebrow Designer 02 1г",221.0,221
"Estel","Стойкая краска Estel Only для волос 9/76 Блондин коричнево-фиолетовый",415.0,415
"Vivienne Sabo","Консилер для лица Vivienne Sabo ' Aurora ' со светоотражающими частицами 02 4,5мл",699.0,699
"Aravia Professional","Шампунь для защиты структуры и цвета поврежденных и окрашенных волос Aravia Professional Keratin Repair 420мл",999.0,999
"Aravia Professional","Увлажняющий бальзам - кондиционер для сухих и обезвоженных волос Aravia Professional Hydra Save 420мл",999.0,999
"E-Xact","Кассеты для бритья E-Xact 4 лезвия 8шт",629.0,1790
"Estel","Краска - уход для волос без аммиака Estel Celebrity 7/7 Лесной орех",359.0,359
"Невская Косметика","Мыло Невская Косметика туалетное ' дегтярное ' 140г",51.0,69
"KeraSys","Кондиционер для поврежденных волос KeraSys Repairing 400мл",799.0,799
"Synergetic","Натуральный гель для душа Synergetic ' пачули и ароматный бергамот ' 750мл",421.0,649
"Lavel","Мешок для стирки одежды Lavel с молнией 50*60см",89.0,149
"Floom","Бумажные носовые платочки Floom ' ромашка ' 3х-слойные 10шт",10.0,15
"Head and Shoulders","Шампунь для волос против перхоти Head and Shoulders Объем от корней 360мл",389.0,649
"Frenchi","Основа для ногтей Frenchi Умная эмаль Бриллиантовая 11мл",299.0,299
"Vivienne Sabo","Тушь для ресниц с эффектом разделения и удлинения Vivienne Sabo Toutou Lashes 01 Черная 9мл",389.0,529
"Aravia Laboratories","Пилинг для проблемной кожи с комплексом кислот 18% Aravia Laboratories Anti-Acne Peeling 50мл",559.0,995
"Holika Holika","BB крем для лица Holika Holika Petit BB ' Moisturizing ' SPF 30 , 30мл",1030.0,1030
"Ollin Professional","Кондиционер для волос Ollin Professional Bionika ' питание и блеск ' 200мл",879.0,879
"Delicare","Бурлящий шар для ванны с игрушкой внутри Delicare Sweet Pony с ароматом сахарной клубники 3+ 130г",199.0,199
"Love is...","Жевательная резинка Love is... в ассортименте",10.0,10
"Vilardi","Губка для мытья посуды Vilardi Soft Clean 5шт",99.0,129
"Estel","Краска - уход для волос без аммиака Estel Celebrity 7/45 Тициан",359.0,359
"PresiDENT","Зубная паста для ежедневного ухода PresiDENT Classic RDA 75 75г",469.0,469
"Catrice","Хайлайтер для лица Catrice More Than Glow highlighter 020 5,9г",445.0,445
"Essence","Подводка - фломастер для век Essence Eyeliner pen extra long-lasting 010 1,1мл",293.0,293
"Carelax","Воскоплав Carelax Wax line для восковых картриджей для депиляции",654.0,1090
"Head and Shoulders","Шампунь для волос против перхоти Head and Shoulders Уход за чувствительной кожей головы 360мл",389.0,649
"R.O.C.S.","Зубная щетка R.O.C.S. , средней жесткости",258.0,345
"Estel","Стойкая крем - краска для седых волос Estel Великая 8/0 Светло-русый",599.0,599
"ФИТОкосметик","Крем депилятор ФИТОкосметик ORGANIC OIL для ног , рук , области бикини и подмышек 100мл",189.0,189
"Eveline","Тушь для ресниц Eveline Big volume real shock 10мл",539.0,539
"Estel","Бальзам для волос Estel Curex ' Блеск-эффект ' 250мл",529.0,529
"Ecologica","Усиленный пятновыводитель Ecologica 80г",49.0,79
"Synergetic","Жидкое мыло для рук Synergetic антибактериальное ' мелисса и ромашка ' 500мл",149.0,229
"Catrice","Водостойкая подводка для век Catrice Calligraph Pro Precise 24h 010 1,2мл",445.0,445
"Ameli","Косметичка Ameli средняя Черная",499.0,499
"Estel","Краска - уход Estel Celebrity для волос 8/0 Светло-русый",359.0,359
"D.I.E.S.","Детский ополаскиватель для полости рта D.I.E.S. Kids Smile 250мл",169.0,169
"Ninelle","Палетка теней для век Ninelle La Mirada 4 оттенка 502 3,4г",645.0,645
"L'Oreal Paris","Краска L'Oreal Paris Preference стойкая для волос 4.15 Каракас",1240.0,1240
"Gel-Off","Средство для удаления кутикулы Gel-Off Professional Cuticle Remover 60мл",279.0,279
"Zinger","Клиппер для маникюра Zinger 501102 малый GL BFY",169.0,169
"Zinger","Клиппер Zinger для ногтей малый",299.0,299
"Lanbena","Гидрогелевые патчи для кожи вокруг глаз Lanbena Retinol Hydra-Gel Eye Patches 60шт",599.0,599
"Defance","Крем для ног Defance Medis Кератолик 17% мочевины для очень сухой и огрубевшей кожи 100мл",149.0,149
"ФИТОкосметик","Крем - краска ФИТОкосметик FitoColor стойкая для волос 7.3 Карамель 125мл",96.0,149
"Свежинка","Средство - спрей для ванн Свежинка ' Чистая ванна ' 450мл",117.0,159
"Estel","Оттеночный бальзам Estel Love Ton для волос 10/65 Жемчужный блондин 150мл",229.0,229
"Bisou","Увлажняющий шампунь для придания воздушного объёма волосам Bisou Bio-professional ' Anti-gravitic volume ' 300мл",419.0,599
"Чистый дом","Спрей Чистый дом от клопов и блох с экстрактом ромашки 400мл",399.0,399
"Aravia Professional","Бальзам - кондиционер для тонких и склонных к жирности волосам Aravia Professional Volume Safe 420мл",999.0,999
"Ollin Professional","Маска для волос Ollin Professional Bionika ' Плотность волос ' 200мл",899.0,899
"Zinger","Пинцет для бровей Zinger B 241 SH скошенный , плоский , ручная заточка",479.0,479
"Dexclusive","Мыло туалетное Dexclusive Orange 150г",96.0,129
"Benabi","Крем для век Benabi с муцином улитки и коллагеном 40мл",495.0,995
"Carelax","Женские кассеты для бритья Carelax Silk Touch Sensitive 3 лезвия 3шт",389.0,649
"Valori","Пинцет Valori скошенный для бровей",249.0,249
"Zondex","Ловушка Zondex для тараканов 4шт",99.0,99
"Head and Shoulders","Шампунь против перхоти для жирных волос Head and Shoulders Цитрусовая свежесть 360мл",389.0,649
"SPLAT","Детская зубная паста SPLAT Junior So Natural ' Бабл Гам ' 6-11 лет 55мл",209.0,299
"Laboratory Katrin","Бурлящий шар Laboratory Katrin Звер Бомб ' ежевика ' с игрушкой внутри 130г",169.0,169
"Valori","Маска для волос Valori Professional ' Ботокс эффект ' для поврежденных волос на основе масла ши и зеленого чая 20мл",65.0,85
"Valori","Маска для волос Valori Professional ' SOS-восстановление ' 20мл",65.0,85
"Missha","BB крем для лица Missha Perfect Cover ' Идеальное покрытие ' SPF 42/PA+++ 23 20мл",999.0,1890
"Ollin Professional","Масло для волос Ollin Professional Perfect Hair ' Tres Oil ' 50мл",699.0,699
"Sensodyne","Зубная паста Sensodyne Clinical White Активное отбеливание от темного налета 75мл",379.0,579
"Zinger","Ножницы для маникюра Zinger B131 S GL BFY",459.0,459
"ФИТОкосметик","Крем - краска ФИТОкосметик FitoColor стойкая для волос 6.0 Натуральный русый 125мл",96.0,149
"Floresan","Крем - депилятор для лица Floresan Depilinea с персиковым маслом 50мл",139.0,199
"Valori","Пенка для укладки волос Valori Push-Up 150мл",349.0,349
"Art-Visage","Тушь для ресниц Art-Visage Chicago объёмная коричневая 15мл",449.0,449
"Estel","Стойкая краска - гель Estel Only для волос 7/44 Русый медный интенсивный",415.0,415
"Only Bio Color","Крем - краска для волос Only Bio Color 5.3 , Золотистый каштан , 115мл",139.0,199
"Nextbeau","Увлажняющая очищающая пенка для лица Nextbeau Hyaluronic Solution ' Moist Cleansing Foam ' с гиалуроновой кислотой 150мл",859.0,859
"Zinger","Расческа - гребень для волос Zinger PS-340-C Carbon Black",159.0,159
"White Glo","Зубная паста White Glo отбеливающая ' Sensitive Forte+ ' для чувствительных зубов 24г",69.0,99
"В каждый дом","Тряпка В каждый дом вискозная для пола 50*60см",69.0,69
"D.I.E.S.","Детская зубная паста D.I.E.S. ' Спелая клубника ' 1+ 60мл",99.0,99
"Novaroll","Крепп для окон Novaroll 48мм*25м",169.0,169
"Kaizer","Пинцет для бровей Kaizer Professional T-06 скошенный 90мм",319.0,319
"R.O.C.S.","Зубная паста R.O.C.S. Teens для детей ' Аромат знойного лета ' , Земляника 74г",224.0,299
"Aravia Professional","Увлажняющий крем для лица с церамидами и мочевиной 10% Aravia Professional Beauty & care 550мл",649.0,995
"Bubbles","Пенка - мыло для рук Bubbles ' Сливочный пломбир ' 300мл",194.0,299
"Estel","Мультифункциональный шампунь - уход для всех типов волос Estel Secret ' максимум заботы ' 250мл",649.0,649
"Skinlite","Маска для области вокруг глаз Skinlite омолаживающая ' интенсивный коллаген ' 30шт",139.0,199
"PresiDENT","Отбеливающая зубная паста для курящих PresiDENT Smokers RDA 120 75мл",304.0,469
"R.O.C.S.","Зубная паста R.O.C.S. Sensitive для чувствительных зубов ' восстановление и отбеливание ' 94г",276.0,369
"Три кота","Детский шампунь для волос Три кота Зимние каникулы Сахарная вата 3+ 250мл",219.0,219
"Dental clinic 2080 pro","Зубная паста Dental clinic 2080 pro Herb&Bio Salt лечебные травы , биосоли 120г",174.0,249
"SPLAT","Зубная паста SPLAT Special ' Extreme White ' 75мл",259.0,399
"Aqua Joy","Щетка для тела Aqua Joy Energy для ванны и душа с искусственной щетиной и пластиковой ручкой 35см",499.0,499
"Fara","Стойкая крем - краска для бровей и ресниц Fara 2.0 Темно-коричевый 30мл",259.0,259
"Алиса","Детский шампунь - Бальзам Алиса 2 в 1 Легкое расчесывание ' Клубничное мороженое ' 350мл",299.0,299
"Influence Beauty","Хайлайтер для лица Influence Beauty Lunar , 4,8г",509.0,679
"Farres","Бальзам для губ Farres в ассортименте 7г",199.0,199
"Only Bio Color","Крем - краска для волос Only Bio Color 3.3 , Горький шоколад , 115мл",139.0,199
"Art-Visage","Гель для бровей и ресниц Art-Visage 5мл",229.0,229
"D.I.E.S.","Детская зубная паста D.I.E.S. Teen ' Кола - Лимон ' 7+ 60мл",199.0,199
"Vivienne Sabo","Гель для бровей с эффектом ламинирования Vivienne Sabo Fixateur Lamination effect 01 6мл",159.0,215
"Global White","Реминерализующая пенка для полости рта Global White Remineralizing 50мл",399.0,399
"Colgate","Зубная паста Colgate ' Бережное Отбеливание ' 100мл",129.0,179
"BelorDesign","Мультифункциональный стик - скульптор для лица BelorDesign Multitalent 2 7,1г",347.0,535
"Sensodyne","Зубная паста Sensodyne Комплексная защита 50мл",189.0,299
"ФИТОкосметик","Крем - краска ФИТОкосметик Henna Color для бровей и ресниц , натуральная , Горький шоколад 5мл",165.0,165
"Levrana","Женский дезодорант для тела Levrana ' Aloe Vera ' 50мл",149.0,359
"Vilardi","Салфетка для пола из микрофибры Vilardi Intense Clean Up 50*70см",199.0,299
"Benabi","Крем для области вокруг глаз Benabi с змеиным пептидом 40мл",495.0,995
"Compliment","Спрей - объём для укладки волос Compliment Pro-expert Technics ' моделирующий ' 200мл",244.0,349
"Zinger","Маникюрные ножницы Zinger для ногтей В-113",559.0,559
"Frenchi","Защитное покрытие Frenchi Умная эмаль для обычных и лакированных ногтей с витаминами E и A 11мл",299.0,299
"Estel","Ухаживающая краска - блеск для волос без аммиака Estel Uniq Sense 6/71 Тёмно-русый коричнево-пепельный",519.0,519
"Valori","Двухфазный кондиционер - уход для поврежденных волос Valori Professional Repair Therapy с маслами 200мл",399.0,399
"Luxvisage","Пудра для лица Luxvisage Silk Dream 01 10г",324.0,499
"Luxvisage","Тушь для ресниц Luxvisage Perfect color ' Push Up Effect ' 9г",243.0,375
"Golden Rose","Лак для ногтей Golden Rose Wow! Clear 6мл",89.0,119
"Always","Ежедневные прокладки Always Незаметная защита удлиненные 16шт",199.0,249
"Guten Tag","Мешки для мусора Guten Tag ароматизированные , цвет в ассортименте 35л 30шт",75.0,115
"Весна","Туалетное мыло Весна дегтярное ' Народное ' 140г",51.0,69
"Stellary","Палетка для контуринга 3 в 1 Stellary Face Sculptor 01 11,4г",899.0,899
"L'Oreal Paris","Краска - осветлитель для волос L'Oreal Paris Preference 950 Ультра-платиновый блонд",1340.0,1340
"Carelax","Одноразовые мужские станки для бритья Carelax Chrome 2 2 лезвия 7шт",95.0,129
"Estel","Тонирующая маска для волос Estel Я Тон 10/71 Сантиновый 60мл",189.0,189
"Estel","Маска для волос Estel Я Тон тонирующая 11/05 Жемчужный",189.0,189
"Eveline","Тушь для ресниц Eveline Big Volume Lash водостойкая Черная 9мл",489.0,489
"Акс","Мужской дезодорант - антиперспирант Акс Cool Ocean 50мл",336.0,449
"Ameli","Пилка - бумеранг Ameli маникюрная двусторонняя для ногтей , в ассортименте",99.0,99
"Carelax","Мужской гель для душа 3 в 1 Carelax Energy ' Clean & Fresh ' 365мл",179.0,299
"Colgate","Зубная паста Colgate ' лечебные травы ' 100мл",129.0,179
"Estel","Стойкая крем - гель краска для волос Estel Color Signature 10/65 Сияние Сакуры",489.0,489
"Eveline","Тональный крем для лица Eveline Wonder Match 15 Natural 30мл",865.0,865
"Jeanmishel","Смягчающее масло для ногтей и кутикулы Jeanmishel ' Нежный абрикос ' 2мл",116.0,179
"Estel","Краска - уход для волос без аммиака Estel Celebrity 8/44 Огненно-медный",359.0,359
"Vivienne Sabo","Тушь для ресниц с экстремальным объёмом Vivienne Sabo Cabaret Legende Rouge 01 9мл",649.0,649
"Garnier Fructis","Бальзам - ополаскиватель Garnier Fructis Рост во всю силу укрепляющий для ослабленных волос , склонных к выпадению 200мл",261.0,349
"SPLAT","Зубная паста SPLAT Professional ' зеленый чай ' 100мл",239.0,399
"PresiDENT","Зубная паста для здоровой белизны PresiDENT Renome RDA 75 75мл",304.0,469
"Mirrolla","Никотиновая кислота для волос Mirrolla рост , укрепление корней волос , восстановление 65мл",199.0,199
"Глисс Кур","Стойкая краска для волос Глисс Кур Уход & увлажнение с гиалуроновой кислотой 10-55 Платиновый блонд",419.0,619
"L'Cosmetics","Детский шампунь для волос L'Cosmetics Lullaby ' для легкого расчесывания ' 3+ 250мл",254.0,349
"WEIS","Маска для лица WEIS с экстрактом зеленого чая 23г",99.0,99
"Day Spa","Тампоны Day Spa Normal 16шт",129.0,249
"Valori","Парфюмированный мист для тела Valori с розовым шиммером 150мл",149.0,299
"Secretday","Прокладки Secretday ультратонкие дышащие Large 14шт",399.0,399
"Shiny Lux","Стиральный порошок Shiny Lux Color & White ' Горная свежесть ' 450г",69.0,69
"Невская Косметика","Шампунь Невская Косметика Ушастый нянь детский с ромашкой 200мл",199.0,199
"Прелесть Professional","Лак для укладки волос Прелесть Сильная фиксация (2) 200мл",149.0,219
"Delicare","Стойкая крем - краска для волос Delicare Professional Color Trend 3.45 Темный каштан",249.0,249
"R.O.C.S.","Зубная щетка R.O.C.S. ' BLACK Edition ' средней жесткости",258.0,345
"Luxvisage","Тушь для ресниц Luxvisage 3D effect ' объём - длина - Ультра черная ' 10г",233.0,359
"BakeryLine","Бумага для выпечки в листах BakeryLine 30*38см 16шт",77.0,119
"Ameli","Клиппер Ameli для педикюра",149.0,149
"Estel","Праймер - термозащита для укладки волос Estel Me \\ Это стайлинг \\ лёгкая фиксация 1 200мл",509.0,509
"E-Xact","Кассеты для бритья E-Xact 4 лезвия 4шт",499.0,995
"Aravia Laboratories","Увлажняющая маска - филлер для лица Aravia Laboratories Hydra Boost с гиалуроновой кислотой 100мл",419.0,659
"Holly Polly","Восстанавливающий шампунь для волос Holly Polly ' Keratin Shock ' 400мл",599.0,599
"Рецепты бабушки Агафьи","Детский шампунь - бальзам для волос Рецепты бабушки Агафьи Для Внучат ' Легкое расчесывание ' с витамином B5 3+ 350мл",269.0,269
"Estel","Стойкая крем-гель краска для волос Estel Color Signature 5/65 Спелая вишня",489.0,489
"Прелесть Professional","Прелесть",269.0,399
"FreshWeek","Жидкое крем - мыло FreshWeek ' Цветы Прованса ' 460мл",104.0,149
"Sensodyne","Зубная паста Sensodyne ' глубокое очищение ' 75мл",209.0,329
"Estel","Стойкая крем - краска для седых волос Estel Великая 8/76 Светло-русый коричнево-фиолетовый",599.0,599
"L'Oreal Paris","Тушь для ресниц L'Oreal Paris Telescopic Черный уголь 8мл",1190.0,1190
"Head and Shoulders","Мужской шампунь для волос против перхоти Head and Shoulders Men Sport Fresh 360мл",389.0,649
"Floresan","Гель для депиляции Floresan Gel Depil ' Ультра-комфорт ' для чувствительной кожи и интимных зон 100мл",209.0,299
"Kaizer","Пилка алмазная Kaizer 125мм в ассортименте",179.0,179
"Sensodyne","Детская зубная паста Sensodyne ProЭмаль Junior ' Мятная жвачка ' от 6 до 14 лет 50мл",209.0,349
"Zinger","Ножницы Zinger парикмахерские",379.0,379
"La Grase","Мусс для волос La Grase Double Volume , Сверхсильная фиксация (4) , 150мл",209.0,299
"Always","Ежедневные прокладки Always Незаметная защита Экстраудлиненные 18шт",299.0,399
"Ollin Professional","Шампунь для волос Ollin Professional Bionika ' Баланс от корней до кончиков ' 250мл",729.0,729
"Sensodyne","Зубная паста Sensodyne с фтором ' Комплексная защита ' 75мл",209.0,329
"Gel-Off","Экспресс сушка лака Gel-Off Professional 60s 50мл",279.0,279
"Shiny Lux","Средство для мытья стекол и зеркал Shiny Lux ' лаванда ' 500мл",99.0,99
"Missha","BB крем для лица Missha Perfect Cover ' Идеальное покрытие ' SPF 42/PA+++ 21 20мл",999.0,1890
"Day Spa","Тампоны Day Spa Color Normal 16шт",249.0,249
"Day Spa","Ватные палочки Day Spa в стакане , розовые 200шт",79.0,119
"Scotch-Brite","Универсальные салфетки из вискозы Scotch-Brite 32*38см 3шт",105.0,175
"BelorDesign","Спрей - фиксатор для лица BelorDesign Spray Mist Fix 67г",454.0,699
"Estel","Оттеночный бальзам Estel Love Ton для волос 5/7 Шоколад 150мл",229.0,229
"NIVEA","Охлаждающий гель NIVEA Men для бритья для чувствительной кожи 200мл",471.0,629
"Evermex","Ополаскиватель для полости рта Evermex Защита дёсен 7 в 1 500мл",239.0,339
"Garnier Fructis","Укрепляющий шампунь Garnier Fructis Рост во всю силу для ослабленных волос , склонных к выпадению 250мл",261.0,349
"Zinger","Расческа для волос Zinger продувная массажная , изогнутая",259.0,259
"Evermex","Ополаскиватель для полости рта Evermex Extra Свежесть 500мл",239.0,339
"Glade","Освежитель воздуха Glade ' океанский оазис ' 300мл",169.0,229
"Day Spa","Тампоны Day Spa Color Super 8шт",159.0,159
"SOJ","Ореховый Батончик SOJ Миндаль-карамель в шоколаде 40г",119.0,119
"Aqua Joy","Шапочка для душа Aqua Joy Energy",179.0,179
"Botaniqua","Сыворотка для лица Botaniqua Hypoallergenic ' коллаген ' 30мл",194.0,299
"Market Fresh","Пищевая пленка Market Fresh 50м",99.0,129
"Eveline","Увлажняюще - питательный бальзам для тела Eveline Bodycare Med+ для сухой и чувствительной кожи 350мл",559.0,559
"L'Oreal Paris","Стойкая краска L'Oreal Paris Preference для волос 10.21 Стокгольм",1240.0,1240
"Без бренда","Пульверизатор для окраски волос Beauty Accessories",79.0,159
"ФИТОкосметик","Стойкая крем - краска для волос ФИТОкосметик FitoColor 5.0 , Темно-русый , 115мл",96.0,149
"Пропеллер","Лосьон Пропеллер Immuno для лица от прыщей ' салициловый ' для комбинированной кожи 100мл",149.0,149
"Aravia Laboratories","Себорегулирующая сыворотка для лица Aravia Laboratories Sebo Renewal Serum 50мл",359.0,549
"Colgate","Зубная паста Colgate Тройное действие ' Натуральная мята ' 150мл",169.0,249
"Estel","Двухфазный спрей - блеск Estel Secrets для светлых и обесцвеченных волос ' роскошь блонда ' 200мл",625.0,625
"BelorDesign","Пудра для лица BelorDesign Final touch рисовая , универсальная 8,7г",369.0,569
"Выгода","Резиновые перчатки Выгода с хлопковым напылением размер M 1 пара",49.0,69
"Невская Косметика","Крем для лица Невская Косметика ' гиалуроновый ' 40мл",99.0,129
"White Glo","Отбеливающая зубная паста White Glo 2 в 1 с ополаскивателем 24г",69.0,99
"Synergetic","Гель для душа Synergetic ' карамельное яблоко и Ваниль ' 380мл",379.0,379
"Essence","Ухаживающий бальзам для губ Essence The super peptide 02 10мл",355.0,355
"Zinger","Маникюрный набор Zinger SIS-73 4 предмета",899.0,899
"Compliment","Спрей для волос Compliment Жидкий Кератин 3 в 1 250мл",181.0,259
"Global White","Освежающий спрей для полости рта Global White Fresh Breath со вкусом освежающей мяты 15мл",299.0,299
"Absolut","Антибактериальное крем - мыло Absolut Нежное 2 в 1 90г",51.0,69
"Carelax","Одноразовые мужские станки для бритья Carelax Chrome 2 2 лезвия 12шт",149.0,219
"Likato Professional","Антивозрастной крем - концентрат для лица Likato Professional Retinol 3% + Urea 50мл",649.0,649
"Stellary","Тушь для ресниц Stellary Volume ambition 01 12мл",809.0,809
"Ameli","Резинки для волос Ameli черные 6шт",249.0,249
"Amore Care","Универсальные капсулы для стирки с кондиционером 5 в 1 Amore Care Сирень 10шт",129.0,179
"Ollin Professional","Маска для глубокого увлажнения волос Ollin Professional ' Deep Hydration ' 500мл",909.0,909
"Рецепты бабушки Агафьи","Нейтральный гель для подмывания младенца Рецепты бабушки Агафьи Для Внучат с пантенолом и аллантоином 0+ 500мл",195.0,279
"Delicare","Питательный лосьон для тела Delicare Perfect Body Therapy для сухой и очень сухой кожи 500мл",299.0,299
"Estel","Стойкая краска - гель для волос Estel Only 7/0 Естественное искушение Русый",415.0,415
"Colgate","Зубная паста - гель Colgate total Активная защита ' профессиональная чистка ' 75мл",189.0,299
"Estel","Стойкая крем-гель краска для волос Estel Color Signature 7/1 Речной жемчуг",489.0,489
"Estel","Двухфазный лосьон - спрей Estel Curex Therapy ' Интенсивное восстановление ' для поврежденных волос , 200мл",599.0,599
"Compliment","Спрей - термозащита для волос Compliment Prof Line с антистатическим эффектом 200мл",188.0,269
"Valori","Спрей для укладки волос Valori Professional ' Биоламинирование ' 200мл",349.0,349
"WEIS","Пузырьковая маска для лица WEIS для увлажнения и очищения кожи 25г",249.0,249
"Jeanmishel","Карандаш для век Jeanmishel 101 Черный 1,14г",85.0,85
"Delicare","Крем для лица и рук Delicare Soft Cream ' Гладкость ' с экстрактом розы 30мл",59.0,99
"Skinlite","Салфетки - автозагар для лица Skinlite Self Tan 5шт",209.0,299
"Alerana","Мужской шампунь для волос Alerana ' Активатор роста ' 250мл",479.0,689
"Synergetic","Гипоаллергенный стиральный порошок для цветного белья Synergetic Color 1,5кг",279.0,429
"Valori","Сухой шампунь для волос Valori ' Tropical Fresh ' 75мл",227.0,379
"Vivienne Sabo","Карандаш для бровей Vivienne Sabo Coup de Genie 02 Серый теплый ( Русый ) 1,4г",355.0,355
"Aqua Joy","Мочалка Aqua Joy для душа и ванны большая , массажная в ассортименте",199.0,199
"Meizer","Пинцет для бровей Meizer №4 , в ассортименте",249.0,249
"Zinger","Маникюрные кусачки Zinger ручная заточка , PT-07",1490.0,1490
"Botaniqua","Гель для умывания лица Botaniqua Hypoallergenic ' Чистая и свежая кожа ' 250мл",226.0,349
"Ameli","Бигуди Ameli для завивки волос 1,8*5,5см 6шт",99.0,199
"NSC","Крем для лица для глубокого восстановления с витамином C и ниацинамидом NSC Deep Recovery Cream 120мл",486.0,649
"Estel","Стойкая краска - гель для волос Estel Only 8/76 Светло-русый коричнево-фиолетовый",415.0,415
"R.O.C.S.","Зубная паста R.O.C.S. ' активный кальций ' 94г",369.0,369
"Estel","Стойкая крем-гель краска для волос Estel Color Signature 6/76 Горький шоколад",489.0,489
"L'Oreal Paris","Тушь для ресниц L'Oreal Paris Volume Million Lashes объём и разделение Черная 9,5мл",817.0,1090
"Luxvisage","Бальзам для губ Luxvisage защита + регенерация ' Медовый ' с прополисом и маслом чайного дерева 3,2г",116.0,179
"Estel","Краска для волос Estel White Balance ' Секрет идеального блонда ' 12.16 Роскошный бриллиант",699.0,699
"Vivienne Sabo","Кремовые румяна для лица Vivienne Sabo Courage 03 4,3мл",659.0,659
"Shiny Lux","Кислородный отбеливатель Shiny Lux без хлора 7 в 1 500г",115.0,175
"BelorDesign","Тушь для ресниц BelorDesign ' Podium extreme ' Черная 11,7г",291.0,449
"Ollin Professional","Шампунь для волос Ollin Professional Bionika ' Плотность волос ' 250мл",879.0,879
"Gel-Off","Средство для удаления кутикулы Gel-Off Professional Cuticle Remover с кисточкой 15мл",139.0,139
"Vivienne Sabo","Консилер для лица Vivienne Sabo Retouche Concealer 03 3мл",549.0,549
"Influence Beauty","Термостойкая тушь для ресниц Influence Beauty Manipula 01 10мл",809.0,809
"Concept","Оттеночный бальзам для волос Concept Fusion ' Magic Silver ' , Жемчужный Блонд , 400мл",454.0,649
"Клиар","Шампунь для волос против перхоти Клиар Men с ароматом Акс 380мл",569.0,569
"NIVEA","Увлажняющий крем NIVEA Creme универсальный для тела 75мл",269.0,269
"ФИТОкосметик","Крем - краска ФИТОкосметик Henna Color для бровей и ресниц , натуральная , коричневый 5мл",165.0,165
"Magic Boom","Капсулы для стирки белья Magic Boom ' Волшебство весны ' 10шт",119.0,199
"Essence","Тушь для ресниц Essence All eyes on me multi-effect mascara 01 8мл",241.0,241
"Colgate","Зубная паста Colgate Макс Фреш ' Нежная мята ' с освежающими кристаллами 100мл",199.0,329
"SPLAT","Зубная паста SPLAT Professional ' актив ' 100мл",209.0,339
"Глисс Кур","Экспресс - кондиционер для волос Глисс Кур Драгоценное питание 200мл",499.0,769
"Aravia Professional","Балансирующий тоник для сужения пор Aravia Professional Pore-Balance Toner 250мл",449.0,759
"Natura Siberica","Очищающий пенящийся мусс для умывания Natura Siberica ' увлажнение и баланс ' 150мл",475.0,475
"Kaizer","Ножницы парикмахерские Kaizer",239.0,239
"ФИТОкосметик","Хна для волос ФИТОкосметик Blonde Henna белая 70г",115.0,115
"Ameli","Металлическая пилка Ameli маникюрная для ногтей с триммером",129.0,129
"Guten Tag","Салфетка из микрофибры с бамбуковым волокном Guten Tag для стекол и зеркал 30*30см",59.0,99
"Alerana","Шампунь для волос Alerana ' Интенсивное питание ' 250мл",479.0,689
"Невская Косметика","Детское жидкое мыло Невская Косметика Ушастый нянь с алоэ 500мл",219.0,219
"Miraculous","Детская зубная паста Miraculous Леди Баг Спелая клубника 3+ 60г",179.0,179
"Luxvisage","Восстановитель для ногтей Luxvisage Скорая Помощь после гель-лака и наращивания 9г",178.0,275
"Vister","Дезодорант для обуви Vister 150мл",249.0,249
"Estel","Краска - уход Estel Celebrity для волос 10/16 Полярный блондин",359.0,359
"Zinger","Маникюрный набор Zinger SIS-13",599.0,599
"Alerana","Восстанавливающий шампунь для волос Alerana ' Био Кератин ' 250мл",479.0,689
"Ameli","Педикюрные кусачки Ameli сталь",529.0,529
"ICE Professional by NS","Шампунь для волос ICE Professional by NS Volume Maker 400мл",605.0,829
"Old Spice","Мужской гель для душа 3 в 1 Old Spice Epic Legend 400мл",359.0,499
"Пропеллер","Салициловая Суспензия для лица Пропеллер ' Boltushka ' от прыщей 25мл",199.0,199
"Catrice","Водостойкий карандаш для век Catrice Kohl Kajal 10 0,78г",241.0,241
"Global White","Отбеливающий гель для зубов Global White Whitening 5мл",433.0,619
"Synergetic","Натуральное жидкое мыло для рук и тела Synergetic ' сандал и ягоды можжевельника ' 380мл",269.0,269
"Тафт","Стайлинг - пудра для укладки волос Тафт Объем 10г",342.0,489
"Guten Tag","Салфетки для оптики Guten Tag влажные 20шт",35.0,45
"Bisou","Пилинг для кожи головы Bisou Bio-professional ' Renewal scalp peeling ' 100мл",385.0,549
"Palmolive","Мужской гель для душа 3 в 1 для тела , волос и лица Palmolive Men ' СПОРТ ' восстанавливающий 750мл",699.0,699
"Ameli","Косметичка - несессер Ameli , Синий",499.0,499
"Eveline","Консилер для лица Eveline Wonder Match 015 , 7мл",549.0,549
"Kloger","Чистящий порошок Kloger для удаления накипи для автоматических стиральных машин 550г",119.0,199
"L'Oreal Paris","Краска для волос L'Oreal Paris Preference стойкая 5.25 Антигуа",1240.0,1240
"Day Spa","Ватные палочки Day Spa в пакете с зиплоком 300шт",79.0,119
"Frenchi","Покрытие для ногтей Frenchi Умная эмаль бриллиантовое 11мл",299.0,299
"Laboratory Katrin","Шипучее средство для ванн Laboratory Katrin Happy Dino с растущей игрушкой 130г",199.0,199
"SPLAT","Зубная паста SPLAT Professional ' Здоровые дёсны ' 100мл",209.0,339
"Calgon","Смягчитель воды 3 в 1 Calgon порошок 400г",289.0,399
"Zinger","Маникюрные ножницы Zinger для ногтей В-116",559.0,559
"Aravia Laboratories","Пилинг для упругости кожи Aravia Laboratories Anti-Age Peeling с AHA и PHA кислотами 15% 50мл",459.0,829
"Valori","Маска для сильно поврежденных волос Valori Professional ' SOS-эффект ' на основе масел миндаля и хлопка + гексапептид-11 150мл",349.0,349
"White Glo","Зубная паста White Glo отбеливающая ' Coffee&Tea 24г",69.0,99
"One4me","Сухой шампунь для волос One4me WOW Свежесть 200мл",454.0,649
"INSO","Мусс для интимной гигиены на молочной кислоте INSO Soft Care 150мл",299.0,299
"Estel","Краска для волос Estel White Balance ' Секрет идеального блонда ' 12.65 Прекрасный сапфир",699.0,699
"Likato Professional","Спрей - термозащита для волос Likato Professional Keraless с кератином 100мл",279.0,399
"Sanita","Таблетки для посудомоечных машин Sanita All in 1 30шт",399.0,599
"Золотой шелк","Масло - эликсир Золотой шелк Nutrition мультифункциональное ' восстановление и питание волос ' 25мл",399.0,399
"White Glo","Зубная паста White Glo отбеливающая ' Professional Choice ' 24г",69.0,99
"Шаума","Шампунь - гель для душа Шаума Kids ' нежный и бережный уход ' 350мл",239.0,349
"Без бренда","Бальзам для губ Мороженое в ассортименте 6г",149.0,149
"Essence","Румяна для лица в стике Essence Baby got blush 30 5,5г",355.0,355
"Luxvisage","Блеск для губ Luxvisage Glass Shine 18 3г",213.0,329
"Антипятин","Пятновыводитель - порошок Антипятин универсальный для стирки 70г",39.0,49
"Likato Professional","Пенка для умывания лица Likato Professional с витамином C , пантенолом и лимонной кислотой 150мл",699.0,699
"Carelax","Мужской дезодорант Carelax ' Dark allurement ' 150мл",209.0,279
"Lavel","Мешок для стирки одежды Lavel с молнией 30*40см",79.0,129
"Тафт","Лак для волос Тафт Нежность кашемира Мегафиксация (5) 400мл",419.0,599
"Likato Professional","Сыворотка для лица Likato Professional с витамином C 30мл",599.0,599
"Ollin Professional","Кондиционер для волос Ollin Professional Care для ежедневного применения 1000мл",899.0,899
"Holika Holika","BB крем для лица Holika Holika Petit BB ' Shimmering ' SPF 45 , 30мл",1030.0,1030
"Stellary","CC крем для лица Stellary CC Cream 302 25мл",689.0,689
"Delicare","Стойкая крем - краска для волос Delicare Professional Color Trend 5.4 Шоколад",249.0,249
"Estel","Оттеночный бальзам для волос Estel Love Ton 7/76 Корица 150мл",229.0,229
"Stylist Pro","Стойкая крем - краска для волос Stylist Pro 5.46 , Медно-рыжий , 120мл",139.0,199
"SVOBODA","Питательный крем SVOBODA для лица для сухой кожи ' Люкс ' 41г",129.0,129
"Сьёсс","Бальзам для окрашенных и мелированных волос Сьёсс Color 450мл",319.0,499
"L'Oreal Paris","Консилер для лица L'Oreal Paris Accord Parfait 1N 6,8мл",1070.0,1070
"Ollin Professional","Витаминно-энергетический комплекс против выпадения волос Ollin Professional Bionika 100мл",899.0,899
"Jeanmishel","Матовая помада для губ Jeanmishel ' One ' 3,8г",129.0,129
"Cafe Mimi","Гель для душа Cafe Mimi Colours Mango Mania 400мл",329.0,329
"Aravia Laboratories","Очищающий гель для лица с кислотами Aravia Laboratories AHA & BHA Cleansing Gel 150мл",399.0,659
"Deonica","Женский дезодорант Deonica ' Энергия витаминов ' 200мл",209.0,279
"Estel","Оттеночный бальзам Estel Love Ton для волос 10/76 Перламутровый Блондин 150мл",229.0,229
"Luxvisage","Тональный крем для лица Luxvisage Skin Evolution ' Soft matte blur effect ' 30 Rose Beige 35г",259.0,399
"Golden Rose","Лак для ногтей Golden Rose Ice Color Clear 6мл",89.0,119
"LAVELiq","Капсулы для стирки 3 в 1 LAVELiq Aroma ' Азиатский цветок ' 20шт",329.0,599
"Delicare","Стойкая крем - краска для волос Delicare Professional Color Trend 5.65 Бургундский",249.0,249
"Estel","Стойкая краска - гель для волос Estel Only 8/16 Светло-русый пепельный",415.0,415
"NIVEA","Мужской дезодорант - антиперспирант NIVEA Men ' Fresh Kick ' 50мл",299.0,399
"Estel","Оттеночный бальзам Estel Love Ton для волос 9/61 Полярный 150мл",229.0,229
"Vivienne Sabo","Тональный крем - флюид для лица с натуральным блюр эффектом Vivienne Sabo Shakefoundation 02 25мл",599.0,809
"Ameli","Расческа для волос Ameli вентиляционная , мини",299.0,299
"Zinger","Клиппер Zinger в цветной оправе",379.0,379
"NIVEA","Женский антиперспирант NIVEA Жемчужная красота 50мл",261.0,349
"NIVEA","Увлажняющий крем NIVEA для всех типов кожи 100мл",379.0,379
"Fabrik Cosmetology","Соль для ванны Fabrik Cosmetology с маслом лаванды 500г",259.0,259
"Eveline","Тональный крем для лица Eveline Liquid control 030 Sand Beige 32мл",849.0,849
"ФИТОкосметик","Индийская крем - хна для волос ФИТОкосметик Professional 5.46 Ярко-рыжий медный 140мл",239.0,239
"Market Fresh","Поглотитель запаха и влаги Market Fresh для холодильника 1шт",69.0,99
"Kaizer","Пинцет для бровей Kaizer Professional T-02 металлический , скошенный 90мм",319.0,319
"Magic Boom","Кондиционер для белья Magic Boom ' морозная свежесть ' 2л",199.0,199
"Ollin Professional","Кондиционер для волос Ollin Professional Bionika ' Баланс от корней до кончиков ' 200мл",699.0,699
"BelorDesign","Мультифункциональный стик - скульптор для лица BelorDesign Multitalent 1 , 7,2г",347.0,535
"L'Oreal Paris","Стойкая краска L'Oreal Paris Preference для волос 7.1 Исландия",1240.0,1240
"Valori","Кисть Valori Fashion для пудры и румян , овальная , нейлон",349.0,349
"R.O.C.S.","Зубная паста R.O.C.S. ' Coffee ' 74г",369.0,369
"Zondex","Липкая лента от мух Zondex 4шт",79.0,79
"Три кота","Детский бальзам для губ Три кота Зимние каникулы ' Питательный ' Бабл Гам 3+ 4,2г",103.0,159
"Невская Косметика","Крем для лица Невская Косметика ' коллаген ' 40мл",99.0,129
"Estel","Маска - хайлайтер Estel Secrets для окрашенных и мелированных волос ' Сияние цвета ' 275мл",799.0,799
"ФИТОкосметик","Крем - хна ФИТОкосметик иранская натуральная для волос с репейным маслом в готовом виде , Шоколад 50мл",80.0,115
"Барьер","Сменный картридж Барьер для фильтра ' классик ' 2шт",549.0,699
"Hair Style","Мужской укрепляющий шампунь для волос Hair Style Сила и Свежесть 400мл",188.0,299
"Valori","Эластичный крем - тянучка для укладки волос Valori Professional 75мл",179.0,299
"Невская Косметика","Крем Невская Косметика для лица ' женьшеневый ' 40мл",129.0,129
"Aravia Professional","Омолаживающий тоник для лица Aravia Professional Anti-Age DMAE Tonic с янтарной и гиалуроновой кислотами 250мл",449.0,759
"Valori","Накладные ногти Valori голографические бежевые 24шт",449.0,449
"Essence","Пудра для лица Essence Mattifying compact powder 11 12г",355.0,355
"Estel","Ухаживающая краска - блеск для волос без аммиака Estel Uniq Sense 5/5 Светлый шатен красный",519.0,519
"Green Mama","Очищающая пена - гель для лица Green Mama ' ромашка и брусника ' 300мл",419.0,599
"Delicare","Бальзам для волос Delicare Professional для окрашенных волос 1л",549.0,549
"Natura Siberica","Шампунь Natura Siberica Oblepikha Siberica ' облепиховый ' , для всех типов волос 400мл",349.0,499
"Bambolina","Детский гелевый ополаскиватель для полости рта Bambolina Bubble Gum 3+ 300мл",199.0,199
"Jeanmishel","Лак для ногтей Jeanmishel 100 12мл",149.0,149
"Estrade","Мист - шиммер для тела Estrade Summer Shine 01 100мл",345.0,345
"Delicare","Крем для лица и рук Delicare Soft Cream ' увлажнение ' с экстрактом алоэ вера 30мл",59.0,99
"Aravia Laboratories","Омолаживающий тоник для лица Aravia Laboratories Anti-age с коллагеном и комплексом аминокислот 250мл",749.0,1150
"NIVEA","Черный гель для бритья NIVEA ' Ultra ' с активным углем 200мл",471.0,629
"Stellary","Консилер для лица Stellary Super Cover Concealer 01 5мл",689.0,689
"Mirrolla","Репейное масло Mirrolla с крапивой для волос 100мл",149.0,149
"ФИТОкосметик","Крем - хна ФИТОкосметик для бровей и ресниц с репейным маслом Горький шоколад 10г",119.0,119
"Delicare","Освежающие влажные салфетки Delicare ' Aloe ' 8шт",35.0,35
"Day Spa","Тампоны Day Spa Color Super 16шт",249.0,249
"Bambolina","Бурлящий шар для купания с игрушкой Bambolina Синий 3+ 130г",219.0,219
"Ollin Professional","Кондиционер для волос Ollin Professional Beauty Family с экстрактами манго и ягод асаи 500мл",639.0,639
"Estel","Ухаживающая краска - блеск для волос без аммиака Estel Uniq Sense 7/1 Русый пепельный",519.0,519
"Moskitek","Бальзам после укусов насекомых Moskitek Professional sos 50мл",179.0,179
"ФИТОкосметик","Крем - краска ФИТОкосметик FitoColor стойкая для волос 5.6 Красное дерево 125мл",96.0,149
"Ollin Professional","Шампунь для волос Ollin Professional Bionika ' питание и блеск ' 250мл",879.0,879
"Skinlite","Патчи для век охлаждающие Skinlite ' Kryo-Mezo complex ' 30шт",209.0,299
"Vivienne Sabo","Тональный крем - флюид для лица с натуральным блюр эффектом Vivienne Sabo Shakefoundation 01 25мл",599.0,809
"Vivienne Sabo","Тушь для ресниц Vivienne Sabo Cabaret Premiere с эффектом сценического объёма 02 Синий 9мл",579.0,579
"Market Fresh","Кружка Market Fresh ' Мрамор ' 380мл , в ассортименте",229.0,359
"Ollin Professional","Энергетический шампунь против выпадения волос Ollin Professional Bionika 250мл",729.0,729
"Eveline","Компактная пудра Eveline Beauty Line для лица бархатистая 11 Слоновая кость 9г",401.0,599
"Estrade","Пудра - скульптор для лица Estrade Mon Secret компактная 208 Канада 7г",269.0,433
"Guten Tag","Мешки для мусора Guten Tag 30л в рулоне 30шт",55.0,79
"Only Bio Color","Крем - краска для волос Only Bio Color 6.0 , Натуральный русый , 115мл",139.0,199
"Defance","Отбеливающая гелевая зубная паста Defance Oraldent ' Active Gel Whitening ' 120г",95.0,155
"Ecolatier","Мицеллярная вода для чувствительной кожи лица Ecolatier Urban ' Цветок кактуса и алоэ вера ' 100мл",115.0,115
"Estel","Стойкая краска - гель Estel Only для волос 9/17 Блондин пепельно-коричневый",415.0,415
"Fara","Стойкая краска для бровей и ресниц с эффектом татуажа Fara WOW Brow Tattoo effect 3.0 Коричневый 30мл",194.0,299
"Delicare","Гель для душа Delicare Milk & Silk ' Сливочное увлажнение и питание ' 500мл",199.0,199
"Venus","Кассеты для станка Venus Comfortglide Sugarberry сменные 2шт",1390.0,1890
"Guten Tag","Универсальные резиновые перчатки Guten Tag с хлопковым напылением S",69.0,99
"Magic Boom","Освежитель воздуха - Magic Boom универсальный гелевый запахов ' яблоко и Корица ' 100г",59.0,59
"Jeanmishel","Масло для ногтей и кутикулы Jeanmishel ' Сочный Виноград ' 2мл",116.0,179
"Estel","Оттеночный бальзам Estel Love Ton для волос 10/16 Пепельный блондин 150мл",229.0,229
"Valori","Зеркало Valori 10-кратное увеличение , d13см",399.0,399
"Ameli","Маникюрные кусачки Ameli 1 пружина сталь",449.0,449
"Zinger","Пилка для маникюра Zinger USS-413 бумеранг 150/220 GL BFY",89.0,89
"ФИТОкосметик","Крем - краска ФИТОкосметик FitoColor стойкая для волос 9.3 Жемчужный блондин 125мл",96.0,149
"Consly","Увлажняющий крем для лица Consly с гиалуроновой кислотой 70мл",664.0,949
"Mixit","Ночная обновляющая сыворотка с ретинолом и скваланом Mixit Skin Chemistry Retinol Power 30мл",449.0,599
"Guten Tag","Резиновые перчатки Guten Tag с ароматом алоэ и яблока M",79.0,139
"Estel","Ухаживающая краска - блеск для волос без аммиака Estel Uniq Sense 8/76 Светло-русый коричнево-фиолетовый",519.0,519
"Luxvisage","Пудра для лица Luxvisage Silk Dream 02 10г",324.0,499
"Vivienne Sabo","Влагостойкая тушь для ресниц с эффектом суперобъёма Vivienne Sabo Volume Fuzzy 01 9мл",389.0,529
"Farres","Бальзам для губ Farres Milk в ассортименте 2,6г",99.0,99
"Оригинальное","Мыло Оригинальное ' Земляничное ' 180г",51.0,69
"R.O.C.S.","Зубная паста R.O.C.S. отбеливающая с активными гранулами 74г",336.0,449
"ФИТОкосметик","Стойкая крем - краска для волос ФИТОкосметик FitoColor 3.0 Темный каштан 115мл",96.0,149
"Compliment","Бальзам для тела Compliment ' Panthenol ' SOS заживляющий при солнечных и термических ожогах , 75мл",219.0,219
"Valori","Шампунь для поврежденных волос Valori Professional Repair Therapy 700мл",699.0,699
"Suprim","Спрей - кондиционер для белья с функцией глажения Suprim Plus+ 400мл",249.0,249
"Дав","Шампунь для волос Дав ' Густые и сильные ' с маслом лаванды и экстрактом розмарина 380мл",314.0,449
"Palmolive","Мыло твердое туалетное Palmolive Натурэль ' мандарин и витамин C ' 150г",123.0,165
"Mentos","Жевательная резинка Mentos Pure Fresh ' Вишня ' 15,5г",39.0,39
"Guten Tag","Антибактериальная губка для уборки Guten Tag 3 в 1",89.0,139
"SPLAT","Зубная паста SPLAT Professional ' Восстановление плюс ' 100мл",209.0,339
"Valori","Маска для поврежденных волос Valori Professional ' Ботокс-эффект ' на основе масла ши и зеленого чая 150мл",349.0,349
"ФИТОкосметик","Крем - краска ФИТОкосметик FitoColor стойкая для волос 3.3 Горький шоколад 125мл",96.0,149
"Ollin Professional","Интенсивная маска для восстановления структуры волос Ollin Professional Care ' Restore ' 500мл",909.0,909
"Essence","Жидкий хайлайтер для лица Essence Baby got glow 10 10мл",409.0,409
"Provocateur","Оттеночная глоссер - маска для волос Provocateur Шоколадный мусс 150мл",267.0,399
"Ollin Professional","Окисляющая эмульсия для волос Ollin Professional Performance ' Oxy ' 9% 30vol. , 90мл",189.0,189
"Bad Girl","Оттеночный бальзам для волос Bad Girl Ice dragon 150мл",314.0,449
"Eveline","Карандаш для бровей Eveline Micro Precise водостойкий 02 Теплый коричневый",240.0,359
"Ameli","Резинки для волос Ameli в косметичке , 100шт",199.0,199
"Divage","Пудра для лица Divage True Color 01 Fair 9г",339.0,499
"Big City Life","Пищевая пленка Big City Life 50м",249.0,249
"Eveline","Тональный крем для лица Eveline Liquid control 020 Rose Beige 32мл",849.0,849
"Market Fresh","Фольга Market Fresh алюминиевая , повышенной прочности 10м",99.0,139
"Feel Free","Тоник для лица Feel Free ' освежающий ' 200мл",384.0,549
"Дав","Мужской шампунь - кондиционер для волос Дав Men+Care 2 в 1 ' Свежесть ментола ' 380мл",314.0,449
"NIVEA","Восстанавливающая пена NIVEA для бритья для чувствительной кожи 200мл",419.0,419
"Relouis","Объёмная тушь для ресниц Relouis Capsule стойкая легкосмываемая Черный 9г",569.0,569
"Green Mama","Скраб для лица Green Mama ' кедровый орех и Уссурийский хмель ' 170мл",569.0,569
"Выгода","Салфетки Выгода универсальные из вискозы для уборки 30*30см Мини 3шт",29.0,29
"Три кота","Детская пена для ванны Три кота Зимние каникулы Воздушные замки 3+ 250мл",219.0,219
"Aravia Laboratories","Энзимный гоммаж для лица с рисовой пудрой и энзимами тыквы Aravia Laboratories Gentle Ricezyme Gommage 100мл",429.0,649
"Золотой шелк","Крем - спрей для поврежденных и окрашенных волос Золотой шелк с маслом усьмы 100мл",150.0,215
"Fara","Стойкая крем - краска для бровей и ресниц Fara 1.0 Черный 30мл",259.0,259
"Невская Косметика","Шампунь Невская Косметика С живицей , для всех типов волос 250мл",169.0,169
"Influence Beauty","Хайлайтер для лица Influence Beauty Illuminati 03 6,5г",849.0,849
"Kaizer","Пинцет для бровей Kaizer Professional T-01 металлический , скошенный 90мм",319.0,319
"Bambolina","Детский шампунь - гель 2 в 1 Bambolina с экстрактом клюквы 0+ 270мл",149.0,199
"Skinlite","Фольгированные патчи для области вокруг глаз Skinlite ' золото ' 10шт",299.0,299
"Рецепты бабушки Агафьи","Нейтральная гель - пенка для купания младенца Рецепты бабушки Агафьи Для Внучат с пантенолом 0+ 500мл",195.0,279
"STUDIO","Стойкая крем - краска для бровей STUDIO Professional Ash Brown 50мл",259.0,259
"Травница","Соль для ванн Травница с антицеллюлитным эффектом ' апельсин ' 900г",99.0,99
"Estel","Стойкая крем - гель краска для волос Estel Color Signature 10/76 Снежный Лотос",489.0,489
"Divage","Пудра для лица Divage True Color 02 Ivory 9г",339.0,499
"Eveline","Карандаш для век Eveline с точилкой , Черный",159.0,159
"Carelax","Пена для бритья Carelax ' увлажнение кожи ' 400мл",209.0,349
"Librederm","Увлажняющий тоник для лица Librederm ' гиалуроновый ' 200мл",699.0,999
"Frenchi","Укрепляющий лак для ногтей Frenchi 363 , 11мл",249.0,249
"Concept","Окисляющая эмульсия для волос Concept Fusion Oxidant Emulsion 3% 100мл",149.0,149
"Relouis","Тушь для ресниц Relouis Paradiso ' Веерный объем ' , Черный , 10г",445.0,445
"Mirrolla","Шампунь Mirrolla ' репейный ' с комплексом витаминов , для укрепления волос 250мл",119.0,119
"Likato Professional","Салициловая сыворотка для лица Likato Professional ' Sa 2% ' 30мл",599.0,599
"Luxvisage","Масло - коктейль для ногтей и кутикулы Luxvisage SPA Уход 8г",178.0,275
"Valori","Кисти для макияжа Valori ' Gold Collection ' 5шт",349.0,349
"Essence","Водостойкая тушь для ресниц Essence All eyes on me 01 8мл",241.0,241
"Vivienne Sabo","Устойчивый гелевый карандаш для век Vivienne Sabo Virtuose 601 1,5г",429.0,429
"PresiDENT","Зубная паста для здоровья десен PresiDENT Active 75г",469.0,469
"Colgate","Зубная паста Colgate total Активная защита ' профессиональная отбеливающая ' с цинком и аргинином 75мл",189.0,299
"Carelax","Восковые полоски для зоны бикини и подмышек Carelax Silk Touch с кокосовым маслом + алоэ вера 16шт",269.0,449
"Novosvit","Спрей - мист для лица и тела Novosvit ' 3D гиалуроновая кислота и ниацинамид ' 190мл",188.0,269
"ФИТОкосметик","Стойкая крем - краска ФИТОкосметик FitoColor для бровей и ресниц 4.0 Горький шоколад 2*2мл",115.0,115
"ФИТОкосметик","Крем - краска ФИТОкосметик FitoColor стойкая для волос 4.3 Шоколад 125мл",96.0,149
"Natura Siberica","Шампунь Natura Siberica Oblepikha Siberica ' облепиховый ' , для нормальных и жирных волос 400мл",349.0,499
"Сьёсс","Лак для волос Сьёсс Ultra Flex ' Упругий объём ' 4 экстрасильная фиксация 400мл",486.0,649
"Ollin Professional","Шампунь - реконструктор для волос Ollin Professional Bionika 250мл",729.0,729
"Zinger","Кусачки для кутикулы Zinger MC-350 ручная заточка",995.0,995
"Luxvisage","Блеск для губ Luxvisage Glass Shine 20 3г",213.0,329
"Guten Tag","Органайзер для хранения ватных дисков Guten Tag",139.0,249
"Delicare","Пена для ванны Delicare ' малина и Нежная мята ' 500мл",219.0,219
"Estel","Оттеночный бальзам Estel Love Ton для волос 6/43 Коньяк 150мл",229.0,229
"Armeto","Освежитель воздуха Armeto Perfume ' Цветущий сад ' 300мл",149.0,149
"Breesal","Саше для белья Breesal ' роза , малина , флердоранж '",189.0,189
"Tagger","Пилка для ногтей Tagger двусторонняя , бумеранг , 180/240",149.0,149
"Relouis","Объёмная тушь для ресниц Relouis ' Strip it Easy Thermo Tubing ' , Черный , 9г",499.0,499
"Floresan","Гель для депиляции Floresan Gel Depil ' Супер-эффект ' для жестких и коротких волос 100мл",209.0,299
"ICE Professional by NS","Шампунь для волос ICE Professional by NS Keratin Injection 400мл",605.0,829
"Luxvisage","Блеск для губ Luxvisage Glass Shine 19 3г",213.0,329
"Day Spa","Женские прокладки Day Spa Natural Soft Maxi 16шт",119.0,239
"White Glo","Зубная паста White Glo Professional Choice отбеливающая Экстрасильная 100г",379.0,379
"Aravia Laboratories","Увлажняющий тоник для лица с гиалуроновой кислотой Aravia Laboratories Hyaluron Hydrating Tonic 200мл",399.0,549
"Cleanic","Ватные диски Cleanic Pure Effect 40шт",126.0,169
"Only Bio Color","Крем - краска для волос Only Bio Color 7.0 , Светло-русый , 115мл",139.0,199
"Luxvisage","Румяна для лица Luxvisage Silk Dream компактные 3 5г",311.0,479
"BelorDesign","Тональный крем для лица BelorDesign Nude Harmony 201 Light beige 33г",419.0,645
"Valori","Средство для обезжиривания ногтей Valori 150мл",199.0,199
"WEIS","Маска для лица WEIS Secret Line с огурцом и олигопептидами 23г",59.0,99
"Выгода","Салфетка Выгода из вискозы для пола 50*60см",35.0,45
"Luxvisage","Тушь для ресниц Luxvisage Evolution ' суперобъём-длина-умножение ресниц ' , Черный , 8г",245.0,377
"NIVEA","Мужской дезодорант NIVEA Men Экстремальная Свежесть 50мл",299.0,399
"Luxvisage","Румяна для лица Luxvisage Silk Dream компактные 6 5г",311.0,479
"Чистин","Гигиеническое средство Чистин санитарно - ' универсал ' для чистки и антимикробной обработки поверхностей 750мл",99.0,99
"Farres","Консилер для лица Farres Full Coverage 01 7,3г",209.0,299
"Duru","Смягчающее крем - мыло Duru 1+1 Морские минералы 320г",224.0,299
"Delicare","Бальзам для волос Delicare Professional для всех типов волос 1л",549.0,549
"Delicare","Стойкая крем - краска для волос Delicare Professional Color Trend 7.0 Светло-русый",249.0,249
"Libretta","Женские ночные прокладки Libretta Экстра Плюс с мягкой поверхностью 12шт",199.0,299
"Ollin Professional","Воск Ollin Professional Style ' матовый ' для укладки волос , сильной фиксации 50г",599.0,599
"WEIS","Пенка для умывания WEIS Hyaluron 150мл",355.0,355
"Day Spa","Влажные антибактериальные салфетки Day Spa ' ромашка ' 15шт",55.0,55
"Lactacyd","Очищающее масло для ежедневной интимной гигиены Lactacyd 200мл",649.0,649
"Aqua Joy","Щетка Aqua Joy для ногтей с ручкой",159.0,159
"Organic Shop","Освежающий гель Organic Shop для душа ' Lime ' 500мл",349.0,349
"BelorDesign","Тональный крем для лица BelorDesign Nude Harmony 202 Ivory 33г",419.0,645
"Frenchi","Лак для ногтей Frenchi 04 Candy 11мл",249.0,249
"Тимсон","Ультрафиолетовая сушилка для обуви Тимсон",1490.0,1490
"White Glo","Зубная паста White Glo отбеливающая ' Coffee and tea ' 100г",379.0,379
"Eveline","Карандаш - подводка для век Eveline Variete 2 in 1 Double Effect , Черный , 9,5мл",351.0,525
"Laboratory Katrin","Шипучая бомбочка для ванны Laboratory Katrin ' Funny Dino ' с растущей игрушкой 130г",199.0,199
"Delicare","Стойкая крем - краска для волос Delicare Professional Color Trend 10.1 Пепельный блонд",249.0,249
"Vivienne Sabo","Консилер для лица с плотным покрытием Vivienne Sabo Coverture 01 5мл",549.0,549
"Estel","Маска - восстановление Estel Secrets для поврежденных волос ' регенерация ' 275мл",799.0,799
"Ollin Professional","Шампунь для волос Ollin Professional Beauty Family с экстрактом авокадо 500мл",639.0,639
"Eveline","Тональный крем для лица Eveline Art-professional make-up 3 в 1 Натуральный 30мл",469.0,469
"Green Mama","Матирующий тоник для лица Green Mama от расширенных пор и черных точек с морскими водорослями 200мл",349.0,349
"Estel","Ухаживающая краска - блеск для волос без аммиака Estel Uniq Sense 10/0 Светлый блондин",519.0,519
"Valori","Маска для волос Valori Professional ' Биоламинирование ' для тонких и тусклых волос на основе масла арганы и жидкого шелка 20мл",65.0,85
"Без бренда","Детская мочалка для купания ' Клубничка '",199.0,199
"Bambolina","Детский шампунь + гель для душа 2 в 1 Bambolina ' Тропические фрукты ' 3+ 250мл",149.0,199
"ФИТОкосметик","Индийская крем - хна для волос ФИТОкосметик Professional 4.36 Мокко 140мл",239.0,239
"D.I.E.S.","Детская зубная паста D.I.E.S. ' Спелое яблочко ' 1+ 60мл",99.0,99
"Ameli","Массажная расческа для волос Ameli , единорог с блестками",299.0,299
"Rubis","Мыло туалетное Rubis ' Olive Oil ' 200г",96.0,129
"Delicare","Шампунь для волос Delicare Fruit Power ' укрепление и суперблеск ' с экстрактом граната 280мл",125.0,249
"Vivienne Sabo","Гель Vivienne Sabo Fixateur Фиксирующий для бровей и ресниц 01 Прозрачный 6мл",309.0,309
"Новая заря","Лосьон Новая заря ' огуречный ' для лица 100мл",99.0,99
"Haus Frau","Салфетки Haus Frau из микрофибры",163.0,163
"Garnier Fructis","Шампунь Garnier Fructis Огуречная cвежесть для волос , склонных к жирности 400мл",396.0,529
"Ollin Professional","Окисляющая эмульсия для волос Ollin Professional Performance ' Oxy ' 1,5% 5vol. , 90мл",189.0,189
"Provocateur","Оттеночная глоссер - маска для волос Provocateur Дымчатый кварц 150мл",267.0,399
"R.O.C.S.","Детская зубная паста R.O.C.S. Junior ' Ягодный микс ' 6-12 лет 74г",224.0,299
"Delicare","Увлажняющий лосьон для тела Delicare Perfect Body Therapy для чувствительной кожи 500мл",299.0,299
"Natura Siberica","Шампунь Natura Siberica Oblepikha Siberica облепиховый с эффектом ламинирования для ослабленных и поврежденных волос 400мл",349.0,499
"Spa 4 Men","Мочалка - варежка Spa 4 Men массажная для тела",199.0,199
"Levrana","Женский дезодорант для тела Levrana ' Zero ' 50мл",149.0,359
"Influence Beauty","Легкий консилер для лица Influence Beauty Imitation Light Invisible 1 , 2,6мл",499.0,685
"Aravia Professional","Корректирующий крем - гель для лица Aravia Professional Anti-Acne Light Cream 50мл",329.0,579
"Estel","Стойкая крем - гель краска для волос Estel Color Signature 10/16 Завораживающий Бриллиант",489.0,489
"INSO","Гель для интимной гигиены на молочной кислоте INSO Classic Care 250мл",269.0,449
"Mixit","Увлажняющая сыворотка - концентрат с гиалуроновой кислотой Mixit Skin Chemistry Water Bomb 30мл",374.0,499
"Ameli","Массажная расческа Ameli овальная с деревянной ручкой",399.0,399
"Zinger","Средство Zinger ' Good bye cuticles ' для удаления кутикулы NC10 12мл",299.0,299
"Zinger","Триммер Zinger для маникюра",169.0,169
"Выгода","Резиновые перчатки Выгода с хлопковым напылением размер M 3 пары",115.0,165
"Holly Polly","Маска для волос Holly Polly Treatment line ' SOS-signal ' 100мл",349.0,349
"Аист","Порошок Аист Аистёнок для ручной и машинной стирки детского белья 400г",99.0,99
"Smile Care","Зубная щетка Smile Care круглая средняя 2шт",149.0,199
"Garnier","Супер увлажняющая и снимающая усталость маска для лица Garnier Skin Naturals ' увлажнение + Антистресс '",194.0,259
"Jeanmishel","Восстанавливающее масло для ногтей и кутикулы Jeanmishel ' Сила Цитруса ' 2мл",116.0,179
"ФИТОкосметик","Средство для окраски и укрепления волос ФИТОкосметик ' басма ' для любого типа волос 25г",59.0,59
"Eveline","Питательный крем Eveline EXTRA SOFT интенсивный для рук ' SOS ' для очень сухой кожи 100мл",229.0,229
"Estrade","Гель для бровей Estrade Smart Brow Fix Прозрачный 4,5мл",299.0,299
"Estrade","Масло для губ Estrade Relax 501 6,5мл",369.0,369
"Farres","Консилер для лица Farres Full Coverage 02 7,3г",209.0,299
"Dirol","Жевательная резинка Dirol ' Морозная Мята ' 13,6г",29.0,37
"Relouis","Карандаш для глаз Relouis с витамином Е 01 4г",449.0,449
"WEIS","Гель для умывания WEIS Hyaluron 190мл",149.0,249
"ФИТОкосметик","Стойкая крем - краска для волос ФИТОкосметик FitoColor 7.0 , Светло-русый , 115мл",96.0,149
"Milk","Пена для ванн Milk Mango + Milk 800мл",230.0,329
"Zondex","Липкая лента от мух Zondex 75см",29.0,29
"Corimo","Отбеливающий карандаш - гель для зубов Corimo Dent Lab. 6,62г",449.0,449
"BelorDesign","Румяна - стик для лица BelorDesign Multitalent 01 , 6,7г",333.0,513
"Aquafresh","Зубная паста Aquafresh ' All in One Protection ' 75мл",149.0,209
"Compliment","Гиалуроновый спрей - фиксатор для лица Compliment Make-Up ' Fix & Glow ' 2 в 1 110мл",239.0,239
"Stellary","Тушь для ресниц с эффектом объёма, удлинения, разделения Stellary Black Onyx 01 9мл",349.0,499
"LAVELiq","Шампунь - концентрат для ковров и мягкой мебели LAVELiq 500мл",139.0,199
"Ameli","Пилка для ногтей Ameli прямая , двусторонняя , 100/180",149.0,149
"Аист","Порошок Аист Ять для ручной стирки 400г",69.0,69
"Garnier","Крем - краска Garnier Color Sensation стойкая для волос 7.12 Жемчужный русый",399.0,399
"L'Oreal Paris","Краска для волос L'Oreal Paris Preference 9.12 Сибирь Очень светло-русый",1240.0,1240
"Himalaya Herbals","Himalaya Herbals очищающая пенка для лица для умывания 150мл",399.0,399
"Cafe Mimi","Гель для душа Cafe Mimi Colours Coco Splash 400мл",329.0,329
"Natura Siberica","Детокс - гель для умывания Natura Siberica Lab Biome Balance 150мл",328.0,469
"Estel","Оттеночный бальзам для волос Estel Love Ton 8/4 Янтарный 150мл",229.0,229
"Zinger","Пилка Zinger для ногтей Алмазная цветная",219.0,219
"Vivienne Sabo","Ультратонкий карандаш для век Vivienne Sabo Calligrapher 01 0,05г",369.0,519
"Lanbena","Гидрогелевые патчи для кожи вокруг глаз Lanbena Gold Black Pearl с золотом и чёрным жемчугом 60шт",599.0,599
"Relouis","Водостойкая подводка - фломастер для век с кисточкой Relouis 01 10г",599.0,599
"Vivienne Sabo","Маркер для бровей Vivienne Sabo Marqueur Superb 02 , 0,7мл",549.0,749
"Eveline","Крем для депиляции Eveline ультранежный 9 в 1 Q10+R 125мл",349.0,349
"Synergetic","Жидкое мыло для рук Synergetic антибактериальное нейтрализующее запах ' Лемонграсс и мята ' 500мл",149.0,229
"Divage","Универсальный консилер для лица Divage True Color Concealer 02N 3мл",339.0,499
"Ollin Professional","Термозащитный разглаживающий спрей для волос Ollin Professional Smooth Hair 150мл",589.0,589
"Only Bio Color","Крем - краска для волос Only Bio Color 5.46 , Медно-рыжий , 115мл",139.0,199
"Art-Visage","Тональный крем для лица Art-Visage Cover Face 201 Слоновая кость 25мл",515.0,515
"Art-Visage","Консилер Art-Visage Miracle Touch светоотражающий для лица 103 Natural beige 6мл",399.0,399
"Ameli","Стеклянная пилка Ameli со стразами",149.0,149
"Bad Girl","Оттеночный бальзам для волос Bad Girl Sugar Baby 150мл",314.0,449
"Influence Beauty","Легкий консилер для лица Influence Beauty Imitation Light Invisible 2 , 2,6мл",499.0,685
"Delicare","Маска для волос Delicare Professional для всех типов волос 25мл",65.0,65
"Estel","Маска для поврежденных и секущихся волос Estel Me \\ Это сила \\ + бондинг 300мл",529.0,529
"Claire Cosmetics","Увлажняющая гель - пенка для умывания Claire Cosmetics Revital Pro 195мл",279.0,399
"Kaizer","Педикюрные кусачки однопружинные Kaizer заводская заточка , Серебро",699.0,699
"Zinger","Кусачки для кутикулы Zinger MC-450 ручной заточки",995.0,995
"Mirrolla","Массажное масло для тела Mirrolla ' расслабляющее ' 150мл",249.0,249
"Невская Косметика","Мыло Невская Косметика жидкое детское 300мл",159.0,159
"Я Самая","Жидкое крем - мыло Я Самая Для всей семьи 1000мл",269.0,269
"Synergetic","Натуральный солевой скраб для тела Synergetic ' сандал и ягоды можжевельника ' 300мл",291.0,449
"Ameli","Маникюрные кусачки Ameli из нержавеющей стали , 2 пружины",449.0,449
"Ninelle","Палетка теней для век Ninelle La Mirada 4 оттенка 501 3,2г",645.0,645
"ФИТОкосметик","Стойкая крем - краска ФИТОкосметик FitoColor для бровей и ресниц 3.0 коричневый 2*2мл",115.0,115
"Тафт","Лак для тонких и истощенных волос Тафт Power ' укрепление волос ' Мегафиксация (5) 225мл",319.0,449
"Sibiar","Лак для укладки волос Sibiar Jet Сверхсильная фиксация (4) 300мл",209.0,299
"PresiDENT","Зубная паста для чувствительных зубов PresiDENT Sensitive 75г",469.0,469
"Divage","Универсальный консилер для лица Divage True Color Concealer 02W 3мл",339.0,499
"Vivienne Sabo","Матовые румяна для лица Vivienne Sabo Macaron 02 4,1г",469.0,469
"Ameli","Набор расчесок - гребней для волос Ameli 3шт",149.0,149
"SPLAT","Зубная паста SPLAT Juicy интенсивно укрепляющая для детей ' Мороженое ' 35мл",149.0,209
"Без бренда","Детская мочалка для купания ' Ананас '",199.0,199
"Шаума","Мужской шампунь для волос и тела 2-в-1 Шаума Men ' Энергия спорта ' 360мл",199.0,299
"Estrade","Пудры - скульптор для лица Estrade Mon Secret компактная 201 Европа 7г",269.0,433
"ФИТОкосметик","Крем - хна ФИТОкосметик для бровей и ресниц с репейным маслом Коричневый 10г",119.0,119
"Coco Blues","Травяная зубная паста Coco Blues ' Bamboo Charcoal ' 30г",226.0,349
"Delicare","Стойкая крем - краска для волос Delicare Professional Color Trend 1.0 Глубокий черный",249.0,249
"Valori","Набор для ресниц Valori Glamour Volume 1 пара",399.0,399
"Carelax","Мужской шампунь для волос Carelax Energy ' укрепление и сила ' 365мл",149.0,249
"Garnier","Маска Garnier тканевая для лица ' увлажнение + Аква Бомба ' 32г",194.0,259
"Kloger","Полироль для мебели Kloger Proff 7 в 1 для любых поверхностей 500мл",139.0,229
"Stellary","Палетка для контуринга 3 в 1 Stellary Face Sculptor 02 11,4г",899.0,899
"NIVEA","Бальзам после бритья NIVEA Men ' Защита и уход ' увлажняющий 100мл",699.0,699
"Palmolive","Туалетное мыло Palmolive Натурэль ' интенсивное увлажнение ' с экстрактом оливы и увлажняющим молочком 90г",101.0,135
"Glade","Освежитель воздуха Glade Automatic ' Нежность кашемира и сандал ' автоматический сменный блок 269мл",349.0,499
"Vivienne Sabo","Тушь для ресниц Vivienne Sabo Cabaret Premiere 04 Фиолетовый 9мл",579.0,579
"Levrana","Женский дезодорант для тела Levrana ' Wild Rose ' 50мл",149.0,359
"Synergetic","Натуральное жидкое мыло для рук и тела Synergetic ' карамельное яблоко и Ваниль ' 380мл",269.0,269
"Frenchi","Лак для ногтей Frenchi Unicorn 43 Rainbow 11мл",299.0,299
"Невская Косметика","Питательный крем Невская Косметика для лица для сухой и нормальной кожи ' Спермацетовый ' 38г",99.0,99
"Глисс Кур","Шампунь для поврежденных волос Глисс Кур Экстремальное восстановление 750мл",499.0,729
"Estel","Стойкая крем - краска для седых волос Estel Великая 5/7 Светлый шатен коричневый",599.0,599
"Only Bio Color","Крем - краска для волос Only Bio Color 5.0 , Темно-русый , 115мл",139.0,199
"Vivienne Sabo","Стойкий тональный крем для лица Vivienne Sabo Coverture 03 28мл",949.0,949
"Lanbena","Тканевые патчи для кожи вокруг глаз Lanbena Hyaluronic Acid с гиалуроновой кислотой 50шт",499.0,499
"Femitest","Тест на беременность Femitest Express №1 1 полоска",99.0,99
"Vivienne Sabo","Плампер для губ Vivienne Sabo Le Grand Volume Extra Plumping 04 3мл",569.0,569
"Stylist Pro","Стойкая крем - краска для волос Stylist Pro 4.3 , Шоколад , 120мл",139.0,199
"Librederm","Ночной крем для лица , шеи и области декольте Librederm ' гиалуроновый ' 50мл",903.0,1290
"ФИТОкосметик","Косметическая глина ФИТОкосметик ' Валдайская Голубая ' для лица и тела , с ионами серебра 100г",83.0,119
"Zinger","Маникюрные ножницы Zinger для ногтей , ручная заточка",559.0,559
"Likato Professional","Сыворотка для лица с гиалуроновой кислотой и витамином B5 Likato Professional ' Hyaluronic acid, Vitamin B5 ' 30мл",599.0,599
"Выгода","Перчатки Выгода с хлопковым напылением L 1 пара",49.0,69
"Estel","Тонирующая маска для волос Estel Я Тон 10/65 Розовый кварц 60мл",189.0,189
"Aravia Laboratories","Восстанавливающий тоник для лица Aravia Laboratories Bio-Repair с пребиотиками 250мл",749.0,1150
"D.I.E.S.","Освежающая зубная паста D.I.E.S. Active Fresh ' Экстра Свежесть ' 100мл",199.0,199
"Compliment","Маска - пленка для лица Compliment Black Mask Peel Off Co-Enzymes ' глубокое очищение ' 80мл",153.0,219
"Femitest","Тест на беременность Femitest ультрачувствительный 10мМЕ",149.0,149
"Moskitek","Гель - бальзам после укусов Moskitek Baby с пантенолом 1+ 10мл",179.0,179
"WEIS","Пончик для ванны WEIS ' Чернично-малиновый пончик ' 120г",139.0,139
"Lanbena","Тканевые патчи для кожи вокруг глаз Lanbena Retinol Eye Mask с ретинолом 50шт",499.0,499
"Meizer","Кусачки для маникюра Meizer №3",629.0,629
"NIVEA","Крем NIVEA Men мужской для лица 75мл",409.0,409
"Essence","Карандаш для век Essence Kajal 08 1г",153.0,153
"Kaizer","Набор пластиковых гребней Kaizer , цвет ассорти , 3шт",159.0,159
"Золотой шелк","Крем - спрей для тонких , ломких и истонченных волос Золотой шелк ' кератин ' 15 в 1 , 100мл",150.0,215
"Глисс Кур","Шампунь для волос Глисс Кур Жидкий Шелк 750мл",499.0,729
"NIVEA","Восстанавливающий бальзам NIVEA после бритья для чувствительной кожи 100мл",699.0,699
"Vivienne Sabo","Маркер для бровей Vivienne Sabo Marqueur Superb 04 0,7мл",549.0,749
"LONGA VITA","Ортодонтическая зубная щетка LONGA VITA Prof soft",299.0,299
"NIVEA","Увлажняющий крем NIVEA Creme универсальный для тела 150мл",395.0,395
"Eveline","Подводка для век Eveline Celebrities жидкая Черная 3мл",399.0,399
"Vivienne Sabo","Карандаш для губ Vivienne Sabo Jolies Levres 202 Темно-розовый холодный 0,9г",329.0,329
"Zinger","Ножницы для маникюра Zinger B118 S GL BFY",459.0,459
"Molped","Женские прокладки Molped Pure&Soft Нормал 10шт",109.0,179
"Выгода","Запасной блок для унитаза Выгода ' хвоя ' 40г",19.0,19
"Estel","Маска для волос Estel Я Тон тонирующая 6/43 Коньячный",189.0,189
"Missha","BB крем для лица Missha Perfect Cover ' Идеальное покрытие ' SPF 42/PA+++ 13 20мл",999.0,1890
"LONGA VITA","Детская зубная щетка с мигающим таймером LONGA VITA Kids Влад А4 мягкая 3+",276.0,369
"ICE Professional by NS","Пудра для придания объема волосам ICE Professional by NS Volume Maker powder 45г",437.0,599
"Солнце и луна","Мерцающая пена для ванны Солнце и луна 3+ 250мл",194.0,299
"Consly","Успокаивающая кремовая пенка для умывания Consly с экстрактом алоэ вера 100мл",199.0,395
"Невская Косметика","Зубная паста Невская Косметика Новый Жемчуг лечебно - профилактическая ' кальций ' 75мл",79.0,79
"Рецепты Чистоты","Туалетное мыло Рецепты Чистоты ' Хвойное ' 180г",74.0,99
"Vister","Пена - очиститель для белой обуви Vister Express Clean универсальная 150мл",129.0,199
"Estel","Маска для волос Estel Я Тон тонирующая 6/74 Каштановый",189.0,189
"Estel","Спрей - уход Estel Curex Therapy ' облегчение расчесывания ' для всех типов волос 200мл",599.0,599
"Missha","Тональный Кушон для лица Missha Magic Cushion Moist Up с увлажняющим эффектом 21 15г",1400.0,2490
"Zinger","Апельсиновая палочка Zinger для ногтей",159.0,159
"R.O.C.S.","Зубная щетка R.O.C.S. PRO , мягкая",399.0,399
"Stylist Pro","Стойкая крем - краска для волос Stylist Pro 6.0 , Натуральный русый , 120мл",139.0,199
"Repute","Женский дезодорант - спрей Repute ' Rose Gold ' 150мл",179.0,239
"Valori","Увлажняющий спрей - кондиционер для волос Valori Professional Aqua Balance 200мл",399.0,399
"Jeanmishel","Подводка - фломастер Jeanmishel для век Черная",199.0,199
"Effect Color","Стойкая крем - краска для волос Effect Color 5 в 1 , 6.0 , Натуральный русый , 50мл",79.0,79
"Foammen","Гель Foammen для душа ' Заряд энергии ' 250мл",137.0,229
"Eveline","Карандаш для век Eveline EYE MAX PRECISION Черный",160.0,239
"Aravia Laboratories","Восстанавливающая сыворотка для лица Aravia Laboratories Total Recovery Serum 50мл",359.0,549
"NIVEA","Крем NIVEA для тела увлажняющий 250мл",449.0,599
"Only Bio Color","Крем - краска для волос Only Bio Color 10.3 , Сияющий блонд , 115мл",139.0,199
"Holly Polly","Бальзам для губ Holly Polly Oops!...I did it again! ' Rose Champagne ' 4,8г",229.0,229
"Eveline","Тушь для ресниц Eveline Extension Volume Profession Make-Up PUSH-UP! x 10 объемная Черная 10мл",419.0,419
"Divage","Палетка теней для век Divage Easy Nude Tanned eyeshadow palette 9 оттенков 9г",749.0,749
"Only Bio Color","Крем - краска для волос Only Bio Color 4.1 , Холодный каштан , 115мл",139.0,199
"Estel","Краска - уход Estel Celebrity для волос 10/65 Жемчужный блондин",359.0,359
"Estel","Стойкая крем - гель краска для волос Estel Color Signature 10/36 Искрящийся Аметрин",489.0,489
"Eveline","Карандаш для бровей Eveline Micro Precise водостойкий 01 тауп",240.0,359
"Delicare","Бурлящий шар с предсказанием Delicare Магия Внутри Раствори и узнай свое будущее 115г",149.0,149
"Essence","Корректор для лица Essence Coverstick 10 Светло-бежевый 6г",241.0,241
"Eveline","Тональный крем для лица Eveline Tea tree антибактериальный матирующий 03 Light beige 30мл",389.0,389
"Estel","Стойкая крем - гель краска для волос Estel Color Signature 8/16 Лакричная карамель",489.0,489
"Coco Blues","Травяная зубная паста Coco Blues ' Clove Oil ' 30г",226.0,349
"Фельдшер","Дерматологический шампунь для волос Фельдшер Сульсен №1 против перхоти 180мл",549.0,549
"Luxvisage","Тушь для ресниц Luxvisage Illusion ' Панорамный объём ' Черный 8г",252.0,389
"Delicare","Кокосовая мицеллярная вода Delicare Coconut 500мл",329.0,329
"BelorDesign","Тональный крем для лица BelorDesign Nude Harmony 204 Natural 33г",419.0,645
"Market Fresh","Поглотитель запаха и влаги Market Fresh для холодильника",119.0,159
"ФИТОкосметик","Хна для окраски волос ФИТОкосметик с минералами мертвого моря 125г",115.0,115
"Spa 4 Me","Женские одноразовые станки для бритья Spa 4 Me Sensitive 2 лезвия 4шт",69.0,125
"BeYoung","Бальзам для губ BeYoung Fruity Gloss с ароматом вишни 15мл",199.0,199
"Без бренда","Бальзам для губ Алоэ в ассортименте 4г",149.0,149
"La Grase","Мусс для волос La Grase Flexi Style , сильная фиксация (3) , 150мл",209.0,299
"Valori","Двухфазный кондиционер - уход для окрашенных волос Valori Professional Color Power с маслами 200мл",399.0,399
"Nextbeau","Увлажняющий крем для кожи вокруг глаз Nextbeau Hyaluronic Solution ' Ultra Moist Eye Cream ' с гиалуроновой кислотой 30мл",601.0,859
"Holika Holika","Универсальный несмываемый гель Holika Holika 99% Aloe 55мл",399.0,399
"Luxvisage","Бальзам для губ Luxvisage питание + восстановление ' медовый ' с облепихой 3,2г",116.0,179
"Consly","Многофункциональная укрепляющая ампульная сыворотка Consly с гиалуроновой кислотой и коллагеном 250мл",1560.0,1560
"Guten Tag","Универсальные резиновые перчатки Guten Tag с хлопковым напылением L",69.0,99
"Frenchi","Лак для ногтей Frenchi Color&Care 36 Lily 11мл",299.0,299
"Eveline","Тушь для ресниц Eveline Variete Oh! Pretty Черная 10мл",327.0,489
"Черный Жемчуг","Пенка - мусс для умывания Черный Жемчуг ' интенсивное питание ' с коллагеном 150мл",299.0,399
"Moskitek","Средство от моли Moskitek 190мл",169.0,169
"Бархатные Ручки","Смягчающий крем - мусс для рук Бархатные Ручки ' Сладкие мечты ' 80мл",165.0,165
"ФИТОкосметик","Крем - краска ФИТОкосметик FitoColor стойкая для волос 4.0 Каштан 125мл",96.0,149
"Vivienne Sabo","Карандаш для бровей Vivienne Sabo Coup de Genie 03 Темно-серый 1,4г",355.0,355
"Day Spa","Влажные освежающие салфетки Day Spa ' Минеральная вода ' 15шт",55.0,55
"Day Spa","Тампоны Day Spa Super 24шт",199.0,399
"Himalaya Herbals","Увлажняющий гель для лица и тела Himalaya Herbals ' алоэ вера ' 300мл",349.0,499
"Botaniqua","Тоник для лица Botaniqua ' Тонус и Свежесть ' 200мл",226.0,349
"SPLAT","Зубная паста SPLAT Special отбеливающая ' blackwood ' 75мл",259.0,399
"Valori","Шампунь для сухих волос Valori Professional Aqua Balance 250мл",399.0,399
"Essence","Консилер для лица Essence Skin Lovin' Sensitive 25 3,5мл",355.0,355
"Farres","Сумка - шоппер Farres белая в ассортименте",379.0,379
"Eveline","База под макияж Eveline Base Full HD 16h 4 в 1 30мл",463.0,463
"Vivienne Sabo","Ультратонкий карандаш для век Vivienne Sabo Calligrapher 02 0,05г",369.0,519
"Essence","Блеск для губ Essence Juicy Bomb 102 10мл",173.0,173
"Kaizer","Клиппер для маникюра Kaizer малый 55мм",199.0,199
"Estel","Ухаживающая краска - блеск для волос без аммиака Estel Uniq Sense 6/4 Темно-русый медный",519.0,519
"Adaly","Восстанавливающий бальзам для тела Adaly SOS ' Интенсивное питание ' 250мл",259.0,399
"Likato Professional","Тоник для лица Likato Professional Gl с гликолиевой кислотой 10% 150мл",489.0,489
"Smile Care","Зубная щетка Smile Care Eco Bamboo средняя в ассортименте",99.0,139
"Holly Polly","Бальзам для губ Holly Polly SOS Panthenol с ароматом вишни 4,8г",229.0,229
"Bad Girl","Оттеночный бальзам для волос Bad Girl Phoenix 150мл",314.0,449
"Лесной бальзам","Зубная паста Лесной бальзам на отваре целебных трав , с шалфеем и алоэ вера 75мл",139.0,139
"Невская Косметика","Матирующий крем Невская Косметика ' огуречный ' для лица , для жирной и комбинированной кожи 40мл",109.0,109
"Ameli","Ободок для волос Ameli с объемными кошачьими ушками из меха",149.0,299
"Relouis","Гель для ресниц и бровей Relouis ' косметический ' 10г",399.0,399
"Little Siberica","Мыло Little Siberica жидкое детское для ежедневного ухода 500мл",549.0,549
"Palmolive","Туалетное мыло Palmolive Натурэль ' Витамин B и гранат ' 150г",123.0,165
"Sibiar","Лак для укладки волос Sibiar Jet chocolate Мегафиксация (5) 300мл",209.0,299
"Bambolina","Детские влажные салфетки Bambolina желтые 0+ 80шт",199.0,199
"Eveline","Средство для ногтей Eveline Nail Therapy Professional экспресс - удаление кутикулы 12мл",224.0,335
"Eveline","Компактная пудра Eveline Beauty Line для лица 13 Natural 9г",401.0,599
"Mixit","Антивозрастная сыворотка с пептидами меди и гиалуроновой кислотой Mixit Skin Chemistry Anti-age 30мл",374.0,499
"Aura","Жидкое крем - мыло для рук и тела Aura Pure Cotton Хлопок и овсяное молочко 850мл",153.0,219
"Без бренда","Детская мочалка - варежка ' Акула '",249.0,249
"Невская Косметика","Питательный крем Невская Косметика для лица ' ланолиновый ' для сухой кожи с пчелиным воском 38г",99.0,99
"Head and Shoulders","Шампунь для волос против перхоти Head and Shoulders Яблочная свежесть 360мл",389.0,649
"Librederm","Крем широкого действия для кожи вокруг глаз Librederm ' гиалуроновый ' 20мл",769.0,1099
"ФИТОкосметик","Бальзам для губ ФИТОкосметик Beauty Visage ' гиалуроновый ' 3,6г",199.0,199
"Estrade","Мист - шиммер для тела Estrade Summer Shine 02 100мл",345.0,345
"Estel","Ухаживающая краска - блеск для волос без аммиака Estel Uniq Sense 5/76 Светлый шатен коричнево-фиолетовый",519.0,519
"Aquafresh","Отбеливающая зубная паста Aquafresh ' Активное отбеливание ' 125мл",199.0,269
"Пропеллер","Гель + скраб Пропеллер TURBO ACTIVE + маска 3 в 1 от прыщей 150мл",244.0,349
"Акс","Мужской дезодорант Акс Анархия 150мл",426.0,569
"Eveline","Пудра Eveline Celebrities Beauty минеральная матирующая для лица с разглаживающим эффектом 22 Natural 9г",799.0,799
"Глисс Кур","Стойкая краска для волос Глисс Кур Уход & увлажнение с гиалуроновой кислотой 4-0 Темно-каштановый",419.0,619
"Natura Siberica","Гиалуроновый тоник - спрей для лица Natura Siberica Doctor Taiga ' Baikal Hyaluronic ' 170мл",174.0,249
"Valori","Бальзам для длинных волос Valori Professional ' Deluxe & Long ' 250мл",239.0,399
"Vister","Влажные салфетки для обуви Vister очищающие , для гладкой кожи 15шт",79.0,79
"Relouis","Корректор для лица Relouis PRO Full Cover Corrector 10 , 4г",495.0,495
"Luxvisage","Подводка для век Luxvisage Matt Ink водостойкая Черная 4г",187.0,289
"Only Bio Color","Крем - краска для волос Only Bio Color 1.0 , Роскошный черный , 115мл",139.0,199
"Divage","Масло для губ Divage Elixir Lip Oil 03 4,5мл",339.0,499
"ФИТОкосметик","Экстра питательное гель - масло для лица ФИТОкосметик BioCosmetolog для умывания и демакияжа 260мл",319.0,319
"Effect Color","Стойкая крем - краска для волос Effect Color 5 в 1 , 3.0 , Темный каштан , 50мл",79.0,79
"Vivienne Sabo","Подводка - фломастер для век Vivienne Sabo Feutre Fin 801 Черная 0,8мл",569.0,569
"Бархатные Ручки","Питательный крем для рук Бархатные Ручки ' Моменты Нежности ' 80мл",165.0,165
"Hair Style","Питательный шампунь для тонких и лишенных объема волос Hair Style Объём и сила 400мл",299.0,299
"PresiDENT","Детская зубная паста PresiDENT ' Juicy Lime ' 12+ 70г",379.0,379
"HADA LABO","Увлажняющее Гидрофильное масло HADA LABO Gokujyun Hydrating Cleaning Oil 200мл",989.0,1690
"Green Mama","Лифтинг - гель от мешков и темных кругов под глазами Green Mama ' черника и подорожник ' 50мл",335.0,479
"Valori","Шампунь для поврежденных волос Valori Professional Repair Therapy 250мл",239.0,399
"PSLAB","Детская зубная паста PSLAB Junior strawberry от 3 до 12 лет 200мл",375.0,375
"Aravia Laboratories","Обновляющий скраб для лица Aravia Laboratories Black Refine Scrub 100мл",459.0,649
"Frenchi","Лак для ногтей Frenchi Color&Care 34 Orchid 11мл",299.0,299
"Art-Visage","Палетка теней для век Art-Visage Cool Universe 18 оттенков",699.0,1090
"Jeanmishel","Лак для ногтей Jeanmishel GEL effect 121 Белый жемчужный 6мл",85.0,85
"Aqua Joy","Мочалка - лента Aqua Joy , сизаль",399.0,399
"Novosvit","Крем Novosvit гиалуроновый - филлер для кожи вокруг глаз ' AquaFiller ' 20мл",160.0,229
"NIVEA","Женский шариковый дезодорант - антиперспирант NIVEA Черное и белое Невидимый Extra 50мл",201.0,269
"NIVEA","Мужской шариковый дезодорант NIVEA Men Черное и белое Невидимый Extra 50мл",299.0,399
"Estrade","CC крем для лица Estrade сатиновый SPF 10 11 Фарфоровый 24мл",489.0,489
"Farres","Ополаскиватель для полости рта в саше Farres с прополисом и мятой 11мл",29.0,29
"Delicare","Маска для волос Delicare Professional для окрашенных волос 500мл",399.0,399
"Stellary","Тушь для ресниц с эффектом объёма и разделения Stellary Panther Black Volume mascara 01 10мл",785.0,785
"Shiny Lux","Средство для мытья стекол и зеркал Shiny Lux ' весенняя свежесть ' 500мл",99.0,99
"HADA LABO","Крем - молочко для лица HADA LABO Глубокое увлажнение 90мл",1490.0,1490
"Influence Beauty","Хайлайтер для лица Influence Beauty Illuminati 01 , 6,5г",849.0,849
"Carelax","Женские кассеты для бритья Carelax Silk Touch Sensitive 3 лезвия 5шт",899.0,899
"Estel","Ухаживающая краска - блеск для волос без аммиака Estel Uniq Sense 10/76 Светлый блондин коричнево-фиолетовый",519.0,519
"Aravia Laboratories","Энзимная пудра для умывания с PHA-кислотами Aravia Laboratories Renew Enzyme Powder 150мл",819.0,1250
"Ameli","Массажная расческа Ameli одноцветная , для мокрых волос , в ассортименте",249.0,249
"Air wick","Освежитель воздуха Air wick Freshmatic Нежные цветы сменный баллон 250мл",349.0,599
"Jeanmishel","Лак для ногтей Jeanmishel с блестками D4",149.0,149
"Аист","Порошок для стирки цветного белья Аист защита цвета универсальный ' колор ' 400г",89.0,89
"Без бренда","Дождевик - Пончо ПВД Зеленый",99.0,99
"Выгода","Мешки для мусора Выгода 30л в рулоне 30шт",35.0,45
"Ollin Professional","Перманентная крем - краска для волос Ollin Professional Color 7/1 Русый пепельный 60мл",275.0,275
"WEIS","Маска для лица WEIS с гиалуроновой кислотой 23г",99.0,99
"Невская Косметика","Крем для кожи вокруг глаз Невская Косметика омолаживающий ' женьшеневый ' 25мл",99.0,99
"Valori","Набор кистей для макияжа Valori ' Rose Edition ' 4шт",349.0,349
"Estel","Краска - уход для волос без аммиака Estel Celebrity 6/4 Каштан",359.0,359
"Чистая линия","Пенка для укладки волос Чистая линия Объем от корней Сверхсильная фиксация (4) 150мл",329.0,329
"Defance","Гель для тела Defance Medis sos с охлаждающим эффектом Пантенол 7% 75мл",129.0,199
"Сьёсс","Стойкая крем - краска для волос Сьёсс 1-4 Иссиня-черный 50мл",329.0,499
"Compliment","Гиалуроновый спрей для лица Compliment Make-Up Fix&Fresh увлажняющий с термальной водой 110мл",229.0,229
"Jeanmishel","Масло для ногтей и кутикулы Jeanmishel ' Ореховый Микс ' 2мл",116.0,179
"Клиар","Шампунь и бальзам для волос 2 в 1 Клиар против перхоти антибактериальный эффект 380мл",569.0,569
"Holika Holika","Освежающая тканевая маска для лица Holika Holika Pure Essence Mask Sheet ' Strawberry ' 23мл",108.0,155
"Черный Жемчуг","Пенка - мусс Черный Жемчуг Очищение + уход 2 в 1 для нормальной и комбинированной кожи 150мл",299.0,399
"Influence Beauty","Консилер для лица Influence Beauty Replicant Long Lasting 01 , 10мл",749.0,749
"Frenchi","Укрепляющий лак для ногтей Frenchi Умная эмаль 377 , 11мл",249.0,249
"Estel","Оттеночный бальзам Estel Love Ton для волос 9/1 Серебро 150мл",229.0,229
"Dexclusive","Жидкое мыло - лосьон и гель для душа Dexclusive Luxury Marble №2 400мл",244.0,349
"Выгода","Резиновые перчатки Выгода L 3 пары",115.0,165
"Only Bio Color","Крем - краска для волос Only Bio Color 3.0 , Темный каштан , 115мл",139.0,199
"Дав","Мужской дезодорант - антиперспирант Дав Men+Care ' Экстразащита и уход ' 150мл",324.0,463
"Haus Frau","Запасной блок для унитаза Haus Frau WC ' Лимон ' 30г",19.0,19
"Rubis","Мыло туалетное Rubis ' Milk & Sea Mineral ' 4*90г",191.0,255
"Rubis","Мыло туалетное Rubis ' Lilac ' 150г",74.0,99
"Relouis","Гель для ускорения роста ресниц Relouis ' Длинные Ресницы ' 10г",399.0,399
"Vivienne Sabo","Подводка для век Vivienne Sabo жидкая ' Charbon ' 01 6мл",379.0,529
"D.I.E.S.","Детская зубная паста D.I.E.S. Kids ' Фруктовое мороженое ' 3+ 45г",199.0,199
"Eveline","Пудра Eveline Celebrities Beauty минеральная матирующая для лица с разглаживающим эффектом 20 Transparent 9г",799.0,799
"Jeanmishel","Лак для ногтей Jeanmishel 119 12мл",149.0,149
"Eveline","Карандаш для бровей Eveline Eyebrow Pencil Medium brown",169.0,169
"Пропеллер","Мягкий гель Пропеллер Immuno для умывания 150мл",219.0,219
"ФИТОкосметик","Стойкая крем - краска для волос ФИТОкосметик FitoColor 5.46 , Медно-рыжий , 115мл",96.0,149
"Missha","Праймер для лица Missha BB Boomer ' Жемчужное сияние ' 40мл",1700.0,2610
"Rubis","Мыло туалетное Rubis ' Ylang Ylang ' 150г",74.0,99
"Consly","Увлажняющий гель - мист для лица Consly с гиалуроновой кислотой 120мл",299.0,599
"Estel","Ухаживающая краска - блеск для волос без аммиака Estel Uniq Sense 6/75 Тёмно-русый коричнево-красный",519.0,519
"Невская Косметика","Шампунь Невская Косметика ' дегтярный ' для волос 250мл",129.0,129
"Influence Beauty","Матирующий тональный крем для лица Influence Beauty Skinnovation Matte 01 , 25мл",969.0,969
"Nextbeau","Ультраувлажняющая сыворотка для лица Nextbeau Hyaluronic Solution ' Ultra Moist Ampoule ' с гиалуроновой кислотой 80мл",770.0,1100
"Пародонтол","Зубная паста Пародонтол ' целебные травы ' 124г",149.0,149
"Luxvisage","Тушь для ресниц Luxvisage Fan! Volume Черная 9г",289.0,445
"Delicare","Стойкая крем - краска для волос Delicare Professional Color Trend 7.1 Пепельно-русый",249.0,249
"WEIS","Пончик для ванны WEIS ' клубника - банан ' 120г",139.0,139
"Delicare","Крем для лица и рук Delicare Soft Cream ' питание ' с маслом оливы 30мл",59.0,99
"Haus Frau","Салфетки Haus Frau вискозные 30*38см 3шт",79.0,79
"Defance","Крем для ног Defance Medis Кератолик 15% мочевины для очень сухой и огрубевшей кожи 75мл",129.0,129
"BeYoung","Блеск для губ BeYoung Lip Plumper с эффектом увеличения 3,9мл",299.0,299
"Influence Beauty","Легкий консилер для лица Influence Beauty Imitation Light Invisible 3 , 2,6мл",499.0,685
"Estel","Стойкая крем - краска для седых волос Estel Великая 9/31 Блондин золотисто-пепельный",599.0,599
"Ollin Professional","Бальзам для волос Ollin Professional Beauty Family с экстрактом авокадо 500мл",639.0,639
"Delicare","Стойкая крем - краска для волос Delicare Professional Color Trend 7.35 Медный",249.0,249
"Garnier","Мицеллярная вода для лица , глаз и губ Garnier Skin Naturals ' Витамин С ' 400мл",629.0,629
"NIVEA","Мужской гель для душа NIVEA Men ' Сила угля ' 500мл",449.0,599
"Divage","Палетка теней для век Divage Easy Nude Smokey eyeshadow palette 9 оттенков 9г",749.0,749
"Eveline","Пудра Eveline Celebrities Beauty минеральная матирующая для лица с разглаживающим эффектом 21 Ivory 9г",799.0,799
"Bambolina","Детский шампунь + гель для душа 2 в 1 Bambolina ' Клубничный коктейль ' 3+ 250мл",149.0,199
"NIVEA","Увлажняющий крем NIVEA Soft интенсивный для лица , рук и тела 200мл",469.0,469
"Estel","Ухаживающая краска - блеск для волос без аммиака Estel Uniq Sense 3/17 Тёмный шатен пепельно-коричневый",519.0,519
"Estel","Стойкая краска - гель Estel Only для волос 10/0 Светлый блондин",415.0,415
"SPLAT","Зубная паста SPLAT Professional ' ликвум-гель ' 100мл",239.0,399
"Весна","Детский крем Весна с экстрактом череды 45мл",39.0,59
"Novosvit","Гиалуроновая мицеллярная вода для лица Novosvit 3D 500мл",299.0,299
"Delicare","Крем - уход для ног Delicare STOP-трещины для потрескавшейся и сухой кожи 150мл",199.0,199
"Тимсон","Сушилка для обуви Тимсон",499.0,499
"Canmepris","Мыло твердое натуральное Canmepris ' Papaya ' 200г",168.0,225
"Рецепты Чистоты","Мыло туалетное Рецепты Чистоты ' Огуречное ' 180г",74.0,99
"BelorDesign","Корректор для лица BelorDesign Smart Girl Miss Perfect 11 светлый натуральный 2,4г",161.0,249
"Eveline","Консилер для лица Eveline Wonder Match 035 , 7мл",549.0,549
"Divage","Тушь для ресниц Divage Extra Volume 90*60*90 Черная 10мл",349.0,499
"Delicare","Шампунь для волос Delicare Fruit Power ' кокос ' Питание и Гладкость 280мл",125.0,249
"Дав","Шампунь для поврежденных волос Дав Интенсивное восстановление 380мл",314.0,449
"Vivienne Sabo","Матовые румяна для лица Vivienne Sabo Macaron 03 4,1г",469.0,469
"Frenchi","Лак для ногтей Frenchi Nude 30 Charm 11мл",249.0,249
"ФИТОкосметик","Крем - краска ФИТОкосметик FitoColor стойкая для волос 1.0 Черный 125мл",96.0,149
"Frenchi","Средство для ногтей Frenchi Умная эмаль ' Алмазный укрепитель ' 11мл",299.0,299
"Mirrolla","Эфирное масло Mirrolla ' лаванда ' 10мл",120.0,165
"Stellary","Карандаш для губ Stellary Lipliner 05 1,35г",289.0,289
"Ameli","Расческа - брашинг для волос Ameli с нейлоновыми зубцами",299.0,299
"Выгода","Салфетки абразивные для мытья посуды Выгода 9*13см 3шт",25.0,39
"Effect Color","Стойкая крем - краска для волос Effect Color 5 в 1 , 4.0 , Каштан , 50мл",79.0,79
"Carelax","Одноразовые мужские станки для бритья Carelax Chrome 1 1 лезвие 7шт",85.0,145
"Дав","Женский дезодорант - антиперспирант Дав Ритуал красоты ' восстановление ' 40мл",293.0,419
"Estel","Ухаживающая краска - блеск для волос без аммиака Estel Uniq Sense 9/17 Блондин пепельно-коричневый",519.0,519
"BeYoung","Пудра для лица BeYoung Fixing Loose Powder 2 Бежевый 8г",269.0,449
"Divage","Бальзам для губ Divage Marbled lip balm 03 4мл",299.0,449
"NIVEA","Мужской дезодорант - антиперспирант NIVEA Men Черное и белое Невидимый Extra 150мл",336.0,449
"HADA LABO","Ночной крем для лица HADA LABO Интенсивный, увлажняющий, восстанавливающий 50г",1990.0,1990
"R.O.C.S.","Зубная паста R.O.C.S. Kids для детей ' Ягодная фантазия ' , малина и клубника 45г",299.0,299
"Aravia Laboratories","Пилинг для сияния кожи Aravia Laboratories Shining Skin Peeling с комплексом кислот 10% 50мл",559.0,1050
"Delicare","Салфетки для лица Delicare матирующие 50шт",119.0,199
"Valori","Зеркало Valori настольное для макияжа и бритья D12,5см",349.0,349
"Camay","Туалетное мыло Camay French Romantique твердое 85г",81.0,109
"Floresan","Крем для ног кератолический Floresan Organic foot Care против мозолей, натоптышей и трещин 100мл",229.0,229
"Colgate","Детская зубная паста Colgate Доктор заяц со вкусом клубники 2+ 50мл",119.0,149
"Mixit","Увлажняющая лифтинг - сыворотка с коллагеном Mixit Skin Chemistry Active Collagen Booster 30мл",386.0,515
"Farres","Рассыпчатая пудра для лица Farres Love me Not Слоновая кость 13г",314.0,449
"Клиар","Шампунь для женщин Клиар ' максимальный объем ' против перхоти 400мл",381.0,569
"Выгода","Влажные освежающие салфетки Выгода ' Фруктовый аромат ' 15шт",15.0,15
"BelorDesign","Карандаш для век BelorDesign Party 1 Черный 1,2г",96.0,149
"Estrade","Пудра для лица Estrade Voile Naturel 101 Светлый нюд 7г",499.0,499
"Novosvit","Пилинг - скатка Novosvit ' Гиалуроновая ' для лица 100мл",269.0,269
"Ninelle","Палетка теней для век Ninelle La Mirada 4 оттенка 505 3,35г",645.0,645
"ФИТОкосметик","Крем для лица ФИТОкосметик гиалуроновый ' Эффективное омоложение ' 45мл",101.0,145
"Estel","Стойкая крем-гель краска для волос Estel Color Signature 8/76 Перламутровый туман",489.0,489
"Luxvisage","Блеск для губ Luxvisage Dragon Glass 3D volume Прозрачный 3мл",207.0,319
"Carelax","Мужской дезодорант Carelax ' Inflame ' 150мл",209.0,279
"Colgate","Зубная паста Colgate ' кальций - ремин ' 100мл",179.0,299
"Carelax","Станок для бритья Carelax Energy + 1 кассета 3 лезвия",549.0,549
"Claire Cosmetics","Очищающий гель - пенка для лица с гиалуроновой кислотой Claire Cosmetics Collagen Active Pro 195мл",399.0,399
"Принцесса","Детская пена для купания Принцесса Волшебная 400мл",249.0,249
"Moskitek","Секции от моли Moskitek ' лаванда ' 2шт",99.0,99
"BeYoung","Автоматический карандаш для бровей BeYoung Ultra Slim 5 0,1г",215.0,215
"Supernova","Гель - активатор роста для бровей и ресниц Supernova 7мл",329.0,329
"Estel","Ухаживающая краска - блеск для волос без аммиака Estel Uniq Sense 8/45 Светло-русый медно-красный",519.0,519
"Golden Rose","Лак для ногтей Golden Rose Color Expert 04 молочно-розовый 10,2мл",149.0,199
"Holika Holika","Тканевая маска Holika Holika для лица ' Pure Essence Mask Sheet Green Tea ' противовоспалительная 23мл",108.0,155
"Палетт","Стойкая крем - краска для волос Палетт Интенсивный цвет 9-14 Жемчужный светло-русый",209.0,289
"Акс","Мужской дезодорант Акс Эпик Фреш 150мл",426.0,569
"Luxvisage","Пудра - скульптор для лица Luxvisage Face Shadow 10 Warm Beige 5г",265.0,409
"Ameli","Массажная расческа Ameli mini Черная",199.0,199
"Divage","Пудра для лица Divage True Color 03 Beige 9г",339.0,499
"Luxvisage","Гель - корректор для бровей с микрофиброй Luxvisage Brow Styler 3 in 1 4 Эспрессо 5,5г",187.0,289
"Estrade","Тинт для губ Estrade Adele Superstay Lip Tint 06 5,5мл",349.0,349
"Day Spa","Тампоны с аппликатором Day Spa Active Days Super 8шт",199.0,299
"Consly","Зубная паста Consly Clean&Fresh с экстрактом бамбука и зеленого чая 105г",249.0,249
"Estel","Стойкая краска - гель для волос Estel Only 8/18 Светло-Русый Пепельно-Жемчужный",415.0,415
"Estel","Стойкая краска - гель для волос Estel Only 5/65 Светлый Шатен Фиолетово-Красный",415.0,415
"Skinlite","Патчи для век Омолаживающие Skinlite Intensive Collagen ' Anti-age complex ' 30шт",209.0,299
"WEIS","Маска для лица WEIS с коллагеном 23г",99.0,99
"Бреф","Туалетный блок для унитаза Бреф Цветная вода с хлор-компонентом 50г",149.0,249
"Day Spa","Влажные освежающие салфетки Day Spa ' Розовый пион ' 15шт",55.0,55
"Claire Cosmetics","Крем - филлер для век Claire Cosmetics Collagen Active Pro 15мл",314.0,449
"SPLAT","Зубная щетка SPLAT Professional WHITENING средней жесткости",189.0,319
"Сьёсс","Шампунь для поврежденных волос Сьёсс Repair 450мл",319.0,499
"Synergetic","Натуральное мыло Synergetic ' эвкалипт и шалфей ' 90г",111.0,149
"7 days","Зубная щетка 7 days Rezolut ' Voyage ' средняя Голубой",29.0,59
"Colgate","Ополаскиватель для полости рта Colgate Plax ' Тройное действие ' 500мл",239.0,349
"Frenchi","Средство для ногтей Frenchi Умная эмаль ' противогрибковый уход ' 11мл",299.0,299
"Глисс Кур","Стойкая краска для волос Глисс Кур Уход & увлажнение с гиалуроновой кислотой 7-77 Натуральный медный",419.0,619
"Клин","Средство для мытья окон и зеркал Клин ' Лимон ' 500мл",219.0,279
"Influence Beauty","Бальзам - стик для губ Influence Beauty Glow Injection 02 2г",699.0,699
"Evermex","Ополаскиватель для полости рта Evermex Extra Свежесть 250мл",159.0,229
"Aravia Laboratories","Успокаивающий тоник для жирной кожи и проблемной кожи Aravia Laboratories Anti-Acne 250мл",919.0,1390
"Bisou","Уплотняющий бальзам для придания воздушного объёма волосам Bisou Bio-professional ' Anti-gravitic volume ' 285мл",449.0,645
"Botaniqua","Полирующий скраб для лица Botaniqua ' идеальная кожа ' с частицами скорлупы грецкого ореха 100мл",349.0,349
"Ameli","Резинка для волос Ameli Белый Жемчуг",199.0,199
"Divage","Бальзам для губ Divage Marbled lip balm 02 4мл",299.0,449
"Delicare","Гель для душа Delicare Dessert ' Donuts ' 400мл",299.0,299
"Cillit BANG","Чистящее средство для плит , духовок , грилей Cillit BANG 750мл",359.0,519
"WEIS","Крем - пенка для умывания WEIS Hyaluron 190мл",149.0,249
"Botaniqua","Сыворотка для лица Botaniqua Hypoallergenic ' гиалурон ' 30мл",194.0,299
"R.O.C.S.","Зубная щетка R.O.C.S. Smart Brush жесткая , в ассортименте",258.0,345
"Stellary","Тушь для ресниц Stellary Long privilege 01 12мл",809.0,809
"Holika Holika","Пенка для лица Holika Holika очищающая ' алоэ ' 150мл",799.0,799
"Essence","Блеск для губ Essence Extreme shine volume lipgloss 10 5мл",247.0,247
"Vivienne Sabo","Тональный крем для лица с SPF 20 Vivienne Sabo Flamme 01 23мл",449.0,639
"NIVEA","Бальзам для губ с ультралёгкой текстурой NIVEA ' Hyaluron ' 5,2г",299.0,299
"Акс","Гель для душа и шампунь 3 в 1 Акс Сила Джунглей 250мл",287.0,399
"Eveline","Тональный крем для лица с эффектом сияния Eveline Wonder Match Lumi SPF 20 15 30мл",622.0,929
"Only Bio Color","Крем - краска для волос Only Bio Color 9.3 , Жемчужный Блонд , 115мл",139.0,199
"Глисс Кур","Крем - преображение для волос Глисс Кур 200мл",319.0,499
"Luxvisage","Пудра для лица Luxvisage Silk Dream 04 10г",324.0,499
"Estel","Стойкая крем - краска для седых волос Estel Великая 6/74 Тёмно-русый коричнево-медный",599.0,599
"Haus Frau","Таблетка для сливного бачка Haus Frau WC ' хвоя ' 50г",99.0,99
"SOJ","Ореховый Батончик SOJ Мёд-миндаль-кешью в шоколаде 40г",119.0,119
"Сима-Лэнд","Набор для шитья Сима-Лэнд 26 предметов в чехле ПВХ , цвета Микс",219.0,219
"Lei","Пластиковая абразивная терка для педикюра Lei двухсторонняя",169.0,169
"Synergetic","Натуральный кофейный скраб для тела Synergetic ' кофе и зеленый лайм ' 300мл",291.0,449
"Rubis","Мыло туалетное Rubis ' Aloe vera ' 150г",74.0,99
"BeYoung","Основа для лица BeYoung Super Gel Primer 17мл",399.0,399
"Невская Косметика","Питательный крем Невская Косметика для лица ' оливковый ' для сухой и нормальной кожи 40г",109.0,109
"Акс","Мужской дезодорант Акс Сила Технологий 150мл",426.0,569
"Colgate","Зубная паста Colgate total Активная защита ' чистая мята ' 75мл",189.0,299
"ФИТОкосметик","Бальзам для губ ФИТОкосметик Beauty Visage ' sos восстановление ' 3,6г",199.0,199
"Глисс Кур","Бальзам для волос Глисс Кур Совершенство Окрашенных Волос с экстрактом клюквы 360мл",289.0,439
"Дав","Бальзам - ополаскиватель для поврежденных волос Дав Интенсивное восстановление 350мл",314.0,449
"Bambolina","Бурлящий шар для купания с игрушкой Bambolina Розовый 3+ 130г",219.0,219
"White Glo","Отбеливающая зубная паста White Glo ' Bio-Enzyme ' против зубного налета 100г",349.0,499
"Novosvit","Крем - уход для ног Novosvit ' Stop трещинам ' для потрескавшейся кожи пяток 150мл",239.0,239
"ФИТОкосметик","Крем - краска ФИТОкосметик Henna Color для бровей и ресниц , натуральная , Черная 5мл",165.0,165
"Garnier","Тканевая алоэ - маска для лица Garnier Skin Naturals с гиалуроновой кислотой",194.0,259
"Consly","Многофункциональный восстанавливающий крем для лица Consly с муцином чёрной улитки 70мл",664.0,949
"Valori","Бальзам для тонких и тусклых волос Valori Professional Brilliant Volume 250мл",239.0,399
"Consly","Зубная паста Consly Clean&Fresh с бамбуковым углем и перечной мятой 105г",249.0,249
"Holika Holika","Тканевая маска Holika Holika для лица ' Pure Essence Mask Sheet Cucumber ' успокаивающая 23мл",108.0,155
"L'Oreal Paris","Увлажняющая маска для лица L'Oreal Paris Гиалурон Эксперт ультратонкая тканевая 30г",299.0,399
"Relouis","Тушь для ресниц Relouis Touche ' суперобъем и разделение ' , Черный , 9г",499.0,499
"ФИТОкосметик","Крем - депилятор ФИТОкосметик для области бикини и подмышек , с экстрактом ромашки 25мл",99.0,99
"BeYoung","Палетка для скульптурирования лица BeYoung Strobing Palette 01 15г",499.0,499
"Valori","Кисть для пудры Valori 10см",299.0,299
"Country Home","Пакеты для хранения и замораживания с замком-слайдером Country Home 1л 20шт",175.0,175
"ФИТОкосметик","Косметический вазелин ФИТОкосметик с экстрактом ромашки ' детский ' 10г",49.0,49
"Synergetic","Натуральный крем для рук и тела Synergetic ' пачули и ароматный бергамот ' 380мл",449.0,449
"Haus Frau","Запасной блок для унитаза Haus Frau WC ' морская свежесть ' 30г",19.0,19
"Глисс Кур","Бальзам для длинных волос Глисс Кур Безупречно Длинные 360мл",289.0,439
"Выгода","Резиновые перчатки Выгода с хлопковым напылением размер S 1 пара",49.0,69
"Parodontax","Зубная паста Parodontax ' Комплексная защита ' отбеливающая 75мл",279.0,349
"Estel","Стойкая краска - гель для волос Estel Only 4/0 Шатен",415.0,415
"Ameli","Пилка для ногтей Ameli двусторонняя 100/180",129.0,129
"Delicare","Бальзам для волос Delicare Fruit Power ' восстановление и питание ' манго 240мл",125.0,249
"Zinger","Пилка - бумеранг для ногтей Zinger EE-02#80-100 Черная с красным поролоном",129.0,129
"Невская Косметика","Мыло туалетное Невская Косметика Детское натуральное 180г",59.0,79
"ICE Professional by NS","Лак для волос ICE Professional by NS Strong Hair Spray сильная фиксация 300мл",510.0,699
"Невская Косметика","Омолаживающая сыворотка для лица Невская Косметика ' женьшеневая ' 35мл",199.0,199
"Big City Life","Салфетки вискозные Big City Life Black Diamond Professional черные 3шт",159.0,159
"Only Bio Color","Крем - краска для волос Only Bio Color 9.1 , Пепельный блонд , 115мл",139.0,199
"Eveline","Тушь для ресниц Eveline Extension volume professional make up 10мл",419.0,419
"Aravia Laboratories","Очищающая маска для лица Aravia Laboratories Black Cleanse Mask 100мл",489.0,699
"Ninelle","Двухцветный корректор - стик для скульптурирования лица Ninelle Artificio 402 6г",889.0,889
"Only Bio Color","Крем - краска для волос Only Bio Color 9.2 , Пшеничный блонд , 115мл",139.0,199
"Eveline","Компактная пудра Eveline для лица Классическая с шелком 15 9г",401.0,599
"Ameli","Маникюрная пилка Ameli - полировка , прямая , 3-х сторонняя в ассортименте",99.0,99
"Ollin Professional","Перманентная крем - краска для волос Ollin Professional Color 3/0 Темный шатен 60мл",275.0,275
"PresiDENT","Детская зубная паста PresiDENT ' Пломбир ' 3-6 лет 43г",329.0,329
"Influence Beauty","Бальзам - стик для губ Influence Beauty Glow Injection 01 2г",699.0,699
"Delicare","Мицеллярная вода Delicare Демакияж Collagen Complex + Aloe 500мл",329.0,329
"Ameli","Массажная расческа для волос Ameli с нейлоновыми зубцами",299.0,299
"Carelax","Масло после депиляции Carelax Wax line 150мл",299.0,299
"Stellary","CC крем для лица Stellary CC Cream 304 25мл",689.0,689
"Mentholatum","Крем - пенка для умывания Mentholatum Acnes для проблемной кожи 100г",349.0,699
"Zinger","Пилка Zinger для ногтей Алмазная",219.0,219
"Глисс Кур","Шампунь для волос Глисс Кур Исключительное Увлажнение 400мл",289.0,439
"Лесной бальзам","Зубная паста Лесной бальзам лечебно - профилактическая при кровоточивости десен 75мл",139.0,139
"Divage","Масло для губ Divage Elixir Lip Oil 04 4,5мл",339.0,499
"ФИТОкосметик","Индийская крем - хна для волос ФИТОкосметик Professional 5.0 Темно-русый 140мл",239.0,239
"Carelax","Мужской шампунь для волос Carelax Energy ' против перхоти ' 365мл",149.0,249
"Delicare","Крем для лица и рук Delicare Soft Cream ' лифтинг ' с экстрактом авокадо 30мл",59.0,99
"ФИТОкосметик","Крем - депилятор ФИТОкосметик для области бикини и подмышек , с алоэ вера 25мл",99.0,99
"Glade","Освежитель воздуха Glade Automatic ' Свежесть белья ' автоматический сменный блок 269мл",349.0,499
"Stylist Pro","Стойкая крем - краска для волос Stylist Pro 1.0 , Глубокий черный , 120мл",139.0,199
"La Grase","Лак для волос La Grase Extra Power Мегафиксация (5) 250мл",279.0,399
"Estel","Мультифункциональная маска - уход для всех типов волос Estel Secrets ' максимум заботы ' 275мл",799.0,799
"Eveline","Ультрабыстрый крем для депиляции Eveline 8 в 1 Коэнзимы молодости Q10+R 125мл",349.0,349
"Глисс Кур","Стойкая краска для волос Глисс Кур Уход & увлажнение с гиалуроновой кислотой 7-00 Тёмно-русый",419.0,619
"Vivienne Sabo","Жидкая подводка для век Vivienne Sabo 03 Chocolate 6мл",379.0,529
"Bic","Сменные кассеты для бритья Bic Flex 5 Hybrid 4шт",949.0,1250
"Evermex","Детская зубная щетка Evermex ' Звезда ' от 2 до 5 лет мягкая",79.0,199
"Рексона","Мужской гель для душа + шампунь 2 в 1 Рексона Men ' Глубина океана ' 490мл",391.0,559
"Ameli","Термобигуди для завивки волос Ameli d=22мм 10шт",249.0,249
"Ameli","Расческа - гребень для волос Ameli карбоновый , с зубцом для прядей",149.0,149
"Mentos","Жевательная резинка Mentos Pure Fresh ' Свежая мята ' 15,5г",39.0,39
"WEIS","Пончик для ванны WEIS ' Манго-маракуйя ' 120г",139.0,139
"Stellary","Тушь для ресниц Stellary Star Volume ' Like a Star ' 01 9мл",499.0,499
"Adaly","Мицеллярная вода для чувствительной кожи Adaly Sensitive 3 в 1 500мл",149.0,315
"ФИТОкосметик","Бальзам для губ ФИТОкосметик Beauty Visage с гиалуроновой кислотой , Бежевый Перламутр , 3,6г",199.0,199
"PSLAB","Детская зубная паста PSLAB Junior bubble gum от 3 до 12 лет 200мл",375.0,375
"Чистая линия","Дневной крем Чистая линия насыщенный увлажняющий для лица , для сухой кожи 40мл",139.0,139
"ICE Professional by NS","Кондиционер для волос ICE Professional by NS Keratin Injection 250мл",546.0,749
"Holly Polly","Пилинг для кожи головы Holly Polly Treatment line ' Peeling Me softly ' 150мл",549.0,549
"Canmepris","Мыло натуральное парфюмированное Canmepris ' Lilac Blossom ' 150мл",123.0,165
"Delicare","Маска для поврежденных волос Delicare Professional ' Активное Восстановление ' 25мл",65.0,65
"Colgate","Зубная щетка Colgate Cushion Clean мягкая 1+1 в подарок",289.0,379
"Estel","Стойкая крем - гель краска для волос Estel Color Signature 9/8 Роскошь Перламутра",489.0,489
"Luxvisage","Румяна для лица Luxvisage Silk Dream компактные 4 5г",311.0,479
"ФИТОкосметик","Крем - краска ФИТОкосметик FitoColor стойкая для волос 4.5 Махагон 125мл",96.0,149
"Delicare","Минеральный спрей для лица Delicare Mineral Spray с гиалуроном 200мл",199.0,199
"Lady Bella","Тонирующий спрей - краска Lady Bella Root Concealer для отросших корней волос и седины , Blonde 100мл",169.0,399
"Natura Siberica","Гиалуроновая мицеллярная вода для всех типов кожи Natura Siberica Lab Biome Hydration 450мл",549.0,549
"Valori","Маска для тонких и тусклых волос Valori Professional ' Биоламинирование ' на основе масла арганы и жидкого шелка 150мл",349.0,349
"Luxvisage","Тушь для ресниц Luxvisage Secret синяя 12г",278.0,429
"Shiny Lux","Чистящий гель Shiny Lux для кухонных поверхностей 500мл",129.0,129
"Influence Beauty","Спрей для лица Influence Beauty Solaris SPF 30 110мл",439.0,749
"Eveline","Тональный крем для лица Eveline Tea tree антибактериальный матирующий 04 vanila 30мл",389.0,389
"Estel","Краска - уход для волос без аммиака Estel Celebrity 5/4 Темный каштан",359.0,359
"Divage","Тональный крем для лица Divage True Color 01 25мл",469.0,699
"ФИТОкосметик","Гидрогелевые патчи для кожи вокруг глаз ФИТОкосметик Народные рецепты ' морские водоросли и коллаген ' 7г",99.0,99
"Stylist Pro","Стойкая крем - краска для волос Stylist Pro 5.6 , Сочный Гранат , 120мл",139.0,199
"Vivienne Sabo","Карандаш для губ Vivienne Sabo Jolies Levres 102 Бежевый 0,9г",329.0,329
"Natura Siberica","Гиалуроновые пилинг - диски для лица Natura Siberica Lab Biome Hydration 20шт",799.0,799
"BelorDesign","Тональный крем для лица BelorDesign Nude Harmony 203 Medium Beige 33г",419.0,645
"Kaizer","Кисть для окрашивания волос Kaizer Professional узкая , искусственный ворс",99.0,99
"Ninelle","Совершенная подводка - фломастер для век Ninelle El Favorito 442 1мл",765.0,765
"Palmolive","Туалетное мыло Palmolive Натурэль ' баланс и мягкость ' с экстрактом ромашки и витамином Е 90г",101.0,135
"Luxvisage","Помада для губ Luxvisage 17 4г",226.0,349
"ФИТОкосметик","Маска для лица ФИТОкосметик Таблетка красоты ' мгновенный лифтинг ' 8мл",99.0,99
"Рексона","Гель для душа и умывания + шампунь 3 в 1 Рексона Men ' Активный уголь ' 490мл",391.0,559
"Lavelle","Тени для бровей Lavelle 03 коричневый 16г",179.0,179
"Vister","Ультратонкие парфюмированные стельки для обуви Vister Aroma Fresh , р.35-39 , 2 пары",199.0,199
"Чистая линия","Мужской шампунь 3 в 1 Чистая линия For Men Taiga Энергия + Чистота 1000мл",404.0,539
"Лесной бальзам","Зубная паста Лесной бальзам лечебно - профилактическая с экстрактом ромашки и маслом облепихи на отваре трав 75 мл",139.0,139
"Botaniqua","Скраб - гоммаж для лица Botaniqua Hypoallergenic с маслом Ши и кокоса 100мл",161.0,249
"Botaniqua","Омолаживающая сыворотка для лица Botaniqua с муцином улитки 30мл",213.0,329
"Deonica","Мужской шариковый дезодорант Deonica For Men активная защита с углем 50мл",224.0,299
"Carelax","Мужской дезодорант Carelax Energy ' Ultra Fusion ' 150мл",246.0,329
"L'Oreal Paris","Краска L'Oreal Paris Preference стойкая для волос 5.21 Нотр-дам",1240.0,1240
"Canmepris","Мыло натуральное парфюмированное Canmepris ' Rose Petal ' 150г",123.0,165
"Molped","Женские прокладки с барьерами Molped Super Ночные 7шт",109.0,179
"Aravia Professional","Спрей для укладки волос термозащита и антистатик Aravia Professional All-In-One Styler 150мл",645.0,645
"Eveline","Средство Eveline Nail Therapy Professional ' Silver Shine ' 8 в 1 для ногтей , восстанавливающее 12мл",224.0,335
"Jeanmishel","Лак для ногтей Jeanmishel 122 12мл",149.0,149
"Estel","Ухаживающая краска - блеск для волос без аммиака Estel Uniq Sense 10/16 Светлый блондин пепельно-фиолетовый",519.0,519
"Адрия","Средство для плит Адрия Адриэль чистящее и микроволновых печей 500мл",89.0,119
"Golden Rose","Лак для ногтей Golden Rose Color Expert 60 Черный 10,2мл",149.0,199
"L'Oreal Paris","Краска для волос L'Oreal Paris Preference стойкая 8.23 Розовое золото",1240.0,1240
"NIVEA","Бальзам NIVEA SOS для тела , для очень сухой кожи 250мл",599.0,599
"ФИТОкосметик","Бальзам для губ ФИТОкосметик Народные рецепты натуральный ' малиновый сорбет ' 4,5г",115.0,115
"Salton","Пропитка Salton для обуви универсальная , 20% бесплатно 300мл",399.0,399
"Aravia Laboratories","Преображающий пилинг для лица 18% Aravia Laboratories Crimson Surge Peeling 50мл",459.0,649
"Selena","Карандаш для чистки утюгов Selena",49.0,49
"Lebelage","Крем для кожи вокруг глаз Lebelage с экстрактом икры 40мл",569.0,569
"Defance","Бальзам для тела Defance Medis sos восстановление Пантенол 7% 75мл",129.0,199
"Consly","Кремовая пенка для умывания против черных точек Consly с древесным углем 100мл",199.0,395
"Frenchi","Укрепляющий лак для ногтей Frenchi Умная эмаль 300 , 11мл",249.0,249
"Love Generation","Перекрывающий консилер для лица Love Generation I'm Amazing 02 5мл",449.0,449
"Ninelle","Мультицветная палетка теней для век Ninelle Misterio 526 7,2г",1020.0,1020
"Estel","Стойкая крем-гель краска для волос Estel Color Signature 5/11 Вулканический пепел",489.0,489
"Eveline","Карандаш для век Eveline MEGA MAX KAJAL , Черный",225.0,225
"ФИТОкосметик","Крем - краска ФИТОкосметик FitoColor стойкая для волос 4.36 Мокко 125мл",96.0,149
"Himalaya Herbals","Крем для тела Himalaya Herbals интенсивно увлажняющий 50мл",90.0,129
"Estel","Краска - уход для волос без аммиака Estel Celebrity 7/43 Коньяк",359.0,359
"Clear Line","Мешки для мусора Clear Line высокопрочные с завязками 120л 10шт",139.0,199
"White Glo","Отбеливающая зубная паста White Glo ' Smokers Formula ' 24г",69.0,99
"Compliment","Маска - пленка Compliment против раздражений, прыщей и черных точек , для жирной и проблемной кожи 9г",69.0,69
"Ecologica","Порошок суперконцентрат для стирки белья Ecologica гипоаллергенный 1,75кг",559.0,899
"Art-Visage","Тональный крем для лица Art-Visage Cover Face 202 Светло-бежевый 25мл",515.0,515
"Moskitek","Гель - бальзам после укусов насекомых Moskitek Professional с пантенолом 10мл",179.0,179
"Carelax","Тальк до депиляции Carelax Wax line 75г",161.0,269
"Himalaya Herbals","Питательный крем для лица Himalaya Herbals 50мл",90.0,129
"Influence Beauty","Увлажняющий тональный крем Influence Beauty Skinnovation Hydra 01 25мл",969.0,969
"Vivienne Sabo","Консилер для лица Vivienne Sabo Retouche Concealer 04 3мл",549.0,549
"Colgate","Зубная щетка Colgate Super Flexi Black с гибкой ручкой средней жесткости 4шт",279.0,359
"Luxvisage","Румяна для лица Luxvisage Silk Dream компактные 5 5г",311.0,479
"Delicare","Бальзам для волос Delicare Fruit Power ' Питание и Гладкость ' кокос 240мл",125.0,249
"Sensodyne","Зубная паста Sensodyne Защита 24/7 , с фтором 75мл",209.0,329
"SVOBODA","Мицеллярная вода для лица , глаз и губ SVOBODA ' Свежесть кожи ' 430мл",149.0,199
"One4me","Термозащитный спрей для волос One4me Утюжок 230 °С 200мл",454.0,649
"Influence Beauty","Консилер для лица Influence Beauty Equilibrium Anti-Age Concealer 01 , 6мл",685.0,685
"Influence Beauty","Подводка - маркер для век Influence Beauty Event Horizon 01 , 5г",749.0,749
"BelorDesign","База под макияж BelorDesign Prefix 30г",268.0,413
"Lebelage","Ампульный крем для лица Lebelage глубоко увлажняющий 70мл",995.0,995
"Natura Siberica","Бальзам Natura Siberica Oblepikha Siberica облепиховый с эффектом ламинирования для ослабленных и поврежденных волос 400мл",349.0,499
"Super Siberica","Бальзам для поврежденных волос Super Siberica ' интенсивное восстановление ' 400мл",269.0,369
"Luxvisage","Помада для губ Luxvisage 67 4г",226.0,349
"Magic Boom","Автоматический освежитель воздуха Magic Boom ' Морской бриз ' сменный блок 250мл",155.0,155
"Effect Color","Стойкая крем - краска для волос Effect Color 5 в 1 , 5.0 , Темно-русый , 50мл",79.0,79
"NIVEA","Бальзам для губ NIVEA ' ' SPF 15 4,8г",289.0,289
"Stellary","Пудра для лица Stellary Soft Matte Powder S03 7г",629.0,629
"ФИТОкосметик","Гидрогелевые патчи для области вокруг глаз ФИТОкосметик Beauty Visage гиалуроновые ' аква-филлер ' 7г",66.0,99
"Ameli","Резинки для волос Ameli Серый / Черный 4шт",149.0,149
"Eveline","Компактная пудра Eveline Beauty Line для лица 14 Sand 9г",401.0,599
"Rubis","Мыло туалетное Rubis ' Luxurious Rose ' 115г",116.0,155
"Ecolatier","Соль для ванны антистресс Ecolatier Для снятия стресса и усталости 600г",201.0,269
"Luxvisage","Помада для губ Luxvisage 69 4г",226.0,349
"Consly","Многофункциональная омолаживающая ампульная сыворотка Consly с муцином черной улитки и золотом 250мл",1560.0,1560
"Colgate","Зубная паста Colgate total Активная защита ' Профессиональная здоровье десен ' 75мл",189.0,299
"Пропеллер","Лосьон Пропеллер TURBO ACTIVE от прыщей с цинцидоном 100мл",159.0,159
"Бреф","Туалетный блок для унитаза Бреф Цветная вода ' цветочная свежесть ' 50г",149.0,249
"Stellary","Автоматический карандаш для век Stellary Automatic eyeliner 01 0,28г",355.0,355
"Coco Blues","Травяная зубная паста Coco Blues ' Mango ' 30г",226.0,349
"NIVEA","Мужской дезодорант - антиперспирант NIVEA Экстремальная Свежесть 50мл",299.0,399
"Невская Косметика","Крем Невская Косметика для рук оливково - глицериновый 47мл",119.0,119
"Influence Beauty","Хайлайтер для лица Influence Beauty Solar , 4,8г",509.0,679
"Estel","Оттеночный бальзам для волос Estel Love Ton 6/56 Махагон 150мл",229.0,229
"Canmepris","Мыло натуральное парфюмированное Canmepris ' Lotus Flower ' 150г",123.0,165
"Consly","Зубная паста Consly Clean&Fresh с экстрактом мёда и лемонграсса 105г",249.0,249
"Мой малыш","Детское крем - мыло Мой малыш ' Классическое ' 100г",36.0,49
"Luxvisage","Помада для губ Luxvisage 19 4г",226.0,349
"R.O.C.S.","Гель для укрепления зубов R.O.C.S. Medical Minerals Реминерализующий 45г",419.0,559
"Ameli","Пилка Ameli Неон для ногтей двусторонняя",99.0,99
"Luxvisage","Масло для губ Luxvisage Beauty elixir Вишневый эликсир 6г",172.0,265
"Colgate","Зубная щетка Colgate Классика здоровья средней жесткости",69.0,89
"Moskitek","Бальзам - ролик после укусов насекомых Moskitek Baby protect 12мл",199.0,199
"Vivienne Sabo","Устойчивый гелевый карандаш для век Vivienne Sabo Virtuose 603 1,5г",429.0,429
"NIVEA","Крем - гель NIVEA для душа ' нежное увлажнение ' с ценным маслом миндаля 250мл",299.0,299
"Novosvit","Минеральный гель для умывания Novosvit 150мл",188.0,269
"УРРА","Пакет УРРА подарочный с блёстками 18*23*10см в ассортименте",69.0,99
"УРРА","Пакет УРРА подарочный с тиснением 18*23*10см в ассортименте",69.0,99
"Stellary","CC крем для лица Stellary CC Cream 301 25мл",689.0,689
"Essence","Консилер для лица Essence Stay All Day 14h 40 7мл",315.0,315
"LAVELiq","Стиральный порошок LAVELiq Color Enzyme 450г",99.0,139
"Delicare","Шампунь для волос Delicare Fruit Power ' очищение и увлажнение ' с экстрактом алоэ 280мл",125.0,249
"ФИТОкосметик","Крем - хна для волос ФИТОкосметик ' питание и восстановление ' иранская натуральная с репейным маслом Мокко 50мл",80.0,115
"Ola!","Прокладки Ola! Classic с мягкой поверхностью Normal 10шт",99.0,129
"Ameli","Велюровый спонж Ameli - пуховка для макияжа D6см 2шт",149.0,149
"HADA LABO","Крем для лица HADA LABO Gokujyun ' увлажнение и питание кожи ' 50г",1690.0,1690
"В каждый дом","Перчатки В каждый дом Эконом размер S 1 пара",49.0,49
"NSC","Тканевая маска для лица с коллагеном NSC Collagen 22г",89.0,89
"Parisa Cosmetics","Бальзам для губ Parisa Cosmetics Sweet Kiss ' Cherry ' 7г",269.0,269
"Novosvit","Ламеллярный крем Novosvit для кожи вокруг глаз La Mellar 20мл",349.0,349
"Golden Rose","Лак для ногтей Golden Rose Wow! 203 Сиреневый 6мл",89.0,119
"BelorDesign","Тушь для ресниц BelorDesign Black Corset моделирующая , Черная 8,8г",259.0,399
"Mentholatum","Увлажняющая пенка для умывания Mentholatum Acnes для проблемной кожи 150мл",649.0,995
"Consly","Крем для проблемной кожи лица Consly с экстрактом чайного дерева 70мл",499.0,949
"Estel","Ухаживающая краска - блеск для волос без аммиака Estel Uniq Sense 5/47 Светлый шатен медно-коричневый",519.0,519
"ФИТОкосметик","Маска - флюид для лица ФИТОкосметик Таблетка красоты ' мгновенно разглаживающая 8мл",99.0,99
"Effect Color","Стойкая крем - краска для волос Effect Color 5 в 1 , 9.1 , Пепельный блонд , 50мл",79.0,79
"Divage","Стойкий маркер для бровей Divage Microblading brow marker 03 1мл",399.0,599
"Stellary","Пудра для лица Stellary Soft Matte Powder W01 7г",629.0,629
"Librederm","Бальзам для губ Librederm АЕВИТ ' Зимняя вишня ' 4г",219.0,219
"Estel","Краска для волос Estel White Balance ' Секрет идеального блонда ' 12.76 Волнительный аметист",699.0,699
"Раптор","Гелевые секции от моли Раптор с ароматом лаванды , 2шт",199.0,199
"Himalaya Herbals","Маска - пленка для лица Himalaya Herbals очищающая , с нимом , для проблемной кожи 75мл",219.0,219
"Выгода","Ватные палочки Выгода в пакете 100шт",23.0,29
"Глисс Кур","Фиолетовый шампунь для волос Глисс Кур Совершенство Блонд Оттенков с экстрактом черники 360мл",289.0,439
"SOJ","Батончик протеиновый с ароматом ванили в молочном шоколаде без сахара SOJ Marshick 30г",79.0,79
"Ameli","Термобигуди для завивки волос Ameli d=30мм 8шт",249.0,249
"Luxvisage","Жидкая помада для губ Luxvisage Matt Tattoo No transfer матовая 106 Mauve",246.0,379
"Невская Косметика","Зубная паста Невская Косметика Новый Жемчуг гелевая для детей и подростков ' яблоко и мята ' 50мл",99.0,99
"Delicare","Бальзам для волос Delicare Fruit Power ' укрепление и суперблеск ' гранат 240мл",125.0,249
"ФИТОкосметик","Крем - депилятор ФИТОкосметик с маслом авокадо , для чувствительной кожи 50мл",99.0,99
"УРРА","Пакет УРРА подарочный ламинированный в ассортименте 18*23*10см",69.0,99
"Effect Color","Стойкая крем - краска для волос Effect Color 5 в 1 , 5.62 , Спелая вишня , 50мл",79.0,79
"Valori","Бальзам для сухих волос Valori Professional Aqua Balance 250мл",399.0,399
"Floresan","Крем - депилятор Floresan DEEP depil для области бикини и подмышек с маслом виноградных косточек 50мл",199.0,199
"Palmolive","Туалетное мыло Palmolive Натурэль Освежающее ' Летний арбуз ' 90г",101.0,135
"Stellary","CC крем для лица Stellary CC Cream 303 25мл",689.0,689
"Luxvisage","Жидкая помада для губ Luxvisage Matt Tattoo No transfer матовая 101 Lavender Pink",246.0,379
"Ameli","Заколка - краб для волос Ameli полукруг , перламутр Прозрачный",199.0,199
"WEIS","Тоник для лица WEIS ' Свежесть + Сияние ' с экстрактом маракуйи и витамином Е 250мл",113.0,189
"УРРА","Пакет УРРА подарочный ламинированный 18*23*10см",69.0,99
"La Grase","Лак для волос La Grase Double Volume , Сверхсильная фиксация (4) , 250мл",279.0,399
"Рексона","Мужской гель для душа + шампунь 2 в 1 Рексона Men ' Горный лёд ' 490мл",391.0,559
"ФИТОкосметик","Крем - хна ФИТОкосметик для бровей и ресниц с репейным маслом Черный 10г",119.0,119
"Frenchi","Укрепляющий лак для ногтей Frenchi Умная эмаль 357 , 11мл",249.0,249
"Valori","Бальзам для поврежденных волос Valori Professional Repair Therapy 700мл",699.0,699
"Bonny Hill","Маска для лица Bonny Hill ' Avocado ' с маслом авокадо 23г",149.0,149
"Delicare","Жидкое крем - мыло для рук Delicare Sensitive Care ' Бережный уход ' 500мл",89.0,149
"Glade","Освежитель воздуха Glade Automatic ' Пион и сочные ягоды ' автоматический сменный блок 269мл",349.0,499
"Claire Cosmetics","Ультраувлажняющий гель для кожи вокруг глаз Claire Cosmetics Revital Pro 15мл",244.0,349
"Art-Visage","Тональный крем для лица Art-Visage Cover Face 203 Бежевый 25мл",515.0,515
"Synergetic","Биоразлагаемые таблетки для посудомоечных машин Synergetic Эко All in One бесфосфатные , без запаха 55шт",659.0,1430
"Coco Blues","Травяная зубная паста Coco Blues ' Papaya ' 30г",226.0,349
"R.O.C.S.","Зубная паста R.O.C.S. Kids для детей Фруктовый рожок 3-7 лет 45г",299.0,299
"Stylist Pro","Стойкая крем - краска для волос Stylist Pro 7.0 , Светло-русый , 120мл",139.0,199
"Акс","Гель для душа и шампунь для волос Акс Эпик Фреш 3 в 1 100мл",149.0,149
"Ameli","Педикюрная терка Ameli для ног в ассортименте",119.0,119
"Synergetic","Натуральный сахарный скраб для тела Synergetic ' кокос и масло макадамии ' 300мл",291.0,449
"ФИТОкосметик","Концентрат для принятия ванны с пеной ФИТОкосметик Ванна Красоты ' Хвойная ' 250мл",149.0,149
"Vivienne Sabo","Тушь для бровей Vivienne Sabo Designeur 02 5мл",449.0,449
"Без бренда","Гематоген детский 40г",39.0,39
"L'Oreal Paris","Крем для кожи вокруг глаз L'Oreal Paris Revitalift Лазер х3 регенерирующий 15мл",1417.0,1890
"Provocateur","Оттеночная глоссер - маска для волос Provocateur Бурбонская ваниль 150мл",267.0,399
"Jeanmishel","Тушь для ресниц Jeanmishel BIGbang с эффектом подкручивания Черная 14мл",249.0,249
"Vivienne Sabo","Автоматический карандаш для век Vivienne Sabo Virtuose 01 0,28г",439.0,439
"Estrade","Пудра для лица Estrade Voile Naturel 102 Фарфоровый 7г",499.0,499
"ICE Professional by NS","Шампунь для волос ICE Professional by NS Aqua Cruch 400мл",605.0,829
"Divage","Румяна для лица Divage Solo compact blush 02 2г",339.0,499
"Vivienne Sabo","Хайлайтер для лица Vivienne Sabo Gloire d'amour 02 , 6г",409.0,559
"Рексона","Мужской дезодорант - антиперспирант Рексона Men Усиленная защита Невидимый на черном и белом 50мл",336.0,449
"Super Siberica","Бальзам для волос Super Siberica ' стойкость цвета и блеск ' 400мл",269.0,369
"Акс","Мужской дезодорант Акс Эксайт 150мл",426.0,569
"Divage","Масло для губ Divage Elixir Lip Oil 02 4,5мл",339.0,499
"Kaizer","Ножницы маникюрные прямые Kaizer ручная алмазная заточка Серебро",429.0,429
"Magic Boom","Крем - мыло Magic Boom жидкое ' жасмин ' 500мл",45.0,89
"Delicare","Стойкая крем - краска для волос Delicare Professional Color Trend 4.45 Каштан",249.0,249
"Luxvisage","Блеск для губ Luxvisage Glass Shine 10 3г",213.0,329
"Ninelle","Совершенная подводка - фломастер для век Ninelle El Favorito 441 1мл",765.0,765
"ФИТОкосметик","Крем - хна ФИТОкосметик для бровей и ресниц с репейным маслом Графит 10г",119.0,119
"Luxvisage","Гель - корректор для бровей с микрофиброй Luxvisage Brow Styler 3 in 1 1 Латте 5,5г",187.0,289
"LAVELiq","Стиральный порошок LAVELiq Color Enzyme 2,4кг",399.0,599
"Influence Beauty","Автоматический карандаш для век Influence Beauty Spectrum 2 , 0,28г",369.0,535
"Luxvisage","Жидкая матовая помада для губ Luxvisage Matt Tattoo no transfer 12H 116 , 3,8г",246.0,379
"Essence","Карандаш для век Essence Kajal 04 1г",153.0,153
"Vister","Ультратонкие парфюмированные стельки для обуви Vister Aroma Fresh , р.40-45 , 2 пары",199.0,199
"Eveline","Тональный крем для лица с эффектом сияния Eveline Wonder Match Lumi SPF 20 10 30мл",622.0,929
"WEIS","Двухфазный лосьон для снятия макияжа с глаз WEIS Hyaluron 100мл",249.0,249
"Бархатные Ручки","Увлажняющий крем - флюид для рук Бархатные Ручки ' Прогулка в дождь ' 80мл",165.0,165
"Defance","Охлаждающий гель после загара Defance Sun с пантенолом и алоэ-вера 150мл",389.0,599
"Vivienne Sabo","Карандаш для губ Vivienne Sabo Jolies Levres 107 Темно-розовый холодный 0,9г",329.0,329
"Luxvisage","Помада для губ Luxvisage 36 4г",226.0,349
"Zinger","Расческа для волос Zinger PS-343-C Carbon Black",159.0,159
"WEIS","Маска для лица WEIS с экстрактом алоэ 23г",99.0,99
"Jeanmishel","Лак для ногтей Jeanmishel Gel formula 336 , 12мл",129.0,129
"Moskitek","Бальзам после укусов насекомых Moskitek 50мл",179.0,179
"NIVEA","Освежающий гель NIVEA для умывания для нормальной кожи 150мл",399.0,399
"Сьёсс","Мицеллярный шампунь для частого мытья волос Сьёсс Pure & Gentle 450мл",319.0,499
"Rubis","Мыло туалетное Rubis ' Luxurious Orange ' 115г",116.0,155
"Delicare","Бурлящий шар с предсказанием Delicare Магия Внутри Раствори и узнай свою любовь 115г",149.0,149
"Divage","Помада для губ Divage Praline 02 4г",399.0,399
"Meizer","Пилка сапфировая для ногтей Meizer с ножом для кутикулы",199.0,199
"Carelax","Мужской дезодорант Carelax Energy ' Ice Wave ' 150мл",246.0,329
"Mond'Sub","Питательная маска для лица Mond'Sub Funny Animals ' Кошка ' 24мл",99.0,99
"Aravia Laboratories","Полирующий мусс для лица с протеинами риса и молочной кислотой Aravia Laboratories Velvet Purity Mousse 100мл",429.0,649
"Delicare","Мицеллярная вода для чувствительной , сухой и раздраженной кожи Delicare FreshLab 3 в 1 500мл",329.0,329
"Relouis","Пудра для лица Relouis PRO Icon Look Satin Face Powder 01 , 9г",635.0,635
"Eveline","Крем для тела Eveline Фито Линия ' оливки + протеины шелка ' 210мл",349.0,349
"Galant Cosmetic","Бальзам для губ Galant Cosmetic Три кота ' Малиновый ' 4,2г",109.0,169
"Vivienne Sabo","Подводка - фломастер для век Vivienne Sabo Acrobate 01 Черная 0,5мл",679.0,679
"Jeanmishel","Лак для ногтей Jeanmishel GEL effect 110 Жемчужный 6мл",85.0,85
"Mentos","Жевательная резинка Mentos Pure Fresh Тутти-фрути 15,5г",39.0,39
"Estel","Стойкая крем - краска для седых волос Estel Великая 6/75 Тёмно-русый коричнево-красный",599.0,599
"Vivienne Sabo","Блеск для губ Vivienne Sabo Le Grand Volume 10 Datte 3мл",559.0,559
"Luxvisage","Помада для губ Luxvisage 3 4г",226.0,349
"Luxvisage","Помада для губ Luxvisage 14 4г",226.0,349
"Aravia Laboratories","Очищающий тоник для лица с AHA-кислотами Aravia Laboratories AHA-Cleansing 250мл",749.0,1150
"Vivienne Sabo","Двойные румяна для лица Vivienne Sabo Naturel 03 , 6г",529.0,529
"Vivienne Sabo","Гель для бровей Vivienne Sabo Fixateur сверхсильной фиксации 01 4,5мл",443.0,443
"Ameli","Полировка Ameli Неон объемная 7-сторонняя для ногтей",99.0,99
"Stellary","Кремовый консилер для лица Stellary Nude Skin Concealer 01 3мл",579.0,579
"Influence Beauty","Бальзам - стик для губ Influence Beauty Glow Injection 06 2г",699.0,699
"Valori","Бальзам для поврежденных волос Valori Professional Repair Therapy 250мл",239.0,399
"Bambolina","Детская шипучая соль для ванн Bambolina ' Пончик ' 100г",129.0,129
"Luxvisage","Корректирующая основа под макияж Luxvisage Pore Killer для заполнения пор и морщин 20г",243.0,375
"Guten Tag","Органайзер для хранения ватных палочек Guten Tag",115.0,165
"INSO","Гель для интимной гигиены на молочной кислоте INSO Natural Care 250мл",269.0,449
"El'Skin","Маска - суфле для лица El'Skin ' Souffle-mask Honey ' с медом 10г",99.0,99
"Ecolatier","Мицеллярная вода для снятия макияжа Ecolatier Sensitive Skin 400мл",309.0,309
"Estel","Краска - уход для волос без аммиака Estel Celebrity 10/0 Платиновый блондин",359.0,359
"Выгода","Резиновые перчатки Выгода с хлопковым напылением размер S 3 пары",115.0,165
"HADA LABO","Крем для лица HADA LABO Увлажнение и сияние кожи 50г",1690.0,1690
"Ollin Professional","Перманентная крем - краска для волос Ollin Professional Color 6/71 Тёмно-русый коричнево-пепельный 60мл",275.0,275
"NIVEA","Охлаждающая пена NIVEA Men для бритья для чувствительной кожи 200мл",419.0,419
"L'Oreal Paris","Дневной регенерирующий крем для лица L'Oreal Paris Revitalift лазер 50мл",1237.0,1650
"NSC","Обновляющая тканевая маска для лица с витамином C и AHA-кислотами NSC Vitamin C + AHA Resurfacin 22г",89.0,89
"Relouis","Тушь для ресниц Relouis ' Суперобъёмная ' , Черный , 10г",445.0,445
"WEIS","Молочко для тела 3 в 1 WEIS Panthenol Земляника со сливками 500мл",249.0,249
"Delicare","Двухфазный спрей - уход для всех типов волос Delicare Professional ' глубокое увлажнение ' 250мл",199.0,399
"Bad Girl","Оттеночный бальзам для волос Bad Girl Neon Shock 150мл",314.0,449
"Eveline","Крем для тела Eveline EXTRA SOFT SOS интенсивно регенерирующий 200мл",349.0,349
"ФИТОкосметик","Краска для бровей и ресниц ФИТОкосметик Кокетка , Горький шоколад , 5г",69.0,69
"WEIS","Гелевые патчи для области вокруг глаз WEIS от морщин 12шт",143.0,239
"Vileda","Салфетка универсальная вискозная Vileda 32*38см 2шт",99.0,99
"R.O.C.S.","Ополаскиватель для полости рта R.O.C.S. ' двойная мята ' ( Travel Edition ) 75мл",199.0,199
"Ameli","Косметичка - несессер Ameli , искусственная кожа , Черный",499.0,499
"L'Oreal Paris","Краска L'Oreal Paris Preference стойкая для волос 9.1 Викинг",1240.0,1240
"Bambolina","Нежное крем - мыло Bambolina 0+ 300мл",199.0,199
"Effect Color","Стойкая крем - краска для волос Effect Color 5 в 1 , 9.3 , Жемчужный Блонд , 50мл",79.0,79
"Estel","Стойкая краска - гель Estel Only для волос 1/0 Черный классический",415.0,415
"Effect Color","Стойкая крем - краска для волос Effect Color 5 в 1 , 7.0 , Светло-русый , 50мл",79.0,79
"Vivienne Sabo","Кремовые румяна для лица Vivienne Sabo Courage 01 4,3мл",659.0,659
"HADA LABO","Увлажняющий крем - сорбет для глаз с керамидами HADA LABO 20г",1590.0,1590
"Luxvisage","Карандаш для губ Luxvisage Soft Matte 610 1,5г",194.0,299
"Missha","Тональный BB крем для лица Missha M Perfect Cover Serum с антивозрастной сывороткой SPF 50+ 23 20мл",1200.0,1890
"WEIS","Соль для ванны WEIS ' Бурлящее сердечко ' Розовый персик 110г",83.0,139
"Magic Boom","Крем - мыло Magic Boom жидкое ' малина ' 500мл",45.0,89
"ICE Professional by NS","Шампунь для волос ICE Professional by NS Color Luminaiser 400мл",605.0,829
"Defance","Зубная паста для чувствительных зубов Defance Oraldent ' Sensitive Protection ' 120г",95.0,155
"WEIS","Мицеллярная вода для снятия макияжа WEIS Hyaluron 250мл",229.0,229
"Farres","Матирующая пудра для лица Farres Fit me! Слоновая кость 10г",399.0,399
"Essence","Гелевая тушь для бровей Essence Make me brow 07 3,8мл",315.0,315
"Kaizer","Кисть для окрашивания волос с расческой Kaizer Professional искусственный ворс",99.0,99
"Parisa Cosmetics","Тушь для ресниц Parisa Cosmetics Maxx Volume ' Great Britain ' Черная 12мл",240.0,349
"Farres","Пудра для лица Farres Matte 01 13г",239.0,239
"BelorDesign","Корректор для лица BelorDesign Smart Girl Miss Perfect 21 холодный тауповый 2,4г",161.0,249
"NIVEA","Бальзам для губ NIVEA ' защита и восстановление ' 4,8г",289.0,289
"Estel","Стойкая крем - краска для седых волос Estel Великая 5/0 Светлый шатен",599.0,599
"Vivienne Sabo","Пудровая палетка для скульптурирования лица Vivienne Sabo Mariniere 01 14г",539.0,769
"R.O.C.S.","Зубная паста R.O.C.S. отбеливающая ' Белый Стих ' 60мл",309.0,413
"Botaniqua","Молочко для тела с экстрактом пиона Botaniqua ' Роскошный уход ' 200мл",249.0,249
"Без бренда","Жидкое мыло Sweet Flowers Белое 500мл",249.0,249
"Jeanmishel","Тушь для ресниц Jeanmishel MOON night volume Черная 14мл",249.0,249
"Ollin Professional","Перманентная крем - краска для волос Ollin Professional Color 4/0 Шатен 60мл",275.0,275
"NSC","Выравнивающая тканевая маска для лица с ниацинамидом и витамином С NSC Niacinamide & Vitamin C Brightening 22г",89.0,89
"NIVEA","Молочко для тела NIVEA Питание и забота 250мл",411.0,549
"Mentos","Жевательная резинка Mentos Pure Fresh ' Виноград ' 15,5г",39.0,39
"NIVEA","Гель - уход для душа NIVEA ' Свежесть и забота ' натуральное Алоэ вера и мягкий свежий аромат 250мл",299.0,299
"Luxvisage","Помада для губ Luxvisage Pin-Up матовая 517 Ariana 4г",224.0,345
"Holly Polly","Бальзам для губ Holly Polly Poker Face ' Bubble Gum ' 4,8г",229.0,229
"Zinger","Терка для ног Zinger RB-0507 металлическая , на изогнутой ручке",229.0,229
"Estel","Маска для волос Estel Я Тон тонирующая 11/07 Золотистый",189.0,189
"Botaniqua","Увлажняющая эссенция - тонер для лица Botaniqua с гиалуроном и авокадо 100мл",129.0,199
"Guten Tag","Резиновые перчатки Guten Tag с ароматом алоэ и яблока S",79.0,139
"Sensodyne","Детская зубная паста Sensodyne ProЭмаль Kids ' Клубничный коктейль ' от 2 до 6 лет 50мл",209.0,349
"Claire Cosmetics","Восстанавливающий гель для век с пребиотическим комплексом Claire Cosmetics Microbiome Balance 15мл",399.0,399
"Compliment","Гель для тела Compliment ' Panthenol ' охлаждающий , для наружного применения , 75мл",219.0,219
"Eveline","Матовая водостойкая подводка для век Eveline Liquid Precision Eyeliner 2000 Procent 4мл",373.0,373
"Rubis","Мыло туалетное Rubis ' Luxurious Lemon ' 115г",116.0,155
"Kloger","Спрей Kloger Proff для обивки мебели и ковров 500мл",199.0,299
"Черный Жемчуг","Крем - эксперт для век Черный Жемчуг Y-Зона Самоомоложение 46+ 15мл",374.0,499
"Фа","Мужской гель для душа 2 в 1 Фа Men Свежесть грозы 750мл",389.0,599
"SPLAT","Зубная щетка SPLAT Professional Ultra Clean жесткая",199.0,349
"Delicare","Пузырьковая очищающая маска для лица Delicare Ymmy Yogurt ' кокос ' с пребиотиками 2шт",59.0,119
"Compliment","Восстанавливающая пилинг - скатка для лица Compliment Snail vital с муцином улитки и гиалуроновой кислотой 80мл",169.0,169
"Valori","Кисти для макияжа Valori ' ECO Edition ' 5шт",349.0,349
"Guten Tag","Салфетка для ванной комнаты 2 в 1 Guten Tag ' Super Ластик ' , 25*25см",59.0,99
"Consly","Увлажняющий тонер - эссенция для лица Consly с гиалуроновой кислотой и бета-глюканом 200мл",949.0,949
"Невская Косметика","Зубная паста Невская Косметика Новый Жемчуг детская ' клубника ' , 1-6 лет 50мл",99.0,99
"Bad Girl","Оттеночный бальзам для волос Bad Girl Absinthe 150мл",314.0,449
"Luxvisage","Гель - корректор для бровей с микрофиброй Luxvisage Brow Styler 3 in 1 3 Мокаччино 5,5г",187.0,289
"NSC","Омолаживающая тканевая маска для лица с морскими водорослями NSC Bottox Effect 22г",89.0,89
"SPLAT","Зубная щетка SPLAT Professional Clinic Care мягкая",259.0,389
"ФИТОкосметик","Стойкая крем - краска для волос ФИТОкосметик FitoColor 9.1 , Пепельный блондин , 115мл",96.0,149
"Без бренда","Набор мешочков для хранения 5шт",249.0,249
"Art-Visage","Палетка теней для век Art-Visage Warm Universe 18 оттенков",699.0,1090
"Delicare","Крем для рук Delicare ' питательный ' с пантенолом и с маслом макадамии 75мл",99.0,99
"HADA LABO","Увлажняющая крем - пенка для лица HADA LABO 100г",995.0,995
"ФИТОкосметик","Бальзам для губ ФИТОкосметик Народные рецепты ' Клубника со сливками ' 4,5г",80.0,115
"WEIS","Пенка для умывания WEIS Очищение + уход с экстрактом шиповника и алоэ вера 250мл",199.0,199
"Luxvisage","Помада для губ Luxvisage 2 4г",226.0,349
"Vivienne Sabo","Помада - бальзам для губ Vivienne Sabo Balm Fantaisie 07 , 4г",479.0,479
"Vivienne Sabo","Увлажняющий тональный крем для лица Vivienne Sabo Ocean 01 23мл",449.0,639
"Ollin Professional","Перманентная крем - краска для волос Ollin Professional Color 6/00 Темно-русый глубокий 60мл",275.0,275
"Foammen","Бальзам после бритья Foammen для чувствительной кожи 100мл",269.0,449
"Stylist Pro","Стойкая крем - краска для волос Stylist Pro 9.1 , Пепельный блонд , 120мл",139.0,199
"BeYoung","Бальзам для губ BeYoung Fruity Gloss с ароматом клубники 15мл",199.0,199
"Divage","Тональный крем для лица Divage True Color 02 25мл",469.0,699
"Guten Tag","Резиновые перчатки Guten Tag с ароматом алоэ и яблока L",79.0,139
"Глисс Кур","Стойкая краска для волос Глисс Кур Уход & увлажнение с гиалуроновой кислотой 1-0 Глубокий черный",419.0,619
"ICE Professional by NS","Шампунь для волос ICE Professional by NS Peptide Bonding 400мл",605.0,829
"Eveline","Крем - концентрат для лица Eveline Royal Snail ультра - восстанавливающий 60+ 50мл",649.0,649
"Без бренда","Мыло туалетное глицериновое 185г",51.0,69
"Relouis","Карандаш для глаз Relouis с витамином Е 02 4г",449.0,449
"Ameli","Косметический набор Ameli аппликаторы для макияжа 6шт",99.0,99
"Пародонтол","Зубная паста Пародонтол ' тройное действие ' 124г",149.0,149
"Ninelle","Стойкая глянцевая подводка для век Ninelle Energia 401 3мл",705.0,705
"Influence Beauty","Матирующий тональный крем для лица Influence Beauty Skinnovation Matte 02 , 25мл",969.0,969
"BelorDesign","Корректор для лица BelorDesign Smart Girl Miss Perfect 12 кремовый бежевый 2,4г",161.0,249
"Невская Косметика","Мыло туалетное Невская Косметика Бархатное натуральное 180г",66.0,89
"Relouis","Консилер для лица Relouis Bright Touch Concealer 01 , Фарфоровый , 6г",549.0,549
"Mentholatum","Пенка для умывания Mentholatum Acnes для комбинированной и жирной кожи 50г",299.0,589
"Estrade","Масло для губ Estrade Relax 504 6,5мл",369.0,369
"Botaniqua","Крем - флюид для лица Botaniqua Hypoallergenic ' Идеальное Увлажнение ' 50мл",329.0,329
"BeYoung","Бальзам для губ BeYoung Fruity Gloss c ароматом малины 15мл",199.0,199
"Zinger","Ножницы Zinger парикмахерские, филировочные",379.0,379
"Stella Fragrance","Свеча ароматическая Stella Fragrance Lavender + Basil 90г",399.0,399
"Jeanmishel","Лак для ногтей Jeanmishel GEL effect 200 Розовый перламутровый 6мл",85.0,85
"R.O.C.S.","Детская зубная щетка R.O.C.S. Baby мягкая от 0 до 3 лет",199.0,199
"Я Самая","Ватные подушечки для снятия макияжа Я Самая Original 80шт",159.0,199
"Delicare","Укрепляющий крем для лица Delicare Gold 40+ 50мл",329.0,329
"Чистая линия","Мужской шампунь - кондиционер и гель для душа Чистая линия For Men ' Энергия и чистота ' 3 в 1 400мл",249.0,249
"NIVEA","Крем - гель NIVEA для душа ' молоко и абрикос ' 250мл",299.0,299
"LAVELiq","Универсальный стиральный порошок LAVELiq Power Enzyme 450г",99.0,139
"Palmolive","Туалетное мыло Palmolive Натурэль смягчающее ' Свежая малина ' 90г",101.0,135
"Сьёсс","Мусс для укладки волос Сьёсс Volume Lift Сверхсильная фиксация (4) 250мл",486.0,649
"Новый Жемчуг","Зубная паста Новый Жемчуг Тройной эффект здоровье десен 75мл",99.0,99
"NIVEA","Крем для лица NIVEA Care антивозрастной 100мл",299.0,399
"Missha","Тональный Кушон для лица Missha Magic Cushion Cover Lasting с устойчивым покрытием 21 15г",1780.0,2490
"Likato Professional","Мультикислотный пилинг для лица Likato Professional с AHA+BHA 30% кислотами 30мл",799.0,799
"Невская Косметика","Мыло туалетное Невская Косметика Земляничное натуральное 180г",66.0,89
"Estrade","Масло для губ Estrade Relax 503 6,5мл",369.0,369
"Hair Style","Восстанавливающий шампунь для поврежденных волос Hair Style Укрепление и защита 400мл",299.0,299
"Stellary","Бальзам для губ Stellary Volumizer Lip Balm 04 3,8г",599.0,599
"Parisa Cosmetics","Бальзам для губ Parisa Cosmetics Sweet Kiss ' strawberry ' 7г",269.0,269
"Magic Boom","Автоматический освежитель воздуха Magic Boom ' Лимонный взрыв ' сменный блок 250мл",155.0,155
"Zondex","Аэрозоль Zondex от клопов 200мл",139.0,139
"Eveline","Крем - сыворотка Eveline Gold lift expert для лица ' омолаживающая ' с 24к золотом 60+ 50мл",539.0,539
"Ninelle","Сатиновые румяна - стик для лица Ninelle Belleza 423 6г",899.0,899
"Influence Beauty","Фиксирующая пудра для лица Influence Beauty Zero Gravity 01 4,2г",1040.0,1040
"Vivienne Sabo","Карандаш для губ Vivienne Sabo Jolies Levres 101 светлый Бежево-розовый 0,9г",329.0,329
"Ninelle","Сатиновые румяна - стик для лица Ninelle Belleza 424 6г",899.0,899
"Eveline","База под макияж Eveline Base Full HD 16h маскирующая покраснения , SPF10 30мл",463.0,463
"Missha","Тональный BB крем для лица Missha M Perfect Cover Serum с антивозрастной сывороткой SPF 50+ 21 20мл",1200.0,1890
"Influence Beauty","Палетка для контурирования лица Influence Beauty Golden Decagon , 10г",1290.0,1290
"Ecologica","Гелевое Эко - мыло Ecologica с маслом авокадо и лемонграссом 500мл",139.0,199
"Невская Косметика","Крем для ног Невская Косметика с мочевиной 50мл",99.0,99
"ФИТОкосметик","Бальзам для губ ФИТОкосметик Народные рецепты натуральный ' Сочный арбуз ' 4,5г",115.0,115
"Ollin Professional","Перманентная крем - краска для волос Ollin Professional Color 6/1 Темно-русый пепельный 60мл",275.0,275
"Ameli","Заколка - краб для волос Ameli с длинными зубчиками 9,5см",149.0,149
"WEIS","Очищающая маска для лица WEIS ' Каолин ' 50мл",149.0,149
"Luxvisage","Жидкая помада для губ Luxvisage Matt Tattoo No transfer матовая 103 Caramel Nude",246.0,379
"Green Mama","Увлажняющий тоник для лица Green Mama с гиалуроновой кислотой 200мл",335.0,479
"Delicare","Крем - гель для душа Delicare Yougurt ' Фисташковое мороженое ' 400мл",169.0,299
"Novosvit","Кокосовый спрей Novosvit MIST закрепитель макияжа 100мл",269.0,269
"Ollin Professional","Крем - краска для волос Ollin Professional Performance 7/1 Русый пепельный 60мл",435.0,435
"Ecolatier","Мицеллярная вода для снятия макияжа Ecolatier Oily skin 400мл",309.0,309
"Halls","Карамель леденцовая Halls ' Ментол экстра ' 25г",59.0,59
"Eveline","Карандаш для век Eveline EYE MAX PRECISION Коричневый",160.0,239
"L'Oreal Paris","Стойкая краска L'Oreal Paris Preference для волос 11.21 Ультраблонд холодный перламутровый",1240.0,1240
"Dirol","Жевательная резинка Dirol Colors ' Фруктовый рандом ' 13,6г",25.0,37
"Невская Косметика","Мыло туалетное Невская Косметика Банное натуральное 180г",66.0,89
"Novosvit","Разглаживающий крем - гель для кожи вокруг глаз Novosvit Snail Repair ' aqua keep ' с муцином улитки 20мл",269.0,269
"Zinger","Триммер для маникюра Zinger SL C-703-B GL BFY",129.0,129
"Chigour","Детская зубная щетка Chigour ' Акула ' 3+ мягкая",149.0,249
"Vivienne Sabo","Глянцевая помада - бальзам для губ Vivienne Sabo La La Laque 02 2,5г",429.0,635
"Camay","Туалетное мыло Camay Magical Spell твердое 85г",81.0,109
"Jeanmishel","Карандаш для бровей Jeanmishel 202 Коричневый 1,14г",85.0,85
"Himalaya Herbals","Бальзам для губ Himalaya Herbals ' Клубничный блеск ' 10г",179.0,179
"Mirrolla","Малиновый уксус для волос Mirrolla блеск волос , гладкость , эластичность , восстановление 150мл",181.0,249
"Influence Beauty","Мыло для бровей Influence Beauty Brow Robot , 10мл",549.0,739
"R.O.C.S.","Зубная паста R.O.C.S. Biocomplex ' Активная защита ' 91г",276.0,369
"Ollin Professional","Перманентная крем - краска для волос Ollin Professional Color 8/1 Светло-русый пепельный 60мл",275.0,275
"Luxvisage","Помада для губ Luxvisage 55 4г",226.0,349
"Carelax","Мужской дезодорант Carelax ' Night power ' 150мл",209.0,279
"Vivienne Sabo","Кремовая палетка для скульптурирования лица Vivienne Sabo Mariniere 01 17,2г",539.0,769
"Delicare","Бальзам для волос Delicare Fruit Power ' очищение и увлажнение ' алоэ 240мл",125.0,249
"Eveline","Тональный крем Eveline ART PROFESSIONAL MAKE UP 3 в 1 SPF 10 Слоновая кость 30мл",469.0,469
"Lavelle","Палетка для контуринга лица Lavelle Sunkissed Trio 8,25г",399.0,399
"Рецепты бабушки Агафьи","Антицеллютитный скраб для тела Рецепты бабушки Агафьи ' Лимонник на сахаре ' 300мл",269.0,269
"ICE Professional by NS","Лак для волос ICE Professional by NS Extra Strong экстрасильная фиксация 300мл",510.0,699
"E-Xact","Кассеты для бритья E-Xact 4 лезвия 2шт",299.0,699
"Estel","Стойкая краска - гель для волос Estel Only 10/18 Светлый Блондин Пепельно-Жемчужный",415.0,415
"Dirol","Жевательная резинка Dirol ' Арбузная свежесть ' 13,6г",29.0,37
"Delicare","Пена для ванны Delicare ' Миндаль и Груша ' 500мл",219.0,219
"Influence Beauty","Увлажняющий тональный крем для лица Influence Beauty Skinnovation Hydra 04 25мл",969.0,969
"Missha","BB крем для лица Missha Perfect Cover ' Идеальное покрытие ' SPF 42/PA+++ 23 50мл",1800.0,3940
"Golden Rose","Лак для ногтей Golden Rose Ice Color 162 6мл",89.0,119
"Vivienne Sabo","Консилер для лица с плотным покрытием Vivienne Sabo Coverture 02 5мл",549.0,549
"NIVEA","Увлажняющий крем NIVEA Soft интенсивный для лица , рук и тела 100мл",284.0,379
"Lebelage","Ампульный крем для лица Lebelage с экстрактом икры и частичками золота 70мл",995.0,995
"WEIS","Соль для ванны WEIS ' Бурлящее сердечко ' Ягодная фантазия 110г",83.0,139
"Stellary","Автоматический карандаш каял для век Stellary Eyeliner Kajal 0,28г",449.0,449
"Черный Жемчуг","Пенка - мусс Черный Жемчуг Деликатное очищение для лица для умывания 150мл",299.0,399
"Claire Cosmetics","Гель для умывания с пребиотическим комплексом Claire Cosmetics Microbiome Balance 150мл",349.0,349
"Глисс Кур","Стойкая краска для волос Глисс Кур Уход & увлажнение с гиалуроновой кислотой 5-65 Лесной орех",419.0,619
"Deonica","Женский дезодорант Deonica ' Гипоаллергенный ' 50мл",164.0,219
"Essence","Карандаш для губ Essence 8h Matte Comfort lipliner 04 0,3г",221.0,221
"BelorDesign","Тушь для ресниц BelorDesign Maximission суперобъем , Черная 11,4г",259.0,399
"Боро плюс","Крем Боро плюс для ухода за кожей ' Букет трав ' 25мл",149.0,149
"Clear Line","Мешки для мусора Clear Line 120л 10шт",129.0,129
"BelorDesign","Палетка для макияжа BelorDesign Sculpting Trio 2 5,8г",454.0,699
"УРРА","Пакет УРРА подарочный крафт 23*32*13см в ассортименте",69.0,139
"Valori","Набор аппликаторов из латекса Valori 5шт",149.0,149
"NSC","Восстанавливающий тонер для лица с алоэ NSC Aloe 98% Recovery & Calming 500мл",299.0,599
"Luxvisage","Блеск - плампер для губ Luxvisage Lip Volumizer hot vanilla 308 2,9г",226.0,349
"Relouis","Тональный крем для лица с витамином Е Relouis 42 , Натуральный бежевый , 30мл",615.0,615
"Zinger","Маникюрный набор Zinger SIS-16",449.0,449
"WEIS","Крем для лица WEIS Hyaluron ' увлажнение ' 50мл",189.0,189
"Весна","Омолаживающий крем для лица Весна ' морковный ' 40мл",49.0,49
"Claire Cosmetics","Балансирующий тоник с пребиотическим комплексом Claire Cosmetics Microbiome Balance 200мл",449.0,449
"NSC","Тканевая маска для лица с гиалуроновой кислотой NSC Hyaluronic Acid 22г",89.0,89
"Stellary","Карандаш для губ Stellary Lipliner 04 1,35г",289.0,289
"Aravia Professional","Оттеночный шампунь для поддержания холодных оттенков осветленных волос Aravia Professional Blond Pure 420мл",1060.0,1060
"Floresan","Скраб для лица Floresan Cucumber Garden с экстрактом огурца и с гликолиевой кислотой 150мл",139.0,199
"Jeanmishel","Карандаш для бровей Jeanmishel 201 Светло-коричневый 1,14г",85.0,85
"Ollin Professional","Перманентная крем - краска для волос Ollin Professional Color 4/71 Шатен коричнево-пепельный 60мл",275.0,275
"Delicare","Гель для душа Delicare Milk & Silk ' Французская сливочная карамель ' 500мл",199.0,199
"Zinger","Маникюрный набор Zinger SIS-214",199.0,199
"L'Oreal Paris","Краска L'Oreal Paris Preference стойкая для волос 8.1 копенгаген",1240.0,1240
"Holika Holika","Смягчающая тканевая маска для лица Holika Holika Pure Essence Mask Sheet ' Avocado ' 23мл",108.0,155
"Eveline","Восстанавливающий крем Eveline EXTRA SOFT интенсивно для лица 200мл",349.0,349
"ФИТОкосметик","Бальзам для губ ФИТОкосметик Народные рецепты ' Персиковый джем ' 4,5г",80.0,115
"BelorDesign","Румяна для лица BelorDesign Velvet touch 104 Розово-бежевый 3,6г",285.0,439
"BelorDesign","Тени для век BelorDesign Color Mania 36 5г",419.0,645
"Чебурашка","Детский шампунь - гель для душа Чебурашка вишня 3+ 250мл",319.0,319
"LAVELiq","Универсальный стиральный порошок LAVELiq Power Enzyme 1,5кг",269.0,399
"Aura","Жидкое мыло для рук и тела Aura Pure Cotton Хлопок и луговые травы 850мл",153.0,219
"Botaniqua","Крем для рук Botaniqua ' Ночное восстановление ' 80мл",64.0,99
"Eveline","Омолаживающий крем Eveline для рук и ногтей на основе козьего молока и коллагена 125мл",229.0,229
"Influence Beauty","Консилер для лица Influence Beauty Replicant Long Lasting 02 , 10мл",749.0,749
"Divage","Подводка - фломастер для век Divage Microliner 01 0,4мл",499.0,499
"Палетт","Стойкая крем - краска для волос Палетт Интенсивный цвет G4 Какао 50мл",209.0,289
"Essence","Пудра для лица Essence Mattifying compact powder 10 12г",355.0,355
"Luxvisage","Помада для губ Luxvisage 64 4г",226.0,349
"Ollin Professional","Перманентная крем - краска для волос Ollin Professional Color 2/0 Черный 60мл",275.0,275
"Influence Beauty","Увлажняющий тональный крем для лица Influence Beauty Skinnovation Hydra 03 25мл",969.0,969
"Stellary","Тушь для ресниц с эффектом 'лисьих глазок ' Stellary Foxy Eyes 01 9мл",349.0,499
"NIVEA","Бальзам для губ NIVEA ' Фруктовое сияние. клубника ' 4,8г",289.0,289
"Libretta","Женские ночные прокладки с мягкой поверхностью Libretta Ультра 16шт",229.0,349
"Luxvisage","Жидкая помада для губ Luxvisage Matt Tattoo No transfer матовая 109 Claassic red",246.0,379
"Influence Beauty","Тушь для ресниц Influence Beauty New Era 01 , 9мл",559.0,809
"Fara","Стойкая краска для бровей и ресниц с эффектом татуажа Fara WOW Brow Tattoo effect 0.11 Графит 30мл",194.0,299
"Art-Visage","Автоматический карандаш для бровей Art-Visage Cinema Brows 03 0,1г",319.0,429
"Art-Visage","Увлажняющая помада для губ Art-Visage Black Dress 07 Сливочный терракот 4,5г",369.0,369
"Valori","Кисть Valori для теней скошенная",199.0,199
"Art-Visage","Автоматический карандаш для бровей Art-Visage Cinema Brows 04 0,1г",319.0,429
"Eveline","Компактная пудра Eveline Beauty Line для лица 12 Beige 9г",401.0,599
"Весна","Детское мыло Весна ' Нейтральное ' 90г",44.0,59
"Чистая линия","Шампунь для всех типов волос Чистая линия Сила 5 трав 400мл",249.0,249
"R.O.C.S.","Зубная паста R.O.C.S. Baby детская ' Аромат липы ' 45г",299.0,299
"HADA LABO","Увлажняющая Эссенция для лица с гиалуроновой кислотой HADA LABO 30г",1690.0,1690
"Vivienne Sabo","Стойкий тональный крем для лица Vivienne Sabo Coverture 02 28мл",949.0,949
"Relouis","Тушь для ресниц Relouis Elite ' Тройной эффект ' , Черный , 10г",459.0,459
"Luxvisage","Тени для век Luxvisage Glam Look 4х-цветные 1 4г",341.0,525
"Relouis","Стойкий карандаш для губ Relouis Long-lasting Lip Pencil с маслом жожоба 09 4г",429.0,429
"Magic Boom","Автоматический освежитель воздуха Magic Boom ' Весенняя фантазия ' сменный блок 250мл",155.0,155
"Stylist Pro","Стойкая крем - краска для волос Stylist Pro 5.1 , Холодный каштан , 120мл",139.0,199
"Bambolina","Бумажные носовые платочки Bambolina 3х-слойные без запаха 10шт",15.0,15
"Ninelle","Тушь для ресниц с эффектом объёма Ninelle El Drama 101 Черный 10мл",709.0,709
"BelorDesign","Карандаш для бровей BelorDesign Party 104 коричневый 1,2г",116.0,179
"Ollin Professional","Перманентная крем - краска для волос Ollin Professional Color 7/00 Русый глубокий 60мл",275.0,275
"Consly","Омолаживающий тонер - эссенция для лица Consly с черной икрой и золотом 200мл",499.0,949
"Luxvisage","Помада для губ Luxvisage 62 4г",226.0,349
"Synergetic","Натуральный сахарный скраб для тела Synergetic ' цветущий инжир и лотос ' 300мл",291.0,449
"Rubis","Мыло туалетное Rubis ' Aloe vera ' 90г",44.0,59
"Eveline","Крем для тела Eveline Фито Линия ' какао + масло авокадо ' 210мл",349.0,349
"Lavelle","Палетка теней для век Lavelle 6 цветов 02 Серо-голубой",249.0,249
"Skinlite","Маска для области вокруг глаз Skinlite увлажняющая 14шт",149.0,149
"NSC","Омолаживающая тканевая маска для лица с ретинолом NSC Retinol Rejuvinating 22г",89.0,89
"Provocateur","Оттеночная глоссер - маска для волос Provocateur Пикантный имбирь 150мл",267.0,399
"Influence Beauty","Консилер для лица Influence Beauty Equilibrium Anti-Age Concealer 02 , 6мл",685.0,685
"Botaniqua","Пилинг для лица с АНА-кислотами Botaniqua ' обновление и сияние ' 150мл",349.0,349
"Moskitek","Секции от моли Moskitek ' цитрус ' 2шт",99.0,99
"Весна","Увлажняющий крем для лица Весна ' огуречный ' 40мл",49.0,49
"Ninelle","Хайлайтер - стик для лица Ninelle Brillar 412 6г",889.0,889
"Frenchi","Лак для ногтей Frenchi Color&Care 32 Lotus 11мл",299.0,299
"Parisa Cosmetics","Тушь для ресниц Parisa Cosmetics Curl Volume Long ' France ' Черная 12мл",240.0,349
"Holika Holika","Тканевая маска Holika Holika для лица ' Pure Essence Mask Sheet Lemon ' тонизирующая , с экстрактом лимона 23мл",108.0,155
"NIVEA","Мужской дезодорант - антиперспирант NIVEA Men ' Серебряная защита ' 50мл",299.0,399
"Carelax","Мужской дезодорант Carelax Energy ' Dark Side ' 150мл",246.0,329
"Lavelle","Тени для бровей Lavelle 01 Графитовый",179.0,179
"Eveline","Средство Eveline Nail Therapy Professional SOS для мягких , тонких и расслаивающихся ногтей , с кальцием и коллагеном 12мл",224.0,335
"Valori","Спонжи целлюлозные Valori для умывания , белые 2шт",199.0,199
"Luxvisage","Карандаш для губ Luxvisage Soft Matte 605 1,5г",194.0,299
"Ameli","Кисть для бровей Ameli",99.0,99
"ФИТОкосметик","Краска для бровей и ресниц ФИТОкосметик Кокетка Черная",69.0,69
"Estel","Краска - уход для волос без аммиака Estel Celebrity 10/36 Перламутровый Блондин",359.0,359
"Garnier","Тканевая маска - молочко для лица Garnier Skin Naturals ' Питание-бомба ' с кокосовым молочком ' 32г",194.0,259
"Parisa Cosmetics","Тушь для ресниц Parisa Cosmetics Glam & Glow Черная 12мл",289.0,419
"Luxvisage","Тени для век Luxvisage Glam Look 4-х цветные 5 4г",341.0,525
"Lavelle","Консилер для лица Lavelle 01 6 цветов",445.0,445
"Art-Visage","Подводка - фломастер для век Art-Visage Chicago Черная 0,7мл",429.0,429
"Zinger","Пемза для ног Zinger Classic",299.0,299
"Пародонтол","Зубная паста Пародонтол ' Сенситив ' для чувствительных зубов 124г",149.0,149
"Divage","Помада - бальзам для губ Divage Lipstick Nude Balm 01 4г",319.0,499
"ФИТОкосметик","Крем для ног ФИТОкосметик Super Пятки от мозолей и натоптышей 75мл",149.0,149
"Ameli","Заколки - шпильки Ameli для волос 50шт",69.0,149
"Ameli","Резинки для волос Ameli в косметичке , 40шт",199.0,199
"WEIS","Пончик для ванны WEIS ' Ваниль-голубика ' 120г",139.0,139
"Relouis","Пудра для лица Relouis PRO Icon Look Satin Face Powder 00 , 9г",635.0,635
"Zinger","Металлический пушер Zinger для маникюра",349.0,349
"Dirol","Жевательная резинка Dirol ' Арбузно-дынный коктейль ' 13,6г",29.0,37
"Невская Косметика","Увлажняющий крем Невская Косметика легкий для детей 40мл",99.0,99
"Lavelle","Тени для век Lavelle Jet set 01 Posh",899.0,899
"Главаптека","Зубная паста Главаптека ' мятная ' 90г",69.0,69
"Valori","Рукавичка - спонж для умывания лица Valori Pure skin ' Глубокое очищение '",199.0,199
"Holika Holika","CC крем для лица Holika Holika Petit CC теплый подтон SPF32 PA++ 30мл",716.0,995
"Vivienne Sabo","Матирующий тональный крем для лица Vivienne Sabo Shake 02 25мл",849.0,849
"Delicare","Крем для рук Delicare ' увлажняющий ' с пантенолом и с экстрактом алоэ вера 75мл",99.0,99
"Farres","Консилер для лица Farres Full Coverage 03 7,3г",209.0,299
"Divage","Помада для губ Divage Praline 11 4г",399.0,399
"Vivienne Sabo","Плампер для губ Vivienne Sabo Le Grand Volume Extra Plumping 03 3мл",569.0,569
"ФИТОкосметик","Маска для лица ФИТОкосметик Таблетка красоты ' мгновенное омоложение ' 8мл",99.0,99
"Golden Rose","Лак для ногтей Golden Rose Ice Color 197 6мл",89.0,119
"Angel Key","Разглаживающая маска для лица Angel Key Твоя маска с муцином улитки Восстановление и питание кожи",49.0,49
"Estel","Стойкая крем-гель краска для волос Estel Color Signature 9/15 Розовый жемчуг",489.0,489
"LiveFresh","Ароматический диффузор LiveFresh Pumpkin Spice Latte 100мл",499.0,499
"Influence Beauty","Гель - блеск для губ Influence Beauty Gloss-X 10 3,4мл",419.0,589
"NIVEA","Бальзам после бритья NIVEA Men Гиалурон 100мл",627.0,627
"Дав","Шампунь для волос Дав ' восстановление ' с куркумой и кокосовым маслом 380мл",314.0,449
"Day Spa","Тампоны с аппликатором Day Spa Active Days Super 16шт",249.0,499
"Luxvisage","Жидкая помада для губ Luxvisage Matt Tattoo No transfer матовая 104 Lilac nude",246.0,379
"WEIS","Мицеллярная вода для снятия макияжа WEIS Hyaluron 445мл",179.0,299
"BelorDesign","Консилер для лица BelorDesign Soft Focus 101 Фарфоровый 7г",259.0,399
"Новая заря","Лосьон для лица Новая заря ' Розовый ' 100мл",99.0,99
"Luxvisage","Блеск - плампер для губ Luxvisage Lip Volumizer hot vanilla 303 , 2,9г",226.0,349
"Mond'Sub","Крем для лица Mond'Sub Brightening Light с витамином C 50г",349.0,349
"Rubis","Мыло туалетное Rubis ' Luxurious Lavender ' 115г",116.0,155
"BeYoung","Палетка глиттеров для век BeYoung Lumi Glow 2 4 оттенка 6г",221.0,369
"Jeanmishel","Лак для ногтей Jeanmishel Gel formula 136 , 12мл",129.0,129
"Stellary","Пудра для лица Stellary Soft Matte Powder SP02 7г",629.0,629
"Influence Beauty","Увлажняющий тональный крем для лица Influence Beauty Skinnovation Hydra 02 25мл",969.0,969
"Vivienne Sabo","Помада для губ Vivienne Sabo Nude Createur 10 , 4г",439.0,439
"Eveline","Корректор Eveline ART PROFESSIONAL MAKE UP для лица 2 в 1 07 7мл",395.0,395
"Stellary","Кремовый консилер для лица Stellary Nude Skin Concealer 03 3мл",579.0,579
"Невская Косметика","Крем Невская Косметика для лица ' витаминный ' облепиховый , для нормальной кожи 40мл",109.0,109
"Luxvisage","Жидкая матовая помада для губ Luxvisage Matt Tattoo no transfer 12H 121 , 3,8г",246.0,379
"Stellary","Гель для бровей Stellary Brow Fixing Gel Прозрачный 8мл",301.0,429
"Claire Cosmetics","Крем для лица Claire Cosmetics Revital Pro ' обновление и глубокое увлажнение ' 50мл",419.0,599
"Valori","Освежающий тоник для лица Valori Fresh toner для всех типов кожи 300мл",265.0,265
"One4me","Мусс для волос One4me Без предела Крейзи объём 250мл",479.0,639
"Jeanmishel","Лак для ногтей Jeanmishel Gel formula 376 , 12мл",129.0,129
"Feel Free","Крем для кожи вокруг глаз Feel Free ' увлажняющий ' с гиалуроновой кислотой 20мл",699.0,699
"Holika Holika","Очищающая пенка для лица Holika Holika Daily Garden ' Camellia ' с камелией 120мл",299.0,549
"Novosvit","Крем Novosvit для рук ' Butter ' , д-пантенол + масло кокоса 40мл",189.0,189
"Акс","Мужской дезодорант Акс Сила Джунглей 150мл",426.0,569
"Love Generation","Помада - бальзам для губ Love Generation Wet Dream 05 1,4г",559.0,559
"Holly Polly","Бальзам для губ Holly Polly Crazy in Love ' Strawberries and cream ' 4,8г",229.0,229
"Jeanmishel","Тушь для ресниц Jeanmishel SHINE all day classic Черная 14мл",249.0,249
"Hiskin","Дневной крем для лица Hiskin с коллагеном 50мл",799.0,1520
"Influence Beauty","Влагостойкая тушь для ресниц Influence Beauty Lash Scaf water-resistant 01 , 9мл",809.0,809
"Сьёсс","Бальзам для волос Сьёсс Pure & Gentle ' Бережный уход ' 450мл",319.0,499
"7 days","Зубная паста 7 days Rezolut ' свежая мята и защита от кариеса ' 150г",75.0,99
"Green Mama","Молочко для снятия макияжа Green Mama ' масло зародышей пшеницы и ромашка ' 300мл",499.0,499
"WEIS","Пилинг - скатка для лица WEIS Hyaluron с фруктовыми кислотами 50мл",199.0,199
"Выгода","Мужские станки Выгода одноразовые для бритья в пакете 3шт",39.0,39
"Ninelle","Мягкий карандаш - каял для век Ninelle Efecto 211 0,78г",649.0,649
"L'Oreal Paris","Тушь для ресниц L'Oreal Paris False Lash Oversized Eye Черная 8,9мл",1117.0,1490
"Art-Visage","Сияющие тени для век Art-Visage Illusion 39 Ледяной агат 1,9г",439.0,439
"Luxvisage","Тени для век Luxvisage Color Matt 14 1,5г",259.0,399
"Eveline","Рассыпчатая пудра для лица Eveline Matt my day Peach",381.0,569
"Divage","Помада - бальзам для губ Divage Lipstick Nude Balm 02 4г",319.0,499
"Eveline","Карандаш для век Eveline Коричневый",159.0,159
"Ameli","Набор резинок Ameli цветные для волос 3,3см",149.0,149
"УРРА","Пакет УРРА подарочный крафт 11*14*6см в ассортименте",29.0,49
"L'Oreal Paris","Помада для губ L'Oreal Paris Color Riche Les Nus 177 4,5мл",1150.0,1150
"Day Spa","Ультратонкие ежедневные прокладки Day Spa Multiform Deo ' Морской бриз ' 20шт",59.0,89
"Vivienne Sabo","Двойные румяна для лица Vivienne Sabo Naturel 01 , 6г",529.0,529
"Sensicare","Гель для душа Sensicare Coctail ' Мохито ' 445мл",139.0,199
"Relouis","Корректор для лица Relouis PRO Full Cover Corrector 20 , 4г",495.0,495
"Garnier","Восстанавливающая тканевая маска для лица Garnier Skin Naturals с пребиотиками 23г",194.0,259
"Green Mama","Питательный крем для лица Green Mama ' кедровый орех и облепиховое масло ' 100мл",325.0,465
"Estrade","Масло для губ Estrade Relax 505 6,5мл",369.0,369
"Vivienne Sabo","Увлажняющий тональный крем для лица Vivienne Sabo Ocean 03 23мл",449.0,639
"Mirrolla","Шампунь Mirrolla ' Луковый ' с красным перцем , от выпадения волос 250мл",119.0,119
"FreshWeek","Жидкое крем - мыло FreshWeek с экстрактом зеленого чая и огурца 460мл",104.0,149
"ICE Professional by NS","Кондиционер для волос ICE Professional by NS Aqua Cruch 250мл",546.0,749
"Vivienne Sabo","Маркер для бровей Vivienne Sabo Marqueur Superb 01 , 0,7мл",549.0,749
"Stellary","Бальзам для губ Stellary Volumizer Lip Balm 03 3,8г",599.0,599
"Galant Cosmetic","Бальзам для губ Galant Cosmetic Три кота Яблочный 4,2г",109.0,169
"Golden Rose","Лак для ногтей Golden Rose Wow! 1 Белый 6мл",89.0,119
"Divage","Бальзам для губ Divage Marbled lip balm 01 4мл",299.0,449
"Botaniqua","Крем - праймер для лица Botaniqua ' Совершенная гладкость ' с гиалуроном 50мл",249.0,249
"Claire Cosmetics","Дневной крем для лица Claire Cosmetics Collagen Active Pro 65+ 50мл",468.0,669
"Невская Косметика","Питательный крем Невская Косметика для лица для сухой и нормальной кожи ' ромашка ' 38г",99.0,99
"Vivienne Sabo","Помада для губ Vivienne Sabo Nude Createur 18 , 4г",439.0,439
"Compliment","Масло массажное Compliment Slim&Detox Разогревающее 200мл",399.0,399
"Love Generation","Гелевый карандаш для губ Love Generation Lip Pleasure 08 1,35г",399.0,399
"Eveline","Гель для бровей Eveline Eyebrow Corrector 5 в 1 бесцветный 9мл",313.0,313
"Bella","Тампоны Bella Super 16шт",265.0,265
"Art-Visage","Пудра для лица Art-Visage Perfect Skin для жирной и комбинированной кожи 211 Теплый беж 7г",525.0,525
"Miraculous","Детский блеск для губ Miraculous Леди Баг 01 3+ 3мл",323.0,323
"Jeanmishel","Лак для ногтей Jeanmishel с блестками D1",149.0,149
"Gel-Off","Питательное жемчужное сухое масло для ногтей и кутикулы Gel-Off Professional 15мл",279.0,279
"7 days","Зубная паста 7 days Rezolut ' Бережное осветление ' 150г",75.0,99
"Relouis","Корректор для лица Relouis PRO Full Cover Corrector 30 , 4г",495.0,495
"Novosvit","Гиалуроновый тонер для лица Novosvit 100мл",188.0,269
"Luxvisage","Жидкие тени для век Luxvisage Metal hype 7 Кремовый жемчуг 3г",226.0,349
"NSC","Тканевая маска для лица с экстрактом граната NSC Pomegranate 22г",89.0,89
"WEIS","Двухфазное средство для снятия макияжа с глаз WEIS ' Ухаживающая формула ' 100мл",249.0,249
"Lebelage","Пенка для умывания Lebelage с коллагеном 100мл",459.0,459
"Vilardi","Салфетка из микрофибры Vilardi ' Intense Clean Up ' 34*34см",89.0,149
"Influence Beauty","Палетка для контуринга лица Influence Beauty Silver Decagon 02 8,5г",1290.0,1290
"Eveline","Подводка - маркер для век Eveline ART PROFESSIONAL MAKE UP водостойкая",319.0,319
"Vivienne Sabo","Карандаш для губ Vivienne Sabo Jolies Levres 110 Винный 0,9г",329.0,329
"Зубочистка №1","Пластиковые зубочистки в акриловом чехле Зубочистка №1 150шт",249.0,249
"Hair Style","Восстанавливающий бальзам для поврежденных волос Hair Style укрепление и питание 250мл",299.0,299
"Чистая линия","Гель для умывания Чистая линия Идеальная Кожа ' Нежное Очищение ' 160мл",224.0,299
"L'Oreal Paris","Ночной крем - маска L'Oreal Paris Revitalift Лазер х3 регенерирующий для лица 50мл",1290.0,1720
"ICE Professional by NS","Кондиционер для волос ICE Professional by NS Volume Maker 250мл",546.0,749
"Carelax","Восковые полоски для депиляции Carelax Silk Touch Gel-Wax для тела 12шт",449.0,449
"Ollin Professional","Перманентная крем - краска для волос Ollin Professional Color 8/21 Светло-русый фиолетово-пепельный 60мл",275.0,275
"Natura Siberica","Мицеллярная вода для сухой и чувствительной кожи Natura Siberica Lab Biome Sensitive 450мл",549.0,549
"Floresan","Масло для быстрого загара Floresan Paradise ' Гавайское ' SPF 15 160мл",174.0,249
"Eveline","Пудра для лица Eveline Tea tree антибактериальная матирующая 004 Beige 9г",539.0,539
"Organic Shop","Скраб Organic Shop ' бразильский кофе ' для тела 250мл",429.0,429
"Art-Visage","Сияющие тени для век Art-Visage Illusion 42 Голубой кварц 1,9г",439.0,439
"Halls","Карамель леденцовая Halls ' Мед и лимон ' 25г",59.0,59
"Jeanmishel","Лак для ногтей Jeanmishel GEL effect 101 Белый 6мл",85.0,85
"Art-Visage","Тушь для ресниц Art-Visage Panoramic объём , удлинение и разделение 9мл",455.0,455
"Effect Color","Стойкая крем - краска для волос Effect Color 5 в 1 , 4.36 , Мокко , 50мл",79.0,79
"Раптор","Аэрозоль Раптор ' защита от моли ' 235мл",199.0,199
"Art-Visage","Пудра для лица Art-Visage Perfect Skin для жирной и комбинированной кожи 212 Фарфоровый 7г",525.0,525
"Jeanmishel","Подводка - фломастер для век Jeanmishel MOON for night Черный 1,1мл",249.0,249
"NSC","Тканевая маска для лица с зеленым чаем NSC Green Tea 22г",89.0,89
"ФИТОкосметик","Стойкая крем - краска ФИТОкосметик FitoColor для бровей и ресниц 2.0 Графит 2*2мл",115.0,115
"Luxvisage","Блеск для губ Luxvisage Dragon Glass 3D volume 2 , 2,8г",207.0,319
"Eveline","Тональный крем Eveline Art-professional make-up 3 в 1 Светлый Бежевый 30мл",469.0,469
"Divage","Жидкая матовая помада для губ Divage Matte Cloud Liquid lipstick 05 2,8мл",339.0,499
"Vivienne Sabo","Водостойкая подводка - фломастер для век Vivienne Sabo Feutre Fin 802 , Черный , 0,8мл",569.0,569
"Jeanmishel","Лак для ногтей Jeanmishel Gel formula 108 , 12мл",129.0,129
"Estrade","CC крем для лица Estrade сатиновый SPF 10 12 Майолика 24мл",489.0,489
"NSC","Тканевая маска для лица с древесным углем NSC Charcoal 22г",89.0,89
"Novosvit","Увлажняющий крем Novosvit Aquanti для лица ' коллаген и гиалуроновая кислота ' 50мл",249.0,459
"NSC","Тканевая маска для лица с AHA-кислотами NSC Glow Skin 22г",89.0,89
"Stellary","Карандаш для губ Stellary Lipliner 15 1,35г",289.0,289
"Aravia Laboratories","Увлажняющая маска для лица Aravia Laboratories Hydra Express Mask 100мл",489.0,699
"Mixit","Румяна для лица в стике Mixit Blush Stick 01 5,2г",621.0,829
"Фа","Мужской гель для душа 2 в 1 Фа Men ' Спорт ' 750мл",389.0,599
"Defance","Влажные салфетки Defance Medis Antibacterial mini 8шт",35.0,35
"Rilly kids","Детская губка для купания Rilly kids махровая 0+",149.0,149
"Jeanmishel","Лак для ногтей Jeanmishel GEL effect 199 Черный 6мл",85.0,85
"Delicare","Омолаживающий крем - лифтинг для лица Delicare 60+ 50мл",349.0,349
"Jeanmishel","Лак для ногтей Jeanmishel Gel formula 375 , 12мл",129.0,129
"Zinger","Стеклянная пилка Zinger для ногтей",399.0,399
"Delicare","Крем - гель для душа Delicare Yougurt ' Фисташковое мороженое ' 1000мл",329.0,499
"Golden Rose","Лак для ногтей Golden Rose Ice Color 166 6мл",89.0,119
"Delicare","Крем - баттер для тела Delicare ' малина и мелисса ' 400г",349.0,349
"Клиар","Шампунь для женщин Клиар ' восстановление поврежденных и окрашенных волос ' против перхоти 400мл",381.0,569
"Beauty Bomb","Гель для бровей Beauty Bomb Fix, Bro 01 6мл",185.0,185
"Market Fresh","Пищевая пленка Market Fresh 20м + 2м в подарок",45.0,59
"Art-Visage","Увлажняющая помада для губ Art-Visage Black Dress 01 Розовый металлик 4,5г",369.0,369
"L'Cosmetics","Крем для детей и взрослых L'Cosmetics Lullaby ' All in One ' для сухой и чувствительной кожи 3+ 250мл",218.0,299
"Lavelle","Румяна для лица Lavelle 2-цветные 02 Загар 5г",249.0,249
"Jeanmishel","Лак для ногтей Jeanmishel Gel formula 162 , 12мл",129.0,129
"Compliment","Флюид для истонченных и секущихся волос Compliment Кератин&Аргинин ' Экстремальное восстановление ' против ломкости 25мл",195.0,279
"Eveline","Корректор Eveline ART PROFESSIONAL MAKE UP для лица 2 в 1 05 Nude 7мл",395.0,395
"Relouis","Стойкий карандаш для губ Relouis Long-lasting Lip Pencil с маслом жожоба 02 4г",429.0,429
"Parisa Cosmetics","Карандаш для век Parisa Cosmetics 501 , Черный , 1,5г",135.0,135
"Parisa Cosmetics","Тушь для ресниц Parisa Cosmetics Dream ' Extreme volume ' Черная 12мл",282.0,409
"Delicare","Стойкая крем - краска для волос Delicare Professional Color Trend 10.16 Платиновый блонд",249.0,249
"Influence Beauty","Тушь для ресниц с силиконовой щеточкой Influence Beauty Lash Singularity 01 13мл",699.0,699
"Черный Жемчуг","Сыворотка - бустер для лица Черный Жемчуг восстанавливает упругость кожи с коллагеном , SPF 20 30мл",599.0,599
"Бреф","Туалетный блок для унитаза Бреф Ароматы СПА ' энергия ' 3*50г",599.0,599
"Тресемме","Восстанавливающий шампунь для поврежденных волос Тресемме Восстановление и защита с биотином и аминокислотами 400мл",499.0,499
"Luxvisage","Блеск для губ Luxvisage Pin-Up 34 5г",259.0,399
"Divage","Многофункциональный матовый тинт для губ Divage Chic Touch Matte Tint 01 11мл",399.0,599
"Fara","Стойкая краска для бровей и ресниц с эффектом татуажа Fara WOW Brow Tattoo effect 2.0 Черный",194.0,299
"Divage","Помада для губ Divage Praline 01 4г",399.0,399
"Черный Жемчуг","Дневной крем Черный Жемчуг Самоомоложение для лица 56+ 50мл",449.0,449
"Vivienne Sabo","Подводка для глаз с кисточкой Vivienne Sabo Linerextase 01 0,5мл",729.0,729
"Delicare","Восстанавливающий бальзам для ног Delicare Комплексный уход 100мл",169.0,169
"Клиар","Укрепляющий шампунь для волос Клиар Derma Therapy ' Энергия роста ' 380мл",569.0,569
"Дав","Бальзам - ополаскиватель для волос Дав ' Густые и сильные ' с маслом лаванды и экстрактом розмарина 350мл",314.0,449
"NSC","Витаминная тканевая маска для лица NSC Vitamin 22г",89.0,89
"Без бренда","Щетка для тела Natural Care круглая",149.0,299
"Чистая линия","Мягкий скраб Чистая линия для лица для сухой и для чувствительной кожи 50мл",119.0,159
"Missha","BB крем для лица Missha Perfect Cover RX ' Естественное покрытие ' SPF 42/PA+++ 23 20мл",1100.0,2490
"Bambolina","Детская шипучая соль для ванн Bambolina ' Дракон ' 100г",129.0,129
"Luxvisage","Пудра - скульптор для лица Luxvisage 2 Ванильный капучино 9г",324.0,499
"В каждый дом","Салфетки для уборки В каждый дом из вискозы универсальные 30*30см 3шт",19.0,19
"Novosvit","Крем - праймер Novosvit гиалуроновый от глубоких морщин ' AquaBase ' 50мл",209.0,299
"Чистая линия","Питательный крем Чистая линия ночной для лица для сухой кожи 40мл",139.0,139
"Jeanmishel","Лак для ногтей Jeanmishel Гель формула 121 перламутровый Белый 12мл",129.0,129
"Vivienne Sabo","Плампер для губ Vivienne Sabo Le Grand Volume Extra Plumping 01 3мл",569.0,569
"Черный Жемчуг","Крем - скульптор для лица и шеи Черный Жемчуг LiftACTIVATOR ' лифтинг-эффект и контуринг ' 50мл",524.0,699
"BelorDesign","Палетка для макияжа BelorDesign Sculpting Trio 1 5,8г",454.0,699
"Nextbeau","Увлажняющая мицеллярная вода для лица Nextbeau Hyaluronic Solution ' Moist Cleansing Water ' с гиалуроновой кислотой 310мл",549.0,1040
"Vivienne Sabo","Помада для губ Vivienne Sabo Nude Createur 15 , 4г",439.0,439
"Чистая линия","Шампунь + бальзам Чистая линия 2 в 1 для всех типов волос 400мл",249.0,249
"Estrade","Мерцающий блеск для губ Estrade Avrora 104 Беллатрикс 5,5мл",339.0,339
"Stellary","Карандаш для губ Stellary Lipliner 10 1,35г",289.0,289
"Eveline","Тональный крем для лица с эффектом сияния Eveline Wonder Match Lumi SPF 20 20 30мл",622.0,929
"Luxvisage","Масло для губ Luxvisage Beauty 1 Ягодный эликсир",172.0,265
"Luxvisage","Блеск для губ Luxvisage Pin-Up 26 Smoky plum 5г",259.0,399
"Relouis","Тушь для ресниц Relouis Touche ' суперобъем и разделение ' , Коричневый , 9г",499.0,499
"Luxvisage","Помада для губ Luxvisage Pin-Up матовая 506 Nicole 4г",224.0,345
"L'Oreal Paris","Дневной крем L'Oreal Paris Возраст Эксперт для лица против морщин 45+ 50мл",899.0,899
"Eveline","Крем для тела Eveline Фито Линия ' Козье молоко + коллаген и эластин ' 210мл",349.0,349
"Jeanmishel","Средство для ногтей Jeanmishel Pro nail care экспресс - сушка 6мл",125.0,125
"Lavelle","Румяна для лица Lavelle Uno Blush 01 4,2г",329.0,329
"Ollin Professional","Перманентная крем - краска для волос Ollin Professional Color 1/0 Иссиня-черный 60мл",275.0,275
"R.O.C.S.","Ополаскиватель для полости рта R.O.C.S. ' двойная мята ' 400мл",299.0,399
"El'Skin","Маска - баттер для лица El'Skin ' Butter-mask Avocado ' с авокадо 10г",99.0,99
"ФИТОкосметик","Бальзам для губ ФИТОкосметик Beauty Visage омолаживающий ' Коллагеновый ' 5 в 1 3,6г",199.0,199
"Чистая линия","Молочко Чистая линия для тела ' роскошный уход 2 в 1 ' 200мл",239.0,299
"Черный Жемчуг","Дневной крем для лица Черный Жемчуг ' интенсивное питание ' с коллагеном 46мл",336.0,449
"Deonica","Женский дезодорант Deonica Нежность шелка 50мл",164.0,219
"Art-Visage","Кремовый скульптор для лица Art-Visage Face Focus 301 15г",619.0,619
"Фа","Мужской дезодорант Фа Men Ночи Ипанемы 50мл",224.0,299
"Divage","Помада для губ Divage Praline 04 4г",399.0,399
"Divage","Помада - бальзам для губ Divage Lipstick Nude Balm 05 4г",319.0,499
"Art-Visage","Тушь для ресниц Art-Visage Chicago Ultramarine 15мл",449.0,449
"Jeanmishel","Средство для ногтей Jeanmishel Pro nail care витаминный укрепитель 6мл",125.0,125
"NIVEA","Гель для душа NIVEA Men ' Ultra ' ультра очищение и свежесть 250мл",379.0,379
"Чистая линия","Лосьон - тоник Чистая линия для сухой и чувствительной кожи на отваре целебных трав 100мл",189.0,189
"Ninelle","Устойчивая гелевая подводка для век Ninelle Energia Gel 411 3г",615.0,879
"BeYoung","Фиксирующая пудра для лица BeYoung Banana Powder 6,5г",449.0,449
"Delicare","Гель для душа Delicare Dessert ' Panna Cota ' 400мл",299.0,299
"Colgate","Детская зубная паста Colgate Доктор заяц со вкусом Бабл Гам 2+ 50мл",119.0,149
"Delicare","Маска для волос Delicare Professional для окрашенных волос 25мл",65.0,65
"ФИТОкосметик","Гидрогелевые патчи для кожи вокруг глаз ФИТОкосметик Народные рецепты охлаждающие ' зеленый чай и мята ' 7г",99.0,99
"Ollin Professional","Перманентная крем - краска для волос Ollin Professional Color 7/7 Русый коричневый 60мл",275.0,275
"Delicare","Стойкая крем - краска для волос Delicare Professional Color Trend 9.08 Жемчужный Блонд",249.0,249
"Influence Beauty","Подводка - фломастер для век Influence Beauty Lazerline 01 1,3мл",749.0,749
"УРРА","Подарочный пакет УРРА ламинированный , матовый , глиттерный декор , M , в ассортименте",69.0,99
"Golden Rose","Лак для ногтей Golden Rose Ice Color 103 6мл",89.0,119
"Черный Жемчуг","Дневной крем Черный Жемчуг Самоомоложение для лица 46+ 50мл",449.0,449
"Holika Holika","Тканевая маска Holika Holika для лица ' Pure Essence Mask Sheet Damask Rose ' увлажняющая 23мл",108.0,155
"Claire Cosmetics","Ночной крем для лица Claire Cosmetics Collagen Active Pro 65+ 50мл",468.0,669
"Mirrolla","Эфирное масло Mirrolla ' чайное дерево ' 10мл",120.0,165
"Art-Visage","Сияющие тени для век Art-Visage Illusion 37 Лиловый кристалл 1,9г",439.0,439
"ФИТОкосметик","Краска для бровей и ресниц ФИТОкосметик Кокетка Коричневая",69.0,69
"Фтородент","Зубная паста Фтородент комплексная 90г",59.0,59
"Сьёсс","Лак для волос Сьёсс Pro Gold Hold Volume Protection 500мл",559.0,799
"Delicare","Крем для лица и рук Delicare Soft Cream ' защита ' с экстрактом ромашки 30мл",59.0,99
"Relouis","Двойные тени для век Relouis PRO Eyeshadow Duo 103 , 3г",298.0,459
"Holika Holika","Тканевая маска Holika Holika для лица ' Pure Essence Mask Sheet RICE ' против пигментации 23мл",108.0,155
"Effect Color","Стойкая крем - краска для волос Effect Color 5 в 1 , 7.3 , Карамель , 50мл",79.0,79
"Jeanmishel","Лак для ногтей Jeanmishel GEL effect 257 Малиновый 6мл",85.0,85
"Глисс Кур","Стойкая краска для волос Глисс Кур Уход & увлажнение с гиалуроновой кислотой 10-2 Натуральный холодный блонд",419.0,619
"Kaizer","Пилка для маникюра шлифовочная Kaizer Professional мягкая , прямая , на деревянной основе 100/180 , 180мм Черная",99.0,99
"Дав","Крем - гель для душа Дав ' Нежность шелка ' 250мл",279.0,399
"Divage","Румяна для лица Divage Solo compact blush 04 2г",339.0,499
"D.I.E.S.","Освежающая зубная паста D.I.E.S. Active Fresh ' Нежная мята ' 100мл",199.0,199
"Estrade","Тинт для губ Estrade Adele Superstay Lip Tint 04 5,5мл",349.0,349
"Jeanmishel","Лак для ногтей Jeanmishel Crystal 710 Розовый блестящий 12мл",149.0,149
"Чистая линия","Дневной Фито - крем Чистая линия От 60 лет ' таволга и калина ' для лица , 45мл",246.0,329
"Aravia Laboratories","Обновляющий пилинг для лица 12% Aravia Laboratories Youth Essence Peeling 50мл",459.0,649
"Levrana","Женский дезодорант для тела Levrana Fitness ' Лемонграсс ' 50мл",157.0,315
"Eveline","Тушь для ресниц Eveline Variete Let's twist Черная 10мл",327.0,489
"Stellary","Стойкая жидкая матовая помада для губ Stellary Lip Tattoo 06 4,5мл",303.0,607
"Claire Cosmetics","Увлажняющий тоник для лица Claire Cosmetics Collagen Active Pro 200мл",449.0,449
"Ollin Professional","Перманентная крем - краска для волос Ollin Professional Color 6/0 Темно-русый 60мл",275.0,275
"Golden Rose","Лак для ногтей Golden Rose Wow! 3 Белый 6мл",89.0,119
"Concept","Стойкая крем - краска для волос Concept Fusion Inspiration 8.5 Caramel Apple ( Карамельное яблоко ) 100мл",272.0,389
"Colgate","Зубная щетка Colgate 360° Древесный уголь средней жесткости",199.0,259
"Дав","Крем - гель для душа Дав ' глубокое питание и увлажнение ' 250мл",279.0,399
"Divage","Тушь для ресниц Divage LongLashes 90x60x90 Черная 10мл",349.0,499
"Mirrolla","Эфирное масло Mirrolla ' эвкалипт ' 10мл",120.0,165
"NSC","Тканевая маска для восстановления и сияния кожи NSC Recovery & Glow skin 22г",69.0,69
"Luxvisage","Матовый блеск для губ Luxvisage Pin-Up 18 Сливочное пралине 5г",259.0,399
"Divage","Подводка - фломастер для век Divage Perfect Arrow 02 0,5мл",599.0,599
"Ninelle","Палетка скульптурирования лица Ninelle La Luz y La Sombra 503 9г",975.0,975
"7 days","Зубная паста 7 days ' тройное действие ' 100мл",69.0,99
"Jeanmishel","Лак для ногтей Jeanmishel Crystal 712 Нежно-розовый блестящий 12мл",149.0,149
"Delicare","Стойкая крем - краска для волос Delicare Professional Color Trend 8.03 Пшеничный",249.0,249
"Foot Expert","Пластырь для ног гидроколлоидный Foot Expert от влажных мозолей 2,9*6 см 3шт + 2,2*4,1см 3шт",279.0,399
"Divage","Жидкая матовая помада для губ Divage Matte Cloud Liquid lipstick 02 2,8мл",339.0,499
"Holika Holika","CC крем для лица Holika Holika Petit CC холодный подтон SPF32 PA+ 30мл",716.0,995
"Весна","Крем для лица Весна Tolk Pharm ' гиалурон ' 40мл",99.0,99
"Чистая линия","Питательный крем Чистая линия ночной для лица для нормальной и комбинированной кожи 40мл",139.0,139
"Без бренда","Набор дорожных флаконов с воронкой 2шт",99.0,99
"Day Spa","Женские прокладки Day Spa Simple Classic Soft super 9шт",125.0,125
"Relouis","Тушь для ресниц Relouis Top-Model ' объём + удлинение ' , Черный , 10г",479.0,479
"Фельдшер","Салициловый бальзам для ног Фельдшер ' МикозOff ' 14% мочевины + октопирокс 75мл",132.0,189
"Eveline","Карандаш Для бровей Eveline контурный , коричневый",169.0,169
"Luxvisage","Тени для век Luxvisage Glam Look 4-х цветные 8 4г",341.0,525
"Relouis","Механический карандаш для век Relouis Artistic Velvet Kajal Contour 02 , 0,36г",469.0,469
"Eveline","Питательный крем Eveline EXTRA SOFT для кожи лица и тела для любого типа кожи 200мл",349.0,349
"Parisa Cosmetics","Карандаш для век Parisa Cosmetics Gel Eyepencil 801 1,2г",158.0,229
"BelorDesign","Карандаш для бровей BelorDesign Browista Ультратонкий 204",181.0,279
"Zinger","Пилка - шлифовка Zinger брусок в ассортименте",249.0,249
"Eveline","Тональный крем Eveline Art-professional make-up 3 в 1 Пастельный 30мл",469.0,469
"ФИТОкосметик","Вазелин для губ ФИТОкосметик ' сибирская облепиха ' 4,5г",125.0,125
"Essence","Карандаш для губ Essence 8h Matte Comfort lipliner 07 0,3г",221.0,221
"Lavelle","Гель для бровей Lavelle фиксирующий ' Brow Sculpting ' 01",125.0,179
"Чистая линия","Укрепляющий шампунь для волос Чистая линия Сила и густота с экстрактом крапивы 750мл",385.0,385
"7 days","Зубная паста 7 days Rezolut Сенситив Профилактика чувствительности зубов 150мл",75.0,99
"Солнце и луна","Детский гель для душа с блестками Солнце и луна 250мл",194.0,299
"Parisa Cosmetics","Тушь для ресниц Parisa Cosmetics Long Lashes ' Italy ' Черная 12мл",240.0,349
"Zinger","Массажная расческа для волос Zinger CH-16-2 Color",249.0,249
"Frenchi","Лак для ногтей Frenchi Nude 22 Honey 11мл",249.0,249
"Estrade","Тушь для ресниц Estrade Color Bomb Volume 36 Коричневый 13мл",349.0,459
"Jeanmishel","Лак для ногтей Jeanmishel 183 12мл",149.0,149
"Весна","Крем для лица Весна Tolk Pharm ' коллаген ' 40мл",99.0,99
"Parisa Cosmetics","Бальзам для губ Parisa Cosmetics Sweet Kiss ' Watermelon ' 7г",269.0,269
"Art-Visage","Автоматический карандаш для бровей Art-Visage Cinema Brows 06 0,1г",319.0,429
"Mentholatum","Пенка для умывания Mentholatum Acnes с витаминами 50г",299.0,599
"Vivienne Sabo","Тушь для бровей Vivienne Sabo Designer 01 5мл",449.0,449
"Ninelle","Карандаш для бровей Ninelle Manera 602 1,79г",699.0,699
"ФИТОкосметик","Вазелин для губ ФИТОкосметик ' Сочная клюква ' от обветривания 4,5г",125.0,125
"Missha","BB крем для лица Missha Perfect Cover RX ' Естественное покрытие ' SPF 42/PA+++ 21 20мл",1100.0,2490
"BeYoung","Фиксирующий гель для бровей BeYoung Ultra Fixing Brow Gel 12г",249.0,249
"Luxvisage","Помада для губ Luxvisage Pin-Up матовая 524 Bella 4г",224.0,345
"SoWell","Лак для волос SoWell Perfect fixation сверхсильной фиксации 5 300мл",499.0,499
"Influence Beauty","Автоматический карандаш для век Influence Beauty Spectrum 1 , 0,28г",369.0,535
"Ollin Professional","Маска для волос Ollin Professional Matisse Color тонирующая gray/серый 100мл",399.0,399
"Jeanmishel","Лак для ногтей Jeanmishel GEL effect 289 Лавандовый 6мл",85.0,85
"Kloger","Запасной блок Kloger чистящее средство для унитазов , с гелевой вставкой ' Морской ' 40г",49.0,79
"Ollin Professional","Перманентная крем - краска для волос Ollin Professional Color 5/71 Светлый шатен коричнево-пепельный 60мл",275.0,275
"ФИТОкосметик","Стойкая крем - краска ФИТОкосметик FitoColor для бровей и ресниц 1.0 Черный 2*2мл",115.0,115
"ICE Professional by NS","Кондиционер для волос ICE Professional by NS Peptide Bonding 250мл",546.0,749
"Vivienne Sabo","Карандаш для губ Vivienne Sabo Jolies Levres 206 , 1,4г",329.0,329
"Eveline","Крем - маска для рук и ногтей Eveline ' Argan & Macadamia ' эксклюзивный , питательный 100мл",269.0,269
"Cafe Mimi","Лосьон для тела Cafe Mimi Colours Mango Mania 100мл",149.0,149
"Carmex","Бальзам для губ Carmex Daily Care Strawberry SPF 15 10мл",589.0,589
"Zinger","Массажная расческа Zinger для мокрых волос , с нейлоновыми зубьями",299.0,299
"Luxvisage","Румяна для лица Luxvisage Silk Dream компактные 1 5г",311.0,479
"Carelax","Женский дезодорант Carelax ' Fresh Water ' 150мл",179.0,239
"Stellary","Устойчивая помада для губ Stellary Rich Nude 06 3,8г",519.0,519
"Molped","Женские прокладки Molped Pure&Soft Cупер 8шт",109.0,179
"Influence Beauty","Подводка - фломастер для век Influence Beauty Cyberwing 01 0,5мл",759.0,759
"Ninelle","Карандаш для бровей Ninelle Manera 601 1,79г",699.0,699
"Frenchi","Сухое масло для ногтей Frenchi Умная эмаль с шиммером 11мл",299.0,299
"Luxvisage","Блеск - плампер для губ Luxvisage Lip Volumizer hot vanilla 305 , 2,9г",226.0,349
"Jeanmishel","Средство для ногтей Jeanmishel Pro nail care 3 в 1 база - топ - укрепитель 6мл",125.0,125
"Vivienne Sabo","Увлажняющий тональный крем для лица Vivienne Sabo Ocean 02 23мл",449.0,639
"Hiskin","Дневной крем для лица Hiskin с гиалуроновой кислотой 50мл",799.0,1520
"ФИТОкосметик","Хна ФИТОкосметик ' Иранская бесцветная натуральная ' для любого типа волос 25г",69.0,69
"Jeanmishel","Лак для ногтей Jeanmishel Gel formula 387 , 12мл",129.0,129
"Luxvisage","Помада для губ Luxvisage Pin-Up матовая 514 Natalie 4г",224.0,345
"Divage","Многофункциональный тинт матовый Divage Chic Touch Matte Tint 04 11мл",399.0,599
"Art-Visage","Сияющие тени для век Art-Visage Illusion 41 Холодная бронза 1,9г",439.0,439
"El'Skin","Маска - бабл для лица El'Skin ' Bubble-mask Broccoli ' с экстрактом брокколи 10г",99.0,99
"Тресемме","Шампунь для тонких волос Тресемме Превосходный объём с комплексом коллагена и пептидом 400мл",499.0,499
"Zinger","Маникюрный набор Zinger SIS-01",349.0,349
"Luxvisage","Карандаш для губ Luxvisage Soft Matte 604 1,5г",194.0,299
"Open Smile","Зубная паста Open Smile ' Комплексный уход ' 100г",111.0,149
"Eveline","Тональный крем для лица Eveline Better than Perfect 04 30мл",459.0,459
"Missha","BB крем для лица Missha Perfect Cover ' Идеальное покрытие ' SPF 42/PA+++ 27 20мл",999.0,1890
"ФИТОкосметик","Крем - хна ФИТОкосметик для окраски волос бесцветная укрепляющая с комплексом масел 50мл",80.0,115
"El'Skin","Восстанавливающая маска - носки для ног El'Skin ' авокадо ' 1 пара",249.0,249
"УРРА","Пакет подарочный УРРА 26*32*10см в ассортименте",69.0,169
"Relouis","Стойкий карандаш для губ Relouis Long-lasting Lip Pencil с маслом жожоба 10 4г",429.0,429
"Delicare","Освежающая мицеллярная вода Delicare FreshLab 3 в 1 с алоэ 500мл",329.0,329
"УРРА","Пакет УРРА подарочный ' Лазер ' в ассортименте 18*23*10см",69.0,99
"Черный Жемчуг","Дневной крем для лица Черный Жемчуг Экстремальное увлажнение 100% гиалурон + ледниковая вода 50мл",449.0,449
"Jeanmishel","Лак для ногтей Jeanmishel GEL effect 247 Ярко-розовый 6мл",85.0,85
"Lavelle","Румяна для лица Lavelle Uno Blush 02 4,2г",329.0,329
"Estrade","Тинт для губ Estrade Adele Superstay Lip Tint 02 5,5мл",349.0,349
"Luxvisage","Жидкая матовая помада для губ Luxvisage Matt Tattoo no transfer 12H 120 , 3,8г",246.0,379
"Relouis","Тональный крем для лица с витамином Е Relouis 43 , Песочный , 30мл",615.0,615
"Vivienne Sabo","Блеск для губ Vivienne Sabo Le Grand Volume 3 Goyave 3мл",559.0,559
"Kaizer","Пилка для маникюра шлифовочная Kaizer Professional мягкая , прямая , на деревянной основе 180/240 , 180мм серая",99.0,99
"Фа","Ухаживающий крем - гель для душа Фа Алоэ вера Йогурт 750мл",339.0,499
"Jeanmishel","Лак для ногтей Jeanmishel GEL effect 182 Искрящийся жемчужный 6мл",85.0,85
"Zinger","Терка - наждак Zinger педикюрная двусторонняя RA-73",249.0,249
"Золотой шелк","Масло усьмы для бровей Золотой шелк для роста 7мл",319.0,319
"Estrade","Тушь для ресниц Estrade Color Bomb Volume 37 Бордовый 13мл",349.0,459
"Пижон","Спрей антипаразитарный Пижон Premium для обработки шерсти кошек и собак 150мл",259.0,259
"Divage","Румяна для лица Divage Solo compact blush 06 2г",339.0,499
"Divage","Помада для губ Divage Praline 10 4г",399.0,399
"Черный Жемчуг","Дневной крем - филлер для лица Черный Жемчуг LiftACTIVATOR с гиалуроновой кислотой 48мл",524.0,699
"Eveline","Тональный крем для лица Eveline Better than Perfect 02 30мл",459.0,459
"Delicare","Крем для лица день/ночь Delicare Retinol Revolution 46+ 50мл",169.0,359
"Estrade","Палетка для стробинга Estrade Picasso 501 Теплая",589.0,589
"Botaniqua","Пилинг - скатка для лица Botaniqua ' очищение и обновление ' с фруктовыми кислотами 50мл",299.0,299
"HADA LABO","Увлажняющий крем - сорбет для лица с активными пребиотиками HADA LABO 50г",899.0,1790
"L'Oreal Paris","Ночной крем - маска для лица L'Oreal Paris Гиалурон Эксперт увлажняющий уход 50мл",636.0,849
"Тресемме","Лак для укладки волос Тресемме Экстра сильная фиксация до 24ч 250мл",395.0,549
"Jeanmishel","Лак для ногтей Jeanmishel GEL effect 129 Сиреневый перламутровый 6мл",85.0,85
"NSC","Тканевая маска для лица с экстрактом центеллы NSC Centella 22г",89.0,89
"Influence Beauty","Тональная основа с эффектом пудры Influence Beauty Superfluid 02 Light 35мл",699.0,945
"Cafe Mimi","Лосьон для тела Cafe Mimi Colours Coco Splash 100мл",149.0,149
"Divage","Бальзам для губ Divage Lip Rehab Balm с ароматом медового яблока 15мл",179.0,269
"Relouis","Водостойкий оттеночный гель для бровей Relouis PRO Waterproof Color Brow Gel 03 , Brown , 7,5г",252.0,389
"УРРА","Пакет УРРА подарочный с металлической цепочкой 32*28*13см в ассортименте",69.0,139
"Акс","Мужской дезодорант Акс Дарк Темптейшн 50мл",336.0,449
"Gel-Off","Увлажняющее жемчужное сухое масло для ногтей и кутикулы Gel-Off Professional 15мл",279.0,279
"Frenchi","Лак для ногтей Frenchi Nude 27 Pink 11мл",249.0,249
"Luxvisage","Тени для век Luxvisage Metal hype 1 Искристое шампанское 3г",226.0,349
"Ollin Professional","Маска для волос Ollin Professional Matisse Color тонирующая violet/фиолетовая 100мл",399.0,399
"Vister","Влажные салфетки от всех видов грязи Vister Professional Cleaner 20шт",79.0,79
"Ameli","Ободок для волос Ameli ' Жемчуг '",199.0,199
"Influence Beauty","Помада для губ Influence Beauty Influence 04 , 4г",599.0,599
"Art-Visage","Увлажняющая помада для губ Art-Visage Black Dress 08 новогодняя ночь 4,5г",369.0,369
"Аквафор","Фильтр - кувшин Аквафор ' Реал ' P152B15F 2,9л",679.0,679
"Relouis","Пудра для лица Relouis PRO Icon Look Satin Face Powder 005 9г",635.0,635
"Eveline","Покрытие для ногтей Eveline Nail Therapy Professional ' Golden Shine ' 8 в 1 здоровые ногти 12мл",224.0,335
"L'Oreal Paris","Аква - флюид для лица L'Oreal Paris ' Гений увлажнения ' для нормальной и смешанной кожи 70мл",1192.0,1590
"WEIS","Пилинг - скатка с фруктовыми кислотами WEIS для всех типов кожи 50мл",199.0,199
"Effect Color","Стойкая крем - краска для волос Effect Color 5 в 1 , 1.1 , Иссиня-черный , 50мл",79.0,79
"Stellary","Консилер для лица Stellary Super Cover Concealer 03 5мл",689.0,689
"Novosvit","Разглаживающий тонер для лица Novosvit 100мл",269.0,269
"Jeanmishel","Средство для ногтей Jeanmishel Pro nail care коллагеновая реконструкция ногтей 6мл",125.0,125
"Невская Косметика","Туалетное мыло Невская Косметика Цветы любви ' Сирень ' 90г",36.0,49
"Estrade","Тени для век Estrade Carnaval de Couleur 202 3,3г",269.0,269
"Zinger","Средство Zinger для ухода за кутикулой и поверхностью ногтей (с мёдом) ' Bee happy oil ' NC21 12мл",299.0,299
"NSC","Восстанавливающая тканевая маска для лица с кислотами NSC PHA + Lactic Acid Regeneration 22г",89.0,89
"Luxvisage","Матовый блеск для губ Luxvisage Pin-Up 19 Пыльная роза 5г",259.0,399
"Holika Holika","Тканевая маска Holika Holika для лица ' Pure Essence Mask Sheet Acai Berry ' , ягоды асаи 23мл",108.0,155
"Невская Косметика","Зубная паста Невская Косметика Новый Жемчуг детская ' Волшебные фрукты ' 50мл",69.0,69
"Jeanmishel","Лак для ногтей Jeanmishel 201 12мл",149.0,149
"Чистая линия","Пенка для умывания Чистая линия на отваре целебных трав , для всех типов кожи 100мл",199.0,199
"Delicare","Восстанавливающая мицеллярная вода Delicare FreshLab 3 в 1 с улиткой 500мл",329.0,329
"L'Oreal Paris","Дневной крем L'Oreal Paris Возраст Эксперт для лица против морщин 55+ 50мл",899.0,899
"Art-Visage","Автоматический карандаш для бровей Art-Visage Cinema Brows 01 0,1г",319.0,429
"BeYoung","Подводка - фломастер для век BeYoung Super eyeliner Черная 0,5г",269.0,269
"BelorDesign","Карандаш для век BelorDesign Party 2 Коричневый 1,2г",96.0,149
"УРРА","Пакет УРРА фигурный подарочный 29*27*10см , в ассортименте",69.0,139
"Stellary","Пудра для лица Stellary Soft Matte Powder F04 7г",629.0,629
"Luxvisage","Блеск - плампер для губ Luxvisage Lip Volumizer hot vanilla 306 , 2,9г",226.0,349
"Relouis","Двойные тени для век Relouis PRO Eyeshadow Duo 101 , 3г",298.0,459
"Luxvisage","Жидкая помада для губ Luxvisage Matt Tattoo No transfer матовая 102 Cremy rose",246.0,379
"Zinger","Мягкая пилка Zinger для ногтей",129.0,129
"Eveline","Тушь для ресниц Eveline Look Up So Black 10мл",499.0,499
"R.O.C.S.","Ополаскиватель для полости рта R.O.C.S. ' активный кальций ' 250мл",299.0,299
"Пижон","Биоошейник антипаразитарный для кошек Пижон 35см",169.0,169
"Delicare","Крем для рук Delicare ' увлажнение ' 30мл",99.0,99
"Vivienne Sabo","Подводка для век Vivienne Sabo Charbon водостойкая , Черная 6мл",379.0,529
"Jeanmishel","Лак для ногтей Jeanmishel 101 12мл",149.0,149
"Golden Rose","Лак для ногтей Golden Rose Color Expert 02 Белый 10,2мл",149.0,199
"Old Spice","Мужской антиперспирант Old Spice Sport Power 50мл",524.0,699
"Botaniqua","Крем - уход для ног Botaniqua ' Интенсивное питание ' 75мл",149.0,149
"Country Home","Пакеты для хранения и замораживания с замком-слайдером Country Home 3л 10шт",165.0,165
"Чистая линия","Чистая линия Идеальная Кожа BB крем для лица 10 в 1 SPF10 40мл",349.0,349
"BelorDesign","Бронзер для лица BelorDesign Incredible Hollywood 1 11г",382.0,589
"Parisa Cosmetics","Автоматический карандаш для бровей Parisa Cosmetics Retractable Micro Brow Pencil 311 0,02г",229.0,229
"Zinger","Массажная расческа для волос Zinger с пластиковыми зубьями",299.0,299
"NIVEA","Женский дезодорант - антиперспирант NIVEA ' Энергия свежести ' 50мл",201.0,269
"Gel-Off","Укрепляющее жемчужное сухое масло для ногтей и кутикулы Gel-Off Professional 15мл",279.0,279
"Vivienne Sabo","Автоматический карандаш для век Vivienne Sabo Virtuose 02 0,28г",439.0,439
"Love Generation","Скульптор для лица в стике Love Generation Magic 02 5,5г",469.0,469
"Valori","Целлюлозный спонж для умывания лица Valori Pure skin ' Глубокое очищение ' , большой",199.0,199
"Missha","BB крем для лица Missha Perfect Cover ' Идеальное покрытие ' SPF 42/PA+++ 21 50мл",1800.0,3940
"Ollin Professional","Перманентная крем - краска для волос Ollin Professional Color 9/1 Блондин пепельный 60мл",275.0,275
"Jeanmishel","Лак для ногтей Jeanmishel Crystal 711 Бежево-розовый блестящий 12мл",149.0,149
"Consly","Многофункциональная успокаивающая ампульная сыворотка Consly с центеллой азиатской и алоэ 250мл",799.0,1560
"Vivienne Sabo","Блеск для губ Vivienne Sabo Le Grand Volume 13 , 3мл",559.0,559
"BelorDesign","Пудра для лица BelorDesign Nude Harmony 2 Natural 9г",421.0,649
"Vister","Губка для обуви Vister для гладкой кожи Черная",99.0,99
"Armeto","Автоматический освежитель воздуха Armeto ' На краю света ' , сменный блок 250мл",179.0,299
"Luxvisage","Блеск для губ Luxvisage Pin-Up 33 5г",259.0,399
"Parisa Cosmetics","Матовая подводка для век Parisa Cosmetics extra Matte , Черный , 2,5мл",399.0,399
"Vivienne Sabo","Подводка для глаз с кисточкой Vivienne Sabo Linerextase 02 0,5мл",729.0,729
"Luxvisage","Карандаш для губ Luxvisage Soft Matte 602 1,5г",194.0,299
"Vivienne Sabo","Матирующий тональный крем для лица Vivienne Sabo Shake 03 25мл",849.0,849
"Eveline","Пудра для лица Eveline Anti-Shine Complex Pressed Powder 35 , Golden beige , 14г",479.0,479
"Пародонтол","Зубная паста Пародонтол ' актив ' 124г",149.0,149
"BelorDesign","Тени для век BelorDesign Color Mania 31 5г",419.0,645
"Eveline","Тональный крем для лица Eveline Better than Perfect 03 30мл",459.0,459
"Mirrolla","Эфирное масло Mirrolla ' пихта ' 10мл",120.0,165
"BelorDesign","Бальзам для губ BelorDesign ' Скорая помощь ' 4,4г",103.0,159
"Ollin Professional","Крем - краска для волос Ollin Professional Performance 3/0 Темный шатен 60мл",435.0,435
"ФИТОкосметик","Краска для бровей и ресниц ФИТОкосметик Кокетка , Графит , 5г",69.0,69
"Антипятин","Мыло - пятновыводитель Антипятин для детских вещей 90г",86.0,115
"Estrade","Румяна для лица Estrade Lovely Blush 205 5г",479.0,479
"Без бренда","Дезодорант для обуви Shoe Care с ароматом мяты 100мл",99.0,99
"Барьер","Фильтр - кувшин для воды Барьер экстра ' XS 2,5л + сменная кассета Барьер ' Старт '",599.0,799
"Golden Rose","Лак для ногтей Golden Rose Ice Color 196 6мл",89.0,119
"NIVEA","Солнцезащитный лосьон для тела NIVEA Sun Защита и увлажнение SPF 30 100мл",659.0,659
"Тресемме","Восстанавливающий кондиционер для поврежденных волос Тресемме Восстановление и защита с биотином и аминокислотами 400мл",499.0,499
"Art-Visage","Карандаш для бровей Art-Visage 406 Коричневый 1,3г",329.0,329
"Floresan","Гель - крем Floresan Фитнес Body ' Активный сжигатель жира ' 125мл",219.0,219
"Luxvisage","Тени для век Luxvisage Glam Look 4-х цветные 4 4г",341.0,525
"Parisa Cosmetics","Тушь для ресниц Parisa Cosmetics Dream ' Volume & Long ' Черная 12мл",282.0,409
"Vivienne Sabo","Помада для губ Vivienne Sabo Nude Createur 07 , 4г",439.0,439
"Mixit","Стик для контуринга Mixit Contouring Stick 02 5,2г",621.0,829
"Claire Cosmetics","Крем - лифтинг Age expert с пребиотическим комплексом Claire Cosmetics Microbiome Balance 50мл",499.0,499
"Hiskin","Гидрофильное масло для умывания Hiskin Argan Oil 120мл",799.0,1590
"Stellary","Бальзам для губ Stellary Volumizer Lip Balm 05 3,8г",599.0,599
"ФИТОкосметик","Гидрогелевые патчи для области вокруг глаз ФИТОкосметик Народные рецепты ' зеленый кофе и гиалуроновая кислота ' 7г",99.0,99
"Lavelle","Румяна для лица Lavelle 2-цветные 01 Розовый",249.0,249
"Luxvisage","Помада для губ Luxvisage 29 4г",226.0,349
"Vivienne Sabo","Плампер для губ Vivienne Sabo Le Grand Volume Extra Plumping 02 3мл",569.0,569
"NSC","Тканевая маска для лица с экстрактом алоэ NSC Aloe 22г",89.0,89
"Sensicare","Крем для ног Sensicare ' смягчающий ' 80мл",80.0,115
"Luxvisage","Жидкие тени для век Luxvisage Metal hype 8 Серебристый тауп 3г",226.0,349
"BelorDesign","Карандаш для бровей BelorDesign Party 105 Светло-коричневый 1,2г",116.0,179
"Consly","Тканевая маска для лица Consly Bad Girl Good Skin... ' После тяжелого дня ' 23мл",99.0,99
"NSC","Очищающая тканевая маска для лица для жирной и комбинированной кожи NSC BHA + AHA Oily & Combo Skin 22г",89.0,89
"Adaly","Бальзам для тела Adaly SOS ' Глубокое увлажнение ' для сухой кожи 250мл",259.0,399
"Luxvisage","Масло для губ Luxvisage Beauty 2 Фруктовый эликсир",172.0,265
"BeYoung","Румяна для лица BeYoung Matt Blush Coral 6,5г",179.0,299
"Vivienne Sabo","Плампер для губ Vivienne Sabo Le Grand Volume Extra Plumping 05 3мл",569.0,569
"Concept","Стойкая крем - краска для волос Concept Fusion Inspiration 8.44 Orange Sunset ( Оранжевый закат ) 100мл",272.0,389
"Estrade","Пудра для лица Estrade Voile Naturel 104 Кремовый нюд 7г",499.0,499
"Divage","Запеченный хайлайтер для лица Divage Glow Sense 01 5,5г",449.0,449
"Defance","Интенсивный крем для тела Defance Medis ' Fito Питание и увлажнение ' 200мл",299.0,299
"Natural Balm","Зубная паста Natural Balm ' Здоровье дёсен ' с экстрактом хвои + алоэ 85г",89.0,89
"Jeanmishel","Лак для ногтей Jeanmishel Гель формула 315 Гранатовый 12мл",129.0,129
"Акс","Мужской дезодорант Акс Айс Чилл 50мл",336.0,449
"BelorDesign","Фломастер - тинт для бровей BelorDesign Microblade Effect 21 Русый 1,1г",265.0,409
"Claire Cosmetics","Крем - гель для умывания с пребиотическим комплексом Claire Cosmetics Microbiome Balance 150мл",179.0,349
"Skinlite","Экспресс пилинг для ног Skinlite 20г",314.0,449
"Compliment","Горячее дренажное обертывание для интенсивного похудения Compliment ' кофе и апельсин ' 500мл",314.0,449
"Mixit","Масло для загара Mixit Coconut tan oil 150мл",769.0,769
"Ninelle","Двухцветный корректор - стик для скульптурирования лица Ninelle Artificio 401 6г",889.0,889
"Estrade","Пудра для лица Estrade Voile Naturel 103 Натуральный нюд 7г",499.0,499
"Influence Beauty","Помада для губ Influence Beauty Influence 15 , 4г",599.0,599
"Vivienne Sabo","Маркер для бровей Vivienne Sabo Marqueur Superb 03 0,7мл",549.0,749
"Vivienne Sabo","Помада для губ Vivienne Sabo Nude Createur 16 , 4г",439.0,439
"BelorDesign","Тени для век BelorDesign Color Mania 37 5г",419.0,645
"Compliment","Маска для волос Compliment ' Rich Repair ' Восстановление структуры и гладкость поврежденных , окрашенных и сухих волос 25мл",69.0,69
"Parisa Cosmetics","Карандаш для век Parisa Cosmetics 509 , Белый , 1,5г",135.0,135
"Vister","Губка для обуви Vister из гладкой кожи бесцветная",99.0,99
"Novosvit","Запаха Novosvit антигрибковый жидкий тальк для ног ' Фарнезол ' , защита от пота и 50мл",104.0,149
"Divage","Жидкая помада для губ Divage Butter Gloss Liquid Lipstick 02 2,8мл",275.0,425
"Art-Visage","Тушь для ресниц Art-Visage Chicago Emerald 15мл",449.0,449
"Influence Beauty","Матирующий тональный крем для лица Influence Beauty Skinnovation Matte 05 , 25мл",969.0,969
"Novosvit","Выравнивающая эссенция - тонер для лица Novosvit Snail Repair с муцином улитки 100мл",199.0,199
"Ollin Professional","Перманентная крем - краска для волос Ollin Professional Color 8/0 Светло-русый 60мл",275.0,275
"EUNYUL","Тканевая маска EUNYUL для лица , с алоэ",80.0,115
"Stellary","Устойчивая помада для губ Stellary Rich Nude 05 3,8г",519.0,519
"Jeanmishel","Лак для ногтей Jeanmishel 289 12мл",149.0,149
"Без бренда","Набор аппликаторов 10шт",49.0,99
"Luxvisage","Помада для губ Luxvisage Pin-Up матовая 503 Mila 4г",224.0,345
"Zondex","Спрей Zondex от ползающих насекомых 200мл",149.0,149
"Influence Beauty","Тушь для ресниц Influence Beauty Futuristic 01 , 9мл",559.0,809
"Mirrolla","Эфирное масло Mirrolla ' ваниль ' 10мл",199.0,199
"Ninelle","Мягкий карандаш - каял для век Ninelle Efecto 212 1,14г",649.0,649
"Love Generation","Масло для губ Love Generation Be Happy 01 2,3мл",415.0,415
"УРРА","Пакет УРРА подарочный с тиснением 11*14*6см в ассортименте",29.0,49
"Canmepris","Мыло натуральное парфюмированное Canmepris ' White Jasmine ' 150г",123.0,165
"Relouis","Двойные румяна для лица Relouis PRO Blush Duo 202 , 5г",499.0,499
"Open Smile","Зубная паста Open Smile ' Традиции Финляндии ' бережное отбеливание 100г",111.0,149
"Vivienne Sabo","Помада - бальзам для губ Vivienne Sabo Balm Fantaisie 05 , 4г",479.0,479
"Черный Жемчуг","Мицеллярная вода Черный Жемчуг Bio-программа для лица , век и губ 250мл",369.0,369
"Ninelle","Мультицветная палетка теней для век Ninelle Misterio 528 7,2г",1020.0,1020
"Jeanmishel","Лак для ногтей Jeanmishel 330 12мл",149.0,149
"Выгода","Зубная паста Выгода ' укрепляющая ' с активным кальцием мятная 90г",29.0,59
"Сто Рецептов Красоты","Смягчающий крем Сто Рецептов Красоты для ног ' золотистая тыква и кукурузное масло ' 80мл",119.0,119
"Art-Visage","Увлажняющая помада для губ Art-Visage Black Dress 13 Ягодный сорбет 4,5г",369.0,369
"BelorDesign","Помада - карандаш для губ BelorDesign Satin Colors 2 2,3г",233.0,359
"Relouis","Консилер для лица Relouis Bright Touch Concealer 03 , Теплый бежевый , 6г",549.0,549
"Relouis","Тушь для ресниц Relouis Big and Bigger Lashes ' Мега объём ' , Черный , 10г",445.0,445
"Jeanmishel","Лак для ногтей Jeanmishel 199 12мл",149.0,149
"Libretta","Женские прокладки Libretta Ультра Нормал с мягкой поверхностью 20шт",229.0,349
"Sensicare","Гель для душа Sensicare Coctail ' Тропик ' 445мл",139.0,199
"Vivienne Sabo","Блеск для губ Vivienne Sabo Le Grand Volume 14 , 3мл",559.0,559
"Farres","Матирующая пудра для лица Farres Fit me! Натуральный 10г",399.0,399
"Mirrolla","Эфирное масло Mirrolla ' апельсин ' 10мл",115.0,115
"Holika Holika","Тканевая маска Holika Holika для лица ' Pure Essence Mask Sheet Pearl ' осветляющая , с экстрактом жемчуга 23мл",108.0,155
"Palmolive","Туалетное мыло для лица и тела Palmolive Роскошь масел ' масло миндаля и камелия ' 90г",101.0,135
"Delicare","Женский дезодорант - антиперспирант Delicare ' Sweet Paradise ' 75мл",149.0,199
"HADA LABO","Увлажняющий лосьон - гидратор для лица HADA LABO для нормальной и склонной к сухости кожи 100мл",599.0,599
"Ninelle","Матовая пудра для лица Ninelle Clasico Mate 203 8г",815.0,815
"L'Oreal Paris","Бальзам для губ L'Oreal Paris Glow Paradise 112 3,8мл",995.0,995
"Concept","Стойкая крем - краска для волос Concept Fusion Inspiration 7.00 Espresso Brown ( Эспрессо Коричневый ) 100мл",272.0,389
"Art-Visage","Палетка теней для век Art-Visage Night Universe 18 оттенков",699.0,1090
"Stellary","Матирующий тональный крем для лица Stellary Matte Icon 01 35мл",949.0,949
"Ameli","Набор резинок для волос Ameli ' полоска ' 2см , 100шт",199.0,199
"Influence Beauty","Автоматический карандаш для губ Influence Beauty Lipfluence 5 , 0,28г",519.0,519
"Ollin Professional","Перманентная крем - краска для волос Ollin Professional Color 5/0 Светлый шатен 60мл",275.0,275
"Divage","Помада для губ Divage Praline 12 4г",399.0,399
"BelorDesign","Румяна для лица BelorDesign Velvet touch 105 Бархатная роза 3,6г",285.0,439
"Divage","Жидкая помада для губ Divage Butter Gloss Liquid Lipstick 08 2,8мл",275.0,425
"BelorDesign","Пудра для лица BelorDesign Nude Harmony 4 Dark 9г",421.0,649
"Vivienne Sabo","Помада - бальзам для губ Vivienne Sabo Balm Fantaisie 02 , 4г",479.0,479
"Miraculous","Детский бальзам для губ Miraculous Леди Баг 3+ 3,5г",169.0,169
"Jeanmishel","Лак для ногтей Jeanmishel GEL effect 201 Розовый 6мл",85.0,85
"Golden Rose","Лак для ногтей Golden Rose Ice Color 195 6мл",89.0,119
"Parisa Cosmetics","Неоновый карандаш для век Parisa Cosmetics Neon demon 501 1,2г",229.0,229
"Ameli","Набор резинок для волос Ameli , цветные , 6шт",99.0,99
"Divage","Стойкий маркер для бровей Divage Microblading brow marker 01 1мл",399.0,599
"Luxvisage","Тушь для ресниц Luxvisage Perfect color ' Веер пышных ресниц ' , Violet , 8г",243.0,375
"NSC","Тканевая увлажняющая маска для лица с экстрактом кокоса NSC Coconut 22г",89.0,89
"Лесной бальзам","Ополаскиватель для полости рта Лесной бальзам с экстрактом коры дуба и пихты на отваре трав 400мл",239.0,299
"BelorDesign","Бальзам для очень сухих губ BelorDesign ' Скорая помощь ' 4,4г",103.0,159
"Vivienne Sabo","Двойные румяна для лица Vivienne Sabo Naturel 02 , 6г",529.0,529
"Ninelle","Карандаш для бровей Ninelle Manera 603 1,79г",699.0,699
"Luxvisage","Помада для губ Luxvisage Pin-Up матовая , 505 , Kate 4г",224.0,345
"Claire Cosmetics","Пилинг - гель для лица с гиалуроновой кислотой и коллагеном Claire Cosmetics Collagen Active Pro 100мл",349.0,349
"BeYoung","Румяна для лица BeYoung Matt Blush Natural brown 6,5г",179.0,299
"Kloger","Жироудалитель для кухни Kloger Professional 500мл",199.0,299
"Ecolatier","Мицеллярная вода для снятия макияжа Ecolatier Age Control 400мл",309.0,309
"Consly","Крем - сыворотка для рук Consly с экстрактом авокадо 100мл",299.0,299
"Luxvisage","Жидкие тени для век Luxvisage Metal hype 9 Розовый иней 3г",226.0,349
"Jeanmishel","Лак для ногтей Jeanmishel 251 12мл",149.0,149
"Estel","Стойкая крем - краска для седых волос Estel Великая 9/65 Блондин фиолетово-красный",599.0,599
"NSC","Антиоксидантная тканевая маска для лица NSC Antioxidant Tone-Up Skin 22г",69.0,69
"Eveline","Пудра для лица Eveline Anti-Shine Complex Pressed Powder 31 , Transparent , 14г",479.0,479
"Parisa Cosmetics","Помада для губ Parisa Cosmetics 38 , Розовая хризантема , 4,2г",239.0,239
"Gel-Off","Восстанавливающее жемчужное сухое масло для ногтей и кутикулы Gel-Off Professional 15мл",279.0,279
"Delicare","Стойкая крем - краска для волос Delicare Professional Color Trend 9.71 Серебряный блонд",249.0,249
"BeYoung","Палетка глиттеров для век BeYoung Lumi Glow 1 4 оттенка 6г",221.0,369
"Natura Siberica","Гиалуроновый ночной крем - филлер для лица Natura Siberica Lab Biome Hyaluron 50мл",589.0,589
"Kaizer","Расческа - гребень для волос Kaizer деревянная 195мм",129.0,129
"Vivienne Sabo","Блеск для губ Vivienne Sabo Le Grand Volume 15 , 3мл",559.0,559
"Jeanmishel","Лак для ногтей Jeanmishel GEL effect 327 матовый Оранжевый диско 12мл",129.0,129
"Delicare","Молочная бомбочка для ванны Delicare Milk Bath с натуральными цветами календулы и маслом миндаля 130г",149.0,149
"Zinger","Терка для педикюра деревянная Zinger WFF-04 100/180",199.0,199
"Influence Beauty","Помада для губ Influence Beauty Influence 08 , 4г",599.0,599
"Camay","Туалетное мыло Camay твердое 85г",81.0,109
"Jeanmishel","Лак для ногтей Jeanmishel GEL effect 160 Искрящийся розовый 6мл",85.0,85
"Luxvisage","Помада для губ Luxvisage Pin-Up матовая 515 Miranda 4г",224.0,345
"Art-Visage","Жидкая подводка для век Art-Visage INK LINE Black с кисточкой 3мл",153.0,289
"BeYoung","Хайлайтер для лица BeYoung Metallic Golden Clouds 7г",315.0,315
"Jeanmishel","Лак для ногтей Jeanmishel Gel formula 382 , 12мл",129.0,129
"Canmepris","Мыло натуральное парфюмированное Canmepris ' Lavender ' 150мл",123.0,165
"Бреф","Туалетный блок для унитаза Бреф Pro Nature 2*50г",449.0,449
"Bambolina","Гель для мытья детской посуды и принадлежностей Bambolina экологичный 0+ 500мл",89.0,149
"Vivienne Sabo","Глянцевая помада - бальзам для губ Vivienne Sabo La La Laque 01 2,5г",429.0,635
"Ninelle","Тушь для ресниц с эффектом объёма Ninelle El Drama 102 Коричневый 10мл",709.0,709
"Influence Beauty","Матирующий тональный крем для лица Influence Beauty Skinnovation Matte 03 , 25мл",969.0,969
"Golden Rose","Лак для ногтей Golden Rose Ice Color 127 6мл",89.0,119
"Ollin Professional","Перманентная крем - краска для волос Ollin Professional Color 9/21 Блондин фиолетово-пепельный 60мл",275.0,275
"Divage","Помада для губ Divage Praline 03 4г",399.0,399
"Halls","Карамель леденцовая Halls ' Colors ' 25г",59.0,59
"Art-Visage","Блеск для губ Art-Visage Avenue 504 Prosseco 3,3мл",269.0,359
"Botaniqua","Крем - хайлайтер для лица Botaniqua ' Нежное сияние ' 30мл",249.0,249
"Hiskin","Сыворотка для лица Hiskin Collagen с коллагеном 35мл",799.0,1590
"Influence Beauty","Автоматический карандаш для бровей Influence Beauty Brow Robot 3 , 0,28г",569.0,569
"Skinlite","Подтягивающая маска для лица Skinlite ' коллаген '",111.0,159
"Floresan","Ночной гель - экспресс для коррекции фигуры Floresan Фитнес night ' Похудение во время сна ' 125мл",219.0,219
"Parisa Cosmetics","Помада для губ Parisa Cosmetics 24 , Бледно-розовый перламутр , 4,2г",239.0,239
"Divage","Автоматический карандаш для губ Divage Let’s Talk long-lasting lip liner 04 0,26г",299.0,449
"Farres","Пудра для лица Farres Matte 02 13г",239.0,239
"Eveline","Пудра для лица Eveline Anti-Shine Complex Pressed Powder 32 , Natural , 14г",479.0,479
"L'Oreal Paris","Подводка для век L'Oreal Paris Perfect Slim 01 1мл",787.0,1050
"Relouis","Стойкий карандаш для губ Relouis Long-lasting Lip Pencil с маслом жожоба 01 4г",429.0,429
"Vivienne Sabo","Глянцевая помада - бальзам для губ Vivienne Sabo La La Laque 07 2,5г",429.0,635
"Essence","Лак для ногтей Essence Birthday fun mini nail polish 05 5мл",153.0,153
"Relouis","Водостойкий оттеночный гель для бровей Relouis PRO Waterproof Color Brow Gel 04 , Dark brown , 7,5г",252.0,389
"Черный Жемчуг","Дневной крем Черный Жемчуг Самоомоложение для лица 36+ 50мл",449.0,449
"BeYoung","Румяна для лица BeYoung Matt Blush Cappuccino 6,5г",179.0,299
"Estrade","Тушь для ресниц Estrade ' Kaleidoscopic ' Черная 11,5мл",449.0,449
"Ameli","Набор аксессуаров для детей Ameli ' Зайка ' ( бусы , браслет , 2 заколки )",149.0,149
"Parisa Cosmetics","Помада для губ Parisa Cosmetics 03 , Пыльная роза перламутр , 4,2г",239.0,239
"Laboratory Katrin","Шипучая соль для ванн Laboratory Katrin Happy-ki ' Счастливая шипучка ' с ароматом малинового варенья 40г",49.0,49
"Green Mama","Мицеллярная вода для лица Green Mama для бережного и эффективного очищения ' Гамамелис и пшеница ' 500мл",307.0,439
"Estrade","Пудра для лица Estrade Voile Naturel 105 Золотистый 7г",499.0,499
"ICE Professional by NS","Кондиционер для окрашенных волос ICE Professional by NS Color Luminaiser 250мл",546.0,749
"Novosvit","Крем - лифтинг Novosvit подбородок - шея ' Эффект подтяжки ' 50мл",209.0,299
"Carmex","Бальзам для губ Carmex Classic SPF 15 10мл",589.0,589
"NIVEA","Женский дезодорант NIVEA Черное и Белое ' Невидимый Clear 50мл",261.0,349
"Черный Жемчуг","Ночной крем для лица Черный Жемчуг Retinol + с OMEGA-кислотами , 46+ , 50мл",449.0,449
"Акс","Мужской дезодорант Акс Анархия 50мл",336.0,449
"Haus Frau","Крючок Haus Frau на липкой ленте",49.0,99
"Stellary","Влагостойкая термотушь для ресниц Stellary Water Resistant Onyx 01 Ultra Black 9мл",499.0,499
"Ninelle","Тушь с эффектом объёма и длины Ninelle Mariposa 122 Черная 14мл",629.0,629
"Чистая линия","Мицеллярная вода для лица Чистая линия 3 в 1 с гиалуроном и экстрактом розы 400мл",249.0,249
"Aqua Joy","Массажер для тела Aqua Joy антицеллюлитный",99.0,199
"One4me","Стайлинг - пудра для волос One4me порошок Объём и текстура 10г",479.0,639
"Stellary","Матирующий тональный крем для лица Stellary Cult Matte Foundation 01 25мл",363.0,519
"BelorDesign","Пудра для лица BelorDesign Nude Harmony 3 Medium 9г",421.0,649
"Lavelle","Кремовые румяна - стик для лица Lavelle Cream Stick Персиковый 9,86г",356.0,475
"Nextbeau","Увлажняющая сыворотка для лица Nextbeau Hyaluronic Solution ' Moist Ampoule ' с гиалуроновой кислотой 210мл",995.0,1990
"Concept","Стойкая крем - краска для волос Concept Fusion Inspiration 10.1 Clear Crystal ( Чистый кристалл ) 100мл",272.0,389
"Невская Косметика","Туалетное мыло Невская Косметика Цветы любви ' Ландыш ' 90г",36.0,49
"Influence Beauty","Тушь для ресниц Influence Beauty Chromophora 04 Неоновый розовый 6,5мл",629.0,899
"NSC","Успокаивающая и заживляющая тканевая маска для лица NSC Treatment Calming Skin 22г",69.0,69
"L'Oreal Paris","Ночной крем L'Oreal Paris Возраст Эксперт восстанавливающий для лица против морщин 55+ 50мл",899.0,899
"Luxvisage","Жидкие тени для век Luxvisage Glitter Rock 303 , 3г",246.0,379
"Ninelle","Хайлайтер - стик для лица Ninelle Brillar 411 6г",889.0,889
"BelorDesign","Карандаш для век BelorDesign Automatic Soft 301 , 0,21г",148.0,229
"Libretta","Женские ночные прокладки с мягкой поверхностью Libretta Ультра 8шт",119.0,169
"Невская Косметика","Косметический смягчающий вазелин Невская Косметика для тела 34г",99.0,99
"Чистая линия","Гель для умывания Чистая линия для жирной и комбинированной кожи с алоэ вера 100мл",199.0,199
"Jeanmishel","Лак для ногтей Jeanmishel GEL effect 352 Бежевый 6мл",85.0,85
"Duru","Крем - мыло Duru Арбуз с экстрактом алоэ 80г",71.0,95
"HADA LABO","Увлажняющий лосьон - гидратор для лица HADA LABO для нормальной и склонной к жирности кожи 100мл",599.0,599
"Relouis","Стойкий карандаш для губ Relouis Long-lasting Lip Pencil с маслом жожоба 04 4г",429.0,429
"Golden Rose","Лак для ногтей Golden Rose Wow! 11 6мл",89.0,119
"Golden Rose","Лак для ногтей Golden Rose Ice Color 142 6мл",89.0,119
"Zinger","Терка для ног Zinger RA-81 двухсторонняя , Черная",249.0,249
"Ninelle","Мягкий карандаш - каял для век Ninelle Efecto 215 1,14г",649.0,649
"LAVELiq","Капсулы для стирки против сложных загрязнений LAVELiq Color Enzyme All in 1 12шт",249.0,499
"Stellary","Карандаш для губ Stellary Lipliner 12 1,35г",289.0,289
"Influence Beauty","Гель - блеск для губ Influence Beauty Gloss-X 04 3,4мл",419.0,589
"Vivienne Sabo","Тинт для губ Vivienne Sabo Tititint 01 Персиковый 3мл",349.0,529
"Carelax","Дезодорант Carelax женский ' Aloe Vera ' 150мл",179.0,239
"Чистая линия","Аква - крем Чистая линия Идеальная Кожа ' мгновенная матовость ' для лица 50мл",215.0,215
"Divage","Бальзам для губ Divage Marbled lip balm 04 4мл",299.0,449
"Zondex","Крем от комаров Zondex 30мл",69.0,69
"Art-Visage","Тушь для ресниц Art-Visage Chicago Slim Черная 7мл",449.0,449
"Golden Rose","Лак для ногтей Golden Rose Wow! 51 Темно-красный 6мл",89.0,119
"Carelax","Женский дезодорант Carelax ' Цветочная феерия ' 150мл",179.0,239
"Valori","Кисть для тональной основы Valori двусторонняя и консилера 18см",299.0,299
"Rubis","Мыло туалетное Rubis ' Lemon ' 60г",29.0,39
"Без бренда","Косметический набор спрессованных масок для лица , 12шт",99.0,199
"WEIS","Соль для ванны WEIS ' Бурлящее сердечко ' Тропический смузи 110г",83.0,139
"Carelax","Женский дезодорант Carelax ' Свежесть росы ' 150мл",179.0,239
"Golden Rose","Лак для ногтей Golden Rose Wow! 201 6мл",89.0,119
"Luxvisage","Жидкие тени для век Luxvisage Glitter Rock 301 , 3г",246.0,379
"Influence Beauty","Помада для губ Influence Beauty Influence 13 , 4г",599.0,599
"BelorDesign","Тени для век BelorDesign Delicate 4 цвета 45 4,1г",356.0,549
"Vivienne Sabo","Устойчивый гелевый карандаш для век Vivienne Sabo Virtuose 602 1,5г",429.0,429
"Estrade","Тушь для ресниц Estrade ' Oh, my doll ' Черная 10мл",449.0,449
"Zinger","Полировка для ногтей Zinger BA-101 четырехсторонняя",229.0,229
"Canmepris","Мыло натуральное парфюмированное Canmepris ' Orange Blossom ' 150г",123.0,165
"Concept","Стойкая крем - краска для волос Concept Fusion Inspiration 8.8 Royal Pearl ( Королевский жемчуг ) 100мл",272.0,389
"BelorDesign","Гигиеническая помада для губ BelorDesign Juicy ' Сочные губки ' 4,4г",103.0,159
"Novosvit","Размягчающий бальзам для ног Novosvit 12% мочевина 75мл",149.0,149
"Relouis","Стойкий карандаш для губ Relouis Long-lasting Lip Pencil с маслом жожоба 08 4г",429.0,429
"Concept","Стойкая крем - краска для волос Concept Fusion Inspiration 6.1 Ash Brown ( Коричнево-пепельный ) 100мл",272.0,389
"Бреф","Туалетный блок для унитаза Бреф Сила-актив ' океанский бриз ' 3*50г",289.0,499
"Mirrolla","Эфирное масло Mirrolla ' мята ' 10мл",135.0,135
"Ninelle","Матовая пудра для лица Ninelle Clasico Mate 202 8г",815.0,815
"Botaniqua","Крем для тела Botaniqua ' Интенсивное Увлажнение ' с какао и авокадо 200мл",299.0,299
"Hiskin","Ночной крем для лица Hiskin с коллагеном 50мл",799.0,1580
"Stellary","Автоматический карандаш для век Stellary Automatic eyeliner 03 0,28г",355.0,355
"Политекс","Перчатки текстильные с ПВХ Политекс Графит",29.0,29
"Ollin Professional","Перманентная крем - краска для волос Ollin Professional Color 10/1 Светлый блондин пепельный 60мл",275.0,275
"Ollin Professional","Перманентная крем - краска для волос Ollin Professional Color 11/81 специальный блондин жемчужно-пепельный 60мл",275.0,275
"Vister","Пропитка для обуви Vister Proff Water shield универсальная водоотталкивающая 300мл",299.0,299
"BelorDesign","Консилер для лица BelorDesign Soft Focus 102 Светлый бежевый 7г",259.0,399
"Golden Rose","Лак для ногтей Golden Rose Color Expert 8 светло-розовый 10,2мл",149.0,199
"Biomed","Зубная щетка для чувствительных зубов Biomed Сенситив Pink Salt ультрамягкая",159.0,209
"Черный Жемчуг","Крем для век Черный Жемчуг Bio-программа ' Двойной омолаживающий уход ' 20мл",449.0,449
"Love Generation","Тушь для ресниц с эффектом объёма и разделения Love Generation Volume mascara 01 9мл",289.0,289
"7 days","Зубная паста 7 days Rezolut ' Двойной кальций ' без фтора 100мл",69.0,99
"BelorDesign","Тени для век BelorDesign Delicate 4 цвета 49 4,1г",356.0,549
"Hair Style","Увлажняющий шампунь для сухих и ломких волос Hair Style Увлажнение и Блеск 400мл",299.0,299
"Love Generation","Помада - бальзам для губ Love Generation Wet Dream 01 1,4г",559.0,559
"Influence Beauty","Консилер для лица Influence Beauty Equilibrium Anti-Age Concealer 03 , 6мл",685.0,685
"Farres","Автоматический карандаш для бровей Farres Ultrafine темно-коричневый 0,1г",249.0,249
"Vivienne Sabo","Матирующий тональный крем для лица Vivienne Sabo Terra 02 23мл",449.0,639
"Luxvisage","Жидкая матовая помада для губ Luxvisage Matt Tattoo no transfer 12H 123 , 3,8г",246.0,379
"NIVEA","Гиалуроновый гель для лица NIVEA Care 100мл",299.0,399
"Stellary","Тональный крем с эффектом идеальной кожи Stellary Perfect Nude Skin foundation 03 35мл",869.0,869
"Estel","Стойкая крем - краска для седых волос Estel Великая 7/47 Русый медно-коричневый",599.0,599
"УРРА","Пакет УРРА подарочный 11*14*6см , в ассортименте",29.0,49
"Golden Rose","Лак для ногтей Golden Rose Ice Color 133 6мл",89.0,119
"Ninelle","Бархатная матовая подводка Ninelle Energia 421 2,5мл",705.0,705
"Jeanmishel","Лак для ногтей Jeanmishel Crystal 713 Золотисто-розовый блестящий 12мл",149.0,149
"NSC","Тканевая маска для омоложения и регенерации кожи NSC Anti-age Regeneration 22г",69.0,69
"Art-Visage","Кремовые румяна для лица Art-Visage Cream Blush 02 Пыльная роза 5г",475.0,475
"Zinger","Педикюрный набор Zinger SIS-243 ( терка + пилка )",299.0,299
"Kloger","Активный гель для устранения сложных засоров Kloger Professional 1л",269.0,449
"Day Spa","Ультратонкие ежедневные прокладки Day Spa Multiform Deo ' Цветочный аромат ' 20шт",59.0,89
"Vivienne Sabo","Помада для губ Vivienne Sabo Nude Createur 01 , 4г",439.0,439
"BelorDesign","Тени для век BelorDesign Delicate 4 цвета 40 4,1г",356.0,549
"Compliment","Крем - маска Compliment Slim&Detox ' сжигатель жира ' 200мл",399.0,399
"Relouis","Тональный крем для лица с витамином Е Relouis 41 , Светлый бежевый , 30мл",615.0,615
"Vivienne Sabo","Блеск для губ Vivienne Sabo Le Grand Volume 12 Cerise 3мл",559.0,559
"Luxvisage","Блеск - плампер для губ Luxvisage Lip Volumizer hot vanilla 307 , 2,9г",226.0,349
"Estrade","Тени для век Estrade Carnaval de Couleur 211 3,3г",269.0,269
"Черный Жемчуг","Ночной крем для лица Черный Жемчуг Retinol + Pro Collagen 56+ 50мл",449.0,449
"Lavelle","Палетка для макияжа лица Lavelle Few steps для контуринга 02 Peach Beige",399.0,399
"NSC","Восстанавливающая тканевая маска для лица с экстрактом авокадо NSC Avocado 22г",89.0,89
"Art-Visage","Сияющие тени для век Art-Visage Illusion 34 Бронза 1,9г",439.0,439
"Golden Rose","Лак для ногтей Golden Rose Wow! 2 Белый 6мл",89.0,119
"Haus Frau","Салфетка для мебели Haus Frau из микрофибры 30*30см",69.0,69
"Floresan","Массажное масло Floresan Фитнес Body от целлюлита 150мл",139.0,199
"Delicare","Женский дезодорант - антиперспирант Delicare ' Tropical Coconut ' 75мл",149.0,199
"Luxvisage","Жидкие матовые тени для век Luxvisage Matt tint 12h 110 Dark Chocolate 3г",226.0,349
"Stellary","Блеск - плампер для губ Stellary Poison kiss plump lip gloss 01 4мл",429.0,613
"Influence Beauty","Консилер для лица Influence Beauty Replicant Long Lasting 03 , 10мл",749.0,749
"Stellary","Жидкие румяна для лица Stellary Liquid Blush 02 3мл",519.0,519
"NSC","Осветляющая тканевая маска для лица с арбутином NSC Arbutin 22г",89.0,89
"Foammen","Лосьон после бритья Foammen ' увлажняющий ' 100мл",449.0,449
"Day Spa","Ультратонкие ежедневные прокладки Day Spa Multiform Air без аромата 20шт",59.0,89
"Foammen","Лосьон после бритья Foammen для чувствительной кожи 100мл",449.0,449
"Beauu Green","Маска Beauu Green тканевая 3D для лица с экстрактом зеленого чая 23г",51.0,79
"Чистая линия","Ночной Фито - крем Чистая линия От 60 лет ' таволга и калина ' для лица 45мл",246.0,329
"Jeanmishel","Лак для ногтей Jeanmishel 129 12мл",149.0,149
"Jeanmishel","Лак для ногтей Jeanmishel GEL effect 192 Бежевый перламутровый 6мл",85.0,85
"Ollin Professional","Перманентная крем - краска для волос Ollin Professional Color 11/1 Специальный блондин Пепельный 60мл",275.0,275
"Art-Visage","Масло для губ Art-Visage Euphoria 105 Sorbet 5,5мл",455.0,455
"Art-Visage","Увлажняющая помада для губ Art-Visage Black Dress 17 Легкий румянец 4,5г",369.0,369
"Vivienne Sabo","Глянцевая помада - бальзам для губ Vivienne Sabo La La Laque 04 2,5г",429.0,635
"Выгода","Носовые платочки Выгода бумажные 2х-слойные , белые 10шт",9.0,9
"Vivienne Sabo","Тональный крем для лица с естественным покрытием Vivienne Sabo Aerien 03 23мл",449.0,639
"Hiskin","Скраб для умывания Hiskin с коллагеном 120мл",599.0,1130
"Stellary","Карандаш для век Stellary Eyeliner 04 1,35г",259.0,259
"Influence Beauty","Помада для губ Influence Beauty Influence 05 , 4г",599.0,599
"Чистая линия","Крем для рук , лица и тела Чистая линия Natura универсальный 200мл",299.0,299
"Floresan","Скраб Floresan Фитнес Body антицеллютитный горячий для тела 500мл",279.0,399
"Divage","Бальзам для губ Divage Lip Rehab Balm с ароматом шоколада 15мл",179.0,269
"Stellary","Стойкая жидкая матовая помада для губ Stellary Lip Tattoo 04 4,5мл",303.0,607
"Ninelle","Карандаш для губ Ninelle Danza 211 0,78г",349.0,499
"Influence Beauty","Помада для губ Influence Beauty Influence 02 , 4г",599.0,599
"Art-Visage","Увлажняющая помада для губ Art-Visage Black Dress 22 Пудровая роза 4,5г",369.0,369
"Valori","Спонж для умывания лица Valori Pure skin ' Detox ' с бамбуковым углем",79.0,149
"Ninelle","Тушь для ресниц Ninelle Milagro ' стойкость и веерный объём ' 181 Черная 11мл",699.0,699
"Consly","Крем для рук Consly с ароматом клубничного сорбета 100мл",299.0,299
"Ameli","Резинка для волос Ameli в горошек , с короткой лентой",149.0,149
"Divage","Помада - бальзам для губ Divage Lipstick Nude Balm 04 4г",319.0,499
"Stellary","Карандаш для губ Stellary Lipliner 03 1,35г",289.0,289
"Vivienne Sabo","Матирующий тональный крем для лица Vivienne Sabo Terra 01 23мл",449.0,639
"Ninelle","Карандаш для век Ninelle Destino 221 1,5г",649.0,649
"Bambolina","Детские салфетки Bambolina влажные с алоэ вера 120шт",79.0,159
"Jeanmishel","Лак для ногтей Jeanmishel GEL effect 199 Черный 12мл",129.0,129
"Divage","Тушь для ресниц Divage Karenina Черная 10мл",345.0,599
"R.O.C.S.","Зубная паста R.O.C.S. ' Энергия утра ' двойная мята 74г",276.0,369
"Vivienne Sabo","Помада для губ Vivienne Sabo Nude Createur 17 , 4г",439.0,439
"Бреф","Туалетный блок для унитаза Бреф Сила-актив ' цветочная свежесть ' 3*50г",289.0,499
"Чистая линия","Гель - пенка для умывания Чистая линия ' Гиалурон-Активатор ' для всех типов кожи 160мл",299.0,299
"Kaizer","Расческа - гребень для волос Kaizer деревянная комбинированная 190мм",129.0,129
"NSC","Тканевая маска для глубокого питания и мягкости кожи NSC Deep Nutrition Softness Skin 22г",69.0,69
"Luxvisage","Блеск для губ Luxvisage Pin-Up 20 Pink sand 5г",259.0,399
"R.O.C.S.","Гель для укрепления зубов R.O.C.S. Medical Minerals для детей и подростков , со вкусом клубники 45г",569.0,569
"Eveline","Гель для бровей Eveline Eyebrow Corrector 5 в 1 темно-коричневый 9мл",349.0,349
"Luxvisage","Матовый блеск для губ Luxvisage Pin-Up 9 Кофейный ликер 5г",259.0,399
"Influence Beauty","Тональный крем для лица Influence Beauty Solaris SPF 25 01 25мл",1080.0,1080
"One4me","Термозащитный спрей для укладки волос до 220 °С One4me Ангел-хранитель 200мл",489.0,699
"Stellary","Устойчивая помада для губ Stellary Rich Nude 24 3,8г",519.0,519
"Jeanmishel","Лак для ногтей Jeanmishel Gel formula 104 , 12мл",129.0,129
"Ecolatier","Молочко для тела Ecolatier Organic Avocado Интенсивное питание 250мл",329.0,329
"Vivienne Sabo","Глянцевая помада - бальзам для губ Vivienne Sabo La La Laque 05 2,5г",429.0,635
"Golden Rose","Лак для ногтей Golden Rose Ice Color 101 6мл",89.0,119
"Art-Visage","Подводка - фломастер для век Art-Visage 704 Черный",379.0,379
"BelorDesign","Помада - карандаш для губ BelorDesign Nude Harmony Satin Colors 4 2,3г",233.0,359
"Luxvisage","Блеск для губ Luxvisage Pin-Up 39 5г",259.0,399
"Influence Beauty","Тональный крем для лица Influence Beauty Solaris SPF 25 02 25мл",1080.0,1080
"Golden Rose","Лак для ногтей Golden Rose Color Expert 03 Белый с перламутром 10,2мл",149.0,199
"Ollin Professional","Перманентная крем - краска для волос Ollin Professional Color 10/8 Светлый блондин жемчужный 60мл",275.0,275
"Art-Visage","Блеск для губ Art-Visage Avenue 510 Lilac nude 3,3мл",269.0,359
"Estrade","Румяна для лица Estrade Lovely Blush 206 5г",479.0,479
"Galant Cosmetic","Тональный крем для лица Galant Cosmetic Perfect Make-Up 02 Натуральный 50мл",188.0,269
"Influence Beauty","Автоматический карандаш для губ Influence Beauty Lipfluence 2 , 0,28г",519.0,519
"УРРА","Пакет УРРА подарочный DP00535 26*32*10см",69.0,169
"Mond'Sub","Питательная маска - перчатки для рук Mond'Sub Hand Cream Mask с маслом арганы 36мл",194.0,299
"Estrade","Палетка для стробинга Estrade Picasso 502 Холодная",589.0,589
"Stylist Pro","Стойкая крем - краска для волос Stylist Pro 4.0 , Каштан , 120мл",139.0,199
"BelorDesign","Помада для губ BelorDesign Smart Girl Be Color 104 Дымчатая роза 4,3г",174.0,269
"Jeanmishel","Лак для ногтей Jeanmishel GEL effect 181 Искрящийся бежевый 6мл",85.0,85
"Luxvisage","Карандаш для губ Luxvisage Soft Matte 607 1,5г",194.0,299
"Hiskin","Эксфолиант скраб для умывания Hiskin с гиалуроновой кислотой 120мл",599.0,1130
"Глисс Кур","Стойкая краска для волос Глисс Кур Уход & увлажнение с гиалуроновой кислотой 6-0 Светло-каштановый",419.0,619
"Luxvisage","Блеск - плампер для губ Luxvisage Lip Volumizer hot vanilla 304 , 2,9г",226.0,349
"Jeanmishel","Лак для ногтей Jeanmishel Гель формула 101 Белый 12мл",129.0,129
"Golden Rose","Лак для ногтей Golden Rose Color Expert 13 Лилово-розовый 10,2мл",149.0,199
"Lebelage","Маска для лица Lebelage с древесным углем 25г",72.0,115
"Golden Rose","Лак для ногтей Golden Rose Ice Color 107 6мл",89.0,119
"Luxvisage","Блеск для губ Luxvisage Pin-Up 37 , 5г",259.0,399
"Day Spa","Ультратонкие ежедневные прокладки Day Spa Multiform Deo ' Морской бриз ' 60шт",149.0,229
"Без бренда","Жидкое мыло Sweet Flowers розовое 500мл",125.0,249
"Effect Color","Стойкая крем - краска для волос Effect Color 5 в 1 , 3.2 , Баклажан , 50мл",79.0,79
"Vilenta","Маска Vilenta 7 days для лица для полного релакса с голубой агавой и лотосом ' Правильное воскресенье ' , для всех типов кожи 28мл",69.0,99
"Черный Жемчуг","Освежающий тоник Черный Жемчуг Очищение + уход для нормальной и комбинированной кожи 200мл",415.0,415
"Love Generation","Гелевый карандаш для век Love Generation Color Bunny 01 1,3г",409.0,409
"Luxvisage","Тени для век Luxvisage Color Matt 15 1,5г",259.0,399
"Art-Visage","Пудра для лица Art-Visage Perfect Skin для жирной и комбинированной кожи 214 Кремовый 7г",525.0,525
"L'Oreal Paris","Стойкий тональный крем для лица L'Oreal Paris Infaillible Fresh wear 020 30мл",1690.0,1690
"Ollin Professional","Перманентная крем - краска для волос Ollin Professional Color 9/81 блондин жемчужно-пепельный 60мл",275.0,275
"Hiskin","Ночной крем для лица Hiskin с гиалуроновой кислотой 50мл",799.0,1580
"Consly","Маска для лица Consly Collagen с гидролизованным морским коллагеном 25мл",69.0,69
"Parisa Cosmetics","Подводка для век Parisa Cosmetics EL-405 Черная 5мл",329.0,329
"Claire Cosmetics","Ночная крем - маска для лица Claire Cosmetics Revital Pro ' интенсивное восстановление и питание ' 50мл",419.0,599
"Stellary","Карандаш для губ Stellary Lipliner 01 1,35г",289.0,289
"Holika Holika","Тканевая маска Holika Holika для лица ' Pure Essence Mask Sheet Shea Butter ' с маслом Ши 23мл",108.0,155
"Чистая линия","Гель для душа Чистая линия ' клубника и Миндальное молочко ' 250мл",235.0,235
"Libretta","Женские прокладки с мягкой поверхностью Libretta Ультра Нормал 10шт",119.0,169
"Relouis","Тушь для ресниц Relouis XXXL Extreme Exciting Exclusive Luxury , Черный , 10г",499.0,499
"Vivienne Sabo","Глянцевая помада - бальзам для губ Vivienne Sabo La La Laque 06 2,5г",429.0,635
"Jeanmishel","Лак для ногтей Jeanmishel GEL effect 249 Насыщенный розовый 6мл",85.0,85
"Ninelle","Подводка для век Ninelle Acento с эффектом металлик 451 6мл",689.0,689
"Дав","Крем - гель для душа Дав Ритуал красоты ' восстановление ' 250мл",279.0,399
"Relouis","Корректор для лица Relouis PRO Full Cover Corrector 40 , 4г",495.0,495
"Jeanmishel","Лак для ногтей Jeanmishel GEL effect 266 Розово-сиреневый перламутровый 6мл",85.0,85
"Невская Косметика","Туалетное мыло Невская Косметика ' Яблоневый сад ' 90г",36.0,49
"Art-Visage","Увлажняющая помада для губ Art-Visage Black Dress 21 Карамельный нюд 4,5г",369.0,369
"Parisa Cosmetics","Карандаш для век Parisa Cosmetics Gel Eyepencil 802 1,2г",158.0,229
"Estrade","Мыло для бровей Estrade Fixing Brow Soap 6,3г",345.0,345
"Fax","Крем - мыло Fax Almond milk 280г",179.0,239
"Fara","Стойкая крем - краска для бровей и ресниц без запаха Fara 3.0 Коричневый 30мл",259.0,259
"Glade","Освежитель воздуха Glade Automatic ' Сицилийский лимонад и мята ' автоматический сменный блок 269мл",349.0,499
"Art-Visage","Компактные румяна для лица Art-Visage Powder Blush с кисточкой 304 Sunset 3,8г",409.0,409
"Art-Visage","Гель для бровей Art-Visage Organic активатор роста 4мл",189.0,269
"Art-Visage","Увлажняющая помада для губ Art-Visage Black Dress 09 Кофейный десерт 4,5г",369.0,369
"WEIS","Маска для лица WEIS Detox ' питание и эластичность ' с муцином улитки 23г",99.0,99
"L'Oreal Paris","Помада для губ L'Oreal Paris Color Riche Les Nus 181 4,5мл",1150.0,1150
"Ollin Professional","Крем - краска для волос Ollin Professional Performance 7/0 Русый 60мл",435.0,435
"Golden Rose","Лак для ногтей Golden Rose Ice Color 120 6мл",89.0,119
"WEIS","Маска для лица WEIS Super Food Moisturizing с экстрактом брокколи 23г",35.0,89
"Zinger","Терка для ног Zinger RA-13 наждак",139.0,139
"Jeanmishel","Лак для ногтей Jeanmishel Crystal 703 Серебристо-бежевый блестящий 12мл",149.0,149
"Parisa Cosmetics","Неоновый карандаш для век Parisa Cosmetics Neon demon 602 1,2г",229.0,229
"Zinger","Массажная расческа Zinger для мокрых волос , с нейлоновыми зубьями в ассортименте",249.0,249
"Kaizer","Гребень деревянный с ручкой Kaizer редкие зубцы 185мм",129.0,129
"Природный Бальзам","Зубная паста Природный Бальзам ' Кора Дуба ' 90г",69.0,69
"Ollin Professional","Перманентная крем - краска для волос Ollin Professional Color 8/7 Светло-русый коричневый 60мл",275.0,275
"Art-Visage","Масло для губ Art-Visage Euphoria 102 Candy 5,5мл",455.0,455
"Jeanmishel","Карандаш для век Jeanmishel 104 темно-коричневый 1,14г",85.0,85
"L'Oreal Paris","Антивозрастной крем L'Oreal Paris Revitalift Filler [H.A] ночной - уход для лица 50мл",1290.0,1720
"Golden Rose","Лак для ногтей Golden Rose Wow! 22 Ярко-розовый 6мл",89.0,119
"Vister","Универсальный водоотталкивающий спрей для кроссовок и кед Vister Professional ' Защита от влаги и грязи ' 250мл",299.0,299
"Stellary","Устойчивая помада для губ Stellary Rich Nude 23 3,8г",519.0,519
"Zinger","Маникюрная пилка Zinger - полировка брусок для ногтей BA-09.10",299.0,299
"Art-Visage","Автоматический карандаш для бровей Art-Visage Cinema Brows 05 0,1г",319.0,429
"Ameli","Набор аксессуаров для детей Ameli ' Лебеди ' ( бусы , браслет , 2 заколки )",149.0,149
"Jeanmishel","Лак для ногтей Jeanmishel GEL effect 330 матовый Розовый диско 12мл",129.0,129
"Day Spa","Ультратонкие ежедневные прокладки Day Spa Multiform Air без аромата 60шт",149.0,229
"Jeanmishel","Лак для ногтей Jeanmishel 182 12мл",149.0,149
"Дав","Крем - гель для душа Дав Объятия нежности 250мл",279.0,399
"Divage","Румяна для лица Divage Solo compact blush 03 2г",339.0,499
"Vivienne Sabo","Матирующий тональный крем для лица Vivienne Sabo Terra 03 23мл",449.0,639
"WEIS","Маска для лица WEIS Detox ' Активное Увлажнение ' с гиалуроновой кислотой 23г",99.0,99
"Vilenta","Тканевая маска для лица Vilenta 7 Days ' Романтическая суббота ' с красным апельсином и папайей 28г",69.0,99
"Ollin Professional","Перманентная крем - краска для волос Ollin Professional Color 10/0 Светлый блондин 60мл",275.0,275
"Jeanmishel","Лак для ногтей Jeanmishel Crystal 709 Сиреневый блестящий 12мл",149.0,149
"Golden Rose","Лак для ногтей Golden Rose Wow! 33 Малиновый 6мл",89.0,119
"Ecolatier","Соль для ванны SPA-уход Ecolatier Увлажнение и Молодость 600г",201.0,269
"D.I.E.S.","Зубная паста для чувствительных зубов D.I.E.S. Сенситив 100мл",199.0,199
"Farres","Румяна для лица Farres 2 оттенка 02 10,5г",299.0,299
"Influence Beauty","Гель - блеск для губ Influence Beauty Gloss-X 07 3,4мл",419.0,589
"BelorDesign","Тушь для ресниц BelorDesign Bad Doll ' Revolution ' 11,6г",324.0,499
"BelorDesign","Корректор для лица BelorDesign Smart Girl Miss Perfect 22 Зеленый 2,4г",161.0,249
"Vivienne Sabo","Помада - бальзам для губ Vivienne Sabo Balm Fantaisie 06 , 4г",479.0,479
"Day Spa","Тампоны с аппликатором Day Spa Active Days Normal 16шт",249.0,499
"BelorDesign","Помада для губ BelorDesign Smart Girl Be Color 133 Индийский красный 4,3г",174.0,269
"УРРА","Пакет подарочный УРРА , цветы и бабочки , 31*26*12см",69.0,169
"Relouis","Тональный крем для лица с витамином Е Relouis 40 , Слоновая кость , 30мл",615.0,615
"Skinlite","Питательная маска для лица Skinlite ' молочный протеин '",111.0,159
"Open Smile","Комплексная зубная паста Open Smile ' здоровье десен ' 100г",111.0,149
"Influence Beauty","Гель - блеск для губ Influence Beauty Gloss-X 01 3,4мл",419.0,589
"Concept","Стойкая крем - краска для волос Concept Fusion Inspiration 5.01 Rosewood Brown ( Коричневый палисандр ) 100мл",272.0,389
"Art-Visage","Увлажняющая помада для губ Art-Visage Black Dress 10 Нежное прикосновение 4,5г",369.0,369
"BelorDesign","Помада для губ BelorDesign Smart Girl Be Color 115 Бежево-розовый 4,3г",174.0,269
"Influence Beauty","Автоматический карандаш для губ Influence Beauty Lipfluence 11 0,28г",519.0,519
"Delicare","Дневной крем для лица Delicare Retinol Revolution 56+ 50мл",169.0,359
"Estrade","Блеск для губ Estrade Candy Crush 401 1,8мл",199.0,339
"Luxvisage","Жидкие матовые тени для век Luxvisage Matt tint 12h 108 Grey Taup 3г",226.0,349
"Influence Beauty","Гель - блеск для губ Influence Beauty Gloss-X 05 3,4мл",419.0,589
"Laboratory Katrin","Шипучая соль для ванн Laboratory Katrin Happy-ki ' Мечтательная шипучка ' с ароматом ванильного мороженого 40г",49.0,49
"Carelax","Женский дезодорант Carelax ' Нежность хлопка ' 150мл",179.0,239
"Stylist Pro","Стойкая крем - краска для волос Stylist Pro 9.0 , Натуральный блонд , 120мл",139.0,199
"Jeanmishel","Лак для ногтей Jeanmishel Gel formula 103 , 12мл",129.0,129
"Golden Rose","Лак для ногтей Golden Rose Wow! 58 Темно-бордовый 6мл",89.0,119
"Ameli","Резинка для волос Ameli кожа Черная 9,5см",99.0,99
"Himalaya Herbals","Бальзам для губ Himalaya Herbals интенсивно увлажняющий , с маслом какао 10г",179.0,179
"Черный Жемчуг","Ночной крем для лица Черный Жемчуг Экстремальное увлажнение 100% гиалурон + ледниковая вода 50мл",449.0,449
"Consly","Тканевая маска для лица Consly Bad Girl Good Skin... ' После читмила ' 23мл",99.0,99
"Zinger","Пилка для маникюра прямая Zinger Classic ' Cats ' 180/240",129.0,129
"Influence Beauty","Бальзам - стик для губ Influence Beauty Glow Injection 04 2г",699.0,699
"Relouis","Оттеночный гель - тинт для губ Relouis Kiss Me Again 02 , 4мл",425.0,425
"Без бренда","Губка для обуви широкая Черная",69.0,69
"Open Smile","Зубная паста Open Smile ' Интенсивное отбеливание ' 100г",111.0,149
"Stellary","Карандаш для губ Stellary Lipliner 07 1,35г",289.0,289
"Art-Visage","Масло для губ Art-Visage Euphoria 101 Passion 5,5мл",455.0,455
"Art-Visage","Увлажняющая помада для губ Art-Visage Black Dress 03 4,5г",369.0,369
"Floresan","Скраб для ног Floresan Organic foot Care ' Жидкая пемза ' кокосовое масло и экстракт прополиса 150мл",139.0,199
"Jeanmishel","Лак для ногтей Jeanmishel 150 12мл",149.0,149
"Golden Rose","Лак для ногтей Golden Rose Wow! 16 Розово-бежевый 6мл",89.0,119
"Принцесса","Детский бальзам для губ Принцесса Сластёна ' Тутти-фрути 3,5г",153.0,153
"Jeanmishel","Лак для ногтей Jeanmishel 278 12мл",149.0,149
"Stellary","Устойчивая помада для губ Stellary Rich Nude 11 3,8г",519.0,519
"Stellary","Стойкая жидкая матовая помада для губ Stellary Lip Tattoo 05 4,5мл",303.0,607
"Golden Rose","Лак для ногтей Golden Rose Wow! 204 Серебряный с блестками 6мл",89.0,119
"Hiskin","Пенка для умывания Hiskin с коллагеном 120мл",499.0,999
"Jeanmishel","Карандаш для бровей Jeanmishel 203 темно-коричневый 1,14г",85.0,85
"Невская Косметика","Туалетное мыло Невская Косметика ' Новое Ланолиновое ' 90г",36.0,49
"Jeanmishel","Лак для ногтей Jeanmishel Гель формула 289 пастельно-сиреневый 12мл",129.0,129
"Parisa Cosmetics","Карандаш для губ Parisa Cosmetics Stay Nude 702 1,2г",249.0,249
"Luxvisage","Карандаш для губ Luxvisage Soft Matte 606 1,5г",194.0,299
"BelorDesign","Скраб - бальзам для губ BelorDesign Scrub ' Обновление губ ' 4г",103.0,159
"Botaniqua","Крем для тела Botaniqua ' Интенсивное питание ' с оливой и протеинами шёлка 200мл",299.0,299
"Vivienne Sabo","Помада для губ Vivienne Sabo Nude Createur 06 , 4г",439.0,439
"Lavelle","Палетка теней для век Lavelle 6 цветов 04 Золотисто-зеленый",249.0,249
"Jeanmishel","Лак для ногтей Jeanmishel Crystal серебристый блестящий 12мл",149.0,149
"Art-Visage","Гель для бровей и ресниц Art-Visage Fix&Care оттеночный , коричневый 4,3мл",229.0,229
"Parisa Cosmetics","Помада для губ Parisa Cosmetics 47 , Перламутровый виноградный , 4,2г",239.0,239
"Parisa Cosmetics","Блеск для губ Parisa Cosmetics ' Water Filling ' , Прозрачный , 16мл",265.0,265
"BelorDesign","Помада для губ BelorDesign Smart Girl Be Color 119 Каштан 4,3г",174.0,269
"Relouis","Блеск для губ Relouis Fashion Gloss 13 , 3,7г",243.0,375
"Parisa Cosmetics","Подводка - фломастер для век Parisa Cosmetics , Черный",429.0,429
"Divage","Автоматический карандаш для губ Divage Let’s Talk long-lasting lip liner 05 0,26г",299.0,449
"Relouis","Водостойкий оттеночный гель для бровей Relouis PRO Waterproof Color Brow Gel 01 , Blonde , 7,5г",252.0,389
"Jeanmishel","Лак для ногтей Jeanmishel Гель формула 183 Искрящийся бежевый 12мл",129.0,129
"Ninelle","Маркер для бровей Ninelle Elegancia 613 1мл",799.0,799
"Принцесса","Двойной блеск для губ Принцесса ' Малина со сливками ' 3+ 10мл",379.0,379
"NSC","Тканевая маска для увлажнения и свежести кожи NSC Moisture Freshness Skin 22г",69.0,69
"Frenchi","Лак для ногтей Frenchi Color&Care 38 Magnolia 11мл",299.0,299
"Librederm","Бальзам для губ Librederm АЕВИТ ' Медовый персик ' 4г",219.0,219
"BelorDesign","Помада - карандаш для губ BelorDesign Satin Colors 3 2,3г",233.0,359
"Laboratory Katrin","Шипучая соль для ванн Laboratory Katrin Happy-ki ' Сонная шипучка ' с ароматом мёда и молока 40г",49.0,49
"Ollin Professional","Перманентная крем - краска для волос Ollin Professional Color 9/00 Блондин глубокий 60мл",275.0,275
"El'Skin","Маска - перчатки для рук El'Skin питательная ' Миндаль '",269.0,269
"Art-Visage","Увлажняющая помада для губ Art-Visage Black Dress 06 Персиковый нюд 4,5г",369.0,369
"Ninelle","Тушь для ресниц с эффектом объёма Ninelle La Gloria 111 Ультрачерный 10мл",699.0,699
"Jeanmishel","Лак для ногтей Jeanmishel 321 12мл",149.0,149
"Без бренда","Губка для обуви широкая бесцветная",69.0,69
"Ollin Professional","Перманентная крем - краска для волос Ollin Professional Color 10/26 Светлый блондин Розовый 60мл",275.0,275
"Colgate","Зубная паста Colgate Sensitive Pro-Relief + отбеливание 75мл",249.0,399
"Compliment","Маска для волос Compliment ' Stay Strong ' Укрепление и защита от выпадения для склонных к выпадению , тонких и секущихся волос 25мл",69.0,69
"Vivienne Sabo","Глянцевая помада - бальзам для губ Vivienne Sabo La La Laque 03 2,5г",429.0,635
"Lebelage","Тканевая маска для лица Lebelage с экстрактом граната 25мл",72.0,115
"Love Generation","Влагостойкая тушь для ресниц Love Generation Tentacle Water resistant 01 9мл",649.0,649
"Ameli","Заколка - краб для волос Ameli Прозрачный",199.0,199
"WEIS","Маска для лица WEIS с экстрактом секрета улитки 23г",99.0,99
"BelorDesign","Гигиеническая помада для губ BelorDesign Nature ' облепиховая ' 4,4г",103.0,159
"Jeanmishel","Лак для ногтей Jeanmishel с блестками D11",149.0,149
"Echolux","Роллер для лица Echolux ' Facial Roller '",199.0,199
"BelorDesign","Румяна для лица BelorDesign Velvet touch 102 Розово-персиковый 3,6г",285.0,439
"Valori","Спонж Valori для умывания в боксе 1шт",149.0,149
"Jeanmishel","Лак для ногтей Jeanmishel 230 12мл",149.0,149
"Art-Visage","Кремовые румяна для лица с сатиновым финишем Art-Visage Silk Cream Blush 433 13мл",475.0,475
"Parisa Cosmetics","Помада для губ Parisa Cosmetics 13 , Сливово-розовое сияние , 4,2г",239.0,239
"Lavelle","Кремовый тинт для лица и губ Lavelle Pink & Go 3 in 1 02 7мл",329.0,329
"Influence Beauty","Гель - блеск для губ Influence Beauty Gloss-X 08 3,4мл",419.0,589
"Relouis","Жидкая матовая помада для губ Relouis Nude Matte 22 , 4,5г",499.0,499
"Jeanmishel","Карандаш для век Jeanmishel 102 Белый 1,14г",85.0,85
"Vivienne Sabo","Тональный крем для лица с естественным покрытием Vivienne Sabo Aerien 01 23мл",449.0,639
"Golden Rose","Лак для ногтей Golden Rose Ice Color 124 6мл",89.0,119
"Hiskin","Пенка для умывания Hiskin с гиалуроновой кислотой 120мл",499.0,999
"Vivienne Sabo","Гель для бровей Vivienne Sabo Fixateur Фиксирующий 01 коричневый 6мл",309.0,309
"Concept","Стойкая крем - краска для волос Concept Fusion Inspiration 6.00 Dark Brown ( Темно-коричневый ) 100мл",272.0,389
"Luxvisage","Жидкие матовые тени для век Luxvisage Matt tint 12h 103 Nude beige 3г",226.0,349
"Vivienne Sabo","Блеск для губ Vivienne Sabo Le Grand Volume 5 Pasteque 3мл",559.0,559
"Relouis","Жидкая матовая помада для губ Relouis Nude Matte 18 , 4,5г",499.0,499
"Parisa Cosmetics","Помада для губ Parisa Cosmetics 36 , Ягодный перламутр , 4,2г",239.0,239
"Aravia Professional","Ультраувлажняющий крем для ног с мочевиной 15% Aravia Professional Ultra moisture cream 100мл",349.0,579
"Vivienne Sabo","Блеск для губ Vivienne Sabo Le Grand Volume 9 Figue 3мл",559.0,559
"Vilenta","Маска Vilenta 7 days для лица против плохого настроения с мякотью дыни и мятой ' Позитивный вторник ' , для всех типов кожи 28мл",69.0,99
"Stellary","Кремовый консилер для лица Stellary Nude Skin Concealer 02 3мл",579.0,579
"Vister","Крем - краска блеск для обуви Vister для гладкой кожи , Черная в банке + губка",89.0,89
"Ollin Professional","Крем - краска для волос Ollin Professional Performance 8/00 Светло-русый глубокий 60мл",435.0,435
"Foammen","Бальзам после бритья Foammen ' увлажняющий ' 100мл",269.0,449
"Luxvisage","Жидкие тени для век Luxvisage Metal hype 16 Тигровый Глаз 3,5г",226.0,349
"Art-Visage","Тональный крем для лица Art-Visage Cover Face 210 Холодный бежевый 25мл",515.0,515
"Valori","Кисть Valori для теней , двойная",149.0,149
"Jeanmishel","Средство для ногтей Jeanmishel Pro nail care сверхстойкое базовое покрытие 6мл",125.0,125
"Concept","Стойкая крем - краска для волос Concept Fusion Inspiration 1.0 Space Black ( Космический черный ) 100мл",272.0,389
"Luxvisage","Жидкие матовые тени для век Luxvisage Matt tint 12h 104 Cool Taupe 3г",226.0,349
"Jeanmishel","Лак для ногтей Jeanmishel GEL effect 248 Нежно-голубой 6мл",85.0,85
"Jeanmishel","Карандаш для век Jeanmishel 106 Темно-серый 1,14г",85.0,85
"BeYoung","Румяна для лица BeYoung Blush 04 2,7г",299.0,299
"Farres","Тушь для ресниц Farres Lash Sensational Черный 13,1мл",349.0,349
"Eveline","Ночная антицеллюлитная сыворотка Eveline Slim Extreme 4D 250мл",599.0,599
"Stellary","Устойчивая помада для губ Stellary Long Lasting My Lip Symbol 07 4г",273.0,549
"Lavelle","Помада для губ Lavelle Lip Cream 03 Терракотовый 3,8г",201.0,269
"Jeanmishel","Лак для ногтей Jeanmishel с блестками M15",149.0,149
"Divage","Гелевый карандаш для век Divage Kajal Eyeliner waterproof 02 1,3г",299.0,499
"Art-Visage","Увлажняющая помада для губ Art-Visage Black Dress 16 4,5г",369.0,369
"Lavelle","Кремовый тинт для лица и губ Lavelle Pink & Go 3 in 1 03 7мл",329.0,329
"Parisa Cosmetics","Помада для губ Parisa Cosmetics 64 , Медно-розовый перламутр , 4,2г",239.0,239
"Golden Rose","Лак для ногтей Golden Rose Color Expert 26 Насыщенно-красный 10,2мл",149.0,199
"Art-Visage","Кремовые румяна для лица с сатиновым финишем Art-Visage Silk Cream Blush 432 13мл",475.0,475
"BelorDesign","Помада для губ BelorDesign Be Color 132 4,3г",174.0,269
"Relouis","Блеск для губ Relouis Fashion Gloss 20 , 3,7г",243.0,375
"Stellary","Блеск для губ Stellary Lipgloss Big Lips 04 4,2мл",345.0,499
"Тресемме","Шампунь , кондиционер , сыворотка для волос 3 в 1 Тресемме Комплексное Восстановление с кератином и церамидами 360мл",391.0,559
"Concept","Стойкая крем - краска для волос Concept Fusion Inspiration 3.0 Dark Moon ( Тёмная луна ) 100мл",272.0,389
"Influence Beauty","Тональный крем для лица Influence Beauty Solaris SPF 25 03 25мл",1080.0,1080
"Salton","Универсальная пропитка для обуви Salton Extreme ' Экстра защита от воды ' 190мл",369.0,369
"Relouis","Жидкая матовая помада для губ Relouis Nude Matt 10 , 4,5г",499.0,499
"Beauu Green","Маска Beauu Green тканевая 3D для лица с экстрактом секрета улитки 23г",51.0,79
"Art-Visage","Блеск для губ Art-Visage Avenue 512 Sangria 3,3мл",269.0,359
"Golden Rose","Лак для ногтей Golden Rose Ice Color 112 6мл",89.0,119
"Eveline","Восстанавливающий укрепляющий крем - лифтинг для лица Eveline Gold & Retinol 50+ 50мл",499.0,499
"Vivienne Sabo","Помада для губ Vivienne Sabo Nude Createur 02 , 4г",439.0,439
"Golden Rose","Лак для ногтей Golden Rose Wow! 09 6мл",89.0,119
"Vivienne Sabo","Матовые румяна для лица Vivienne Sabo Macaron 01 4,1г",469.0,469
"Zinger","Терка для педикюра Zinger RA-70.80.81 двухсторонняя , 100/180 GL BFY",229.0,229
"Принцесса","Двойной блеск для губ Принцесса ' Клубничный мусс ' 3+ 10мл",379.0,379
"Parisa Cosmetics","Помада для губ Parisa Cosmetics 60 , Терракотовый глянец , 4,2г",239.0,239
"Jeanmishel","Лак для ногтей Jeanmishel с блестками M3",149.0,149
"Stellary","Устойчивая помада для губ Stellary Rich Nude 10 3,8г",519.0,519
"УРРА","Пакет подарочный УРРА ' Для тебя ' , 31*26*12см",69.0,169
"Ninelle","Матовая пудра для лица Ninelle Clasico Mate 201 8г",815.0,815
"Parisa Cosmetics","Помада для губ Parisa Cosmetics 35 , Черника со сливками , 4,2г",239.0,239
"El'Skin","Маска - желе для лица El'Skin ' Jelly-mask Aloe ' с алоэ 10г",99.0,99
"BelorDesign","Помада - карандаш для губ BelorDesign Satin Colors 14 2,3г",233.0,359
"Ninelle","Карандаш для губ Ninelle Danza 215 0,78г",349.0,499
"Zinger","Педикюрная терка Zinger наждак двусторонняя в форме стопы для стоп 1шт",229.0,229
"Compliment","Термоактивный гель - корректор Compliment for Beautiful body для моделирования фигуры 200мл",365.0,365
"Ninelle","Палетка сульптурирования лица Ninelle La Luz y La Sombra 505 9г",975.0,975
"Vivienne Sabo","Тональный крем для лица с SPF 20 Vivienne Sabo Flamme 03 23мл",449.0,639
"Stellary","Увлажняющая помада с гиалуроновой кислотой Stellary Hydrating Lipstick Cult Classic 05 4г",449.0,449
"Art-Visage","Сияющие тени для век Art-Visage Illusion 36 Аметист 1,9г",439.0,439
"Parisa Cosmetics","Карандаш для губ Parisa Cosmetics Stay Nude 717 1,2г",249.0,249
"Jeanmishel","Лак для ногтей Jeanmishel GEL effect 351 Розово-красный 6мл",85.0,85
"Jeanmishel","Лак для ногтей Jeanmishel Гель формула 160 искрящийся Розовый 12мл",129.0,129
"Art-Visage","Ультрафиксирующий гель для бровей Art-Visage Ultimate Fix",369.0,369
"Parisa Cosmetics","Помада для губ Parisa Cosmetics 02 , Розовый перламутр , 4,2г",239.0,239
"УРРА","Пакет УРРА подарочный ' Лазер ' 11*14*6см в ассортименте",29.0,49
"Jeanmishel","Лак для ногтей Jeanmishel GEL effect 152 Темно-розово-красный с перламутром 6мл",85.0,85
"R.O.C.S.","Зубная паста R.O.C.S. комплексная ' Максимальная свежесть ' 75мл",369.0,369
"BelorDesign","Помада для губ BelorDesign Smart Girl Be Color 117 Кофе с молоком 4,3г",174.0,269
"Nextbeau","Увлажняющий отшелушивающий пилинг - гель для лица Nextbeau Hyaluronic Solution ' Moist Peeling Gel ' с гиалуроновой кислотой 100мл",449.0,859
"Golden Rose","Лак для ногтей Golden Rose Color Expert 78 10,2мл",149.0,199
"Love Generation","Объёмная тушь для ресниц Love Generation Tentacle Volume 01 9мл",649.0,649
"BelorDesign","Помада для губ BelorDesign Smart Girl Be Color 118 Молочный шоколад 4,3г",174.0,269
"Floresan","Крем - актив Floresan Фитнес Body от целлюлита 125мл",245.0,245
"Parisa Cosmetics","Помада для губ Parisa Cosmetics 09 , Терракотовый , 4,2г",239.0,239
"Golden Rose","Лак для ногтей Golden Rose Wow! 56 6мл",89.0,119
"Jeanmishel","Лак для ногтей Jeanmishel GEL effect 278 Вишневый 6мл",85.0,85
"Parisa Cosmetics","Помада для губ Parisa Cosmetics 57 , Насыщенная маджента , 4,2г",239.0,239
"Пижон","Биоошейник от паразитов для мелких пород собак и кошек Пижон Premium Красный 35см",199.0,199
"Parisa Cosmetics","Подводка - фломастер для век Parisa Cosmetics Glam & Glow Голубой 6мл",449.0,449
"Luxvisage","Маска - бальзам для губ Luxvisage Lip Ecstasy Hyaluron & Collagen 602 Peach",194.0,299
"Jeanmishel","Лак для ногтей Jeanmishel Gel formula 381 , 12мл",129.0,129
"Ninelle","Карандаш для губ Ninelle Danza 210 0,78г",349.0,499
"Parisa Cosmetics","Карандаш для бровей Parisa Cosmetics Master 302 , Серо-коричневый , 1,5г",199.0,199
"Relouis","Карандаш для глаз Relouis с витамином Е 10 4г",449.0,449
"Relouis","Жидкая матовая помада для губ Relouis Nude Matt 14 , 4,5г",499.0,499
"Influence Beauty","Тональная основа с эффектом пудры Influence Beauty Superfluid 03 Medium light 35мл",699.0,945
"Luxvisage","Тени для век Luxvisage Metal hype 3 Розовый жемчуг 3г",226.0,349
"Divage","Матовая помада для губ Divage Matte Sensuality Lipstick 11 4г",399.0,549
"Ollin Professional","Крем - краска для волос Ollin Professional Performance 5/0 Светлый шатен 60мл",435.0,435
"Lavelle","Палетка для контуринга Lavelle Few steps 03 Rose Beige",399.0,399
"Valori","Набор для нанесения масок Valori",129.0,249
"Ollin Professional","Крем - краска для волос Ollin Professional Performance 1/0 Иссиня-черный 60мл",435.0,435
"Jeanmishel","Лак для ногтей Jeanmishel GEL effect 171 Искрящийся серебрянный 6мл",85.0,85
"Delicare","Ночной крем для лица Delicare Retinol Revolution 56+ 50мл",169.0,359
"Vivienne Sabo","Блеск для губ Vivienne Sabo Le Grand Volume 1 Litchi 3мл",559.0,559
"Floresan","Гель - крем для ног Floresan Organic foot Care дезодорирующий с маслом пихты и можжевельника 100мл",119.0,159
"Parisa Cosmetics","Подводка - фломастер для век Parisa Cosmetics Glam & Glow Фиолетовый 6мл",449.0,449
"Ollin Professional","Перманентная крем - краска для волос Ollin Professional Color 7/46 Русый медно-красный 60мл",275.0,275
"Golden Rose","Лак для ногтей Golden Rose Ice Color 194 6мл",89.0,119
"Estrade","Жидкая матовая помада для губ Estrade Nonstop 104 5мл",249.0,429
"УРРА","Пакет УРРА подарочный с тиснением 26*32*13см в ассортименте",69.0,139
"Golden Rose","Лак для ногтей Golden Rose Color Expert 77 10,2мл",149.0,199
"NSC","Тканевая маска для лица с маслом семян конопли NSC Hemp 22г",89.0,89
"Estrade","Мерцающий блеск для губ Estrade Avrora 102 Кассиопея 5,5мл",339.0,339
"Parisa Cosmetics","Карандаш для бровей Parisa Cosmetics Master 306 , Шоколадно-коричневый , 1,5г",199.0,199
"Jeanmishel","Лак для ногтей Jeanmishel Gel formula 192 , 12мл",129.0,129
"Relouis","Жидкая матовая помада Relouis Nude Matte 17 , 4,5г",499.0,499
"Lavelle","Карандаш для бровей Lavelle Perfect Brows 03 0,75г",149.0,149
"Stellary","Автоматический карандаш каял для век Stellary Eyeliner Kajal 02 0,28г",449.0,449
"Parisa Cosmetics","Помада для губ Parisa Cosmetics 93 , Сангрия перламутр , 4,2г",239.0,239
"Estrade","Мерцающий блеск для губ Estrade Avrora 103 Андромеда 5,5мл",339.0,339
"Vivienne Sabo","Автоматический карандаш для век Vivienne Sabo Virtuose 03 0,28г",439.0,439
"Luxvisage","Жидкие матовые тени для век Luxvisage Matt tint 12h 105 Ash Lilac 3г",226.0,349
"Kloger","Запасной блок для унитаза Kloger с гелевой вставкой ' Лесной ' 40г",49.0,79
"Ninelle","Матовая пудра для лица Ninelle Clasico Mate 204 8г",815.0,815
"УРРА","Пакет подарочный УРРА , Розовый с леопардовыми пятнами , 26*32*10см",69.0,169
"Jeanmishel","Масло для ногтей Jeanmishel Pro nail care 6мл",199.0,199
"Stellary","Стойкая жидкая матовая помада для губ Stellary Lip Tattoo 07 4,5мл",303.0,607
"Luxvisage","Жидкие тени для век Luxvisage Metal hype 14 Дымчатый кварц 3г",226.0,349
"Golden Rose","Лак для ногтей Golden Rose Wow! 26 розово - коричневый 6мл",89.0,119
"УРРА","Пакет подарочный УРРА ' Будь счастлива каждую секунду ' , 26*32*10см",69.0,169
"Lavelle","Помада для губ Lavelle Lip Cream 04 Нюдово-коричневый 3,8г",201.0,269
"Influence Beauty","Автоматический карандаш для губ Influence Beauty Lipfluence 09 , 0,28г",519.0,519
"Vivienne Sabo","Ультратонкий карандаш для век Vivienne Sabo Calligrapher 03 0,05г",369.0,519
"Ollin Professional","Перманентная крем - краска для волос Ollin Professional Color 11/21 специальный Блондин фиолетово-пепельный 60мл",275.0,275
"Art-Visage","Увлажняющая помада для губ Art-Visage Black Dress 18 4,5г",369.0,369
"Golden Rose","Лак для ногтей Golden Rose Wow! 28 Лиловый 6мл",89.0,119
"Golden Rose","Лак для ногтей Golden Rose Color Expert 36 Коричнево-бордовый 10,2мл",149.0,199
"Сто Рецептов Красоты","Гель Сто Рецептов Красоты ' венотон ' для ног , активного действия 70мл",149.0,149
"Ninelle","Сатиновые румяна для лица Ninelle Colorico 407 2,5г",649.0,649
"Parisa Cosmetics","Помада для губ Parisa Cosmetics 22 , Бежево-розовый перламутр , 4,2г",239.0,239
"Ollin Professional","Крем - краска для волос Ollin Professional Performance 10/1 Светлый блондин пепельный 60мл",435.0,435
"Kloger","Чистящее средство Kloger для стекол с нашатырным спиртом 500мл",129.0,199
"Carelax","Дезодорант Carelax женский ' Magic Flowers ' 150мл",179.0,239
"Jeanmishel","Лак для ногтей Jeanmishel Crystal 714 Золотисто-коричневый блестящий 12мл",149.0,149
"Golden Rose","Лак для ногтей Golden Rose Wow! 17 Нежно-розовый 6мл",89.0,119
"Parisa Cosmetics","Шелковистые румяна для лица и губ Parisa Cosmetics Cheeky Kisses 04 3,5мл",409.0,409
"Market Fresh","Пакеты для льда Market Fresh с клапаном 28 кубиков 9шт",49.0,89
"Jeanmishel","Лак для ногтей Jeanmishel Crystal 707 Фиолетово-серебристый блестящий 12мл",149.0,149
"Influence Beauty","Гель - блеск для губ Influence Beauty Gloss-X 06 3,4мл",419.0,589
"Чистая линия","Восстанавливающий шампунь для волос Чистая линия Технология 3D восстановления с репейным маслом 400мл",249.0,249
"Relouis","Двойные румяна для лица Relouis PRO Blush Duo 201 , 5г",499.0,499
"D.I.E.S.","Сменные насадки для детской электрической зубной щетки D.I.E.S. Kids мягкая 2шт",199.0,199
"BelorDesign","Хайлайтер для лица BelorDesign Lumi Touch 1 Vanilla Dream 3,6г",259.0,399
"Mirrolla","Эфирное масло Mirrolla ' можжевельник ' 10мл",120.0,165
"Весна","Новый детский крем Весна с д-пантенолом 45мл",39.0,59
"УРРА","Пакет УРРА подарочный DP00544 26*32*10см",69.0,169
"Estrade","Жидкая матовая помада для губ Estrade Nonstop 103 5мл",249.0,429
"Art-Visage","Сияющие тени для век Art-Visage Illusion 40 Лунное мерцание 1,9г",439.0,439
"УРРА","Пакет УРРА подарочный ' Лазер ' , серебристый 26*32*13см",69.0,139
"Mirrolla","Эфирное масло Mirrolla ' кедр ' 10мл",120.0,165
"Tiswell","Детская реминерализующая зубная паста Tiswell Nano Mineral Тропическое манго 6-12 лет 60г",299.0,299
"Parisa Cosmetics","Помада для губ Parisa Cosmetics 51 , Кораллово-красный , 4,2г",239.0,239
"Love Generation","Тушь для ресниц Love Generation Happiness Good Volume Mascara 01 Черный 9мл",399.0,399
"Delicare","Женский дезодорант - антиперспирант Delicare Love ' Active Style ' 150мл",201.0,269
"Jeanmishel","Лак для ногтей Jeanmishel 216 12мл",149.0,149
"BelorDesign","Консилер для лица BelorDesign Soft Focus 103 Нейтральный 7г",259.0,399
"Parisa Cosmetics","Бальзам для губ Parisa Cosmetics Sweet Kiss ' Peach ' 7г",269.0,269
"BeYoung","Стойкий тональный крем для лица BeYoung Cover Face HD 02 35мл",349.0,349
"Influence Beauty","Тональная основа с эффектом пудры Influence Beauty Superfluid 04 Medium 35мл",699.0,945
"Lavelle","Помада для губ Lavelle Lip Cream 07 Темно-розовый 3,8г",201.0,269
"Influence Beauty","Помада для губ Influence Beauty Influence 06 , 4г",599.0,599
"Jeanmishel","Лак для ногтей Jeanmishel GEL effect 265 Светло-зеленый перламутровый 6мл",85.0,85
"Relouis","Оттеночный гель - тинт для губ Relouis Kiss Me Again 03 , 4мл",199.0,425
"Delicare","Женский дезодорант - антиперспирант Delicare ' Passion Fruit ' 75мл",149.0,199
"Golden Rose","Лак для ногтей Golden Rose Wow! 4 Кремовый 6мл",89.0,119
"Ameli","Резинки для волос Ameli с золотым шариком 6шт",79.0,149
"Parisa Cosmetics","Помада для губ Parisa Cosmetics 62 , Розово-кремовый перламутр , 4,2г",239.0,239
"Relouis","Жидкая матовая помада для губ Relouis Nude Matt 12 , 4,5г",499.0,499
"Luxvisage","Блеск для губ Luxvisage Pin-Up 23 Corset 5г",259.0,399
"Stellary","Устойчивая помада для губ Stellary Long Lasting My Lip Symbol 03 4г",273.0,549
"Parisa Cosmetics","Помада для губ Parisa Cosmetics 17 , Натурально-розовый перламутр , 4,2г",239.0,239
"Stellary","Блеск для губ Stellary Lipgloss Big Lips 03 4,2мл",345.0,499
"Vivienne Sabo","Глянцевая помада - бальзам для губ Vivienne Sabo La La Laque 08 2,5г",429.0,635
"Baroness","Маска для лица Baroness успокаивающая , с экстрактом календулы 21г",49.0,99
"Mentholatum","Бальзам для губ Mentholatum Deep Moist 4,5г",399.0,399
"Skinlite","Увлажняющая маска для лица Skinlite ' гиалуроновая кислота '",111.0,159
"Art-Visage","Кремовые румяна для лица с сатиновым финишем Art-Visage Silk Cream Blush 431 13мл",475.0,475
"Art-Visage","Увлажняющая помада для губ Art-Visage Black Dress 05 4,5г",369.0,369
"Art-Visage","Увлажняющая помада для губ Art-Visage Black Dress 11 4,5г",369.0,369
"BelorDesign","Помада - карандаш для губ BelorDesign Satin Colors 12 2,3г",233.0,359
"Jeanmishel","Лак для ногтей Jeanmishel 245 12мл",149.0,149
"Jeanmishel","Лак для ногтей Jeanmishel Gel formula 151 , 12мл",129.0,129
"Relouis","Компактный хайлайтер для лица Relouis PRO 01 , 5г",356.0,549
"Farres","Румяна для лица Farres 2 оттенка 06 10,5г",299.0,299
"Vivienne Sabo","Тональный крем для лица с SPF 20 Vivienne Sabo Flamme 02 23мл",449.0,639
"Botaniqua","Крем для рук Botaniqua ' Комплексный уход ' 80мл",64.0,99
"Parisa Cosmetics","Карандаш для век Parisa Cosmetics Gel Eyepencil 807 1,2г",158.0,229
"Jeanmishel","Лак для ногтей Jeanmishel Гель формула 247 Амарантовый 12мл",129.0,129
"Ameli","Косметический набор Ameli для смешивания масок для лица 5 предметов",249.0,249
"Relouis","Карандаш для глаз Relouis с витамином Е 03 4г",449.0,449
"Luxvisage","Жидкие тени для век Luxvisage Satin Nude super stay 201 Ivory 3,5мл",259.0,399
"Laboratory Katrin","Шипучая соль для ванн Laboratory Katrin Happy-ki ' Бодрящая шипучка ' с ароматом апельсинового фреша 40г",49.0,49
"Eveline","Хайлайтер для лица Eveline Feel the Glow 10 , 4,2г",499.0,499
"Luxvisage","Жидкие тени для век Luxvisage Satin Nude super stay 205 Taupe 3,5мл",259.0,399
"Ninelle","Карандаш для век Ninelle Destino 222 1,5г",649.0,649
"Parisa Cosmetics","Карандаш для бровей Parisa Cosmetics Master 305 , Коричневый светлый , 1,5г",199.0,199
"Vivienne Sabo","Помада для губ Vivienne Sabo Nude Createur 08 4г",439.0,439
"Golden Rose","Лак для ногтей Golden Rose Ice Color 105 6мл",89.0,119
"Luxvisage","База под тени для век Luxvisage 5г",168.0,259
"BelorDesign","Помада для губ BelorDesign Be Color 120 4,3г",174.0,269
"Galant Cosmetic","Тональный крем для лица Galant Cosmetic Perfect Make-Up 01 Нежный беж 50мл",188.0,269
"BeYoung","Набор для лица румяна и хайлайтер BeYoung Strobing 03 11г",399.0,399
"Stellary","Жидкие румяна для лица Stellary Liquid Blush 01 3мл",519.0,519
"Relouis","Объёмная тушь для ресниц Relouis Mascarad , Синий , 10г",278.0,429
"Jeanmishel","Лак для ногтей Jeanmishel 205 12мл",149.0,149
"Levrana","Пенка для мытья лап после прогулки Levrana Love Pets 150мл",229.0,299
"WEIS","Омолаживающая маска для лица WEIS ' Сквален ' 50мл",149.0,149
"Ollin Professional","Крем - краска для волос Ollin Professional Performance 11/1 Специальный блондин Пепельный 60мл",435.0,435
"Zinger","Пилка для маникюра прямая Zinger Classic ' Cats ' 100/180",129.0,129
"Frenchi","Лак для ногтей Frenchi Effects 68 Tiana 11мл",299.0,299
"Jeanmishel","Лак для ногтей Jeanmishel Гель формула 201 Пастельно-розовый 12мл",129.0,129
"Jeanmishel","Лак для ногтей Jeanmishel 328 12мл",149.0,149
"Lavelle","Помада для губ Lavelle Lip Cream 08 Классический красный 3,8г",201.0,269
"Relouis","Оттеночный гель - тинт для губ Relouis Kiss Me Again 01 , 4мл",425.0,425
"BelorDesign","Карандаш для век BelorDesign Party 20 Серый 1,2г",96.0,149
"Art-Visage","Бальзам для губ Art-Visage Euphoria SOS Repair + Mango butter 3,2г",359.0,359
"Golden Rose","Лак для ногтей Golden Rose Wow! 100 6мл",89.0,119
"Eveline","Карандаш для век Eveline EYE MAX PRECISION Зеленый",160.0,239
"Galant Cosmetic","Тональный крем для лица Galant Cosmetic Perfect Make-Up 04 Теплый беж 50мл",188.0,269
"Delicare","Увлажняющий гиалуроновый гель для лица Delicare Extra Hydration Aloe-gel 50мл",199.0,349
"Parisa Cosmetics","Карандаш для губ Parisa Cosmetics Stay Nude 721 1,2г",249.0,249
"Relouis","Пудра - скульптор для лица Relouis PRO Sculpting Powder 01 , 5г",330.0,509
"УРРА","Пакет подарочный УРРА , тюльпаны и птицы , 26*32*10см",69.0,169
"Luxvisage","Жидкие тени для век Luxvisage Satin Nude super stay 203 Powder Rose 3,5мл",259.0,399
"Ninelle","Тушь для ресниц Ninelle El Clasico 132 Черная 10мл",665.0,665
"Delicare","Стойкая крем - краска для волос Delicare Professional Color Trend 12.0 Осветление",249.0,249
"Kloger","Активный гель для устранения сложных засоров Kloger Professional 0,5л",169.0,269
"Divage","Гелевый карандаш для век Divage Kajal Eyeliner waterproof 01 1,3г",299.0,499
"Art-Visage","Бальзам для губ Art-Visage Euphoria Extra Shine + Hyaluron 3,2г",359.0,359
"Golden Rose","Лак для ногтей Golden Rose Color Expert 7 Кофе-мокко 10,2мл",149.0,199
"Influence Beauty","Автоматический карандаш для бровей Influence Beauty Brow Robot 2 , 0,28г",569.0,569
"Divage","Жидкая матовая помада для губ Divage Matte Cloud Liquid lipstick 06 2,8мл",339.0,499
"Parisa Cosmetics","Помада для губ Parisa Cosmetics 31 , Глинтвейн , 4,2г",239.0,239
"Golden Rose","Лак для ногтей Golden Rose Color Expert 99 10,2мл",149.0,199
"NSC","Тканевая маска для лица с экстрактом муцина улитки NSC Snail 22г",89.0,89
"Parisa Cosmetics","Карандаш для бровей Parisa Cosmetics Master 301 , Темно-коричевый , 1,5г",199.0,199
"УРРА","Пакет УРРА подарочный ламинированный 26*32*13см в ассортименте",69.0,139
"Jeanmishel","Лак для ногтей Jeanmishel GEL effect 216 Красное вино 12мл",129.0,129
"BeYoung","Румяна для лица BeYoung Blush 01 2,7г",299.0,299
"Golden Rose","Лак для ногтей Golden Rose Wow! 29 Сиреневый 6мл",89.0,119
"Golden Rose","Лак для ногтей Golden Rose Color Expert 25 Красный 10,2мл",149.0,199
"Jeanmishel","Лак для ногтей Jeanmishel Gel formula 182 , 12мл",129.0,129
"Art-Visage","Компактные румяна для лица Art-Visage Powder Blush с кисточкой 302 Ice rose 3,8г",409.0,409
"Librederm","Бальзам для губ Librederm АЕВИТ ' Марроканский апельсин ' 4г",219.0,219
"Art-Visage","Увлажняющая помада для губ Art-Visage Black Dress 23 4,5г",369.0,369
"Art-Visage","Увлажняющая помада для губ Art-Visage Black Dress 12 4,5г",369.0,369
"Parisa Cosmetics","Карандаш для бровей Parisa Cosmetics Master 310 , Какао-коричневый , 1,5г",199.0,199
"Estrade","Хайлайтер для лица Estrade Illuminique 304 Розовое сияние 7г",489.0,489
"BelorDesign","Помада для губ BelorDesign Party 125 4,3г",181.0,279
"Estrade","Тинт для губ Estrade Adele Superstay Lip Tint 03 5,5мл",349.0,349
"Vivienne Sabo","Консилер для лица с плотным покрытием Vivienne Sabo Coverture 03 5мл",549.0,549
"Relouis","Жидкая матовая помада для губ Relouis Nude Matt 13 , 4,5г",499.0,499
"Farres","Румяна для лица Farres 2 оттенка 04 10,5г",299.0,299
"BelorDesign","Блеск для губ BelorDesign Party 4 4,2г",194.0,299
"Golden Rose","Лак для ногтей Golden Rose Color Expert 62 Серебряный 10,2мл",149.0,199
"BelorDesign","BB крем для лица BelorDesign Funhouse Skin Teen SPF 25 51 25г",480.0,739
"УРРА","Пакет подарочный УРРА , Зеленый с орнаментом , 26*32*10см",69.0,169
"Golden Rose","Лак для ногтей Golden Rose Wow! 13 Жемчужно-серый 6мл",89.0,119
"Parisa Cosmetics","Пудра для лица Parisa Cosmetics Mineral Matt 02 , Насыщенно-бежевый , 10г",307.0,307
"Estrade","Тени для век Estrade Carnaval de Couleur 205 3,3г",269.0,269
"Parisa Cosmetics","Тональный крем для лица Parisa Cosmetics Base 4U 13 Натуральный 60мл",649.0,649
"Vister","Краска для замши , нубука , текстиля Vister Proff Shoes paint Черная 250мл",269.0,269
"Lavelle","Карандаш для бровей Lavelle Perfect Brows 01 0,75г",149.0,149
"Hiskin","Эксфолиант тонер для лица Hiskin АНА/ВНА с гиалуроновой кислотой 120мл",599.0,1190
"Art-Visage","Гель для бровей и ресниц Art-Visage Fix&Care оттеночный , темно-коричневый 4,3мл",229.0,229
"Zinger","Палочки для кутикулы Zinger IG12SL-10 GL деревянные , 12см",99.0,99
"BelorDesign","Помада - карандаш для губ BelorDesign Satin Colors 11 2,3г",233.0,359
"BelorDesign","Помада для губ BelorDesign Party 18 4,3г",181.0,279
"Golden Rose","Лак для ногтей Golden Rose Ice Color 147 6мл",89.0,119
"Eveline","Корректор для бровей Eveline Total Action 8 в 1 с хной 10мл",343.0,343
"УРРА","Пакет подарочный УРРА , Черно-белые Полоски , 26*32*12см",69.0,169
"Eveline","Масло для губ Eveline Rich Lip Oil Mango",399.0,399
"Vister","Губка для обуви Vister из замши , велюра и нубука",99.0,99
"Parisa Cosmetics","Карандаш для губ Parisa Cosmetics Stay Nude 703 1,2г",249.0,249
"Love Generation","Гелевый карандаш для век Love Generation Color Bunny 02 1,3г",409.0,409
"Salton","Краска для замши , нубука и велюра Salton Extreme Ультрачерный 190мл",399.0,399
"Golden Rose","Лак для ногтей Golden Rose Color Expert 66 10,2мл",149.0,199
"Ninelle","Маркер для бровей Ninelle Elegancia 614 1мл",799.0,799
"BelorDesign","Помада для губ BelorDesign Smart Girl Be Color 111 Амаранте 4,3г",174.0,269
"Zinger","Полировка Zinger 4-х сторонняя BA-17",199.0,199
"BelorDesign","Помада - карандаш для губ BelorDesign Satin Colors 9 2,3г",233.0,359
"Ninelle","Устойчивый карандаш для губ Ninelle Pasion 225 1,5г",649.0,649
"Relouis","Жидкая матовая помада для губ Relouis Nude Matt 11 , 4,5г",499.0,499
"Stellary","Увлажняющая помада с гиалуроновой кислотой Stellary Hydrating Lipstick Cult Classic 02 4г",449.0,449
"WEIS","Увлажняющая маска для лица WEIS SOS 5 min со скваланом и экстрактом бамбука 25г",59.0,99
"Parisa Cosmetics","Помада для губ Parisa Cosmetics 79 , Клубничный перламутр , 4,2г",239.0,239
"Golden Rose","Лак для ногтей Golden Rose Color Expert 34 Темно-вишневый 10,2мл",149.0,199
"Jeanmishel","Лак для ногтей Jeanmishel GEL effect 353 Темно-серый 6мл",85.0,85
"Influence Beauty","Гель - блеск для губ Influence Beauty Gloss-X 02 3,4мл",419.0,589
"Vivienne Sabo","Блеск для губ Vivienne Sabo Le Grand Volume 8 Grapefruit 3мл",559.0,559
"УРРА","Пакет УРРА подарочный , ламинированный , с глиттерным декором , односторонний , L",69.0,139
"Jeanmishel","Лак для ногтей Jeanmishel 184 12мл",149.0,149
"Duru","Крем - мыло Duru Авокадо с оливковым маслом 80г",71.0,95
"Hiskin","Сыворотка для лица Hiskin с гиалуроновой кислотой 35мл",799.0,1590
"Ollin Professional","Перманентная крем - краска для волос Ollin Professional Color 10/31 Светлый блондин золотисто-пепельный 60мл",275.0,275
"Stellary","Автоматический карандаш для век Stellary Automatic eyeliner 02 0,28г",355.0,355
"Delicare","Женский дезодорант - антиперспирант Delicare Love ' Fresh Easy ' 150мл",201.0,269
"Parisa Cosmetics","Помада для губ Parisa Cosmetics 15 , Натуральный глянец , 4,2г",239.0,239
"BelorDesign","Подводка для век BelorDesign ' Line Style ' Черная 1,7мл",220.0,339
"BelorDesign","Помада для губ BelorDesign Party 39 4,3г",181.0,279
"BelorDesign","Скульптор для лица BelorDesign Relief touch 2 3,8г",243.0,375
"Golden Rose","Лак для ногтей Golden Rose Color Expert 79 10,2мл",149.0,199
"Golden Rose","Лак для ногтей Golden Rose Wow! 47 Мокко 6мл",89.0,119
"Beauu Green","Маска Beauu Green тканевая 3D для лица с арбутином 23г",51.0,79
"Parisa Cosmetics","Карандаш для век Parisa Cosmetics Gel Eyepencil 805 1,2г",158.0,229
"Concept","Стойкая крем - краска для волос Concept Fusion Inspiration 8.1 Smoky Ash ( Дымчато-пепельный ) 100мл",272.0,389
"Golden Rose","Лак для ногтей Golden Rose Ice Color 134 6мл",89.0,119
"Influence Beauty","Автоматический карандаш для губ Influence Beauty Lipfluence 10 , 0,28г",519.0,519
"Estrade","Тени для век Estrade Carnaval de Couleur 208 3,3г",269.0,269
"Relouis","Жидкая матовая помада для губ Relouis Nude Matt 15 , 4,5г",499.0,499
"Vivienne Sabo","Ультратонкий карандаш для век Vivienne Sabo Calligrapher 04 0,05г",369.0,519
"Galant Cosmetic","Тональный крем для лица Galant Cosmetic Matte 4 Натуральный 50мл",199.0,199
"Love Generation","Палетка теней для век Love Generation Universe, give me money! 01 5г",839.0,839
"Farres","Пудра для лица Farres Love me Not Натуральный 13г",349.0,349
"Zinger","Пилка для маникюра Zinger BA-17 4х-сторонняя 220/240 800/3000 GL BFY",199.0,199
"Beauty Bomb","Масло для губ Beauty Bomb Glossy oops 03 4мл",329.0,509
"Ninelle","Палетка глиттеров для век Ninelle La Mirada 4 оттенка 508 2,8г",645.0,645
"Divage","Автоматический карандаш для век Divage Intense color 02 0,25г",249.0,399
"Beauty Bomb","Карандаш для век Beauty Bomb Peaky Black 01 1,35г",199.0,199
"Stellary","Увлажняющая помада с гиалуроновой кислотой Stellary Hydrating Lipstick Cult Classic 07 4г",449.0,449
"Art-Visage","Кремовые румяна для лица Art-Visage Cream Blush 01 Ягодный сорбет 5г",475.0,475
"Jeanmishel","Лак для ногтей Jeanmishel GEL effect 328 Неоновая фуксия 12мл",129.0,129
"Parisa Cosmetics","Пудра для лица Parisa Cosmetics Base 4U SPF 10 01 7г",435.0,435
"Dutybox","Эко - гель для стирки ультраконцентрат Dutybox ' Фруктовая свежесть ' 20мл",19.0,19
"Parisa Cosmetics","Помада для губ Parisa Cosmetics 55 , Сливовый щербет , 4,2г",239.0,239
"УРРА","Пакет подарочный УРРА , Бело-розовый с точками , 26*32*12см",69.0,169
"Divage","Автоматический карандаш для губ Divage Let’s Talk long-lasting lip liner 01 0,26г",299.0,449
"Golden Rose","Лак для ногтей Golden Rose Ice Color 128 6мл",89.0,119
"Lebelage","Тканевая маска для лица Lebelage с экстрактом женьшеня 25г",72.0,115
"Jeanmishel","Лак для ногтей Jeanmishel с блестками D15",149.0,149
"Stellary","Матирующий тональный крем для лица Stellary Cult Matte Foundation 02 25мл",363.0,519
"Golden Rose","Лак для ногтей Golden Rose Wow! 50 Красный 6мл",89.0,119
"Farres","Тональный крем для лица Farres Affinitone 01 40мл",299.0,299
"Jeanmishel","Лак для ногтей Jeanmishel GEL effect 221 Алый 6мл",85.0,85
"Libretta","Женские прокладки с мягкой поверхностью Libretta Ультра Нормал Део 10шт",119.0,169
"Vivienne Sabo","Тинт для губ Vivienne Sabo Tititint 05 Коралловый 3мл",349.0,529
"Galant Cosmetic","Тональный крем для лица Galant Cosmetic Matte 1 Пастельный 50мл",199.0,199
"Ninelle","Карандаш для губ Ninelle Danza 206 0,78г",349.0,499
"Golden Rose","Лак для ногтей Golden Rose Ice Color 121 6мл",89.0,119
"Jeanmishel","Лак для ногтей Jeanmishel 151 12мл",149.0,149
"Jeanmishel","Лак для ногтей Jeanmishel с блестками M1",149.0,149
"Farres","Рассыпчатая пудра для лица Farres Love me Not Натуральный 13г",314.0,449
"Art-Visage","Компактные румяна для лица Art-Visage Powder Blush с кисточкой 301 peach 3,8г",409.0,409
"Divage","Румяна для лица Divage Solo compact blush 01 2г",339.0,499
"Parisa Cosmetics","Помада для губ Parisa Cosmetics 46 , Гранатовый иней , 4,2г",239.0,239
"Parisa Cosmetics","Карандаш для губ Parisa Cosmetics 407 , Сиренево-натуральный , 1,5г",149.0,149
"Golden Rose","Лак для ногтей Golden Rose Ice Color 137 6мл",89.0,119
"Zinger","Пилка для маникюра прямая Zinger Classic ' Cats ' 150/220",129.0,129
"Ollin Professional","Крем - краска для волос Ollin Professional Performance 11/8 Специальный блондин Жемчужный 60мл",435.0,435
"Parisa Cosmetics","Карандаш для бровей Parisa Cosmetics Master 307 , Коричнево-каштановый , 1,5г",199.0,199
"BelorDesign","Помада для губ BelorDesign Party 40 4,3г",181.0,279
"Farres","Автоматический карандаш для бровей Farres Ultrafine Графит 0,1г",249.0,249
"Day Spa","Женские прокладки Day Spa Natural Soft Normal 20шт",119.0,239
"Golden Rose","Лак для ногтей Golden Rose Ice Color 126 6мл",89.0,119
"Golden Rose","Лак для ногтей Golden Rose Color Expert 80 10,2мл",149.0,199
"Farres","Тональный крем для лица Farres Affinitone 03 40мл",299.0,299
"Принцесса","Бальзам для губ Принцесса Сластёна Ванильная пастила 3,5г",153.0,153
"Estrade","Жидкая матовая помада для губ Estrade Nonstop 101 5мл",249.0,429
"Relouis","Блеск - бальзам для губ Relouis Gloss-Balm с маслами ши, фисташки и маракуйи 03 3г",449.0,449
"Relouis","Блеск для губ Relouis Fashion Gloss 15 , 3,7г",243.0,375
"Relouis","Жидкая матовая помада для губ Relouis Nude Matte 20 , 4,5г",499.0,499
"Relouis","Помада для губ Relouis La Mia Italia 05 3,7г",356.0,549
"Vivienne Sabo","Тинт для губ Vivienne Sabo Tititint 04 Клубничный 3мл",349.0,529
"Biomed","Зубная щетка Biomed Pearl средняя",159.0,209
"Baroness","Маска для лица Baroness ' Peony Flowers Mask Sheet ' восстанавливающая , с экстрактом пиона 21г",49.0,99
"Influence Beauty","Автоматический карандаш для бровей Influence Beauty Brow Robot 1 , 0,28г",569.0,569
"Influence Beauty","Автоматический карандаш для бровей Influence Beauty Brow Robot 4 , 0,28г",569.0,569
"Sensicare","Гель для душа Sensicare Coctail ' Пина Колада ' 445мл",99.0,199
"BelorDesign","Скульптор для лица BelorDesign Relief touch 3 3,8г",243.0,375
"Ninelle","Карандаш для губ Ninelle Danza 207 0,78г",349.0,499
"Golden Rose","Лак для ногтей Golden Rose Color Expert 11 Лилово-розовый 10,2мл",149.0,199
"УРРА","Пакет подарочный УРРА ' Just For You ' , 26*32*10см Цветы",69.0,169
"Golden Rose","Лак для ногтей Golden Rose Wow! 43 6мл",89.0,119
"Valori","Кисть Valori для растушевки теней 15,8см",199.0,199
"Consly","Омолаживающая маска для лица Consly Syn-Ake с пептидом 25мл",69.0,69
"Influence Beauty","Гель - блеск для губ Influence Beauty Gloss-X 09 3,4мл",419.0,589
"Colgate","Зубная паста Colgate total Активная защита+ ' профессиональная глубокое очищение ' 100мл",189.0,299
"Vister","Универсальный водоотталкивающий спрей Vister Professional ' Защита от соли и реагентов ' 250мл",299.0,299
"Jeanmishel","Лак для ногтей Jeanmishel Гель формула 129 перламутровый Сиреневый 12мл",129.0,129
"Art-Visage","Точилка двойная Art-Visage",269.0,269
"BelorDesign","Помада - карандаш для губ BelorDesign Satin Colors 1 2,3г",233.0,359
"Day Spa","Влажные освежающие салфетки Day Spa ' Манго Личи ' 15шт",55.0,55
"Golden Rose","Лак для ногтей Golden Rose Color Expert 72 10,2мл",149.0,199
"Art-Visage","Кремовые румяна для лица Art-Visage Cream Blush 05 Карамельная роза 5г",475.0,475
"EUNYUL","Тканевая маска EUNYUL для лица , с коллагеном",80.0,115
"Golden Rose","Лак для ногтей Golden Rose Color Expert 106 10,2мл",149.0,199
"Jeanmishel","Лак для ногтей Jeanmishel GEL effect 278 темно-сливовый 12мл",129.0,129
"BelorDesign","Карандаш для губ BelorDesign Automatic Soft 207 , 0,21г",148.0,229
"Parisa Cosmetics","Карандаш для губ Parisa Cosmetics Stay Nude 709 1,2г",249.0,249
"УРРА","Пакет подарочный УРРА , Белый с сиреневым , 26*32*10см",69.0,169
"BelorDesign","Подводка для век BelorDesign PRO INK 2 Шоколадная 3,5г",226.0,349
"Jeanmishel","Лак для ногтей Jeanmishel GEL effect 254 арбузный 6мл",85.0,85
"Golden Rose","Лак для ногтей Golden Rose Wow! 53 6мл",89.0,119
"Vivienne Sabo","Тинт для губ Vivienne Sabo Tititint 06 Винный 3мл",349.0,529
"Hiskin","Гидрофильное масло для умывания Hiskin Evening Primrose Oil 120мл",799.0,1590
"Parisa Cosmetics","Тональный крем для лица Parisa Cosmetics Base 4U 23 Средне-бежевый 60мл",649.0,649
"Ninelle","Карандаш для век Ninelle Destino 228 1,5г",649.0,649
"Consly","Регенерирующая маска для лица Consly Milk Protein с молочными протеинами 25мл",69.0,69
"Jeanmishel","Лак для ногтей Jeanmishel GEL effect 138 Розовый персик 6мл",85.0,85
"Jeanmishel","Лак для ногтей Jeanmishel GEL effect 205 Капучино 6мл",85.0,85
"Golden Rose","Лак для ногтей Golden Rose Wow! 14 Розово-бежевый 6мл",89.0,119
"Parisa Cosmetics","Подводка - фломастер для век Parisa Cosmetics Glam & Glow Зеленый 6мл",449.0,449
"Parisa Cosmetics","Тени для век Parisa Cosmetics ' Sensation ' , 3 , 5 цветов",369.0,369
"Ollin Professional","Крем - краска для волос Ollin Professional Performance 9/00 Блондин глубокий 60мл",435.0,435
"Relouis","Подводка для век с фетровым аппликатором Relouis Черная 4,5г",226.0,349
"Golden Rose","Лак для ногтей Golden Rose Wow! 39 6мл",89.0,119
"УРРА","Пакет подарочный УРРА , Сиреневый с точками , 26*32*12см",69.0,169
"Art-Visage","Увлажняющая помада для губ Art-Visage Black Dress 02 4,5г",369.0,369
"Stellary","Матирующий тональный крем для лица Stellary Cult Matte Foundation 04 25мл",363.0,519
"Estrade","Жидкая матовая помада для губ Estrade Nonstop 102 5мл",249.0,429
"Luxvisage","Тени для век Luxvisage Metal hype 6 Античная бронза 3г",226.0,349
"Golden Rose","Лак для ногтей Golden Rose Ice Color 114 6мл",89.0,119
"Delicare","Женский дезодорант - антиперспирант Delicare Love ' Pink Dreams ' 150мл",201.0,269
"Luxvisage","Тени для век Luxvisage Metal hype 2 Золотистый персик 3г",226.0,349
"Jeanmishel","Лак для ногтей Jeanmishel GEL effect 331 матовый Жёлтый диско 12мл",129.0,129
"Ollin Professional","Перманентная крем - краска для волос Ollin Professional Color 7/3 Русый золотистый 60мл",275.0,275
"Farres","Матирующая пудра для лица Farres Fit me! Теплый бежевый 10г",399.0,399
"Golden Rose","Лак для ногтей Golden Rose Ice Color 135 6мл",89.0,119
"Stellary","Устойчивая помада для губ Stellary Long Lasting My Lip Symbol 01 4г",273.0,549
"BelorDesign","Помада для губ BelorDesign Party 46 4,3г",181.0,279
"Baroness","Маска для лица Baroness ' Lily Flower Mask Sheet ' очищающая , с экстрактом цветка лилии 21г",49.0,99
"Golden Rose","Лак для ногтей Golden Rose Ice Color 125 6мл",89.0,119
"Divage","Карандаш для бровей Divage Basic Brow Pencil 01 1,1г",269.0,269
"Vilenta","Маска Vilenta 7 Days для лица во время просмотра сериала ' Лёгкая среда ' с белым чаем и грушей , для всех типов кожи 28мл",69.0,99
"Vivienne Sabo","Тинт для губ Vivienne Sabo Tititint 03 Рубиновый 3мл",349.0,529
"Love Generation","Бальзам для губ Love Generation Like a Virgin 01 4г",449.0,449
"NIVEA","Женский антиперспирант NIVEA Защита и Комфорт 50мл",261.0,349
"Golden Rose","Лак для ногтей Golden Rose Ice Color 132 6мл",89.0,119
"BelorDesign","Помада для губ BelorDesign Party 21 4,3г",181.0,279
"УРРА","Подарочный пакет УРРА ламинированный с двусторонним рисунком , M в ассортименте",69.0,139
"Parisa Cosmetics","Карандаш для губ Parisa Cosmetics Stay Nude 708 1,2г",249.0,249
"УРРА","Пакет подарочный УРРА ' Just For You ' , 26*32*10см",69.0,169
"Ameli","Расческа - гребень для волос Ameli складная массажная",99.0,99
"Jeanmishel","Лак для ногтей Jeanmishel Crystal 708 Сиренево-серебристый блестящий 12мл",149.0,149
"Consly","Антивозрастная маска для лица Consly Snail Mucin с муцином улитки 25мл",69.0,69
"BelorDesign","Помада для губ BelorDesign Be Color 130 4,3г",174.0,269
"Ollin Professional","Перманентная крем - краска для волос Ollin Professional Color 8/31 Светло-русый золотисто-пепельный 60мл",275.0,275
"Parisa Cosmetics","Карандаш для губ Parisa Cosmetics 419 , Натурально-сливовый , 1,5г",149.0,149
"Relouis","Компактный хайлайтер для лица Relouis PRO 02 , 5г",356.0,549
"Vilenta","Тканевая маска для лица Vilenta 7 Days ' Активный четверг ' с пионом и черникой 28г",69.0,99
"Jeanmishel","Лак для ногтей Jeanmishel GEL effect 218 Сливовый перламутровый 6мл",85.0,85
"Golden Rose","Лак для ногтей Golden Rose Wow! 15 6мл",89.0,119
"Golden Rose","Лак для ногтей Golden Rose Color Expert 35 Красно-коричневый 10,2мл",149.0,199
"Floresan","Термо - маска Floresan Фитнес Body грязевая для коррекции фигуры 500мл",399.0,399
"Ninelle","Карандаш для губ Ninelle Danza 204 0,78г",349.0,499
"Golden Rose","Лак для ногтей Golden Rose Wow! 52 6мл",89.0,119
"Vister","Крем для обуви Vister из гладкой кожи ' COMFORT ' , Черный 50мл",99.0,99
"Parisa Cosmetics","Карандаш для губ Parisa Cosmetics 431 , Розовый нюд натуральный , 1,5г",149.0,149
"Estrade","Блеск для губ Estrade Candy Crush 405 1,8мл",199.0,339
"Golden Rose","Лак для ногтей Golden Rose Wow! 54 6мл",89.0,119
"Lactacyd","Ежедневные прокладки Lactacyd Classic 20шт",149.0,149
"Jeanmishel","Лак для ногтей Jeanmishel Gel formula 177 , 12мл",129.0,129
"BelorDesign","Карандаш для губ BelorDesign Automatic Soft 205 , 0,21г",148.0,229
"Jeanmishel","Карандаш для век Jeanmishel 103 Зеленый 1,14г",85.0,85
"Golden Rose","Лак для ногтей Golden Rose Color Expert 102 10,2мл",149.0,199
"Art-Visage","Жидкая подводка для век Art-Visage INK LINE Blue 3мл",153.0,289
"BelorDesign","Помада для губ BelorDesign Smart Girl Be Color 105 Карамельно-персиковый 4,3г",174.0,269
"BelorDesign","Помада для губ BelorDesign Party 84 4,3г",181.0,279
"Colgate","Зубная паста Colgate total Активная защита+ ' Профессиональная для чувствительных зубов ' 100мл",189.0,299
"Art-Visage","Блеск для губ Art-Visage Avenue 507 Sandy 3,3мл",269.0,359
"Estrade","Муссовый тинт 3 в 1 Estrade Blush Me Up 902 4мл",465.0,465
"Stellary","Карандаш для губ Stellary Lipliner 08 1,35г",289.0,289
"Art-Visage","Карандаш для губ Art-Visage Lip Liner 30 Бежевый нюд 1,3г",289.0,289
"Parisa Cosmetics","Карандаш для век Parisa Cosmetics Gel Eyepencil 808 1,2г",158.0,229
"Puorella","Маска для лица Puorella ' Aloe ' успокаивающая 21г",55.0,105
"Love Generation","Тональный крем для лица с экстрактом матчи Love Generation Matt'ya Face 02 30мл",579.0,579
"Farres","Автоматический карандаш для бровей Farres Ultrafine Коричневый 0,1г",249.0,249
"Vivienne Sabo","Тональный крем для лица с естественным покрытием Vivienne Sabo Aerien 02 23мл",449.0,639
"Golden Rose","Лак для ногтей Golden Rose Wow! 101 6мл",89.0,119
"Golden Rose","Лак для ногтей Golden Rose Color Expert 47 Голубой 10,2мл",149.0,199
"Lavelle","Помада для губ Lavelle Lip Cream 09 бордово-красный 3,8г",201.0,269
"Relouis","Подводка для век Relouis Deer Eyes Professional , Черный , 7г",299.0,299
"Parisa Cosmetics","Карандаш для губ Parisa Cosmetics Stay Nude 707 1,2г",249.0,249
"Art-Visage","Кремовые румяна для лица с сатиновым финишем Art-Visage Silk Cream Blush 434 13мл",475.0,475
"Ollin Professional","Крем - краска для волос Ollin Professional Performance 10/0 Светлый блондин 60мл",435.0,435
"Lactacyd","Ежедневные прокладки Lactacyd multiform 20шт",149.0,149
"Jeanmishel","Лак для ногтей Jeanmishel GEL effect 180 Искрящийся медный 6мл",85.0,85
"Stellary","Блеск для губ Stellary Lipgloss Big Lips 07 4,2мл",345.0,499
"Love Generation","Тональный крем для лица Love Generation Love is the Foundation 02 30мл",289.0,399
"Jeanmishel","Лак для ногтей Jeanmishel GEL effect 246 светло-ментоловый 6мл",85.0,85
"Ollin Professional","Перманентная крем - краска для волос Ollin Professional Color 10/22 Светлый блондин фиолетовый 60мл",275.0,275
"Golden Rose","Лак для ногтей Golden Rose Wow! 59 6мл",89.0,119
"Art-Visage","Компактные румяна для лица Art-Visage Powder Blush с кисточкой 303 Cacao 3,8г",409.0,409
"Vivienne Sabo","Блеск для губ Vivienne Sabo Le Grand Volume 2 Coco 3мл",559.0,559
"Jeanmishel","Лак для ногтей Jeanmishel 138 12мл",149.0,149
"Golden Rose","Лак Golden Rose Wow! для ногтей 40 Красный 6мл",89.0,119
"BelorDesign","Помада для губ BelorDesign Party 81 4,3г",181.0,279
"Lavelle","Масло - тинт для губ Lavelle ! Oh My Tint 03 7мл",299.0,299
"Parisa Cosmetics","Помада для губ Parisa Cosmetics 01 , Перламутровая фуксия , 4,2г",239.0,239
"Parisa Cosmetics","Пудра для лица Parisa Cosmetics Mineral Matt 04 , Кремово-бежевый , 10г",307.0,307
"УРРА","Пакет УРРА подарочный DP00537 26*32*10см",69.0,169
"Golden Rose","Лак для ногтей Golden Rose Ice Color 140 6мл",89.0,119
"Art-Visage","Блеск для губ Art-Visage Avenue 508 Praline 3,3мл",269.0,359
"Parisa Cosmetics","Тональный крем для лица Parisa Cosmetics Base 4U 21 Бежевый 60мл",649.0,649
"Ollin Professional","Перманентная крем - краска для волос Ollin Professional Color 6/22 Темно-русый Фиолетовый 60мл",275.0,275
"Delicare","Крем для рук Delicare ' ультра увлажнение ' 30мл",99.0,99
"Luxvisage","Тени для век Luxvisage Metal hype 4 Солнечный беж 3г",226.0,349
"Jeanmishel","Лак для ногтей Jeanmishel GEL effect 300 Серебристый искрящийся 6мл",85.0,85
"Jeanmishel","Лак для ногтей Jeanmishel 279 12мл",149.0,149
"Galant Cosmetic","Тональный крем для лица Galant Cosmetic Matte 3 Бежевый 50мл",199.0,199
"Hiskin","Гель для умывания Hiskin с коллагеном 120мл",499.0,999
"Art-Visage","Карандаш для губ Art-Visage Lip Liner 51 Пастельный розовый 1,3г",289.0,289
"Botaniqua","Крем для тела Botaniqua ' Интенсивное восстановление ' с протеинами пшеницы 200мл",299.0,299
"BelorDesign","Карандаш для век BelorDesign Automatic Soft 302 , 0,21г",148.0,229
"Jeanmishel","Лак для ногтей Jeanmishel GEL effect 120 Розовый Жемчужный 6мл",85.0,85
"BelorDesign","Помада для губ BelorDesign Party 15 4,3г",181.0,279
"BelorDesign","Помада для губ BelorDesign Party 65 4,3г",181.0,279
"BelorDesign","Помада для губ BelorDesign Party 37 4,3г",181.0,279
"Stellary","Блеск для губ Stellary Lipgloss Big Lips 05 4,2мл",345.0,499
"Art-Visage","Увлажняющая помада для губ Art-Visage Black Dress 20 4,5г",369.0,369
"Divage","Подводка - фломастер для век Divage Perfect Arrow 01 0,5мл",599.0,599
"Luxvisage","Жидкие тени для век Luxvisage Satin Nude super stay 202 Pastel Peach 3,5мл",259.0,399
"Ninelle","Подводка для век Ninelle Acento с эффектом металлик 453 6мл",689.0,689
"Hiskin","Гель для умывания Hiskin с гиалуроновой кислотой 120мл",499.0,999
"Parisa Cosmetics","Карандаш для век Parisa Cosmetics Gel Eyepencil 809 1,2г",158.0,229
"Salton","Краска для обуви для гладкой кожи Salton Черная 190мл",349.0,349
"Vivienne Sabo","Автоматический карандаш для век Vivienne Sabo Virtuose 04 0,28г",439.0,439
"Jeanmishel","Лак для ногтей Jeanmishel Gel formula 130 , 12мл",129.0,129
"Golden Rose","Лак для ногтей Golden Rose Wow! 05 6мл",89.0,119
"Golden Rose","Лак для ногтей Golden Rose 91 6мл",89.0,119
"Jeanmishel","Лак для ногтей Jeanmishel 331 12мл",149.0,149
"Relouis","Помада для губ Relouis La Mia Italia 07 3,7г",356.0,549
"Duru","Женский дезодорант Duru ' Невидимая защита ' 150мл",194.0,259
"Skinlite","Маска для лица Skinlite антиоксидантная ' зеленый чай '",111.0,159
"Duru","Женский дезодорант Duru ' Летний бриз ' 150мл",194.0,259
"Parisa Cosmetics","Пудра для лица Parisa Cosmetics Base 4U SPF 10 06 7г",435.0,435
"R.O.C.S.","Зубная паста R.O.C.S. Sensitive для чувствительных зубов ' Мгновенный эффект ' 94г",276.0,369
"Без бренда","Водоотталкивающая пропитка Aqua Stop для кожи , замши , нубука 300мл",159.0,159
"Divage","Карандаш для бровей Divage Basic Brow Pencil 02 1,1г",269.0,269
"L'Oreal Paris","Стойкий тональный крем для лица L'Oreal Paris Infaillible Fresh wear 120 30мл",1690.0,1690
"Ollin Professional","Перманентная крем - краска для волос Ollin Professional Color 9/31 Блондин золотисто-пепельный 60мл",275.0,275
"Influence Beauty","Тушь для ресниц Influence Beauty Cybertruck 01 , 9мл",559.0,809
"Parisa Cosmetics","Карандаш для губ Parisa Cosmetics Stay Nude 719 1,2г",249.0,249
"Relouis","Плампер для губ Relouis Cool Addiction Lip Plumper 05 3мл",425.0,425
"Parisa Cosmetics","Карандаш для век Parisa Cosmetics 508 , бежево-серый , 1,5г",135.0,135
"Art-Visage","Блеск для губ Art-Visage Avenue 502 Iconic 3,3мл",269.0,359
"Ollin Professional","Перманентная крем - краска для волос Ollin Professional Color 10/73 Светлый блондин коричнево-золотистый 60мл",275.0,275
"NSC","Тканевая маска для лица NSC Mango & Papaya 22г",89.0,89
"BelorDesign","Помада для губ BelorDesign Party 136 4,3г",181.0,279
"Mond'Sub","Омолаживающая маска для лица Mond'Sub ' Coconut ' с кокосовым маслом 20мл",49.0,99
"Golden Rose","Лак для ногтей Golden Rose Wow! 57 Темно-вишневый 6мл",89.0,119
"Art-Visage","Кремовые румяна для лица Art-Visage Cream Blush 04 Дымчатая орхидея 5г",475.0,475
"Galant Cosmetic","Тональный крем - пудра для лица Galant Cosmetic Кадриль Q10 №3 Натуральный 40мл",169.0,169
"Influence Beauty","Автоматический карандаш для век Influence Beauty Spectrum 5 , 0,28г",369.0,535
"Jeanmishel","Лак для ногтей Jeanmishel GEL effect 361 Ярко-лаймовый 6мл",85.0,85
"Ollin Professional","Перманентная крем - краска для волос Ollin Professional Color 7/31 Русый золотисто-пепельный 60мл",275.0,275
"Farres","Пудра для лица Farres Love me Not Бежевый 13г",349.0,349
"Ollin Professional","Перманентная крем - краска для волос Ollin Professional Color 11/26 Специальный блондин Розовый 60мл",275.0,275
"Ollin Professional","Крем - краска для волос Ollin Professional Performance 11/0 Специальный блондин Натуральный 60мл",435.0,435
"BelorDesign","Румяна для лица BelorDesign Velvet touch 101 Нежный персик 3,6г",285.0,439
"Vivienne Sabo","Подводка для век Vivienne Sabo Cabaret Premiere 5мл",429.0,429
"Parisa Cosmetics","Карандаш для губ Parisa Cosmetics Stay Nude 705 1,2г",249.0,249
"Farres","Автоматический карандаш для бровей Farres Ultrafine Черный 0,1г",249.0,249
"BelorDesign","Помада для губ BelorDesign Be Color 109 4,3г",174.0,269
"Parisa Cosmetics","Пудра для лица Parisa Cosmetics Mineral Matt 01 , Светло-бежевый , 10г",307.0,307
"Ninelle","Ультрасияющий блеск для губ Ninelle Tango 715 3мл",454.0,649
"BelorDesign","Карандаш для век BelorDesign Party 3 1,2г",96.0,149
"BelorDesign","Помада - карандаш для губ BelorDesign Satin Colors 13 2,3г",233.0,359
"D.I.E.S.","Зубная паста D.I.E.S. ' Здоровые дёсны ' 100мл",199.0,199
"BelorDesign","Карандаш для губ BelorDesign Automatic Soft 204 , 0,21г",148.0,229
"Tiswell","Детская реминерализующая зубная паста Tiswell Nano Mineral Клубничный пломбир от 2 до 6 лет 60г",299.0,299
"Consly","Подтягивающая маска для лица Consly Bird Nest с экстрактом ласточкиного гнезда 25мл",69.0,69
"Parisa Cosmetics","Карандаш для губ Parisa Cosmetics Stay Nude 714 1,2г",249.0,249
"Frenchi","Лак для ногтей Frenchi Nude 28 Esthetic 11мл",249.0,249
"Relouis","Плампер для губ Relouis Cool Addiction Lip Plumper 03 3мл",425.0,425
"Parisa Cosmetics","Пудра для лица Parisa Cosmetics Base 4U SPF 10 02 7г",435.0,435
"Golden Rose","Лак для ногтей Golden Rose Ice Color 104 6мл",89.0,119
"Tiswell","Детская реминерализующая зубная паста Tiswell Nano Mineral Ягодный зефир от 2 до 6 лет 60г",299.0,299
"NSC","Тканевая маска для лица NSC Avocado & Spinach 22г",89.0,89
"BelorDesign","Помада для губ BelorDesign Party 17 4,3г",181.0,279
"Stellary","Карандаш для век Stellary Eyeliner 02 1,35г",259.0,259
"Ninelle","Устойчивый карандаш для губ Ninelle Pasion 228 1,5г",649.0,649
"Golden Rose","Лак для ногтей Golden Rose Wow! 65 Коричнево-бордовый 6мл",89.0,119
"Golden Rose","Лак для ногтей Golden Rose Color Expert 30 Вишня 10,2мл",149.0,199
"Golden Rose","Лак для ногтей Golden Rose Ice Color 122 6мл",89.0,119
"УРРА","Пакет подарочный УРРА , Бежевый с леопардовыми пятнами , 26*32*10см",69.0,169
"BelorDesign","Карандаш для губ BelorDesign Automatic Soft 206 , 0,21г",148.0,229
"Golden Rose","Лак для ногтей Golden Rose Color Expert 6 Бежевый 10,2мл",149.0,199
"Golden Rose","Лак для ногтей Golden Rose Ice Color 148 6мл",89.0,119
"Jeanmishel","Лак для ногтей Jeanmishel с блестками M17",149.0,149
"Jeanmishel","Лак для ногтей Jeanmishel 149 12мл",149.0,149
"Golden Rose","Лак для ногтей Golden Rose Color Expert 32 Искрящийся бордовый 10,2мл",149.0,199
"Ninelle","Объёмная тушь с эффектом подкручивания ресниц Ninelle Noche Oscura 142 Черная 10мл",665.0,665
"Lavelle","Матовая кремовая помада для губ Lavelle Cult Of Passion 05 1,1г",299.0,299
"BelorDesign","Подводка для век BelorDesign PRO INK 1 Черная 3,5г",226.0,349
"Golden Rose","Лак для ногтей Golden Rose Color Expert 42 Сиреневый с перламутром 10,2мл",149.0,199
"BelorDesign","Помада для губ BelorDesign Be Color 116 4,3г",174.0,269
"Jeanmishel","Лак для ногтей Jeanmishel 120 12мл",149.0,149
"Jeanmishel","Лак для ногтей Jeanmishel 204 12мл",149.0,149
"Ollin Professional","Перманентная крем - краска для волос Ollin Professional Color 10/3 Светлый блондин Золотистый 60мл",275.0,275
"Jeanmishel","Лак для ногтей Jeanmishel Gel formula 390 , 12мл",129.0,129
"Vivienne Sabo","Жидкие тени для век Vivienne Sabo Artiste 24/7 08 6,5мл",319.0,469
"Vivienne Sabo","Жидкие тени для век Vivienne Sabo Artiste 24/7 02 6,5мл",319.0,469
"Golden Rose","Лак для ногтей Golden Rose Color Expert 23 Насыщенно-красный 10,2мл",149.0,199
"WEIS","Гель для умывания WEIS Vitamin C 190мл",229.0,229
"Ninelle","Карандаш для губ Ninelle Danza 213 0,78г",349.0,499
"Ollin Professional","Перманентная крем - краска для волос Ollin Professional Color 9/22 Блондин фиолетовый 60мл",275.0,275
"Jeanmishel","Лак для ногтей Jeanmishel GEL effect 184 искрящийся Сиреневый 12мл",129.0,129
"Ollin Professional","Перманентная крем - краска для волос Ollin Professional Color 11/22 специальный Блондин фиолетовый 60мл",275.0,275
"Golden Rose","Лак для ногтей Golden Rose Ice Color 131 6мл",89.0,119
"Golden Rose","Лак для ногтей Golden Rose Color Expert 37 Фиолетовый 10,2мл",149.0,199
"Estrade","Муссовый тинт 3 в 1 Estrade Blush Me Up 904 4мл",465.0,465
"Ninelle","Карандаш для век Ninelle Carino 208 0,78г",499.0,499
"Jeanmishel","Лак для ногтей Jeanmishel GEL effect 252 Коралловый 6мл",85.0,85
"Golden Rose","Лак для ногтей Golden Rose Wow! 45 6мл",89.0,119
"Golden Rose","Лак для ногтей Golden Rose Wow! 78 Сиреневый 6мл",89.0,119
"BelorDesign","Помада для губ BelorDesign Party 123 4,3г",181.0,279
"Jeanmishel","Лак для ногтей Jeanmishel Crystal 715 Песочно-бежевый блестящий 12мл",149.0,149
"Galant Cosmetic","Тональный крем для лица Galant Cosmetic Perfect Make-Up 03 Розовый беж 50мл",188.0,269
"Ninelle","Устойчивый карандаш для губ Ninelle Pasion 226 1,5г",649.0,649
"Golden Rose","Лак для ногтей Golden Rose Color Expert 73 10,2мл",149.0,199
"Art-Visage","Увлажняющая помада для губ Art-Visage Black Dress 19 4,5г",369.0,369
"Relouis","Помада для губ Relouis La Mia Italia 06 3,7г",356.0,549
"BelorDesign","Помада для губ BelorDesign Be Color 101 4,3г",174.0,269
"BelorDesign","Помада для губ BelorDesign Smart Girl Be Color 106 Карамель 4,3г",174.0,269
"Golden Rose","Лак для ногтей Golden Rose Color Expert 29 Спелая вишня 10,2мл",149.0,199
"Galant Cosmetic","Тональный крем для лица Galant Cosmetic Matte 2 Бежево-розовый 50мл",199.0,199
"BelorDesign","Карандаш для губ BelorDesign Automatic Soft 203 , 0,21г",148.0,229
"Jeanmishel","Лак для ногтей Jeanmishel GEL effect 231 Коричневый искрящийся 6мл",85.0,85
"BelorDesign","Помада для губ BelorDesign Party 140 4,3г",181.0,279
"Eveline","Масло для губ Eveline Rich Lip Oil ' Kokos '",399.0,399
"Vister","Жидкий воск для обуви Vister Comfort бесцветный 50мл",99.0,99
"Lavelle","Карандаш для век Lavelle Perfect Eyes 04 0,75г",139.0,139
"Ninelle","Карандаш для губ Ninelle Danza 214 0,78г",349.0,499
"Art-Visage","Увлажняющая помада для губ Art-Visage Black Dress 15 4,5г",369.0,369
"Vister","Крем - краска блеск для обуви Vister бесцветная , в банке + губка",89.0,89
"Libretta","Женские прокладки с мягкой поверхностью Libretta Ультра Нормал Део 20шт",229.0,349
"Art-Visage","Увлажняющая помада для губ Art-Visage Black Dress 04 4,5г",369.0,369
"Parisa Cosmetics","Карандаш для губ Parisa Cosmetics 401 , Насыщенно-натуральный , 1,5г",149.0,149
"Golden Rose","Лак для ногтей Golden Rose Ice Color 117 6мл",89.0,119
"Golden Rose","Лак для ногтей Golden Rose Wow! 84 6мл",89.0,119
"Mond'Sub","Питательная маска для лица Mond'Sub ' Avocado ' с авокадо 20мл",49.0,99
"Stellary","Блеск для губ Stellary Lipgloss Big Lips 14 4,2мл",345.0,499
"Consly","Глубоко увлажняющая маска для лица Consly Red Ginseng с экстрактом красного женьшеня 25мл",69.0,69
"Jeanmishel","Карандаш для век Jeanmishel 105 Синий 1,14г",85.0,85
"Jeanmishel","Лак для ногтей Jeanmishel 329 12мл",149.0,149
"BelorDesign","Карандаш для бровей BelorDesign Browista Ультратонкий 203",181.0,279
"Farres","Тени для век Farres Glitter Серебряный 3г",139.0,199
"EUNYUL","Тканевая маска EUNYUL для лица , с лошадиным маслом",80.0,115
"Stellary","Матирующий тональный крем для лица Stellary Cult Matte Foundation 03 25мл",363.0,519
"Lavelle","Карандаш для губ Lavelle Perfect Lips 15 0,75г",139.0,139
"BelorDesign","Помада для губ BelorDesign Party 133 4,3г",181.0,279
"Ameli","Резинка для волос Ameli с велюром большая",79.0,119
"Jeanmishel","Лак для ногтей Jeanmishel GEL effect 277 Черный искрящийся 6мл",85.0,85
"Golden Rose","Лак для ногтей Golden Rose Ice Color 146 6мл",89.0,119
"Vivienne Sabo","Тинт для губ Vivienne Sabo Tititint 08 Холодный розовый 3мл",349.0,529
"Parisa Cosmetics","Матовый консилер для лица Parisa Cosmetics Base 4U Matte Retoucher Concealer 04 8мл",515.0,515
"Luxvisage","Жидкие тени для век Luxvisage Satin Nude super stay 206 Nude Brown 3,5мл",259.0,399
"Farres","Увлажняющий тональный крем для лица Farres Dream Satin BB 03 40мл",299.0,299
"Ninelle","Карандаш для губ Ninelle Danza 201 0,78г",349.0,499
"Galant Cosmetic","Тональный крем - пудра для лица Galant Cosmetic Кадриль Q10 №2 Светло-бежевый 40мл",169.0,169
"BelorDesign","Помада для губ BelorDesign Party 60 4,3г",181.0,279
"Golden Rose","Лак для ногтей Golden Rose Ice Color 118 6мл",89.0,119
"BelorDesign","Бальзам - основа для ресниц и бровей BelorDesign Lash & Brow Fix Up! 10,4г",194.0,299
"Farres","Палетка теней для век Farres All Over Glitter 04 4 цвета 5,9г",174.0,249
"EUNYUL","Тканевая маска EUNYUL для лица , с экстрактом мёда",80.0,115
"Spa 4 Me","Мочалка-лента для тела Spa 4 Me массажная сизаль / хлопок",175.0,175
"Golden Rose","Лак для ногтей Golden Rose Wow! 25 Розовый 6мл",89.0,119
"Art-Visage","Блеск для губ Art-Visage Avenue 506 Nectar 3,3мл",269.0,359
"Jeanmishel","Карандаш для губ Jeanmishel 303 Нежно-розовый 1,14г",85.0,85
"Kloger","Полироль Kloger Active ' Антипыль ' для мебели , с воском 400мл",129.0,199
"Farres","Увлажняющий тональный крем для лица Farres Dream Satin BB 04 40мл",299.0,299
"Golden Rose","Лак для ногтей Golden Rose Color Expert 9 Персиково-бежевый 10,2мл",149.0,199
"NSC","Тканевая маска для лица NSC Mangosteen & Lychee 22г",89.0,89
"Ninelle","Устойчивый карандаш для губ Ninelle Pasion 227 1,5г",649.0,649
"Parisa Cosmetics","Карандаш для губ Parisa Cosmetics Stay Nude 706 1,2г",249.0,249
"Golden Rose","Лак для ногтей Golden Rose Wow! 62 Фиолетовый 6мл",89.0,119
"Stellary","Автоматический карандаш для век Stellary Automatic eyeliner 06 0,28г",355.0,355
"Parisa Cosmetics","Карандаш для губ Parisa Cosmetics Stay Nude 720 1,2г",249.0,249
"Tiswell","Реминерализующая пенка - ополаскиватель для полости рта Tiswell Mineral Защита Клубника со сливками от 5 лет 50мл",359.0,359
"Eveline","Хайлайтер для лица Eveline Feel the Glow 20 , 4,2г",499.0,499
"Parisa Cosmetics","Неоновый карандаш для век Parisa Cosmetics Neon demon 606 1,2г",229.0,229
"Jeanmishel","Лак для ногтей Jeanmishel 286 12мл",149.0,149
"BelorDesign","Помада для губ BelorDesign Party 92 4,3г",181.0,279
"Golden Rose","Лак для ногтей Golden Rose Wow! 34 Ярко-розовый 6мл",89.0,119
"Golden Rose","Лак для ногтей Golden Rose Ice Color 144 6мл",89.0,119
"Love Generation","Тональный флюид для лица Love Generation Bubble 01 40мл",649.0,649
"Galant Cosmetic","Тональный крем - пудра для лица Galant Cosmetic Кадриль Q10 №1 Пастельный 40мл",169.0,169
"Golden Rose","Лак для ногтей Golden Rose Color Expert 10 Бежевый 10,2мл",149.0,199
"УРРА","Пакет подарочный УРРА , Белый с зеленым , 26*32*10см",69.0,169
"Jeanmishel","Лак для ногтей Jeanmishel Gel formula 171 , 12мл",129.0,129
"BelorDesign","Помада для губ BelorDesign Be Color 102 4,3г",174.0,269
"Pretty Girl","Заколка - краб для волос Pretty Girl Большие круги, градиент",149.0,149
"Farres","Пудра для лица Farres Love me Not Кремовый 13г",349.0,349
"Parisa Cosmetics","Пудра для лица Parisa Cosmetics Base 4U SPF 10 04 7г",435.0,435
"Golden Rose","Лак для ногтей Golden Rose Color Expert 48 Розовый 10,2мл",149.0,199
"BelorDesign","Лаковый блеск для губ BelorDesign Nude Harmony 26 4,1г",291.0,449
"Ninelle","Ультрасияющий блеск для губ Ninelle Tango 713 3мл",454.0,649
"Ollin Professional","Крем - краска для волос Ollin Professional Performance 11/26 Специальный блондин Розовый 60мл",435.0,435
"Golden Rose","Лак для ногтей Golden Rose Color Expert 39 Малиновый 10,2мл",149.0,199
"Vivienne Sabo","Жидкие тени для век Vivienne Sabo Artiste 24/7 01 6,5мл",319.0,469
"Farres","Увлажняющий тональный крем для лица Farres Dream Satin BB 06 40мл",299.0,299
"Jeanmishel","Лак для ногтей Jeanmishel Gel formula 388 , 12мл",129.0,129
"Estrade","Муссовый тинт 3 в 1 Estrade Blush Me Up 901 4мл",465.0,465
"BelorDesign","Блеск для губ BelorDesign Party 6 4,2г",194.0,299
"Art-Visage","Основа Art-Visage под макияж выравнивающая ' Skin Primer ' 13мл",269.0,269
"Estrade","Жидкая подводка для век Estrade Nonstop Longwear liquid eyeliner 201 12мл",199.0,339
"Influence Beauty","Автоматический карандаш для губ Influence Beauty Lipfluence 3 , 0,28г",519.0,519
"BelorDesign","Карандаш для век BelorDesign Party 5 1,2г",96.0,149
"Ollin Professional","Крем - краска для волос Ollin Professional Performance 7/46 Русый медно-красный 60мл",435.0,435
"Day Spa","Ультратонкие ежедневные прокладки Day Spa Multiform Deo ' Цветочный аромат ' 60шт",149.0,229
"Golden Rose","Лак для ногтей Golden Rose 99 6мл",89.0,119
"Galant Cosmetic","Тональный крем - пудра для лица Galant Cosmetic Кадриль Q10 №4 Бежевый 40мл",169.0,169
"BelorDesign","Блеск для губ BelorDesign Party 10 4,2г",194.0,299
"Parisa Cosmetics","Карандаш для век Parisa Cosmetics Gel Eyepencil 804 1,2г",158.0,229
"Art-Visage","Основа Art-Visage под тени ' Color Fix ' 13мл",269.0,269
"Golden Rose","Лак для ногтей Golden Rose Wow! 46 6мл",89.0,119
"Estrade","Тушь для ресниц Estrade Color Bomb Volume 34 Зеленый 13мл",349.0,459
"Art-Visage","Блеск для губ Art-Visage Avenue 501 Glass 3,3мл",269.0,359
"Estrade","Жидкая подводка для век Estrade Nonstop Longwear liquid eyeliner 202 12мл",199.0,339
"Parisa Cosmetics","Карандаш для век Parisa Cosmetics 506 , Голубой перламутр , 1,5г",135.0,135
"Без бренда","Губка для обуви для гладкой кожи , Черная",39.0,39
"Golden Rose","Лак для ногтей Golden Rose Wow! 41 Желтый 6мл",89.0,119
"Golden Rose","Лак для ногтей Golden Rose Wow! 66 фиолетово-сливовый 6мл",89.0,119
"Parisa Cosmetics","Жидкая матовая помада для губ Parisa Cosmetics Stay All Day 02 4мл",379.0,379
"Parisa Cosmetics","Карандаш для век Parisa Cosmetics 503 , Зеленый Перламутр , 1,5г",135.0,135
"Golden Rose","Лак для ногтей Golden Rose Wow! 42 Золотой 6мл",89.0,119
"Influence Beauty","Автоматический карандаш для век Influence Beauty Spectrum 3 , 0,28г",369.0,535
"R.O.C.S.","Зубная паста R.O.C.S. комплексная ' активный магний ' 75мл",276.0,369
"Parisa Cosmetics","Жидкие тени для век с глиттером Parisa Cosmetics Let's Glow 04 4мл",379.0,379
"Jeanmishel","Лак для ногтей Jeanmishel GEL effect 281 Черное золото 6мл",85.0,85
"Zinger","Терка для педикюра Zinger RA-14 двухсторонняя 100/180 GL BFY",139.0,139
"Без бренда","Губка для обуви для гладкой кожи , бесцветная",39.0,39
"Jeanmishel","Лак для ногтей Jeanmishel GEL effect 286 Синий 6мл",85.0,85
"Levrana","Маска для лица Levrana ' Не будь как помидор ' , корректирующая тон 30мл",119.0,239
"Ollin Professional","Крем - краска для волос Ollin Professional Performance 9/22 Блондин фиолетовый 60мл",435.0,435
"УРРА","Пакет подарочный УРРА ' Best Wishes ' , 26*32*10см",69.0,169
"WEIS","Питательная маска для лица WEIS SOS 5 min со скваланом и муцином улитки 25г",59.0,99
"Golden Rose","Лак для ногтей Golden Rose Color Expert 21 Оранжевый 10,2мл",149.0,199
"Golden Rose","Лак для ногтей Golden Rose Ice Color 165 6мл",89.0,119
"Parisa Cosmetics","Карандаш для губ Parisa Cosmetics Stay Nude 710 1,2г",249.0,249
"Stellary","Блеск для губ Stellary Lipgloss Big Lips 13 4,2мл",345.0,499
"BelorDesign","Помада для губ BelorDesign Party 137 4,3г",181.0,279
"Lavelle","Румяна для лица Lavelle Uno Blush 03 4,2г",329.0,329
"Eveline","Карандаш для век Eveline EYE MAX PRECISION Фиолетовый",160.0,239
"Stellary","Карандаш для век Stellary Eyeliner 05 1,35г",259.0,259
"Art-Visage","Масло для губ Art-Visage Euphoria 103 Sugar 5,5мл",455.0,455
"Vister","Восстановитель кожи Vister Professional водоотталкивающий эффект 50мл",199.0,199
"BelorDesign","Карандаш для губ BelorDesign Party 24 Вишневый 1,2г",96.0,149
"Golden Rose","Лак для ногтей Golden Rose 130 6мл",89.0,119
"Jeanmishel","Лак для ногтей Jeanmishel Gel formula 119 , 12мл",129.0,129
"Golden Rose","Лак для ногтей Golden Rose Ice Color 136 6мл",89.0,119
"Parisa Cosmetics","Карандаш для век Parisa Cosmetics Gel Eyepencil 806 1,2г",158.0,229
"Art-Visage","Жидкая подводка для век Art-Visage INK LINE White 3мл",153.0,289
"Vister","Краска Vister для замши и нубука , бесцветная 250мл",249.0,249
"Parisa Cosmetics","Жидкая матовая помада для губ Parisa Cosmetics Stay All Day 06 4мл",379.0,379
"Golden Rose","Лак для ногтей Golden Rose Wow! 55 Бордовый 6мл",89.0,119
"Librederm","Крем для тела Librederm Пантенол форте 9% 30мл",279.0,379
"Parisa Cosmetics","Неоновый карандаш для век Parisa Cosmetics Neon demon 609 1,2г",229.0,229
"Kloger","Гель для устранения засоров в трубах Kloger Turbo 500мл",149.0,199
"Lavelle","Матовая кремовая помада для губ Lavelle Cult Of Passion 01 1,1г",299.0,299
"BelorDesign","Бальзам - тинт для губ BelorDesign Bad Doll малина 2,1г",259.0,399
"Estrade","Блеск для губ Estrade Candy Crush 402 1,8мл",199.0,339
"Parisa Cosmetics","Карандаш для губ Parisa Cosmetics Stay Nude 716 1,2г",249.0,249
"Parisa Cosmetics","Карандаш для век Parisa Cosmetics 507 , Графит , 1,5г",135.0,135
"Ninelle","Подводка для век Ninelle Acento с эффектом металлик 452 6мл",689.0,689
"Parisa Cosmetics","Карандаш для век Parisa Cosmetics Gel Eyepencil 803 1,2г",158.0,229
"Lavelle","Матовая кремовая помада для губ Lavelle Cult Of Passion 09 1,1г",299.0,299
"Golden Rose","Лак для ногтей Golden Rose Wow! 76 Темно-фиолетовый 6мл",89.0,119
"BelorDesign","Карандаш для губ BelorDesign Party 21 Розовый нюд 1,2г",96.0,149
"Golden Rose","Лак для ногтей Golden Rose Ice Color 113 6мл",89.0,119
"Golden Rose","Лак для ногтей Golden Rose Color Expert 45 Розовый 10,2мл",149.0,199
"WEIS","Маска для лица WEIS с коэнзимом Q10 23г",99.0,99
"Parisa Cosmetics","Карандаш для губ Parisa Cosmetics Stay Nude 713 1,2г",249.0,249
"Vivienne Sabo","Жидкие тени для век Vivienne Sabo Artiste 24/7 05 6,5мл",319.0,469
"Ninelle","Тушь с эффектом натуральных ресниц Ninelle Gracia 172 Черная 8мл",585.0,585
"Parisa Cosmetics","Оттеночный бальзам для губ Parisa Cosmetics Serum Tinted Lip Balm 03 3,2г",419.0,419
"BelorDesign","Бальзам - тинт для губ BelorDesign Bad Doll ежевика 2,1г",259.0,399
"Golden Rose","Лак для ногтей Golden Rose Ice Color 153 6мл",89.0,119
"Бреф","Туалетный блок для унитаза Бреф Ароматы СПА ' энергия ' 2*50г",449.0,449
"Love Generation","Карандаш для губ Love Generation 05 1,2г",139.0,139
"Parisa Cosmetics","Карандаш для губ Parisa Cosmetics Stay Nude 711 1,2г",249.0,249
"Golden Rose","Лак для ногтей Golden Rose Color Expert 69 Золотой с перламутром 10,2мл",149.0,199
"BelorDesign","Помада для губ BelorDesign Party 131 4,3г",181.0,279
"Jeanmishel","Лак для ногтей Jeanmishel Gel formula 246 , 12мл",129.0,129
"УРРА","Пакет подарочный УРРА , Серый с золотым , 26*32*12см",69.0,169
"Love Generation","Глиттер для лица Love Generation We Love Glitter 02 1,8г",309.0,309
"Estrade","Тушь для ресниц Estrade Color Bomb Volume 33 Голубой 13мл",349.0,459
"Parisa Cosmetics","Карандаш для губ Parisa Cosmetics Stay Nude 712 1,2г",249.0,249
"R.O.C.S.","Ополаскиватель для полости рта R.O.C.S. Максимальная свежесть 400мл",299.0,399
"УРРА","Пакет подарочный УРРА ' Wonderful ' , 26*32*10см",69.0,169
"Parisa Cosmetics","Жидкая матовая помада для губ Parisa Cosmetics Stay All Day 01 4мл",379.0,379
"Ninelle","Мягкий карандаш - каял для век Ninelle Efecto 214 1,14г",649.0,649
"Parisa Cosmetics","Жидкая матовая помада для губ Parisa Cosmetics Stay All Day 05 4мл",379.0,379
"BelorDesign","Помада для губ BelorDesign Party 139 4,3г",181.0,279
"Parisa Cosmetics","Карандаш для губ Parisa Cosmetics Stay Nude 715 1,2г",249.0,249
"Lavelle","Гель для бровей Lavelle фиксирующий ' Brow Sculpting ' 02",125.0,179
"BelorDesign","Карандаш для бровей BelorDesign Browista Ультратонкий 202",181.0,279
"Vivienne Sabo","Жидкие тени для век Vivienne Sabo Artiste 24/7 03 6,5мл",319.0,469
"Jeanmishel","Лак для ногтей Jeanmishel Гель формула 300 искрящийся Серебряный 12мл",129.0,129
"Parisa Cosmetics","Неоновый карандаш для век Parisa Cosmetics Neon demon 607 1,2г",229.0,229
"УРРА","Пакет подарочный УРРА ' Весна начинается с твоей улыбки ' , 31*26*12см",69.0,169
"Stellary","Блеск для губ Stellary Lipgloss Big Lips 08 4,2мл",345.0,499
"Estrade","Блеск для губ Estrade Candy Crush 406 1,8мл",199.0,339
"Без бренда","Крем для обуви Черный 45мл",29.0,29
"Parisa Cosmetics","Матовая помада для губ Parisa Cosmetics Stay Matte 02 3,6г",515.0,515
"Head and Shoulders","Мужской шампунь для волос против перхоти Head and Shoulders Men с ароматом Old Spice 360мл",389.0,649
"BelorDesign","Карандаш для век BelorDesign Automatic Soft 304 , 0,21г",148.0,229
"Lavelle","Матовая кремовая помада для губ Lavelle Cult Of Passion 06 1,1г",299.0,299
"Vister","Краска Vister Professional для замши , нубука и велюра , коричневая 250мл",229.0,229
"Феникс+","Карандаш простой Феникс+ Мороженое/Сердца микс",15.0,29
"BelorDesign","Блеск для губ BelorDesign Party 7 4,2г",194.0,299
"NSC","Тканевая маска для лица NSC Pumpkin & Carrot 22г",89.0,89
"Parisa Cosmetics","Оттеночный бальзам для губ Parisa Cosmetics Serum Tinted Lip Balm 01 3,2г",419.0,419
"Golden Rose","Лак для ногтей Golden Rose Wow! 63 Темно-фиолетовый 6мл",89.0,119
"Golden Rose","Лак для ногтей Golden Rose Wow! 44 Сиреневый 6мл",89.0,119
"Golden Rose","Лак для ногтей Golden Rose Color Expert 50 Голубой с перламутром 10,2мл",149.0,199
"Parisa Cosmetics","Жидкая матовая помада для губ Parisa Cosmetics Stay All Day 04 4мл",379.0,379
"Феникс+","Карандаш простой Феникс+ Сердца/Полоска Микс",15.0,29
"Farres","Тени для век Farres Glitter Розовый 3г",139.0,199
"Golden Rose","Лак для ногтей Golden Rose Color Expert 64 Персиково-розовый 10,2мл",149.0,199
"Vivienne Sabo","Жидкие тени для век Vivienne Sabo Artiste 24/7 06 6,5мл",319.0,469
"Vivienne Sabo","Тинт для губ Vivienne Sabo Tititint 02 Пыльно-розовый 3мл",349.0,529
"Parisa Cosmetics","Карандаш для губ Parisa Cosmetics 403 , Розово-натуральный , 1,5г",149.0,149
"Vivienne Sabo","Жидкие тени для век Vivienne Sabo Artiste 24/7 12 5мл",319.0,469
"NSC","Тканевая маска для лица NSC Tomato & Celeryry 22г",89.0,89
"УРРА","Пакет УРРА DP00547 подарочный 26*32см",69.0,169
"Jeanmishel","Лак для ногтей Jeanmishel GEL effect 350 Оранжево-персиковый 6мл",85.0,85
"BelorDesign","Карандаш для век BelorDesign Automatic Soft 303 , 0,21г",148.0,229
"Ninelle","Карандаш для губ Ninelle Danza 209 0,78г",349.0,499
"Ollin Professional","Крем - краска для волос Ollin Professional Performance 5/3 Светлый шатен золотистый 60мл",435.0,435
"BelorDesign","Блеск для губ BelorDesign Party 8 4,2г",194.0,299
"Vivienne Sabo","Жидкие тени для век Vivienne Sabo Artiste 24/7 07 5мл",319.0,469
"Ninelle","Карандаш для век Ninelle Destino 225 1,5г",649.0,649
"Parisa Cosmetics","Неоновый карандаш для век Parisa Cosmetics Neon demon 603 1,2г",229.0,229
"Colgate","Зубная паста Colgate total Активная защита+ ' профессиональная чистка ' 75мл",189.0,299
"Parisa Cosmetics","Жидкие тени для век с глиттером Parisa Cosmetics Let's Glow 01 4мл",379.0,379
"Haus Frau","Запасной блок для унитаза Haus Frau WC ' хвоя ' 30г",13.0,13
"BelorDesign","Жидкие матовые тени для век BelorDesign Nude Harmony 8 4,6г",278.0,429
"Art-Visage","Жидкая матовая помада для губ Art-Visage Love Matte 57 Ежевичный шерри 4мл",469.0,469
"BelorDesign","Карандаш для век BelorDesign Automatic Soft 306 , 0,21г",148.0,229
"Vivienne Sabo","Жидкие тени для век Vivienne Sabo Artiste 24/7 09 5мл",319.0,469
"BelorDesign","Лаковый блеск для губ BelorDesign Nude Harmony 21 4,1г",291.0,449
"Farres","Тени для век Farres Glitter Золотой 3г",139.0,199
"Без бренда","Шнурки для обуви Style круглые , тонкие , черные 110см",69.0,69
"Golden Rose","Лак для ногтей Golden Rose Color Expert 67 Нежно-зеленый 10,2мл",149.0,199
"Stellary","Блеск для губ Stellary Lipgloss Big Lips 02 4,2мл",345.0,499
"Zinger","Шабер для маникюра Zinger SLC-720-722 пластиковый односторонний GL BFY",199.0,199
"Ninelle","Ультрасияющий блеск для губ Ninelle Tango 718 3мл",454.0,649
"Ollin Professional","Крем - краска для волос Ollin Professional Performance 10/3 Светлый блондин Золотистый 60мл",435.0,435
"BelorDesign","Бальзам для губ BelorDesign Yummy Oasis Berry 10,5г",155.0,239
"BelorDesign","Бальзам для губ BelorDesign Yummy Oasis Coconut 10,5г",155.0,239
"Love Generation","Карандаш для губ Love Generation 01 1,2г",139.0,139
"BelorDesign","Карандаш для век BelorDesign Automatic Soft 305 , 0,21г",148.0,229
"BelorDesign","Жидкие матовые тени для век BelorDesign Nude Harmony 13 4,6г",278.0,429
"Без бренда","Шнурки для обуви Regular плоские , широкие , черные 110см",69.0,69
"Golden Rose","Лак для ногтей Golden Rose Color Expert 22 Коралловый 10,2мл",149.0,199
"Без бренда","Шнурки для обуви Active круглые , с наполнителем , черные 110см",69.0,69
"Vivienne Sabo","Жидкие тени для век Vivienne Sabo Artiste 24/7 04 6,5мл",319.0,469
"BelorDesign","Жидкие матовые тени для век BelorDesign Nude Harmony 12 4,6г",278.0,429
"Parisa Cosmetics","Палетка теней для век Parisa Cosmetics Mix & Match 5 оттенков 4 Purple 7,2г",639.0,639
"Haus Frau","Салфетка для уборки Haus Frau из микрофибры с рисунком",25.0,65
"BelorDesign","Жидкие матовые тени для век BelorDesign Nude Harmony 14 4,6г",278.0,429
"BelorDesign","Жидкие матовые тени для век BelorDesign Nude Harmony 7 4,6г",278.0,429
"Parisa Cosmetics","Оттеночный бальзам для губ Parisa Cosmetics Serum Tinted Lip Balm 04 3,2г",419.0,419
"Parisa Cosmetics","Неоновый карандаш для век Parisa Cosmetics Neon demon 604 1,2г",229.0,229
"Parisa Cosmetics","Палетка теней для век Parisa Cosmetics Mix & Match 5 оттенков Pink 7,2г",639.0,639
"Estrade","Блеск для губ Estrade Candy Crush 404 1,8мл",199.0,339
"Ninelle","Ультрасияющий блеск для губ Ninelle Tango 714 3мл",454.0,649
"Ollin Professional","Крем - краска для волос Ollin Professional Performance 7/5 Русый махагоновый 60мл",435.0,435
"Farres","Палетка теней для век Farres All Over Glitter 06 4 цвета 5,9г",174.0,249
"BelorDesign","Бальзам для губ BelorDesign Yummy Oasis Mint 10,5г",155.0,239
"Vivienne Sabo","Жидкие тени для век Vivienne Sabo Artiste 24/7 10 5мл",319.0,469
"Без бренда","Крем - блеск для обуви Черный 50мл",39.0,39
"Ninelle","Карандаш для губ Ninelle Danza 212 0,78г",349.0,499
"Vivienne Sabo","Жидкие тени для век Vivienne Sabo Artiste 24/7 11 5мл",319.0,469
"BelorDesign","Жидкие матовые тени для век BelorDesign Nude Harmony 9 4,6г",278.0,429
"BelorDesign","Жидкие матовые тени для век BelorDesign Nude Harmony 3 4,6г",278.0,429
"УРРА","Пакет подарочный УРРА , Золотой с красным , 26*32*12см",69.0,169
"Day Spa","Влажные антибактериальные салфетки Day Spa ' Шиповник и ромашка ' 15шт",55.0,55
"Без бренда","Шнурки для обуви Style круглые , черные 110см",69.0,69
"Golden Rose","Лак для ногтей Golden Rose Color Expert 33 10,2мл",149.0,199
"Parisa Cosmetics","Неоновый карандаш для век Parisa Cosmetics Neon demon 605 1,2г",229.0,229
"Parisa Cosmetics","Палетка теней для век Parisa Cosmetics Mix & Match 5 оттенков 3 Orange 7,2г",639.0,639
"Estrade","Жидкая подводка для век Estrade Nonstop Longwear liquid eyeliner 203 12мл",199.0,339
"BelorDesign","Жидкие матовые тени для век BelorDesign Nude Harmony 4 4,6г",278.0,429
"BelorDesign","Жидкие матовые тени для век BelorDesign Nude Harmony 10 4,6г",278.0,429
"Ninelle","Подводка для век Ninelle Acento с эффектом металлик 454 6мл",689.0,689
"BelorDesign","Жидкие матовые тени для век BelorDesign Nude Harmony 5 4,6г",278.0,429
"Stellary","Блеск для губ Stellary Lipgloss Big Lips 09 4,2мл",345.0,499
"Ninelle","Карандаш для век Ninelle Destino 227 1,5г",649.0,649
"BelorDesign","Жидкие матовые тени для век BelorDesign Nude Harmony 2 4,6г",278.0,429
"Vivienne Sabo","Тинт для губ Vivienne Sabo Tititint 07 Нежно-розовый 3мл",349.0,529
"Spa 4 Men","Одноразовый мужской станок Spa 4 Men для бритья , 2 лезвия 10шт",79.0,162
"Haus Frau","Бамбуковая салфетка Haus Frau универсальная",57.0,57
"Сиф","Универсальный чистящий крем Сиф с микрогранулами ' Лимон ' 500г",189.0,299
"Рексона","Дезодорант для ног Рексона ДЕОконтроль ' Активная свежесть ' 150мл",246.0,329
"Beauty Bomb","Ободок для волос Beauty Bomb Land Friend of frog 100г",549.0,549
"Magic Boom","Жидкое крем - мыло Magic Boom Олива и камелия 1000мл",117.0,169
"Magic Boom","Жидкое крем - мыло Magic Boom Пион и персик 1000мл",117.0,169
"Magic Boom","Жидкое мыло Magic Boom Малина и Пион 1000мл",117.0,169
"Magic Boom","Жидкое мыло Magic Boom Инжир и барбарис 1000мл",117.0,169
"Magic Boom","Жидкое мыло Magic Boom Алоэ вера и зелёный чай 1000мл",117.0,169
"Beauty Bomb","Блеск для губ Beauty Bomb Land Merry-go-round 02 5г",499.0,499
"Influence Beauty","Бальзам - стик для губ Influence Beauty Hydrogenesis 03 2г",699.0,699
"Influence Beauty","Бальзам - стик для губ Influence Beauty Hydrogenesis 02 2г",699.0,699
"Influence Beauty","Бальзам - стик для губ Influence Beauty Hydrogenesis 01 2г",699.0,699
"Influence Beauty","Жидкая матовая помада для губ Influence Beauty Hydrogenesis 03 3,2г",699.0,699
"Influence Beauty","Жидкая матовая помада для губ Influence Beauty Hydrogenesis 01 3,2г",699.0,699
"Influence Beauty","Тени для век в стике Influence Beauty Hydrogenesis 01 3г",599.0,599
"Influence Beauty","Тени для век двойные Influence Beauty Hydrogenesis 01 3г",659.0,659
"Influence Beauty","Тени для век двойные Influence Beauty Hydrogenesis 02 3г",659.0,659
"Influence Beauty","Подводка - фломастер для век с эффектом металлик Influence Beauty Hydrogenesis 01 0,5мл",699.0,699
"Influence Beauty","Хайлайтер для лица кремовый Influence Beauty Hydrogenesis 01 4,5г",699.0,699
"Influence Beauty","Подводка - фломастер для век с эффектом металлик Influence Beauty Hydrogenesis 02 0,5мл",699.0,699
"Influence Beauty","Тушь - топпер для ресниц Influence Beauty Hydrogenesis 01 3,5г",799.0,799
"Stellary","Тушь для ресниц с эффектом удлинения и разделения Stellary Dangerous Eyes Mascara Black 9мл",899.0,899
"Stellary","Тушь для ресниц с эффектом удлинения и объёма Stellary Seductive Eyes Mascara Black 9мл",899.0,899
"Stellary","Тушь для ресниц с эффектом объёма и подкручивания Stellary Seductive Eyes Mascara Black 9мл",899.0,899
"Likato Professional","Крем для лица против жирности кожи и постакне Likato Professional Post Acne 50мл",669.0,669
"Likato Professional","Энзимная пудра против жирности кожи и постакне Likato Professional Post Acne 120г",799.0,799
"Likato Professional","Сыворотка для лица против жирности кожи и постакне Likato Professional Post Acne 30мл",669.0,669
"Likato Professional","Точечный крем от прыщей и постакне Likato Professional Post Acne 20мл",569.0,569
"Likato Professional","Тоник для лица против жирности кожи и постакне Likato Professional Post Acne 150мл",569.0,569
"Likato Professional","Крем для проблемной кожи лица Likato Professional Sos Control 50мл",669.0,669
"Likato Professional","Точечный гель для проблемной кожи лица Likato Professional Sos Control 20мл",569.0,569
"Likato Professional","Сыворотка для проблемной кожи лица Likato Professional Sos Control 30мл",669.0,669
"Likato Professional","Тоник для проблемной кожи лица Likato Professional Sos Control 150мл",549.0,549
"Likato Professional","Бальзам восстанавливающий для поврежденных волос Likato Professional Keraglow 1000мл",791.0,1130
"Likato Professional","Очищающий гель для умывания для проблемной кожи лица Likato Professional Sos Control 250мл",669.0,669
"Likato Professional","Крем - спрей для комплексного ухода за волосами 17 в 1 Likato Professional Keraglow 200мл",559.0,799
"Likato Professional","Шампунь восстанавливающий для поврежденных волос Likato Professional Keraglow 1000мл",791.0,1130
"Likato Professional","Бальзам восстанавливающий для поврежденных волос Likato Professional Keraglow 400мл",514.0,735
"Likato Professional","Шампунь восстанавливающий для поврежденных волос Likato Professional Keraglow 400мл",465.0,665
"Finish","Ополаскиватель для посудомоечных машин Finish Блеск и защита 750мл",439.0,649
"Fasty","Таблетки для посудомоечных машин в водорастворимой пленке Fasty 50шт",449.0,599
"Доместос","Средство чистящее для туалета Доместос активная пена 450мл",199.0,329
"Доместос","Средство чистящее антиплесень Доместос активная пена 450мл",199.0,329
"Simbl","Гель для мытья посуды Simbl с ароматом цветов 450мл",119.0,169
"Simbl","Гель для мытья посуды Simbl с ароматом диких ягод 450мл",119.0,169
"Simbl","Гель для мытья посуды Simbl с ароматом сочного мандарина 450мл",119.0,169
"Elseve","Сыворотка для волос с термозащитой Elseve Ультра блеск 150мл",1590.0,1590
"Stellary Skin Studio","Мицеллярный лосьон для снятия макияжа Stellary Skin Studio Hydrogen 150мл",329.0,329
"Stellary Skin Studio","Крем - пенка для умывания Stellary Skin Studio Hydrogen 200мл",439.0,439
"Stellary Skin Studio","Тканевая маска для лица успокаивающая Stellary Skin Studio Centella Calming facial sheet mask 20г",99.0,99
"Stellary Skin Studio","Тканевая маска для лица омолаживающая Stellary Skin Studio Collagen Anti-aging facial sheet mask 20г",99.0,99
"Stellary Skin Studio","Тканевая маска для лица увлажняющая Stellary Skin Studio Hyaluronic Acid Hydrating facial sheet mask 20г",99.0,99
"SPLAT","Дорожный набор зубная паста + зубная щетка SPLAT Time to travel Medium 25г",365.0,565
"Revyline","Зубная щетка Revyline Cloud dancer Soft, medium 2шт",755.0,995
"Smile Care","Зубная щетка Smile Care Eco Bamboo средняя",99.0,129
"Smile Care","Зубная щетка Smile Care Eco Bamboo средняя 2шт",159.0,199
"Smile Care","Зубная щетка Smile Care Nano мягкая",129.0,169
"Smile Care","Зубная нить Smile Care с ментолом 15м*2 2шт",109.0,149
"Molped","Ежедневные прокладки Molped Firs&last day 28шт",129.0,179
"Я Самая","Ватные диски круглые с экстрактом розы Я Самая Young maxi size 80шт",119.0,179
"Я Самая","Ватные диски овальные с экстрактом розы Я Самая Young maxi size 80шт",119.0,179
"o.b.","Тампоны o.b. ProComfort Super 16шт",299.0,399
"o.b.","Тампоны o.b. ProComfort Normal 16шт",299.0,399
"Somfort","Женские прокладки Somfort Lady active Ultra mini 14шт",139.0,189
"Essence","Блеск для губ с эффектом увеличения объема Essence What the fake! Plumping lipgloss 102 4мл",409.0,409
"Essence","Блеск для губ с эффектом увеличения объема Essence What the fake! Plumping lipgloss 101 4мл",409.0,409
"Essence","Водостойкая тушь для ресниц ультраудлинение Essence What the length! extreme lengthening mascara waterproof 02 10мл",459.0,459
"Grass","Моющее средство для пола Grass Arena Цветущий лотос 1л",149.0,219
"Grass","Моющее средство для пола Grass Arena Бодрящий лимон 1л",149.0,219
"Eva","Кондиционер для белья Eva Магия свежести 1л",239.0,399
"Eva","Кондиционер для белья Eva Golden elixir 1л",239.0,399
"YOUNIQ","Зубная паста для чувствительных зубов YOUNIQ Sensitive 100г",189.0,299
"YOUNIQ","Зубная паста отбеливающая YOUNIQ Whitening 100г",189.0,299
"YOUNIQ","Зубная паста YOUNIQ сила кальция 100г",189.0,299
"Grass","Чистящее средство Grass Azelit PRO Антижир 600мл",229.0,329
"Milana","Парфюмированный освежитель воздуха Milana Spring Bloom 300мл",219.0,299
"Milana","Парфюмированный освежитель воздуха Milana Oud Rood 300мл",219.0,299
"Grass","Пенка для мытья посуды с ценными маслами белого хлопка Grass Crispi 550мл",219.0,279
"Ameli","Брелок Ameli Вакуку в ассортименте",599.0,999
"Art&Fact","Спрей - термозащита для волос с пантенолом Art&Fact 150мл",559.0,559
"Likato Professional","Стик - воск для длительной укладки волос с кератином Likato Professional h:wax 15г",735.0,735
"BRANDFREE","Губка хозяйственная для уборки и мытья посуды BRANDFREE Чудогубка 2шт",399.0,599
"Асепта","Зубная паста Асепта Актив 75мл",279.0,359
"Global White","Реминерализирующий гель для зубов Global White Enamel therapy 5мл",899.0,899
"Essence","Патчи от прыщей Essence Spot squad holo pimple patches 24шт",241.0,241
"Essence","Ухаживающий бальзам для губ Essence The super peptide 07 10мл",355.0,355
"Suprim","Моющее средство Suprim Вода для робота-пылесоса 1л",159.0,219
"Essence","Запеченные румяна для лица Essence Soft baked blush 20 4,5г",355.0,355
"Feel Moment","Мист для тела и волос с шиммером Feel Moment 150мл",1110.0,1110
"Feel Moment","Хайлайтер для лица и тела с шиммером Feel Moment 01 Soft shine 150мл",759.0,759
"Garnier","Солнцезащитный стик для лица Garnier Ambre Solaire Super UV SPF 50+ 35г",1390.0,1390
"Floresan","Спрей солнцезащитный водостойкий Floresan Paradise SPF 50 160мл",399.0,399
"Garnier","Солнцезащитный спрей для лица с гиалуроновой кислотой Garnier Ambre Solaire SPF 50+ 75мл",1150.0,1150
"R.O.C.S.","Ополаскиватель для полости рта отбеливающий R.O.C.S. Black Edition 400мл",349.0,449
"Garnier","Молочко - автозагар для лица и тела Garnier Ambre Solaire Ровный загар Средний 175мл",1380.0,1380
"Floresan","Автозагар бронзовый увлажняющий Floresan Paradise 160мл",329.0,329
"Essence","Карандаш для губ Essence POUTline soft glide lip pencil 01 0,62г",153.0,153
"Essence","Карандаш для губ Essence POUTline soft glide lip pencil 03 0,62г",153.0,153
"Essence","Карандаш для губ Essence POUTline soft glide lip pencil 02 0,62г",153.0,153
"Essence","Тени для век Essence mono eyeshadow matte 02 2г",241.0,241
"Essence","Автоматический карандаш для век Essence Longlasting eye pencil 40 0,28г",209.0,209
"Essence","Масло для губ Essence Hydra kiss lip oil 10 4мл",355.0,355
"Essence","Бальзам для губ Essence GLOWcerin glycerin lip treatment 01 12г",447.0,447
"Essence","Праймер для лица Essence Glow like honey dewy primer 30мл",459.0,459
"Catrice","Пудра для лица рассыпчатая матирующая Catrice Soft Blur Matte 001 8г",583.0,583
"Waterdent","Ополаскиватель для полости рта Waterdent хлоргексидин Перечная мята 500мл",439.0,439
"Global White","Отбеливающая пенка для полости рта Global White Whitening Fresh Mint 50мл",399.0,399
"White Glo","Зубная паста с антибактериальным эффектом и ополаскивателем White Glo Antibacterial protect 100г",379.0,379
"o.b.","Тампоны o.b. Original super 16шт",299.0,399
"o.b.","Тампоны o.b. ProComfort Super Plus 16шт",299.0,399
"Somfort","Женские прокладки Somfort Lady active Normal 12шт",239.0,319
"Tereza","Женские урологические прокладки Tereza Lady mini 20шт",189.0,239
"PSLAB","Укрепляющая зубная паста с дозатором PSLAB Ледяной арбуз 200мл",375.0,375
"PSLAB","Зубная паста с дозатором для чувствительных зубов PSLAB Sweet mint&sensitive 200мл",375.0,375
"PSLAB","Отбеливающая зубная паста с дозатором PSLAB Extra whitening 200мл",375.0,375
"PSLAB","Зубная паста для комплексного ухода с дозатором PSLAB Total care 200мл",375.0,375
"SPLAT","Ополаскиватель для полости рта SPLAT Professional Лечебные травы 25мл",49.0,65
"SPLAT","Ополаскиватель для полости рта SPLAT Professional Комплекс 3 в 1 25мл",49.0,65
"SOL","Салфетки универсальные SOL Elegant 34*38см 3шт",125.0,125
"Guten Tag","Губки для посуды универсальные Guten Tag Легкое очищение 2шт",49.0,69
"Зубочистка №1","Зубочистки пластиковые в акриловом чехле Зубочистка №1 40шт",129.0,129
"Выгода","Влажные салфетки Выгода Антибактериальные 15шт",15.0,15
"Без бренда","Женские прокладки с крылышками без аромата Normal soft 20шт",79.0,109
"Без бренда","Женские прокладки с крылышками без аромата Normal soft 9шт",39.0,59
"Без бренда","Ежедневные прокладки без аромата classic soft 100шт",139.0,189
"Без бренда","Ежедневные прокладки без аромата classic soft 20шт",39.0,59
"Без бренда","Женские прокладки с крылышками без аромата Normal soft 40шт",149.0,199
"Без бренда","Женские прокладки с крылышками без аромата Night soft 8шт",39.0,59
"Global White","Освежающий спрей для полости рта Global White Fresh Bubble mint 15мл",299.0,299
"Vilardi","Губки для посуды Vilardi Extra Bubble XL 5шт",119.0,149
"Vilardi","Губки для посуды с усиленным абразивом Vilardi Extra Comfort 5шт",119.0,149
"R.O.C.S.","Ополаскиватель для полости рта укрепление эмали R.O.C.S. Активный магний 400мл",299.0,399
"R.O.C.S.","Зубная паста для чувствительных зубов активный кальций R.O.C.S. Sensitive 94г",276.0,369
"R.O.C.S.","Зубная паста с биокомплексом R.O.C.S. i Like Coffee 74г",369.0,369
"Выгода","Насадка для швабры из микрофибры Выгода 38*10см",69.0,99
"Выгода","Насадка для швабры из микрофибры шенилл Выгода 38*10см",69.0,99
"Ergolux","Лампа светодиодная Ergolux 10Вт 4500К холодный свет Е14",79.0,79
"Ergolux","Лампа светодиодная Ergolux 11Вт 3000К теплый свет Е27",69.0,69
"Waterdent","Ополаскиватель для полости рта Waterdent Хлоргексидин Красный грейпфрут 500мл",439.0,439
"Global White","Отбеливающие полоски для зубов Global White со вкусом малины",139.0,139
"Aravia Laboratories","Балансирующий тонер для лица с пробиотическим фильтратом Aravia Laboratories Galactomyces Therapy 200мл",599.0,839
"Aravia Laboratories","Крем суперпитательный для лица с маслом Ши Aravia Laboratories Intensive Nourishing Cream 50мл",759.0,1290
"SOL","Губки для мытья посуды SOL ароматизированные 5шт",82.0,125
"Catrice","Корректор для области вокруг глаз жидкий Catrice Under Eye Brightener 010 10мл",471.0,471
"PresiDENT","Ополаскиватель для полости рта PresiDENT White ежедневное отбеливание 400мл",499.0,499
"Synergetic","Кондиционер для белья Synergetic Черная роза и ваниль 750мл",499.0,729
"Synergetic","Гель для стирки Synergetic Aroma Emotions Ваниль, табак, бергамот 3л",879.0,1190
"Day Spa","Влажные салфетки освежающие Day Spa Арбуз 8шт",35.0,35
"Catrice","Румяна запеченные Catrice Soft Glam Baked Blush 010 5,6г",471.0,471
"Mixit","Крем - баттер для тела Mixit Spa Rituals Wild cherry 250г",558.0,745
"Mixit","Парфюмированный крем для рук и тела Mixit Spa Rituals Musk kashmir 250мл",588.0,785
"Mixit","Парфюмитрованный крем для рук и тела Mixit Spa Rituals Black Pepper 250мл",588.0,785
"Mixit","Масло для волос Mixit Hair Expert Collagen oil 50мл",524.0,699
"Mixit","Спрей - блеск для волос Mixit Hair Expert Collagen spray 250мл",386.0,515
"Mixit","Маска - реконструктор для волос Mixit Hair Expert Collagen mask 400мл",599.0,799
"Mixit","Сыворотка для волос Mixit Hair Expert Collagen serum 110мл",386.0,515
"Mixit","Сухой шампунь для волос Mixit Hair Expert 200мл",374.0,499
"Mixit","Гель для душа Mixit Aroma Therapy Hammam 500мл",561.0,749
"Mixit","Гель для душа Mixit Aroma Therapy Ayurveda 500мл",561.0,749
"Mixit","Крем - гель для душа с молочной сывороткой Mixit LAB Lacto Hydrate 750мл",411.0,549
"Mixit","Крем - гель для душа с молочной сывороткой Mixit LAB Lacto&vitamin peach 750мл",411.0,549
"Mixit","Увлажняющая пенка для умывания с гиалуроновой кислотой Mixit Hydra 150мл",557.0,743
"Mixit","Матирующий гель для умывания Mixit Niacinamide 150мл",449.0,599
"Mixit","Пэды с кислотами для проблемной кожи Mixit Stop Acne 60шт",817.0,1090
"Mixit","Спрей - сыворотка для лица с кокосовой водой Mixit Coco Water 150мл",486.0,649
"Mixit","Мицеллярная вода для всех типов кожи Mixit Every Day 500мл",336.0,449
"Mixit","Тоник с кислотами для проблемной кожи Mixit Stop Acne 150мл",654.0,873
"Mixit","Энзимная пудра с витамином C Mixit Vitamin C 100г",729.0,973
"Mixit","Пенка для умывания с кокосовой водой Mixit Coco Water 150мл",557.0,743
"Mixit","Увлажняющий тоник для лица с гиалуроновой кислотой Mixit Hydra 150мл",374.0,499
"BeYoung","Помада для губ перламутровая BeYoung 301 3,8г",299.0,299
"BeYoung","Помада для губ перламутровая BeYoung 305 3,8г",299.0,299
"BeYoung","Помада для губ перламутровая BeYoung 306 3,8г",299.0,299
"BeYoung","Помада для губ перламутровая BeYoung 304 3,8г",299.0,299
"BeYoung","Помада для губ перламутровая BeYoung 303 3,8г",299.0,299
"BeYoung","Помада для губ перламутровая BeYoung 302 3,8г",299.0,299
"Day Spa","Влажные салфетки освежающие Day Spa Алоэ 8шт",35.0,35
"Day Spa","Влажные салфетки освежающие Day Spa Белый чай 8шт",35.0,35
"Day Spa","Ежедневные прокладки без аромата Day Spa Ultra Slim Normal 60шт",215.0,215
"Day Spa","Ежедневные прокладки без аромата Day Spa Ultra Slim Normal 20шт",89.0,89
"Air wick","Освежитель воздуха Air wick Весеннее пробуждение сменный блок 250мл",349.0,599
"Air wick","Освежитель воздуха Air wick Японская весна 290мл",169.0,219
"Intimed","Натуральный гель для интимной гигиены для взрослых и детей с 3-х лет Intimed 200мл",329.0,329
"Intimed","Натуральный гель для интимной гигиены для мягкого очищения и комфорта Intimed 200мл",329.0,329
"Intimed","Натуральный гель для интимной гигиены для чувствительной кожи Intimed 200мл",329.0,329
"Intimed","Бессульфатный гель для интимной гигиены увлажняющий эффект Intimed 200мл",249.0,249
"Intimed","Бессульфатный гель для интимной гигиены деликатный ежедневный уход Intimed 200мл",249.0,249
"Intimed","Бессульфатный гель для интимной гигиены нежный уход за чувствительной кожей Intimed 200мл",249.0,249
"Intimed","Бессульфатный гель для интимной гигиены дополнительное чувство комфорта Intimed 200мл",249.0,249
"Air wick","Автоматический освежитель воздуха Air wick Дикий гранат 250мл",799.0,1190
"Woolite","Гель для стирки Woolite Premium Dark 3л",799.0,799
"Woolite","Гель для стирки Woolite Premium Color 3л",799.0,799
"Dosia","Порошок для стирки белья Dosia Color Active pro 360 400г",69.0,89
"Tiret","Очиститель для стиральных машин Tiret Свежесть лимона 250мл",269.0,349
"Air wick","Освежитель воздуха Air wick Марокканское утро 290мл",169.0,219
"Air wick","Освежитель воздуха Air wick Freshmatic Женьшень и Лимон сменный блок 250мл",349.0,599
"Tide","Гель для стирки цветного белья Tide Color 1,755л",699.0,995
"Old Spice","Мужской гелевый антиперспирант Old Spice Cold Spice 70мл",629.0,629
"Old Spice","Мужской гель для душа + шампунь 3 в 1 Old Spice Cold Spice 400мл",359.0,499
"Gillette","Пена для бритья Gillette Sensitive для чувствительной кожи 300мл",379.0,479
"Глисс Кур","Маска для поврежденных волос экстремальное восстановление Глисс Кур 400мл",489.0,699
"Глисс Кур","Маска для волос блеск и защита от повреждений Глисс Кур Роскошь волос 400мл",489.0,699
"Naturella","Ежедневные прокладки Naturella ромашка Нормал 20шт",129.0,189
"Tampax","Женские тампоны с аппликатором Tampax Pearl Compak Super Plus single 8шт",239.0,299
"Tampax","Женские тампоны с аппликатором Tampax Pearl Compak Super single 8шт",239.0,299
"Lenor","Арома гранулы для свежести белья Lenor Unstoppables Нон-стоп свежесть 270г",745.0,995
"Lenor","Арома гранулы для свежести белья Lenor Золотая орхидея 195г",599.0,799
"Lenor","Арома гранулы для свежести белья Lenor Скандинавская весна 270г",745.0,995
"Lenor","Арома гранулы для свежести белья Lenor Скандинаская весна 195г",599.0,799
"Divage","Сияющие тени для век Divage Ai Shadow 04 1,5г",245.0,465
"Ninelle","Сатиновый консилер для лица Ninelle Ligero 307 2мл",599.0,599
"Organia","Мусс - пенка для умывания Organia Календула 150мл",127.0,175
"Ninelle","Сатиновый консилер для лица Ninelle Ligero 305 2мл",599.0,599
"Ninelle","Сатиновый консилер для лица Ninelle Ligero 306 2мл",599.0,599
"Monic Beauty","Тканевая маска для лица омолаживающая Monic Beauty # Skin code Placenta 24мл",79.0,79
"Monic Beauty","Тканевая маска для лица смягчающая Monic Beauty # Skin code Coenzyme Q10 24мл",79.0,79
"Monic Beauty","Тканевая маска для лица увлажняющая Monic Beauty # Skin code Hyaluronic Acid 24мл",79.0,79
"Monic Beauty","Тканевая маска для лица детокс Monic Beauty # Skin code Green Tea 24мл",79.0,79
"Monic Beauty","Крем для ног разглаживающий Monic Beauty # Skin code Centella and aloe vera 100мл",289.0,289
"Vivienne Sabo","Дневной крем для лица с витамином C SPF 15 Vivienne Sabo Skin Expertiq 50мл",629.0,629
"Vivienne Sabo","Дневной крем для лица с ниацинамидом SPF 15 Vivienne Sabo Skin Expertiq 50мл",519.0,629
"Vivienne Sabo","Ночная сыворотка для лица с AHA- и BHA- кислотами Vivienne Sabo Skin Expertiq 30мл",609.0,609
"Vivienne Sabo","Сыворотка для лица антиоксидантная для сияния кожи с витамином С Vivienne Sabo Skin Expertiq 30мл",499.0,609
"Vivienne Sabo","Очищающий крем - гель для лица с энзимами Vivienne Sabo Skin Expertiq 120мл",515.0,515
"Vivienne Sabo","Энзимная пудра для сияния кожи Vivienne Sabo Skin Expertiq 73,5г",659.0,659
"2080","Зубная паста 2080 Красный чай 120г",389.0,389
"2080","Зубная паста 2080 Восточный чай 120г",389.0,389
"Tesori d'Oriente","Парфюмированный кондиционер для белья Tesori d'Oriente Persian dream 760мл",689.0,689
"Carelax","Гель для душа 3 в 1 бодрящий Carelax 750мл",399.0,399
"Carelax","Гель для душа 3 в 1 освежающий Carelax 750мл",399.0,399
"Delicare","Скраб - джем для тела Delicare Citrus jam 400г",179.0,299
"D.I.E.S.","Детская зубная паста D.I.E.S. Kids Super Natural Клубника-малина от 2 до 6 лет 50мл",199.0,199
"D.I.E.S.","Детская зубная паста D.I.E.S. Kids Super Natural Ананас-апельсин 6-12 лет 60мл",199.0,199
"Ameli","Набор для ухода за лицом Ameli Моделирование и лифтинг 100% нефрит",499.0,499
"Ameli","Косметичка большая ПВХ Ameli Черная",499.0,499
"Ameli","Косметичка большая ПВХ Ameli розовая",499.0,499
"Шаума","Сухой шампунь для волос Шаума Свежесть и Объем",249.0,439
"Sensodyne","Зубная паста Sensodyne Экстра Отбеливание 50мл",189.0,299
"Sensodyne","Зубная паста Sensodyne Экстра Отбеливание 75мл",209.0,329
"Vivienne Sabo","Обновляющий ночной крем для лица с кислотами Vivienne Sabo Skin Expertiq 50мл",679.0,679
"Green Herb","Масло косметическое в карандаше Green Herb 2мл",119.0,179
"Natura Siberica","Гидрогелевые патчи для глаз Natura Siberica Lab Biome Упругость 60шт",599.0,599
"Natura Siberica","Гидрогелевые патчи для глаз Natura Siberica Экспресс-лифтинг 60шт",599.0,599
"Super Пятки","Стик - карандаш от мозолей и натоптышей Super Пятки 4,5г",225.0,225
"Super Пятки","Гель для педикюра профессиональный Super Пятки 250мл",199.0,199
"P.INK","Наклейки объёмные P.INK",119.0,119
"P.INK","Наклейки эпоксидные P.INK Cat",199.0,199
"Fancy","Игрушка мягкая Fancy Пингвин",199.0,399
"Fancy","Игрушка мягкая Fancy Попугай",399.0,399
"Mega Toys","Игрушка мягкая Mega Toys Смайл в очках",249.0,479
"Mega Toys","Игрушка мягкая Mega Toys Смайл соня",249.0,479
"Mega Toys","Игрушка мягкая Mega Toys Смайл улыбка",249.0,479
"Mi-Ri-Ne","Стайлинг - воск в стике для укладки волос Mi-Ri-Ne 14г",314.0,449
"Cool Rule","Несмываемый спрей - уход с термозащитой Cool Rule 150мл",189.0,259
"Cool Rule","Глина для укладки волос текстурирующая Cool Rule 75мл",449.0,449
"Cool Rule","Гель для укладки волос и бровей 3 в 1 Cool Rule 15мл",229.0,229
"Cool Rule","Гель - воск для укладки волос Cool Rule Цитрусовый микс 75мл",399.0,399
"Cool Rule","Воск - стик для укладки волос Cool Rule 30г",327.0,449
"Kaizer","Ножницы маникюрные для кутикулы Kaizer PRO C-04 сатин хром",995.0,995
"Shiny Lux","Средтсво для устранения засоров Shiny Lux для все видов труб 280г",169.0,169
"Dr. Aqua","Соль для ванн йодобромная Dr. Aqua 700г",133.0,199
"ICE Professional by NS","Мусс для придания объема волосам ICE Professional by NS Volume Hair Mousse 200мл",699.0,699
"ICE Professional by NS","Сухой шампунь для объема волос ICE Professional by NS Take It Home 200мл",599.0,599
"ICE Professional by NS","Маска для волос кератиновая ICE Professional by NS Take It Home 200мл",799.0,799
"ICE Professional by NS","Скраб для кожи головы ICE Professional by NS Take It Home 200мл",599.0,599
"Evermex","Ополаскиватель для полости рта Evermex Whitening & Fresh двойная мята 250мл",159.0,229
"Evermex","Ополаскиватель для полости рта Evermex Whitening & Fresh двойная мята 500мл",239.0,339
"Evermex","Ополаскиватель для полости рта Evermex Bio Calcium морозная мята 250мл",159.0,229
"Evermex","Ополаскиватель для полости рта Evermex Bio Calcium морозная мята 500мл",239.0,339
"Timer","Салфетки пятновыводящие Timer Пятен нет 8шт",69.0,69
"Vivienne Sabo","Патчи для лица невидимые локальные против несовершенств Vivienne Sabo Pure Dermatol' 20шт",315.0,315
"Vivienne Sabo","Сыворотка для лица анти-акне с ниацинамидом и цинком Vivienne Sabo Pure Dermatol' 30мл",499.0,609
"Vivienne Sabo","Суперочищающий лосьон для лица с BHA кислотами Vivienne Sabo Pure Dermatol' 150мл",419.0,499
"Vivienne Sabo","Матирующий крем - гель для лица с центеллой Vivienne Sabo Pure Dermatol' 50мл",499.0,629
"Vivienne Sabo","Гель для глубокого очищения пор c AHA и BHA кислотами Vivienne Sabo Pure Dermatol' 120мл",515.0,515
"Vivienne Sabo","Сыворотка для лица интенсивно восстанавливающая Vivienne Sabo Formule Anti-Age 30мл",939.0,939
"Vivienne Sabo","Очищающий мусс для лица антивозрастной с экстрактом устрицы Vivienne Sabo Formule Anti-Age 150мл",609.0,609
"Vivienne Sabo","Лифтинг - крем для лица с муцином улитки Vivienne Sabo Formule Anti-Age 50мл",499.0,629
"Vivienne Sabo","Крем для кожи вокруг глаз укрепляющий Vivienne Sabo Formule Anti-Age 20мл",515.0,515
"Vivienne Sabo","Крем для лица ночной разглаживающий с ретинолом Vivienne Sabo Formule Anti-Age 50мл",679.0,679
"Vivienne Sabo","Маска для лица омолаживающая с ДНК лосося Vivienne Sabo Formule Anti-Age",209.0,209
"Vivienne Sabo","Ночной крем для лица интенсивно увлажняющий с морским коллагеном Vivienne Sabo Basic Luxury 50мл",679.0,679
"Vivienne Sabo","Гель для кожи вокруг глаз с кофеином Vivienne Sabo Basic Luxury 20мл",469.0,469
"Vivienne Sabo","Патчи для глаз кофеиновые с противоотечным эффектом Vivienne Sabo Basic Luxury 30шт",315.0,315
"Vivienne Sabo","Увлажняющая тканевая маска для лица с 8 формами гиалуроновой кислоты Vivienne Sabo Basic Luxury",209.0,209
"Vivienne Sabo","Сыворотка для лица увлажняющая с гиалуроновой кислотой Vivienne Sabo Basic Luxury 30мл",609.0,609
"Vivienne Sabo","Легкий крем для лица увлажняющий без масел Vivienne Sabo Basic Luxury 50мл",555.0,555
"Vivienne Sabo","Ультра увлажняющий милки тоник для лица Vivienne Sabo Basic Luxury 150мл",369.0,469
"Vivienne Sabo","Экстра увлажняющий крем для сияния кожи Vivienne Sabo Basic Luxury 50мл",555.0,555
"Vivienne Sabo","Мусс для умывания лица с гиалуроновой кислотой Vivienne Sabo Basic Luxury 50мл",479.0,609
"Wonder Lab","Детская пена для ванны Wonder Lab Воздушная зефирка 540мл",429.0,429
"Vivienne Sabo","Бальзам для губ с пептидами Vivienne Sabo Bonbone 06 10мл",535.0,535
"Vivienne Sabo","Бальзам для губ с пептидами Vivienne Sabo Bonbone 04 10мл",535.0,535
"Vivienne Sabo","Бальзам для губ с пептидами Vivienne Sabo Bonbone 05 10мл",535.0,535
"Vivienne Sabo","Бальзам для губ с пептидами Vivienne Sabo Bonbone 03 10мл",535.0,535
"Vivienne Sabo","Бальзам для губ с пептидами Vivienne Sabo Bonbone 01 10мл",535.0,535
"Vivienne Sabo","Бальзам для губ с пептидами Vivienne Sabo Bonbone 02 10мл",535.0,535
"Vivienne Sabo","Карандаш для губ Vivienne Sabo Riviera du Soleil 01 1,2г",549.0,549
"Vivienne Sabo","Масло для губ Vivienne Sabo Riviera du Soleil 01 3мл",599.0,599
"Stellary","Праймер для лица Stellary праймер праймер 01 3мл",759.0,759
"Vivienne Sabo","Помада для губ Vivienne Sabo Riviera du Soleil 01 3г",599.0,599
"Vivienne Sabo","Карандаш для губ Vivienne Sabo Riviera du Soleil 02 1,2г",549.0,549
"Vivienne Sabo","Карандаш для век сияющий Vivienne Sabo Riviera du Soleil 01 1,2г",549.0,549
"Vivienne Sabo","Помада для губ Vivienne Sabo Riviera du Soleil 02 3г",599.0,599
"Love Generation","Карандаш для бровей Love Generation Brow Romance 03 3г",349.0,349
"Love Generation","Карандаш для бровей Love Generation Brow Romance 02 3г",349.0,349
"Vivienne Sabo","Карандаш для век сияющий Vivienne Sabo Riviera du Soleil 02 1,2г",549.0,549
"Vivienne Sabo","Палетка теней для век Vivienne Sabo Riviera du Soleil 01 6,4г",899.0,899
"Love Generation","Карандаш для бровей Love Generation Brow Romance 04 3г",349.0,349
"Love Generation","Карандаш для бровей Love Generation Brow Romance 01 3г",349.0,349
"Love Generation","Блеск для губ Love Generation Gimme Glaze 04 3мл",379.0,379
"Love Generation","Блеск для губ Love Generation Gimme Glaze 01 3мл",379.0,379
"Love Generation","Блеск для губ Love Generation Gimme Glaze 06 3мл",379.0,379
"Love Generation","Блеск для губ Love Generation Gimme Glaze 05 3мл",379.0,379
"Love Generation","Блеск для губ Love Generation Gimme Glaze 03 3мл",379.0,379
"Love Generation","Блеск для губ Love Generation Gimme Glaze 02 3мл",379.0,379
"Librederm","Сыворотка для лица себорегулирующая день/ночь Librederm Hyaluronic 40мл",849.0,849
"Librederm","Гель - крем гиалуроновый преображающий ночной Librederm Hyaluronic 50мл",799.0,799
"Librederm","Сыворотка для лица гиалуроновая день/ночь Librederm Hyaluronic 40мл",849.0,849
"Librederm","Гель для лица гиалуроновый матирующий дневной Librederm Hyaluronic 50мл",799.0,799
"Librederm","Гель - крем для лица гиалуроновый дневной Librederm Hyaluronic 50мл",799.0,799
"Librederm","Гидрофильное гель - масло для умывания и демакияжа Librederm Hyaluronic 100мл",569.0,569
"Librederm","Аквафлюид для лица гиалуроновый дневной Librederm Hyaluronic 50мл",799.0,799
"Juicy Lab","Детский шампунь - кондиционер с блестками Juicy Lab Спелый арбуз 3+ 250мл",269.0,399
"BioMio","Натуральное мыло с экстрактом инжира и баттером кокоса BioMio 90г",104.0,139
"BioMio","Натуральное мыло с баттером Манго BioMio 90г",104.0,139
"Divage","Палетка теней для век Divage Eye Game 02 4,5г",339.0,499
"Divage","Сияющие тени для век Divage Ai Shadow 03 1,5г",245.0,465
"Aravia Laboratories","Тоник для лица успокаивающий с детокс-комплексом Aravia Laboratories Skin Therapy Detox Skin Tonic 200мл",329.0,529
"Aravia Professional","Спрей для объёма для тонких и склонных к жирности волос Aravia Professional Volume Hair Spray 250мл",1100.0,1100
"Aravia Laboratories","Гидрофильный гель - масло для умывания с комплексом 17 аминокислот Aravia Laboratories Mezo-Plex Cleansing Oil 200мл",489.0,699
"Aravia Laboratories","Ночная маска - желе для лица с пробиотическим фильтратом Aravia Laboratories Galactomyces Therapy Face Mask 100мл",379.0,539
"Aravia Laboratories","Матирующий гель для умывания с салициловой кислотой и цинком Aravia Laboratories Sebo Renewal Cleansing Gel 200мл",489.0,699
"Aravia Laboratories","Крем - лифтинг от морщин с пептидами Aravia Laboratories Anti-Age Lifting Cream 50мл",769.0,1250
"Aravia Laboratories","Омолаживающий крем с комплексом 17 аминокислот и коллагеном Aravia Laboratories Mezo-Plex Cream 50мл",569.0,869
"Aravia Laboratories","Крем для лица ультраувлажняющий с гиалуроновой кислотой Aravia Laboratories Aqua-Filler Hyaluronic Cream 50мл",799.0,1250
"Aravia Laboratories","Крем для сияния кожи с маслом моркови и витамином С Aravia Laboratories Vita Glow Cream 50мл",569.0,869
"Aravia Laboratories","Крем обновляющий с AHA-кислотами Aravia Laboratories Renew Skin AHA-Cream 50мл",699.0,1140
"Aravia Laboratories","Крем для лица матирующий Aravia Laboratories Anti-Acne Mat Cream 50мл",589.0,1160
"Aravia Laboratories","Азелаиновый крем для лица с экстрактом гамамелиса Aravia Laboratories Sebo Renewal Cream 50мл",569.0,869
"Elseve","Шампунь для тусклых , пористых волос без сульфатов Elseve Ультра блеск 200мл",1290.0,1290
"PresiDENT","Зубная щетка PresiDENT Classic 7 мил средняя",349.0,349
"PresiDENT","Спрей для полости рта освежающий PresiDENT Calcium 15мл",499.0,499
"PresiDENT","Зубная щетка PresiDENT Exclusive 6 мил средняя",349.0,349
"PresiDENT","Спрей для полости рта освежающий PresiDENT Active 15мл",499.0,499
"Concept","Бальзам - филлер для волос Concept Fusion Active Revive 500мл",549.0,549
"Concept","UV - маска - филлер для волос Concept Fusion Color Fix 200мл",399.0,399
"Concept","Бальзам - филлер для волос Concept Fusion Color Fix 500мл",549.0,549
"Concept","Бальзам - филлер для волос Concept Fusion Plumping Power 500мл",549.0,549
"Concept","Шампунь - филлер для волос Concept Fusion Active Revive 500мл",549.0,549
"Concept","Шампунь - филлер для волос Concept Fusion Hidro Code 500мл",549.0,549
"Concept","Бальзам - филлер для волос Concept Fusion Hydro Code 500мл",549.0,549
"Vinci","Женские масляные духи Vinci Vegan. Love. Studio Sweet Fruit 15мл",299.0,299
"Himalaya Herbals","Питательный крем для рук Himalaya Herbals 50мл",159.0,159
"Solzao","Бабл-крем для рук с маслом миндаля Solzao Ipanema Girl 30мл",319.0,449
"Solzao","Питательный крем для рук с маслом бразильского ореха Solzao Sugar Head 30мл",319.0,449
"Himalaya Herbals","Глубоко очищающая кофейная маска для лица Himalaya Herbals 75мл",279.0,399
"Aravia Laboratories","Мицеллярный гель для лица с эктоином и ниацинамидом Aravia Laboratories Hydra Therapy 200мл",349.0,699
"Aravia Laboratories","Ампульная сыворотка для лица с пробиотическим фильтратом Aravia Laboratories Galactomyces Therapy 30мл",699.0,1040
"Aravia Laboratories","Бессульфатный гель для умывания с пробиотическим фильтратом Aravia Laboratories Galactomyces Therapy 250мл",479.0,679
"Aravia Laboratories","Увлажняющий крем для лица с комплексом 5 церамидов и гиалуроновой кислотой Aravia Laboratories Hydra Therapy 50мл",569.0,869
"Aravia Laboratories","Увлажняющий крем для лица с пробиотическим фильтратом Aravia Laboratories Galactomyces Therapy 50мл",759.0,1090
"Estel","Пенка - мусс для умывания Estel Secrets Тройная эффективность 150мл",599.0,599
"Estel","Крем - перфектор для кожи вокруг глаз Estel Secrets Безупречный взгляд 30мл",1590.0,1590
"Relouis","Корректор для лица Relouis PRO Full Cover Corrector 05 4г",495.0,495
"Relouis","Матовая помада для губ Relouis Icon Look 10 4г",291.0,449
"Relouis","Матовая помада для губ Relouis Icon Look 09 4г",291.0,449
"Relouis","Тушь для ресниц суперобъем и разделение термо Relouis Touche Thermo Tubing Черный 9г",499.0,499
"Relouis","Сияющий тональный флюид для лица с эффектом 'фильтра' Relouis Glow Filter Fluid Foundation 03 20г",699.0,699
"Relouis","Сияющий тональный флюид для лица с эффектом 'фильтра' Relouis Glow Filter Fluid Foundation 02 20г",699.0,699
"Relouis","Сияющий тональный флюид для лица с эффектом 'фильтра' Relouis Glow Filter Fluid Foundation 01 20г",699.0,699
"Relouis","Тональный крем для лица ультралегкий Relouis Y.O.U. Really Second Skin 50 30мл",749.0,749
"Relouis","Глайд для губ Relouis Y.O.U. Really Nude Mood 07 3,7г",359.0,359
"Relouis","Глайд для губ Relouis Y.O.U. Really Nude Mood 05 3,7г",359.0,359
"Relouis","Кремовые румяна для лица Relouis Y.O.U. Really Top Cheek 02 3г",539.0,539
"Relouis","Тушь для ресниц с эффектом вау объёма Relouis Y.O.U. Really Va-Va-Voom Черный 9г",439.0,439
"Relouis","Тональный крем для лица ультралегкий Relouis Y.O.U. Really Second Skin 05 30мл",749.0,749
"Relouis","Глайд для губ Relouis Y.O.U. Really Nude Mood 03 3,7г",359.0,359
"Relouis","Глайд для губ Relouis Y.O.U. Really Nude Mood 08 3,7г",359.0,359
"Relouis","Глайд для губ Relouis Y.O.U. Really Nude Mood 06 3,7г",359.0,359
"Relouis","Глайд для губ Relouis Y.O.U. Really Nude Mood 01 3,7г",359.0,359
"Relouis","Глайд для губ Relouis Y.O.U. Really Nude Mood 04 3,7г",359.0,359
"Relouis","Глайд для губ Relouis Y.O.U. Really Nude Mood 02 3,7г",359.0,359
"Relouis","Жидкие румяна для лица Relouis Y.O.U. Really Delight 02 3,5г",479.0,479
"Relouis","Жидкие румяна для лица Relouis Y.O.U. Really Delight 01 3,5г",479.0,479
"Relouis","Тушь для ресниц объёмная термо Relouis Y.O.U. Really Hyping Черный 9г",449.0,449
"Relouis","Тональный крем для лица ультралегкий Relouis Y.O.U. Really Second Skin 10 30мл",749.0,749
"Relouis","Тональный крем для лица ультралегкий Relouis Y.O.U. Really Second Skin 30 30мл",749.0,749
"Relouis","Масло - тинт для губ Relouis Y.O.U. Really Wanted 01 3г",399.0,399
"Relouis","Тональный крем для лица ультралегкий Relouis Y.O.U. Really Second Skin 40 30мл",749.0,749
"Relouis","Тональный крем для лица ультралегкий Relouis Y.O.U. Really Second Skin 20 30мл",749.0,749
"Relouis","Идеальная тональная основа для лица Relouis Y.O.U. Really Healthy Glow 01 30мл",749.0,749
"Relouis","Масло - тинт для губ Relouis Y.O.U. Really Wanted 03 3г",399.0,399
"Relouis","Масло - тинт для губ Relouis Y.O.U. Really Wanted 02 3г",399.0,399
"Relouis","Блеск для губ Ухаживающий Relouis Y.O.U. Really Goddes Glow 01 3г",359.0,359
"Relouis","Блеск для губ Ухаживающий Relouis Y.O.U. Really Goddes Glow 02 3г",359.0,359
"Relouis","Гель для бровей фиксирующий Relouis Y.O.U. Really Concreate 7г",349.0,349
"Relouis","Блеск для губ Ухаживающий Relouis Y.O.U. Really Goddes Glow 03 3г",359.0,359
"HADA LABO","Крем - пенка для лица увлажнение и выравнивание HADA LABO 100мл",649.0,649
"Mentholatum","Пенка скраб для лица от черных точек Mentholatum Acnes 100г",349.0,699
"HADA LABO","Крем - пенка для лица мягкость и ровный тон кожи HADA LABO 100г",649.0,649
"HADA LABO","Крем - пенка для лица для чувствительной кожи HADA LABO 100г",649.0,649
"Mentholatum","Гель для губ увлажнение и восстановление Mentholatum 8г",449.0,449
"HADA LABO","Крем - пенка для лица глубокое очищение пор HADA LABO 100г",649.0,649
"Nokso'","Энзимная пудра для умывания Nokso' 75мл",399.0,669
"Принцесса","Детский шампунь - уход для волос Принцесса Волшебные локоны 3+ 250мл",189.0,189
"Принцесса","Детский шампунь для волос Принцесса Тутти-фрутти 3+ 400мл",174.0,249
"Wellroom","Спрей - пена от жировых загрязнений Wellroom Антижир 600мл",269.0,419
"Wellroom","Спрей - пена от известковых отложений Wellroom Антиизвесть 600мл",269.0,419
"Only Bio","Обновляющий скраб - фреш для тела Only Bio From Blender with Love Watermelon Fresh peel 200мл",244.0,349
"Organic Oil","Облепиховый бальзам для волос Organic Oil Professional увлажнение и Гладкость 250мл",336.0,449
"Organic Oil","Sos - шампунь для волос на аргановом масле Organic Oil Professional восстановление и блеск 240мл",336.0,449
"Organic Oil","Облепиховый шампунь для волос Organic Oil Professional густота и рост 240мл",336.0,449
"Organic Oil","Sos - бальзам для волос на аргановом масле Organic Oil Professional восстановление и блеск 250мл",336.0,449
"Fabrik Cosmetology","Бурлящий шар для ванн с ароматом дынного мороженого Fabrik Cosmetology 120г",79.0,79
"Fabrik Cosmetology","Соль для ванн Fabrik Cosmetology Neon blaze Light Green 500г",259.0,259
"Organic Shop","Крем для тела Organic Shop Coconut Paradise 200мл",265.0,379
"Organic Shop","Крем для тела Organic Shop Tropical Mango 200мл",265.0,379
"Organic Shop","Гель для душа Organic Shop Sweet Vanilla 500мл",349.0,349
"Organic Shop","Пена для ванн Organic Shop Coconut Paradise 500мл",299.0,299
"Organic Shop","Пена для ванн Organic Shop Tropical Mango 500мл",299.0,299
"Mirrolla","Ароматизатор для ванн , сауны и бани Mirrolla Аромат Здоровья эвкалипт 100мл",123.0,169
"Mirrolla","Ароматизатор для ванн , сауны и бани Mirrolla Аромат Здоровья Бодрость 100мл",169.0,169
"Mirrolla","Ароматизатор для ванн , сауны и бани Mirrolla Аромат Здоровья мята 100мл",169.0,169
"Mixit","Крем - баттер для тела Mixit Spa Rituals Amber & Tonka 250мл",449.0,599
"Mixit","Крем - баттер для тела Mixit Spa Rituals Coconut 250г",449.0,599
"Family Cosmetics","Парфюмированный крем - баттер для тела Family Cosmetics Soul&Skin амбра и Ваниль 240мл",449.0,449
"Family Cosmetics","Парфюмированный крем для рук Family Cosmetics Soul&Skin табака и бергамот 65мл",265.0,265
"Family Cosmetics","Парфюмированный крем для рук Family Cosmetics Soul&Skin сандал и нероли 65мл",265.0,265
"Family Cosmetics","Парфюмированный крем для рук Family Cosmetics Soul&Skin вишня и роза 65мл",265.0,265
"Divage","Помада - бальзам для губ Divage Melting 03 2,8г",499.0,499
"Family Cosmetics","Парфюмированный крем - баттер для тела Family Cosmetics Soul&Skin вишня и роза 240мл",449.0,449
"Family Cosmetics","Парфюмированный крем для рук и тела Family Cosmetics Soul&Skin амбра и Ваниль 285мл",306.0,409
"Family Cosmetics","Парфюмированный крем для рук и тела Family Cosmetics Soul&Skin амбра и перец 285мл",306.0,409
"Family Cosmetics","Парфюмированный крем для рук и тела Family Cosmetics Soul&Skin вишня и роза 285мл",306.0,409
"Family Cosmetics","Парфюмированный крем для рук Family Cosmetics Soul&Skin амбра и Ваниль 65мл",265.0,265
"Family Cosmetics","Парфюмированный крем для рук и тела Family Cosmetics Soul&Skin тонка и мускус 285мл",306.0,409
"Organic Shop","Крем для тела смягчающий Organic Shop Sunny Papaya 200мл",265.0,379
"Organic Shop","Крем для тела тонизирующий Organic Shop Tangerine Splash 200мл",265.0,379
"Vivolife","Вазелин косметический без аромата Vivolife 122мл",259.0,259
"NIVEA","Интенсивный увлажняющий крем для лица и тела NIVEA Soft 300мл",699.0,699
"Vivolife","Вазелин косметический с маслом какао Vivolife 61мл",179.0,179
"Vivolife","Увлажняющий бальзам для губ со вкусом клубники Vivolife 5,2г",195.0,195
"Vivolife","Увлажняющий бальзам для губ со вкусом вишни Vivolife 5,2г",195.0,195
"Vivolife","Восстанавливающий бальзам для губ с гиалуроновой кислотой Vivolife 5,2г",195.0,195
"Vivolife","Защитный бальзам для губ с SPF 15 Vivolife 5,2г",195.0,195
"1 Toy","Ползун гусеницы 1 Toy 3+ 2шт",249.0,249
"1 Toy","Ползун насекомые 1 Toy 3+ 3шт",249.0,249
"SEMILY","Энзимная пудра для умывания SEMILY Pure Detox 75г",469.0,799
"Clero","Гель для душа с ароматом дыни Clero 1000мл",449.0,449
"Clero","Мужской гель для душа Clero For Men 1000мл",449.0,449
"Clero","Гель для душа с ароматом кокоса Clero 1000мл",449.0,449
"Clero","Гель для душа с ароматом бабл гам Clero 1000мл",449.0,449
"Clero","Гель для душа с ароматом вишни Clero 1000мл",449.0,449
"Likato Professional","Двухфазная сыворотка - спрей для лица Антивозрастная Likato Professional Microbiome Anti-age 50мл",799.0,799
"Likato Professional","Энзимная пудра с пробиотиком для глубоко очищения Likato Professional Microbiome обновление 85г",500.0,667
"Likato Professional","Ламеллярный крем для интенсивного увлажнения Likato Professional Microbiome гидробаланс 50мл",650.0,867
"Бархатные Ручки","Вазелин косметический без отдушки Бархатные Ручки 50мл",285.0,285
"Colgate","Зубная паста Colgate Макс Блеск со сверкающими кристаллами 100мл",199.0,329
"Likato Professional","Двухфазная сыворотка - спрей для лица глубокоувлажняющая Likato Professional Microbiome Hydra-focus 50мл",799.0,799
"Divage","Бальзам для губ Divage Glow Therapy 08 12мл",329.0,549
"Divage","Бальзам для губ Divage Glow Therapy 07 12мл",329.0,549
"Divage","Бальзам для губ Divage Glow Therapy 01 12мл",329.0,549
"HADA LABO","Пенка для умывания для проблемной кожи HADA LABO AHA+BHA 130г",299.0,599
"Consly","Тканевая маска для лица разглаживающая с муцином улитки Consly Clear Line 25мл",99.0,99
"Consly","Тканевая маска для лица увлажняющая с экстрактом алоэ Consly Clear Line 25мл",99.0,99
"Consly","Тканевая маска для лица успокаивающая с экстрактом центеллы азиатской Consly Clear Line 25мл",99.0,99
"Consly","Тканевая маска для лица регенерирующая с маслом японской камелии Consly Clear Line 25мл",99.0,99
"Consly","Тканевая маска для лица омолаживающая с ретинолом Consly Clear Line 25мл",99.0,99
"Consly","Тканевая маска для лица антивозрастная с пептидами Consly Clear Line 25мл",99.0,99
"Consly","Тканевая маска для лица освежающая с экстрактом юдзу Consly Clear Line 25мл",99.0,99
"Consly","Тканевая маска для лица питательная с экстрактом оливы Consly Clear Line 25мл",99.0,99
"Consly","Тканевая маска для лица тонизирующая с экстрактом арбуза Consly Clear Line 25мл",99.0,99
"Synergetic","Капсулы для стирки Synergetic All in One Магическая орхидея 40шт",699.0,1290
"Вернель","Концентрированный кондиционер для белья Вернель Sensitive Мягкость хлопка 1,82л",319.0,499
"Вернель","Парфюмированный кондиционер для белья Вернель Supreme Флёр 1,2л",319.0,499
"Consly","Тканевые маска - патчи для области вокруг глаз от морщин с коэнзимом Q10 и пептидами Consly Reboot your eyes 30шт",195.0,279
"Beauty Bomb","Палетка теней для век двойная Beauty Bomb Double Eyeshadow 02 3,4г",499.0,499
"Vixion Pro","Сетевое зарядное устройство 1 USB/2.1 A Vixion Pro Белый",199.0,199
"Vixion Pro","Стерео гарнитура проводная, белая Vixion Pro Type-C VX-20 120см",479.0,479
"Vixion Pro","Кабель Type-C-Type-C 60W Vixion Pro VX-27c 100см",149.0,149
"Vixion Pro","Кабель Type-C-Lightning Vixion Pro VX-27i Белый 100см",149.0,149
"Consly","Гидрогелевая маска для лица с пептидом Consly Syn-Ake 20мл",149.0,149
"Vixion Pro","Стерео гарнитура проводная, белая Vixion Pro jack 3,5мм 120см",219.0,219
"Estrade","Карандаш для губ Estrade Excellent Line 21 1,2г",299.0,299
"Estrade","Масло для губ Estrade Relax 506 6,5мл",369.0,369
"Estrade","Карандаш для губ Estrade Excellent Line 18 1,2г",299.0,299
"Estrade","Карандаш для губ Estrade Excellent Line 19 1,2г",299.0,299
"Estrade","Карандаш для губ Estrade Excellent Line 17 1,2г",299.0,299
"Estrade","Карандаш для губ Estrade Excellent Line 20 1,2г",299.0,299
"Estrade","Карандаш для губ Estrade Excellent Line 16 1,2г",299.0,299
"Estrade","Карандаш для губ Estrade Excellent Line 15 1,2г",299.0,299
"Art-Visage","Карандаш для губ Art-Visage Lip Liner 61 Карамельный 1,2г",289.0,289
"Art-Visage","Карандаш для губ Art-Visage Lip Liner 68 Сочная малина 1,2г",289.0,289
"Art-Visage","Карандаш для губ Art-Visage Lip Liner 59 Розовый персик 1,2г",289.0,289
"Art-Visage","Карандаш для губ Art-Visage Lip Liner 64 Дымчатая слива 1,2г",289.0,289
"Art-Visage","Карандаш для губ Art-Visage Lip Liner 57 Карамельный персик 1,2г",289.0,289
"Art-Visage","Карандаш для губ Art-Visage Lip Liner 55 Бежево-розовый 1,2г",289.0,289
"Vivienne Sabo","Карандаш для век Vivienne Sabo Merci 07 1,4г",169.0,229
"Vivienne Sabo","Карандаш для век Vivienne Sabo Merci 04 1,4г",169.0,229
"Vivienne Sabo","Карандаш для век Vivienne Sabo Merci 05 1,4г",169.0,229
"Vivienne Sabo","Карандаш для век Vivienne Sabo Merci 03 1,4г",169.0,229
"Vivienne Sabo","Карандаш для век Vivienne Sabo Merci 06 1,4г",169.0,229
"Vivienne Sabo","Карандаш для век Vivienne Sabo Merci 01 1,4г",169.0,229
"Vivienne Sabo","Карандаш для век Vivienne Sabo Merci 02 1,4г",169.0,229
"Stellary","Пудра для лица Stellary Serpent 01 9г",629.0,629
"Stellary","Карандаш для губ Stellary Serpent 02 0,95г",299.0,299
"Stellary","Оттеночный бальзам для губ Stellary Serpent 02 2,7г",513.0,513
"Stellary","Оттеночный бальзам для губ Stellary Serpent 01 2,7г",513.0,513
"Stellary","Палетка для лица Stellary Serpent 01 6г",699.0,699
"Stellary","Тени для век Stellary Serpent 01 1,5г",419.0,419
"Stellary","Палетка теней для макияжа Stellary Serpent 01 7,3г",919.0,919
"Stellary","Тени для век Stellary Serpent 02 1,5г",419.0,419
"Love Generation","Кремовые румяна для лица Love Generation Blush Me Up 03 2,7г",449.0,449
"Love Generation","Кремовые румяна для лица Love Generation Blush Me Up 02 2,7г",449.0,449
"Love Generation","Кремовые румяна для лица Love Generation Blush Me Up 01 2,7г",449.0,449
"Love Generation","Кремовый контуринг для лица Love Generation Shape Me Up 01 2,7г",449.0,449
"Tesori d'Oriente","Кондиционер для белья парфюмированный Tesori d'Oriente White Musk 760мл",689.0,689
"Tesori d'Oriente","Кондиционер для белья парфюмированный Tesori d'Oriente Byzantium 760мл",689.0,689
"Love Generation","Карандаш для бровей Love Generation Browlicious 02 0,2г",179.0,179
"Love Generation","Карандаш для бровей Love Generation Browlicious 01 0,2г",179.0,179
"Love Generation","Карандаш для бровей Love Generation Browlicious 03 0,2г",179.0,179
"Love Generation","Гелевый карандаш для век Love Generation Color Bunny 06 1,3г",409.0,409
"Love Generation","Гелевый карандаш для век Love Generation Color Bunny 03 1,3г",409.0,409
"Influence Beauty","Блеск для губ Influence Beauty Metamorphix 03 4мл",749.0,749
"Influence Beauty","Блеск для губ Influence Beauty Metamorphix 01 4мл",749.0,749
"Vivienne Sabo","Помада для губ муссовая Vivienne Sabo Muse de velours 03 5мл",585.0,585
"Vivienne Sabo","Помада для губ муссовая Vivienne Sabo Muse de velours 08 5мл",585.0,585
"Vivienne Sabo","Помада для губ муссовая Vivienne Sabo Muse de velours 07 5мл",585.0,585
"Vivienne Sabo","Помада для губ муссовая Vivienne Sabo Muse de velours 05 5мл",585.0,585
"Vivienne Sabo","Помада для губ муссовая Vivienne Sabo Muse de velours 06 5мл",585.0,585
"Vivienne Sabo","Помада для губ муссовая Vivienne Sabo Muse de velours 04 5мл",585.0,585
"Vivienne Sabo","Помада для губ муссовая Vivienne Sabo Muse de velours 01 5мл",585.0,585
"Vivienne Sabo","Помада для губ муссовая Vivienne Sabo Muse de velours 02 5мл",585.0,585
"SEMILY","Гель для душа SEMILY Mango 1000мл",419.0,979
"SEMILY","Гель для душа SEMILY Cherry 1000мл",419.0,979
"SEMILY","Гель для душа SEMILY Watermelon 1000мл",419.0,979
"Always","Ежедневные прокладки Always Незаметная защита удлиненные 24шт",279.0,369
"Tampax","Тампоны с аппликатором Tampax Pearl Compak Super plus duo 16шт",419.0,549
"Oral-B","Зубная нить вощеная Oral-B Essential Floss мятная 50м",299.0,429
"Pantene Pro-V","Шампунь для волос Pantene Pro-V Miracles Bond Repair Молекулярное восстановление 250мл",349.0,499
"Pantene Pro-V","Маска для волос Pantene Pro-V Miracles Bond Repair Молекулярное восстановление 300мл",699.0,995
"NSC","Масло для кутикулы с миндалем NSC Almond 3,5мл",349.0,349
"NSC","Масло для кутикулы с розмарином NSC Rosemary 3,5мл",349.0,349
"Lukky","Детский блеск для губ Lukky Charmy plush Розовый 3+ 1мл",249.0,249
"Lukky","Детский блеск для губ Lukky Charmy Gloss Розовый 3+ 5мл",249.0,249
"Lukky","Детский блеск для губ Lukky Charmy Gloss Карамельный 3+ 5мл",249.0,249
"Delicare","Бомбочка для ванны с шиммером Delicare Shimmer Bath Bomb Голубая 130г",199.0,199
"Delicare","Бомбочка для ванны с шиммером Delicare Shimmer Bath Bomb золотая 130г",199.0,199
"Delicare","Бомбочка для ванны с шиммером Delicare Shimmer Bath Bomb зеленая 130г",199.0,199
"Delicare","Бомбочка для ванны с шиммером Delicare Shimmer Bath Bomb розовая 130г",199.0,199
"FarmStay","Очищающая пенка для лица с экстрактом оливы FarmStay Olive Intensive Moisture Foam Cleanser 100мл",199.0,399
"FarmStay","Очищающая увлажняющая пенка для лица FarmStay O2 Premium Aqua Foam Cleansing 100мл",199.0,399
"FarmStay","Увлажняющий скраб для лица с гиалуроновой кислотой FarmStay Baking Powder Hyaluronic Acid Pore Scrub 7г",75.0,75
"FarmStay","Отшелушивающий гель - скатка для лица с экстрактом кокоса FarmStay Real Coconut Deep Clear Peeling Gel 100мл",299.0,549
"FarmStay","Скраб для упругости кожи с коллагеном FarmStay Baking Powder Collagen Pore Scrub 7г",75.0,75
"FarmStay","Очищающий скраб для лица с центеллой азиатской FarmStay Cica Farm Baking Powder Pore Scrub 7г",54.0,75
"FarmStay","Отшелушивающий гель - скатка для лица с экстрактом лимона FarmStay Real Lemon Deep Clear Peeling Gel 100мл",299.0,549
"FarmStay","Тканевая маска для лица с муцином улитки FarmStay Snail 23мл",57.0,79
"FarmStay","Тканевая маска для лица с экстрактом красного женьшеня FarmStay Red Ginseng 23мл",57.0,79
"FarmStay","Тканевая маска для лица с экстрактом огурца FarmStay Cucumber 23мл",57.0,79
"FarmStay","Тканевая маска для лица с коллагеном FarmStay Collagen 23мл",57.0,79
"FarmStay","Увлажняющий крем для лица с муцином улитки FarmStay Snail Mucus 50г",549.0,1090
"FarmStay","Очищающая пенка для лица с муцином улитки FarmStay Snail Moisture 100мл",249.0,499
"FarmStay","Тканевая маска для лица с экстрактом чайного дерева FarmStay Real Tea Tree 23мл",57.0,79
"FarmStay","Тканевая маска для лица с экстрактом оливы FarmStay Real Olive 23мл",57.0,79
"FarmStay","Тканевая маска для лица с экстрактом персика FarmStay Real Peach 23мл",57.0,79
"FarmStay","Тканевая маска для лица с древесным углем FarmStay Charcoal 23мл",57.0,79
"FarmStay","Тканевая маска для лица с экстрактом алоэ вера FarmStay Aloe 23мл",57.0,79
"FarmStay","Тканевая маска для лица с экстрактом манго FarmStay Real Mango 23мл",57.0,79
"FarmStay","Тканевая маска для лица с маслом Ши FarmStay Rreal Sheabutter 23мл",57.0,79
"FarmStay","Тканевая маска для лица с экстрактом голубики FarmStay Real Blueberry 23мл",57.0,79
"FarmStay","Тканевая маска для лица с экстрактом авокадо FarmStay Real Avocado 23мл",57.0,79
"Milk","Жидкое мыло Milk Молоко и Лимон 500мл",179.0,239
"Milk","Жидкое мыло Milk Молоко и Ягоды 500мл",179.0,239
"1 Toy","Набор для опытов 1 Toy БИОсфера Голубая акула",179.0,179
"1 Toy","Таба-сквиш 1 Toy Крутой замес Новый Год 3+ 2шт",89.0,179
"1 Toy","Набор для опытов 1 Toy БИОсфера Скат",179.0,179
"Art&Fact","Энзимная пудра с ароматом малины 5в1 Art&Fact с витамином С 2% и азелаиновой кислотой 0,2% 110мл",650.0,845
"Art&Fact","Энзимная пудра для лица для всех типов кожи Art&Fact с папаином 5% и аллантоином 0,5% 70мл",729.0,729
"Art&Fact","Тоник для лица для жирной и комбинированной кожи Art&Fact Salicylic Acid 2% + Urea 2% + Panthenol 2% 150мл",649.0,649
"Art&Fact","Пенка для умывания для чувствительной и обезвоженной кожи Art&Fact Soft Surfactant Complex + Panthenol 0,5% 150мл",461.0,599
"Art&Fact","Лосьон для жирной и комбинированной кожи Art&Fact Chamomilla Recutita Flower Extract 3% 150мл",576.0,749
"Art&Fact","Тоник для лица для всех типов кожи Art&Fact Vegetable aminoacids 1%+Glycolic Acid 0,2%+AHA Complex 0,2% 150мл",699.0,699
"Art&Fact","Пенка для умывания для жирной и комбинированной кожи Art&Fact с комплексом AHA-кислот 150мл",461.0,599
"Принцесса","Шампунь - бальзам для волос 2 в 1 Принцесса Сахарная дынька 3+ 650мл",315.0,315
"Naturalist","Крем после бритья Naturalist For Men Energy c витамином F 75мл",99.0,99
"Naturalist","Питательный детский крем Naturalist Липа и Ромашка 1+ 75мл",99.0,99
"Naturalist","Увлажняющий детский крем Naturalist Клевер и Лён 1+ 75мл",99.0,99
"Принцесса","Флюид - спрей для волос Принцесса Королевский уход 10 в 1 3+",249.0,249
"Naturalist","Крем после бритья Naturalist For Men Fresh с ментолом 75мл",99.0,99
"Черный Жемчуг","Дневной крем для лица и век Черный Жемчуг Retinol + Витамины Е + В3 программа 70+ 50мл",449.0,449
"Meizer","Клиппер для маникюра Meizer малый",249.0,249
"Meizer","Ножницы для кутикулы удлиненные Meizer",399.0,399
"EVO","Гигиеническая помада для губ EVO Гиалурон с гиалуроновой кислотой 2,8г",89.0,89
"Meizer","Ножницы для маникюра Meizer 07",399.0,399
"Черный Жемчуг","Ночная крем - маска для лица Черный Жемчуг Retinol + Витамины Е + В3 программа 70+ 50мл",449.0,449
"Meizer","Клиппер для маникюра Meizer большой",299.0,299
"EVO","Бальзам для губ EVO SOS Скорая помощь 2,8г",89.0,89
"STUDIO","Набор для осветления и мелирования волос STUDIO Blond & Tone Скандинавский блонд",399.0,399
"STUDIO","Стойкая крем - краска для волос STUDIO 3D Holography 3.4 Горький шоколад",199.0,199
"STUDIO","Стойкая крем - краска для волос STUDIO 3D Holography 6.4 Шоколад",199.0,199
"STUDIO","Стойкая крем - краска для волос STUDIO 3D Holography 5.54 Махагон",199.0,199
"STUDIO","Стойкая крем - краска для волос STUDIO 3D Holography 4.4 Мокко",199.0,199
"STUDIO","Стойкая крем - краска для волос STUDIO 3D Holography 6.1 Пепельно-русый",199.0,199
"STUDIO","Стойкая крем - краска для волос STUDIO 3D Holography 90.105 Пепельный блондин",199.0,199
"STUDIO","Стойкая крем - краска для волос STUDIO 3D Holography 7.07 Натуральный светло-русый",199.0,199
"Ollin Professional","Мусс для укладки волос средней фиксации Ollin Professional Style Mousse Medium 250мл",599.0,599
"Ollin Professional","Термозащитный спрей для волос Ollin Professional Style Thermo Spray Protective 220° 250мл",645.0,645
"Ollin Professional","Лак для волос сильной фиксации Ollin Professional Style Hair Spray Strong 500мл",829.0,829
"Ollin Professional","Кондиционер , сохраняющий цвет и блеск окрашенных волос Ollin Professional Care Color & Shine save 1000мл",899.0,899
"Ollin Professional","Спрей - антистатик для волос Ollin Professional Perfect Hair Antistatic Hair Spray 250мл",599.0,599
"Ollin Professional","Сухое масло - спрей для волос Ollin Professional Perfect Hair Dry Oil Spray 200мл",649.0,649
"Ollin Professional","Несмываемый крем - флюид для волос 15в1 Ollin Professional Perfect Hair Leave-in cream fluid 100мл",289.0,289
"Ollin Professional","Несмываемый крем - флюид для волос 15в1 Ollin Professional Perfect Hair Leave-in cream fluid 250мл",599.0,599
"Рецепты Чистоты","Крем - мыло твердое Рецепты Чистоты Грейпфрут и экстракт граната 100г",51.0,69
"Рецепты Чистоты","Крем - мыло твердое Рецепты Чистоты Шоколад и экстракт пиона 100г",51.0,69
"Ultraman","Успокаивающий лосьон после бритья Ultraman Nova 100мл",199.0,199
"Monpari","Крем - мыло твердое с коллагеном Monpari 100г",96.0,129
"Monpari","Крем - мыло твердое с гиалуроном Monpari 100г",96.0,129
"Monpari","Крем - мыло твердое с прополисом Monpari 100г",96.0,129
"Monpari","Крем - мыло твердое классическое Monpari 100г",96.0,129
"PAPIA","Универсальные влажные полотенца для поверхностей PAPIA Bali Flower 50шт",199.0,379
"Synergetic","Гипоаллергенный гель для стирки 3 в 1 с пятновыводителем Synergetic Магическая орхидея 2,28л",499.0,849
"Mirrolla","Паста для лица и тела с цинком и салициловой кислотой Mirrolla Laboratory 40мл",99.0,99
"Mirrolla","Паста для лица и тела с цинком Mirrolla Laboratory 40мл",99.0,99
"Eat My","Крем для рук Eat My Манговый милкшейк 55мл",229.0,229
"Eat My","Крем для рук Eat My Клубничный флурри 55мл",229.0,229
"Eat My","Крем для рук Eat My Шоколадный милкшейк 55мл",229.0,229
"Eat My","Крем для рук Eat My Вишневый крим-шейк 55мл",229.0,229
"Sanfor","Чистящее средство для сантехники Sanfor Chlorum Ультра белый 1,5л",209.0,329
"Divage","Бальзам для губ Divage Glow Therapy 03 12мл",329.0,549
"U&I","Кристаллический дезодорант U&I Green Tea & Aloe Vera 80г",224.0,299
"U&I","Кристаллический дезодорант U&I Mangosteen 80г",224.0,299
"U&I","Кристаллический дезодорант U&I Natural 80г",224.0,299
"Skinphoria","Сыворотка для лица с салициловой кислотой Skinphoria Salicylic acid 30мл",449.0,449
"Skinphoria","Сыворотка для лица с ниацинамидом и цинком Skinphoria Nc+Zn 30мл",495.0,495
"Skinphoria","Охлаждающая скатка - гоммаж для лица с эффектом сияния Skinphoria Ice & Glow Peeling Gel 75мл",449.0,449
"Skinphoria","Энзимная пудра для умывания Skinphoria Enzyme Powder Wash 60мл",415.0,415
"Skinphoria","Обновляющий тонер с фруктовыми кислотами для сияния Skinphoria AHA Vita Bright Toner 150мл",479.0,479
"Skinphoria","Гель для умывания с кислотами Skinphoria Acid Solution Gel 250мл",549.0,549
"Skinphoria","Пенка для умывания комбинированной и жирной кожи лица Skinphoria Air Foam Cleanser For Mattifying 150мл",489.0,489
"Skinphoria","Легкий увлажняющий крем для лица Skinphoria Light Hydrating Cream 50мл",499.0,499
"Skinphoria","Маска для лица с микроиглами морской пудры Skinphoria Microneedle Marine Detox Peel 50мл",622.0,889
"Skinphoria","Себорегулирующий гель для умывания Skinphoria Sebum Regulating Cleanser 150мл",449.0,449
"Skinphoria","Деликатное очищающее средство с увлажняющим эффектом Skinphoria Gentle Foaming Cleanser 150мл",399.0,399
"Cosmetime","Минеральный дезодорант Cosmetime Deo Crystal Cherry & Herb 100мл",561.0,749
"Cosmetime","Минеральный дезодорант Cosmetime Deo Crystal Velvet Touch 100мл",561.0,749
"To My Skin","Спрей - сыворотка для лица To My Skin Pure Glow Ceramides + Vitamin E + Hyaluronic acid 110мл",549.0,849
"To My Skin","Крем - воск для очень сухой кожи с пчелиным воском и маслом ши To My Skin Bee Wax + Shea butter 100мл",789.0,789
"To My Skin","Энзимная пудра для умывания To My Skin Pitaya + Vitamin C 110мл",549.0,895
"To My Skin","Увлажняющая сыворотка для лица To My Skin Hyaluronic Acid + Aloe 30мл",849.0,849
"Феникс+","Скрепки - закладки Феникс+ Клубника 2шт",149.0,149
"Феникс+","Скрепки - закладки Феникс+ банан 2шт",149.0,149
"Феникс+","Скрепки - закладки Феникс+ Панда и Единорог 2шт",149.0,149
"Феникс+","Скрепки - закладки Феникс+ Я огонь! 2шт",149.0,149
"Парфюмерия XXI века","Лосьон после бритья Парфюмерия XXI века Fresh Air 100мл",182.0,289
"Парфюмерия XXI века","Лосьон после бритья Парфюмерия XXI века Fresh Lime 100мл",182.0,289
"NIVEA","Мужской дезодорант антиперспирант NIVEA Men Мандарин и Кедр 48ч 150мл",336.0,449
"NIVEA","Мужской дезодорант антиперспирант NIVEA Men Ultra Extreme Помело и Дуб 150мл",269.0,449
"NIVEA","Мужской гель для душа 3 в 1 NIVEA Men Ultra Extreme 500мл",449.0,599
"NIVEA","Мужской дезодорант антиперспирант NIVEA Men Грейпфрут и Мята 48ч 150мл",336.0,449
"SEMILY","Гель для душа SEMILY Peach Velvet 1000мл",419.0,979
"SEMILY","Пилинг для лица с фруктовыми кислотами SEMILY Ice Face Peeling Gel 75мл",369.0,689
"SEMILY","Энзимная маска для лица SEMILY Enzyme Mask Pure Detox 50мл",349.0,729
"SEMILY","Гель для умывания SEMILY Fresh Face Cleancer Gel 200мл",369.0,639
"SEMILY","Сыворотка для лица SEMILY Anti-Age Serum 30мл",439.0,759
"SEMILY","Сыворотка для лица SEMILY Anti-Acne Serum 30мл",439.0,749
"Stellary Skin Studio","Пузырьковая маска для лица Stellary Skin Studio Кислородное очищение",149.0,149
"Stellary Skin Studio","Лифтинг - маска для лица Stellary Skin Studio Вечная молодость",149.0,149
"Stellary Skin Studio","Питательная маска для лица Stellary Skin Studio защита и восстановление",149.0,149
"Stellary Skin Studio","Гидрогелевые патчи от отеков и следов усталости Stellary Skin Studio Hydrogen 2шт",139.0,139
"Stellary Skin Studio","Увлажняющая маска для лица Stellary Skin Studio Сила океана",149.0,149
"Stellary Skin Studio","Гидрогелевая маска для лица Stellary Skin Studio Hydrogel active mask",249.0,249
"Divage","Палетка теней для век Divage Eye Game 04 4,5г",339.0,499
"Art&Fact","Крем для проблемной кожи Art&Fact Salicylic acid 2%+Zinc oxide 0,5%+Squalane 0,5%+Allantoin 0,2% 30мл",609.0,609
"Art&Fact","Крем для области вокруг глаз Art&Fact Liposomal retinol 0,3%+Retinyl palmitate 0,3%+Caffeine 0,5% 30мл",849.0,849
"Art&Fact","Пилинг для лица для всех типов кожи Art&Fact Lactic acid 22%+Glycolic acid 7%+Salicylic acid 2% 30мл",799.0,799
"Art&Fact","Себорегулирующая сыворотка для лица Art&Fact Niacinamide 20%+Green tea leaf extract+Panthenol 30мл",538.0,699
"Art&Fact","Сыворотка для лица Art&Fact Vitamin complex+Niacinamide 2%+Tranexamic acid 30мл",589.0,589
"Art&Fact","Крем для области вокруг глаз Art&Fact Vitamin C+4D Hyaluronic acid 2%+Urea 30мл",699.0,699
"Art&Fact","Сыворотка для лица Art&Fact 4D Hyaluronic acid 1%+Provitamin B5 30мл",589.0,589
"Art&Fact","Крем для лица Art&Fact 4D Hyaluronic acid 1% 50мл",649.0,649
"Art&Fact","Крем для лица Art&Fact Squalane 1%+Niacinamide 0,3%+Sea buckthron oil 0,2% 50мл",538.0,699
"Art&Fact","Крем для лица Art&Fact Collagen 0,5%+Centella asiatica 0,3+Spirulina extract 0,2% 50мл",749.0,749
"Art&Fact","Сыворотка для лица Art&Fact Niacinamide 5%+Liposomal Retinol 1%+Lactic Acid+Amino Acids Complex 30мл",507.0,659
"Art&Fact","Сыворотка для области вокруг глаз Art&Fact Caffeine 2%+4D Hyaluronic Acid 1%+Green tea leaf extract 5% 30мл",699.0,699
"Асепта","Детская гелевая зубная паста Асепта For Baby с клубничным вкусом от 0 до 3 лет 50мл",219.0,279
"Art&Fact","Сыворотка для жирной и комбинированной кожи Art&Fact Niacinamide 10%+Zinc 1% 30мл",589.0,589
"Art&Fact","Крем - гель для области вокруг глаз Art&Fact Caffeine 3% 30мл",699.0,699
"Estel","Легкий бальзам для объёма волос Estel Me \\Это база\\ 300мл",499.0,499
"Estel","Функциональный шампунь для кожи головы и волос Estel Me \\Это база\\ 400мл",499.0,499
"Ла-Кри","Тоник для проблемной кожи Ла-Кри Stop Acne 200мл",299.0,599
"Ла-Кри","Крем - гель локального действия Ла-Кри Stop Acne 15г",349.0,699
"Ла-Кри","Матирующий крем - гель для лица Ла-Кри Stop Acne 50мл",349.0,649
"Divage","Румяна для лица Divage Solo compact blush 07 2г",339.0,499
"Divage","Пудра для лица Divage Matte Touch 03 10г",629.0,629
"Divage","Пудра для лица Divage Matte Touch 01 10г",629.0,629
"Divage","Бальзам для губ Divage Glow Therapy 09 12мл",329.0,549
"Stellary Skin Studio","Обновляющая энзимная пудра для умывания Stellary Skin Studio Superfood 90мл",499.0,499
"Stellary Skin Studio","Ночной скульптурирующий крем для лица Stellary Skin Studio 50мл",799.0,799
"Stellary Skin Studio","Омолаживающий крем для контура глаз и губ Stellary Skin Studio Retinol Power 20мл",399.0,399
"Stellary Skin Studio","Разглаживающая сыворотка для лица Stellary Skin Studio Retinol Power 30мл",699.0,699
"Stellary Skin Studio","Нежная пенка для умывания Stellary Skin Studio Retinol Power 160мл",485.0,485
"Stellary Skin Studio","Дневной моделирующий крем для лица Stellary Skin Studio Retinol Power SPF 10 50мл",783.0,783
"BRANDFREE","Универсальный пенный очиститель BRANDFREE 400мл",259.0,419
"Gillette","Сменные кассеты для станка Gillette Labs 5 лезвий 2шт",1650.0,2390
"Gillette","Мужской станок для бритья Gillette Labs + 1 сменная кассета + держатель для бритвы",1490.0,1890
"Mr.Proper","Моющая жидкость для полов и стен Mr.Proper Бережная уборка 1л",199.0,349
"Stellary Skin Studio","Ночной интенсивно увлажняющий крем для лица Stellary Skin Studio Hydrogen 50мл",549.0,549
"Stellary Skin Studio","Дневной увлажняющий крем для лица Stellary Skin Studio Hydrogen 50мл",599.0,599
"Colgate","Зубная паста Colgate Тройное действие ( 100мл + 100мл ) 200мл",199.0,319
"Русская косметика","Жидкое мыло для рук Русская косметика с экстрактом вербены 500мл",244.0,349
"Divage","Кремовые румяна для лица Divage Blush Stick 02 5,5г",599.0,599
"Divage","Контуринг - стик для лица Divage True Color 01 5,5г",599.0,599
"Divage","Матовая помада для губ Divage Matte Sensuality Lipstick 10 4г",399.0,549
"Estel","Увлажняющий крем для рук Estel Gryadka 50мл",249.0,249
"Estel","Увлажняющая маска для лица Estel Gryadka 100мл",419.0,419
"Estel","Гель - пена для душа Estel Gryadka 250мл",319.0,319
"Estel","Молекулярный шампунь - увлажнение для волос Estel Gryadka 300мл",599.0,599
"Estel","Молекулярный бальзам - кондиционер для волос Estel Gryadka 250мл",599.0,599
"Сьёсс","Мужской шампунь 2 в 1 Сьёсс Men Controle & Care 450мл",319.0,499
"Без бренда","Многоразовый плащ-дождевик с кнопками Черный",499.0,499
"Ла-Кри","Пенка очищающая для умывания Ла-Кри Stop Acne 150мл",299.0,599
"Orkay","Ароматические палочки Orkay Patchouli and Nag Champa 15г",129.0,199
"Orkay","Ароматические палочки Orkay Black Opium 15г",129.0,199
"Orkay","Ароматические палочки Orkay Sandal with cinnamon 15г",129.0,199
"LAMM","Капсулы для стирки LAMM Aroma 12шт",299.0,499
"LAMM","Кондиционер для белья LAMM Альпийская свежесть 910мл",219.0,319
"Mama Ultimate","Бальзам для мытья посуды Mama Ultimate Green Tea 1000мл",299.0,449
"LAMM","Гель для стирки LAMM Aroma 1,3л",369.0,549
"EVO","Крем для ног EVO Мочевина 10% 100мл",199.0,249
"Art&Fact","Маска для лица с охлаждающим эффектом Art&Fact Cucumber seed extract 4% + Panthenol 1% 50мл",549.0,549
"EVO","Крем для рук EVO Мочевина 7% 100мл",143.0,179
"Baffy","Бомбочка хамелеон Baffy Купайся весело Малиново-синяя 3+ 70г",299.0,299
"Baffy","Взрывная пена для ванны Baffy Купайся весело фиолетовая 3+ 50г",249.0,249
"Baffy","Взрывная пена для ванны Baffy Купайся весело лазурная 3+ 50г",249.0,249
"Baffy","Взрывная пена для ванны Baffy Купайся весело розовая 3+ 50г",249.0,249
"Art&Fact","Маска для лица для проблемной и жирной кожи Art&Fact Kaolin 11%+Niacinamide 2%+ Sulfur 2%+Mandelic acid+Lactic acid 50мл",461.0,599
"Baffy","Бомбочка хамелеон Baffy Купайся весело Желто-малиновая 3+ 70г",299.0,299
"Моё Солнышко","Детская пенка - шампунь Моё Солнышко С головы до пят 0+ 400мл",249.0,249
"Моё Солнышко","Детский шампунь Моё Солнышко Леденцовая свежесть 1+ 400мл",239.0,239
"Моё Солнышко","Детское крем - мыло Моё Солнышко с пантенолом 0+ 300мл",149.0,149
"Моё Солнышко","Детская пенка - гель для купания Моё Солнышко Медовая дыня 1+ 400мл",249.0,249
"Особа Серия","Жидкое крем - мыло Особа Серия Воздушный хлопок 500мл",199.0,199
"Особая серия","Жидкое крем - мыло Особая серия Сочная вишня 500мл",199.0,199
"Особая серия","Жидкое крем - мыло Особая серия Молоко и мёд 500мл",199.0,199
"Особая серия","Жидкое крем - мыло Особая серия Зеленый чай 500мл",199.0,199
"Eva","Кондиционер для белья Eva Sensitive 1,8л",329.0,499
"Eva","Кондиционер для белья Eva Flower 1,8л",329.0,499
"Eva","Кондиционер для белья Eva Black reflection 1,8л",329.0,499
"Milana","Увлажняющее жидкое крем - мыло Milana Fruit bubbles 1л",189.0,259
"My Muse","Увлажняющее мыло - пенка для рук My Muse с соком клубники и молочными протеинами 500мл",199.0,269
"Divage","Консилер для лица Divage Matte Touch 01W 4мл",549.0,549
"Divage","Бальзам для губ Divage Glow Therapy 12 12мл",329.0,549
"Divage","Бальзам для губ Divage Glow Therapy 11 12мл",329.0,549
"Divage","Бальзам для губ Divage Glow Therapy 04 12мл",329.0,549
"Divage","Бальзам для губ Divage Glow Therapy 10 12мл",329.0,549
"Divage","Бальзам для губ Divage Glow Therapy 02 12мл",329.0,549
"Divage","Бальзам для губ Divage Glow Therapy 05 12мл",329.0,549
"Divage","Жидкая глянцевая помада для губ Divage Glaze Fusion 05 3,7мл",399.0,619
"Divage","Термостойкая тушь для ресниц Divage Ai Lash коричневая 6мл",375.0,599
"Divage","Термостойкая тушь для ресниц Divage Ai Lash Черная 6мл",375.0,599
"Divage","Карандаш для губ Divage On The Way 10 1,35г",269.0,269
"Divage","Карандаш для губ Divage On The Way 08 1,35г",269.0,269
"Divage","Карандаш для губ Divage On The Way 06 1,35г",269.0,269
"Divage","Карандаш для губ Divage On The Way 11 1,35г",269.0,269
"Divage","Карандаш для губ Divage On The Way 04 1,35г",269.0,269
"Divage","Карандаш для губ Divage On The Way 09 1,35г",269.0,269
"Divage","Карандаш для губ Divage On The Way 07 1,35г",269.0,269
"Divage","Карандаш для губ Divage On The Way 02 1,35г",269.0,269
"Divage","Карандаш для губ Divage On The Way 05 1,35г",269.0,269
"Divage","Карандаш для губ Divage On The Way 03 1,35г",269.0,269
"Divage","Карандаш для губ Divage On The Way 01 1,35г",269.0,269
"Divage","Помада - бальзам для губ Divage Melting 04 2,8г",499.0,499
"Divage","Помада - бальзам для губ Divage Melting 02 2,8г",499.0,499
"Divage","Помада - бальзам для губ Divage Melting 06 2,8г",499.0,499
"Divage","Помада - бальзам для губ Divage Melting 05 2,8г",499.0,499
"Stellary","Автоматический карандаш для бровей Stellary Brow Sculpting pencil 04 0,08г",575.0,575
"Stellary","Автоматический карандаш для бровей Stellary Brow Sculpting pencil 03 0,08г",575.0,575
"Stellary","Автоматический карандаш для бровей Stellary Brow Sculpting pencil 02 0,08г",575.0,575
"Love Generation","Кремовый тинт для губ Love Generation I'm Horny 04 3мл",549.0,549
"Stellary","Карандаш для бровей с щеточкой Stellary 03 1,5г",349.0,349
"Stellary","Карандаш для бровей с щеточкой Stellary 01 1,5г",349.0,349
"Stellary","Карандаш для бровей с щеточкой Stellary 04 1,5г",349.0,349
"Stellary","Карандаш для бровей с щеточкой Stellary 02 1,5г",349.0,349
"Stellary","Подводка - фломастер для век Stellary 01 0,6мл",575.0,575
"Stellary","Подводка - фломастер для век Stellary 02 0,6мл",575.0,575
"Stellary","Подводка - фломастер для век Stellary Wild 01 0,6мл",689.0,689
"Stellary","Подводка - фломастер для век Stellary Wild 02 0,6мл",689.0,689
"Stellary","Палетка теней для век Stellary High Society 03 4,4г",523.0,523
"Stellary","Палетка теней для век Stellary Wild Angel 01 4,4г",523.0,523
"Stellary","Палетка теней для век Stellary First Lady 02 4,4г",523.0,523
"Vivienne Sabo","Увлажняющий тональный крем для лица Vivienne Sabo Surrealist 02 30мл",969.0,969
"Vivienne Sabo","Увлажняющий тональный крем для лица Vivienne Sabo Surrealist 03 30мл",969.0,969
"Vivienne Sabo","Увлажняющий тональный крем для лица Vivienne Sabo Surrealist 01 30мл",969.0,969
"Relouis","Ультратонкий фломастер для бровей Relouis Micro eyebrow marker 01 0,3мл",324.0,499
"Relouis","Механический карандаш для губ Relouis Artistic Contour 07 0,34г",315.0,485
"Relouis","Механический карандаш для губ Relouis Artistic Contour 02 0,34г",315.0,485
"Relouis","Механический карандаш для губ Relouis Artistic Contour 06 0,34г",315.0,485
"Relouis","Механический карандаш для губ Relouis Artistic Contour 08 0,34г",315.0,485
"Relouis","Механический карандаш для губ Relouis Artistic Contour 09 0,34г",315.0,485
"Relouis","Механический карандаш для губ Relouis Artistic Contour 05 0,34г",315.0,485
"Relouis","Механический карандаш для губ Relouis Artistic Contour 04 0,34г",315.0,485
"Relouis","Механический карандаш для губ Relouis Artistic Contour 03 0,34г",315.0,485
"Relouis","Механический карандаш для губ Relouis Artistic Contour 01 0,34г",315.0,485
"Relouis","Объёмная тушь для ресниц Relouis Strip it Easy Thermo tubing brown volume mascara коричневая 9мл",499.0,499
"Relouis","Стойкий карандаш для губ с маслом жожоба Relouis 14",429.0,429
"Relouis","Тушь для ресниц с эффектом экстремального объёма Relouis Heartbreaking Черная 9г",356.0,549
"Relouis","Стойкий карандаш для губ с маслом жожоба Relouis 12",429.0,429
"Relouis","Стойкий карандаш для губ с маслом жожоба Relouis 13",429.0,429
"Relouis","Стойкий карандаш для губ с маслом жожоба Relouis 11",429.0,429
"Relouis","Карандаш для бровей с витамином Е Relouis 04",479.0,479
"Relouis","Карандаш для бровей с витамином Е Relouis 01",479.0,479
"Relouis","Бронзер для лица Relouis PRO 01",499.0,499
"Relouis","Матовая помада для губ Relouis Icon Look 01 4г",291.0,449
"Relouis","Матовая помада для губ Relouis Icon Look 05 4г",291.0,449
"Relouis","Матовая помада для губ Relouis Icon Look 02 4г",291.0,449
"Relouis","Матовая помада для губ Relouis Icon Look 08 4г",291.0,449
"Relouis","Матовая помада для губ Relouis Icon Look 03 4г",291.0,449
"Relouis","Матовая помада для губ Relouis Icon Look 07 4г",291.0,449
"Relouis","Матовая помада для губ Relouis Icon Look 04 4г",291.0,449
"Relouis","Матовая помада для губ Relouis Icon Look 06 4г",291.0,449
"Relouis","Помада для губ Relouis La Mia Italia 22 3,7г",356.0,549
"Relouis","Помада для губ Relouis La Mia Italia 25 3,7г",356.0,549
"Relouis","Помада для губ Relouis La Mia Italia 21 3,7г",356.0,549
"Relouis","Помада для губ Relouis La Mia Italia 26 3,7г",356.0,549
"Relouis","Помада для губ Relouis La Mia Italia 20 3,7г",356.0,549
"Relouis","Помада для губ Relouis La Mia Italia 23 3,7г",356.0,549
"Relouis","Блеск - бальзам для губ Relouis Gloss-Balm с маслами ши, фисташки и маракуйи 10 3г",449.0,449
"Relouis","Блеск - бальзам для губ Relouis Gloss-Balm с маслами ши, фисташки и маракуйи 09 3г",449.0,449
"Relouis","Блеск - бальзам для губ Relouis Gloss-Balm с маслами ши, фисташки и маракуйи 08 3г",449.0,449
"Relouis","Блеск - бальзам для губ Relouis Gloss-Balm с маслами ши, фисташки и маракуйи 11 3г",449.0,449
"Relouis","Блеск - бальзам для губ Relouis Gloss-Balm с маслами ши, фисташки и маракуйи 12 3г",449.0,449
"Miamitats","Кристаллы для лица , тела и волос Miamitats Red Queen",269.0,490
"Miamitats","Переводные #татувеснушки Miamitats Cosmic",169.0,320
"Miamitats","Кристаллы для лица , тела и волос Miamitats Revenge",269.0,490
"Miamitats","Переводные мейкап тату Miamitats Clown",169.0,320
"Miamitats","Кристаллы для лица , тела и волос Miamitats Hair Gems",490.0,490
"Miamitats","Кристаллы для лица , тела и волос Miamitats Piercing",490.0,490
"Miamitats","Кристаллы для лица , тела и волос Miamitats Kiss Me",490.0,490
"Miamitats","Переводные тату-веснушки Miamitats Kids Collection Gold muse",320.0,320
"Miamitats","Переаодные тату-веснушки Miamitats Charming wings",320.0,320
"Miamitats","Переводные #татувеснушки Miamitats Kids Glam",320.0,320
"Miamitats","Переводные Тату для лица и тела Miamitats Blossom",320.0,320
"Miamitats","Переводные тату-веснушки Miamitats Silver splash",320.0,320
"Miamitats","Переводные Тату для лица и тела Miamitats Bless me",320.0,320
"Miamitats","Переводные тату-веснушки Miamitats Holo butterfly",320.0,320
"Miamitats","Переводные тату-веснушки Miamitats Stellar light",320.0,320
"Miamitats","Кристаллы для лица и тела Miamitats Aesthetic girl Blanche",490.0,490
"Miamitats","Переводные тату-веснушки Miamitats Kids Collection Fantasy",320.0,320
"Miamitats","Переводные Тату для лица и тела Miamitats Dreamer",320.0,320
"Miamitats","Переводные тату-веснушки Miamitats Kids Collection Lucky charm",320.0,320
"Miamitats","Кристаллы для лица , тела и волос Miamitats Water drop",490.0,490
"Miamitats","Переводные тату-веснушки Miamitats Rose gold splash",320.0,320
"Miamitats","Переводные тату-веснушки Miamitats Kids Collection Legendary",320.0,320
"Miamitats","Переводные тату-веснушки Miamitats Kids Collection Alice",320.0,320
"Miamitats","Переводные тату-веснушки Miamitats Kids Collection Magical",320.0,320
"Miamitats","Переводные #татувеснушки Miamitats Red hearts",320.0,320
"Miamitats","Переводные тату-веснушки Miamitats Gold Splash",320.0,320
"Miamitats","Кристаллы для лица , тела и волос Miamitats Transparrent brilliants",490.0,490
"Miamitats","Переводные тату-веснушки Miamitats Kids Collection Butterfly magic",320.0,320
"Miamitats","Переводные мейкап тату Miamitats Make a Wish",320.0,320
"Miamitats","Переводные тату-веснушки Miamitats Kids Collection Meadow",320.0,320
"Miamitats","Кристаллы для лица , тела и волос Miamitats Pure gold stars",490.0,490
"Miamitats","Кристаллы для лица , тела и волос Miamitats Charms",269.0,490
"Miamitats","Переводные тату-веснушки Miamitats Butterfly splash",320.0,320
"Miamitats","Переводные тату-веснушки Miamitats Golden garden",320.0,320
"Miamitats","Переводные тату-веснушки Miamitats Kids Collection Fairyland",320.0,320
"Miamitats","Переводные тату-веснушки Miamitats Infinite stars",320.0,320
"Miamitats","Переводные Тату для лица и тела Miamitats Lily",320.0,320
"Miamitats","Кристаллы для лица и тела Miamitats Aesthetic girl Pink ribbon",490.0,490
"Miamitats","Кристаллы для лица и тела Miamitats Glitz",490.0,490
"Miamitats","Переводные тату-веснушки Miamitats Kids Collection Sweety",320.0,320
"Miamitats","Переводные Тату для лица и тела Miamitats Pleasure",320.0,320
"Miamitats","Переводные тату-веснушки Miamitats Kiss",320.0,320
"Miamitats","Переводные #татувеснушки Miamitats Daisy Splash",320.0,320
"Miamitats","Переводные #татувеснушки Miamitats Multicolor stars",320.0,320
"Miamitats","Переводные майкап тату Miamitats Cat energy",320.0,320
"Miamitats","Переводные тату-веснушки Miamitats Moonlight shine",320.0,320
"BeYoung","Спрей - праймер для лица BeYoung Spray primer 104мл",399.0,399
"BeYoung","Водостойкая подводка для век с фетровым аппликатором BeYoung Glossy 01 3,5мл",229.0,229
"Synergetic","Парфюмированное жидкое мыло для рук Synergetic Peach 380мл",194.0,299
"Synergetic","Парфюмированное жидкое мыло для рук Synergetic Black Pepper 380мл",194.0,299
"Synergetic","Парфюмированное жидкое мыло для рук Synergetic Cherry 380мл",194.0,299
"Synergetic","Парфюмированное жидкое мыло для рук Synergetic Tobacco Vanille 380мл",194.0,299
"Mitassa","Парфюмированное жидкое мыло Mitassa White Orchid 500мл",139.0,199
"Mitassa","Парфюмированное жидкое мыло Mitassa Black Pearl 500мл",139.0,199
"2080","Детская зубная паста 2080 Kids strawberry 80г",299.0,299
"BeYoung","Водостойкий карандаш для век BeYoung Intence color 305 1,6г",199.0,199
"BeYoung","Водостойкий карандаш для век BeYoung Intence color 304 1,6г",199.0,199
"BeYoung","Водостойкий карандаш для век BeYoung Intence color 303 1,6г",199.0,199
"BeYoung","Водостойкий карандаш для век BeYoung Intence color 306 1,6г",199.0,199
"BeYoung","Водостойкий карандаш для век BeYoung Intence color 301 1,6г",199.0,199
"BeYoung","Карандаш для век BeYoung Classic 203 1,2г",129.0,129
"BeYoung","Карандаш для век BeYoung Classic 202 1,2г",129.0,129
"LAMM","Гель для стирки LAMM Color 1,3л",369.0,549
"LAMM","Гель для стирки LAMM Color 1,95л",549.0,849
"BeYoung","Подводка для век с фетровым аппликатором BeYoung Master 01 4мл",279.0,279
"BeYoung","Гелевый карандаш для губ BeYoung Color boom 208 1,4г",199.0,199
"BeYoung","Карандаш для век BeYoung Classic 204 1,2г",129.0,129
"BeYoung","Гелевый карандаш для губ BeYoung Color boom 204 1,4г",199.0,199
"BeYoung","Гелевый карандаш для губ BeYoung Color boom 206 1,4г",199.0,199
"BeYoung","Гелевый карандаш для губ BeYoung Color boom 203 1,4г",199.0,199
"BeYoung","Гелевый карандаш для губ BeYoung Color boom 205 1,4г",199.0,199
"BeYoung","Сыворотка - праймер для лица BeYoung Wow Glow 2 in 1 30мл",355.0,355
"BeYoung","Водостойкий карандаш для век BeYoung Intence color 308 1,6г",199.0,199
"BeYoung","Водостойкая подводка для век с фетровым аппликатором BeYoung Matt 01 3,5мл",229.0,229
"BeYoung","Водостойкий карандаш для век BeYoung Intence color 307 1,6г",199.0,199
"Mentholatum","Гель для лица против акне, постакне и черных точек Mentholatum Acnes с экстрактом куркумы 12г",299.0,599
"BeYoung","Карандаш для губ с точилкой BeYoung Classic 106 1,2г",77.0,129
"BeYoung","Карандаш для губ с точилкой BeYoung Classic 107 1,2г",77.0,129
"BeYoung","Карандаш для губ с точилкой BeYoung Classic 103 1,2г",77.0,129
"BeYoung","Карандаш для губ с точилкой BeYoung Classic 101 1,2г",77.0,129
"BeYoung","Карандаш для губ с точилкой BeYoung Classic 108 1,2г",77.0,129
"BeYoung","Карандаш для губ с точилкой BeYoung Classic 105 1,2г",77.0,129
"BeYoung","Карандаш для губ с точилкой BeYoung Classic 104 1,2г",77.0,129
"BeYoung","Карандаш для бровей BeYoung Professional 103 1,4г",129.0,129
"BeYoung","Карандаш для бровей BeYoung Professional 104 1,4г",129.0,129
"BeYoung","Карандаш для бровей BeYoung Express 206 1,1г",129.0,129
"BeYoung","Карандаш для бровей BeYoung Express 205 1,1г",129.0,129
"BeYoung","Карандаш для бровей BeYoung Professional 105 1,4г",129.0,129
"Vegan Love Studio","Парфюмерное масло для женщин Vegan Love Studio Woman in White 15мл",299.0,299
"Vegan Love Studio","Парфюмерное масло для женщин Vegan Love Studio Vanilla Mix 15мл",299.0,299
"Vegan Love Studio","Парфюмерное масло для женщин Vegan Love Studio Black Amber 15мл",299.0,299
"Vegan Love Studio","Парфюмерное масло для женщин Vegan Love Studio Africa 15мл",299.0,299
"Vegan Love Studio","Парфюмерное масло для женщин Vegan Love Studio Bad Girl 15мл",299.0,299
"Vegan Love Studio","Парфюмерное масло для женщин Vegan Love Studio Good girl 15мл",299.0,299
"Vegan Love Studio","Парфюмерное масло для женщин Vegan Love Studio My Cherry 15мл",299.0,299
"WEIS","Бурлящий шар для ванны WEIS Mango 160г",99.0,99
"Aravia Laboratories","Восстанавливающий шампунь - керапластик с кератином Aravia Laboratories Keraplastic 250мл",635.0,635
"Aravia Laboratories","Сыворотка для выпрямления волос с кератином 10 в 1 Aravia Laboratories Keraplastic 110мл",515.0,515
"Aravia Laboratories","Шампунь для ежедневного применения с пантенолом Aravia Laboratories Daily Care 250мл",579.0,579
"Aravia Laboratories","Маска - керапластик с кератином Aravia Laboratories Keraplastic 200мл",515.0,515
"Aravia Laboratories","Маска - активатор роста волос с кайенским перцем и маслом усьмы Aravia Laboratories Spicy Hair 200мл",485.0,485
"Aravia Laboratories","Шампунь - активатор роста волос с биотином , кафеином и витаминами Aravia Laboratories Biotin Grow 250мл",485.0,485
"Aravia Laboratories","Скраб - эксфолиант для глубокого очищения кожи головы Aravia Laboratories Mineral Hair 200мл",595.0,595
"Aravia Laboratories","Лосьон стимулирующий рост волос Aravia Laboratories Biotin Grow 150мл",375.0,375
"2080","Детская зубная паста 2080 Kids bubble gum 80г",299.0,299
"Selena","Чистящее средство от накипи Selena Антинакипин 100г",29.0,29
"Monic Beauty","Крем для лица Monic Beauty #Skin code Vitamin C 100мл",699.0,959
"Monic Beauty","Тоник для лица Monic Beauty #Skin code Vitamin C AHA/BHA/PHA 250мл",429.0,619
"Monic Beauty","Сыворотка для лица с пептидами Monic Beauty #Skin code Peptides 50мл",995.0,995
"Monic Beauty","Очищающая пенка для лица с пептидами Monic Beauty #Skin code Peptides 150мл",699.0,699
"Monic Beauty","Тоник для лица с пептидами Monic Beauty #Skin code Peptides AHA/BHA/PHA 250мл",619.0,619
"Monic Beauty","Сыворотка для лица с витамином C Monic Beauty #Skin code Vitamin C 50мл",719.0,995
"Monic Beauty","Сыворотка для лица с коллагеном Monic Beauty #Skin code Collagen 50мл",719.0,995
"Monic Beauty","Крем для лица с пептидами Monic Beauty #Skin code Peptides 100мл",959.0,959
"Monic Beauty","Крем для век с пептидами Monic Beauty #Skin code Peptides 30мл",499.0,499
"Monic Beauty","Очищающая пенка для лица с коллагеном Monic Beauty #Skin code Collagen 150мл",519.0,699
"Monic Beauty","Крем для лица с коллагеном Monic Beauty #Skin code Collagen 100мл",699.0,959
"Monic Beauty","Тоник для лица с коллагеном Monic Beauty #Skin code Collagen AHA/BHA/PHA 250мл",429.0,619
"Monic Beauty","Крем для век с коллагеном Monic Beauty #Skin code Collagen 30мл",399.0,499
"Monic Beauty","Сыворотка для лица с гиалуроновой кислотой Monic Beauty #Skin code Hyaluronic Acid 50мл",995.0,995
"Monic Beauty","Крем для лица с гиалуроновой кислотой и аллантоином Monic Beauty #Skin code Hyaluronic Acid 100мл",959.0,959
"Monic Beauty","Очищающая пенка для лица с гиалуроновой кислотой Monic Beauty #Skin code Hyaluronic Acid 150мл",699.0,699
"Monic Beauty","Крем для век с гиалуроновой кислотой Monic Beauty #Skin code Hyaluronic Acid 30мл",499.0,499
"Mentholatum","Крем для рук Mentholatum Hand Veil для чувствительной кожи 50г",199.0,399
"Mentholatum","Крем для рук Mentholatum Hand Veil экстра увлажняющий 50г",199.0,399
"Mentholatum","Крем для рук и ногтей Mentholatum Hand Veil Увлажнение и питание 50г",199.0,399
"Monic Beauty","BB крем для лица с гиалуроновой кислотой Monic Beauty Hyaluronic Acid 02 50мл",489.0,659
"Monic Beauty","Тоник для лица с гиалуроновой кислотой Monic Beauty #Skin code Hyaluronic Acid AHA/BHA/PHA 250мл",619.0,619
"Monic Beauty","BB крем для лица с гиалуроновой кислотой Monic Beauty Hyaluronic Acid 01 50мл",489.0,659
"Monic Beauty","Тканевая маска для лица Monic Beauty Mango 24мл",59.0,79
"Monic Beauty","Тканевая маска для лица Monic Beauty Kiwi 24мл",59.0,79
"Monic Beauty","Тканевая маска для лица Monic Beauty Coconut 24мл",59.0,79
"Monic Beauty","Тканевая маска для лица Monic Beauty Pineapple 24мл",59.0,79
"Monic Beauty","Тканевая маска для лица Monic Beauty Pomegranate 24мл",59.0,79
"Monic Beauty","Крем для рук Monic Beauty White Musk 100мл",259.0,259
"Monic Beauty","Крем для рук Monic Beauty Mysterious Verbena 100мл",259.0,259
"Monic Beauty","Крем для рук Monic Beauty Tender Peach 100мл",259.0,259
"Monic Beauty","Крем для рук Monic Beauty Cherry Blossom 100мл",259.0,259
"Garnier Fructis","Укрепляющий бальзам - ополаскиватель Garnier Fructis Рост во всю силу 387мл",396.0,529
"Акс","Парфюмированный гель для бритья Акс Дарк Темптейшн 200мл",649.0,649
"Дав","Гель для бритья Дав Men+Care Увлажнение и Защита от раздражений 200мл",412.0,589
"Акс","Парфюмированный гель Акс Айс Чилл с охлаждающим эффектом для проблемной кожи 200мл",649.0,649
"Дав","Гель для бритья для чувствительной кожи Дав Men+Care 200мл",412.0,589
"Art-Visage","Подводка - фломастер для век Art-Visage Chicago Коричневый дымчатый 0,7мл",429.0,429
"Art-Visage","Карандаш для век Art-Visage Eye Liner 07 1,2г",219.0,285
"Art-Visage","Карандаш для век Art-Visage Eye Liner 06 1,2г",219.0,285
"Art-Visage","Карандаш для век Art-Visage Eye Liner 05 1,2г",219.0,285
"Art-Visage","Карандаш для век Art-Visage Eye Liner 04 1,2г",219.0,285
"Art-Visage","Карандаш для век Art-Visage Eye Liner 03 1,2г",219.0,285
"Art-Visage","Карандаш для век Art-Visage Eye Liner 01 1,2г",219.0,285
"Art-Visage","Карандаш для век Art-Visage Eye Liner 02 1,2г",219.0,285
"Estrade","Стойкий тональный крем для лица Estrade Cloud Skin 34 24мл",519.0,519
"Estrade","Стойкий тональный крем для лица Estrade Cloud Skin 32 24мл",519.0,519
"Estrade","Стойкий тональный крем для лица Estrade Cloud Skin 31 24мл",519.0,519
"Estrade","Тушь для ресниц Estrade No Pause Черная 11мл",449.0,449
"Estrade","Тушь для ресниц с эффектом объёма и удлинения Estrade High Note Черная 11мл",449.0,449
"Estrade","Тушь для ресниц с эффектом объёма Estrade Fan Zone Черная 11мл",449.0,449
"Ecologica","Гель - концентрат для стирки Ecologica 1л",299.0,499
"Ecologica","Гель - концентрат для стирки Ecologica 1900мл",449.0,699
"Divage","Блеск для губ Divage Gloss story 04 4мл",245.0,445
"Divage","Блеск для губ Divage Gloss story 05 4мл",245.0,445
"Divage","Блеск для губ Divage Gloss story 03 4мл",245.0,445
"Divage","Блеск для губ Divage Gloss story 02 4мл",245.0,445
"Divage","Блеск для губ Divage Gloss story 01 4мл",245.0,445
"Libretta","Ежедневные прокладки Libretta Свежесть и Защита нормал + 40шт",229.0,319
"Libretta","Ежедневные прокладки Libretta Свежесть и Стиль мультиформ 60шт",219.0,299
"Garnier Fructis","Укрепляющий шампунь для волос Garnier Fructis Рост во всю силу Красный Апельсин 400мл",396.0,529
"Elseve","Шампунь для волос Elseve Гиалурон баланс 400мл",599.0,599
"Garnier Fructis","Разглаживающий шампунь для волос Garnier Fructis Ламинирование и Блеск 400мл",396.0,529
"BeYoung","Глиттер для век BeYoung Galaxy Золотой 3г",199.0,199
"BeYoung","Мерцающий блеск для губ BeYoung Glossy 105 4,5мл",229.0,229
"BeYoung","Мерцающий блеск для губ BeYoung Glossy 106 4,5мл",229.0,229
"BeYoung","Бальзам для губ с ароматом клубники BeYoung Lip Balm 5,8г",199.0,199
"BeYoung","Бальзам для губ с ароматом банана BeYoung Lip Balm 5,8г",199.0,199
"BeYoung","Мерцающий блеск для губ BeYoung Glossy 104 4,5мл",229.0,229
"BeYoung","Тинт для губ BeYoung Kiss Me 102 2,5мл",249.0,249
"BeYoung","Тинт для губ BeYoung Kiss Me 103 2,5мл",249.0,249
"BeYoung","Бальзам для губ с ароматом колы BeYoung Lip Balm 5,8г",199.0,199
"BeYoung","Тинт для губ BeYoung Kiss Me 101 2,5мл",249.0,249
"BeYoung","Глиттер для век BeYoung Galaxy серебристый 3г",199.0,199
"BeYoung","Бальзам для губ с ароматом арбуза BeYoung Lip Balm 5,8г",199.0,199
"BeYoung","Глиттер для век BeYoung Galaxy Бордовый Микс 3г",199.0,199
"BeYoung","Глиттер для век BeYoung Galaxy Белое золото 3г",199.0,199
"BeYoung","Глиттер для век BeYoung Galaxy Фиолетовый 3г",199.0,199
"Без бренда","Детская бутылочка для воды с трубочкой мальчик 400мл",299.0,299
"Libretta","Женские ночные прокладки с мягкой поверхностью Libretta Сенситив 6шт",119.0,169
"Libretta","Женские прокладки с мягкой поверхностью Libretta Ультра Супер 8шт",119.0,169
"AEVIT by Librederm","Успокаивающая пенка для умывания AEVIT by Librederm Acnekiller 150мл",749.0,749
"AEVIT by Librederm","Себорегулирующая аква - сыворотка для лица AEVIT by Librederm Acnekiller 40мл",549.0,549
"AEVIT by Librederm","Ультраочищающий гель для умывания AEVIT by Librederm Acnekiller 200мл",679.0,679
"AEVIT by Librederm","Лосьон для сужения пор AEVIT by Librederm Acnekiller 100мл",639.0,639
"AEVIT by Librederm","Дневной корректирующий крем для лица AEVIT by Librederm Acnekiller 50мл",489.0,699
"AEVIT by Librederm","Ночной азелаиновый крем для лица AEVIT by Librederm Acnekiller 50мл",559.0,749
"PresiDENT","Зубная паста PresiDENT White & Yummy Манго-мусс с мятой 75г",324.0,499
"Solzao","Бальзам для тонких и непослушных волос Solzao Jungle Volume 400мл",449.0,649
"Solzao","Шампунь для поврежденных и секущихся волос Solzao Brazilla Repair 400мл",449.0,649
"Solzao","Шампунь для сухих и тусклых волос Solzao Peach Waterdrop 400мл",449.0,649
"Solzao","Шампунь для тонких и непослушных волос Solzao Jungle Volume 400мл",449.0,649
"Solzao","Шампунь для ломких и ослабленных волос Solzao Cafezinho Therapy 400мл",449.0,649
"Solzao","Гель - уход для душа Solzao Ipanema Girl с маслом миндаля 400мл",339.0,449
"Solzao","Гель - уход для душа Solzao Amazonia In da City с экстрактом лайма 400мл",339.0,449
"WEIS","Бурлящий шар для ванны WEIS Cherry 160г",99.0,99
"WEIS","Бурлящий шар для ванны WEIS Coconut 160г",99.0,99
"WEIS","Бурлящий шар для ванны WEIS Blackberry 160г",99.0,99
"Organic Oil","Sos - маска для волос с аргановым маслом Organic Oil Professional Восстановление и Блеск 270мл",449.0,449
"Organic Oil","Восстанавливающая sos - сыворотка для волос 20 в 1 Organic Oil Professional K 20 in one 65мл",336.0,449
"Organic Oil","Кератиновый крем - спрей для волос 20 в 1 Organic Oil Professional Beauty Spray 180мл",549.0,549
"Organic Oil","Облепиховая маска для волос Organic Oil Professional Увлажнение и Гладкость 270мл",449.0,449
"Garnier","Тканевая маска для лица Garnier Эксперт + Крио гель",194.0,259
"Garnier","Тканевая маска - молочко для лица с миндальным молочком Garnier Skin Naturals Питание Бомба",194.0,259
"Garnier","Тканевая маска для лица Garnier Skin Naturals Эксперт + AHA+BHA",194.0,259
"Garnier","Тканевая маска для лица Garnier Skin Naturals Эксперт + Витамин С",194.0,259
"Чистая линия","Крем - гель для век от темных кругов Чистая линия Nature Plus 20мл",189.0,189
"Бархатные Ручки","Универсальный крем для лица, рук и тела Бархатные Ручки 430мл",449.0,449
"Panthemed","Увлажняющий крем для рук с пантенолом Panthemed 75мл",99.0,99
"Panthemed","Увлажняющий крем для ног с пантенолом Panthemed 75мл",99.0,99
"Panthemed","Универсальный крем для тела с пантенолом Panthemed 75мл",99.0,99
"Panthemed","Универсальное молочко для тела с пантенолом Panthemed 75мл",99.0,99
"Bielita","Тоник - сода для очищения пор Bielita Baking Soda 200мл",169.0,349
"BelorDesign","Гель - стайлер для бровей BelorDesign Fixcellent",213.0,329
"BelorDesign","Тинт - плампер для губ BelorDesign Funhouse Wunsh Punsh Cola",291.0,449
"BelorDesign","Тинт - гель для бровей BelorDesign Grafix 01",204.0,315
"BelorDesign","Блеск для губ BelorDesign Party 11 4,2г",194.0,299
"BelorDesign","Тушь для ресниц с эффектом умноженного объёма и удлинения BelorDesign Intellect Черная",302.0,465
"BelorDesign","Тушь для ресниц с эффектом феноменального объёма BelorDesign Funhouse Levioso Черная",239.0,369
"BelorDesign","Тинт - гель для бровей BelorDesign Grafix 04",204.0,315
"BelorDesign","Водостойкая тушь для ресниц с эффектом объёма и удлинения BelorDesign H2GO Черная",291.0,449
"BelorDesign","Тинт - гель для бровей BelorDesign Grafix 03",204.0,315
"BelorDesign","Тинт - гель для бровей BelorDesign Grafix 02",204.0,315
"Estel","Фиксирующий гель для укладки бровей Estel Only Brow Графитовый 13мл",249.0,499
"Estel","Фиксирующий гель для укладки бровей Estel Only Brow Прозрачный 13мл",249.0,499
"Estel","Фиксирующий гель для укладки бровей Estel Only Brow Коричневый 13мл",249.0,499
"Акс","Пена для бритья с охлаждающим эффектом Акс Айс Чилл 200мл",399.0,399
"Дав","Пена для бритья Дав Men+Care Увлажнение 200мл",258.0,369
"Дав","Пена для бритья Дав Men+Care для чувствительной кожи 200мл",258.0,369
"Акс","Пена для бритья Акс Дарк Темптейшн 200мл",399.0,399
"Old Spice","Мужской гель для душа + шампунь 3 в 1 Old Spice Deep Sea 400мл",359.0,499
"Fairy","Средство для мытья посуды Fairy Pure & Clean 900мл",199.0,349
"Old Spice","Мужской дезодорант стик Old Spice Deep Sea 50мл",374.0,499
"Fairy","Средство для мытья посуды Fairy Pure & Clean 450мл",149.0,219
"Pantene Pro-V","Бальзам - ополаскиватель для волос Pantene Pro-V 3 Minute Miracle Бесконечно длинные 220мл",349.0,499
"Pantene Pro-V","Бальзам - ополаскиватель для волос Pantene Pro-V 3 Minute Miracle Густые и крепкие 220мл",349.0,499
"Pantene Pro-V","Бальзам - ополаскиватель для волос с поврежденными кончиками Pantene Pro-V Бесконечно длинные 275мл",349.0,549
"Naturella","Женские прокладки Naturella Ultra Ночные Плюс 6шт",119.0,169
"Pantene Pro-V","Бальзам - ополаскиватель для волос Pantene Pro-V 3 Minute Miracle Интенсивное восстановление 220мл",349.0,499
"AEVIT by Librederm","Концентрированный крем точечного нанесения AEVIT by Librederm Acnekiller 30мл",384.0,549
"Open One 1","Мусс для умывания Open One 1 Deep Clean Expert 150мл",449.0,959
"Colgate","Зубная щетка для брекетов Colgate Ortho мягкая",249.0,359
"Тоника","Оттеночный шампунь для волос Тоника Холодный каштан 25мл",79.0,79
"Тоника","Оттеночный шампунь для волос Тоника Холодный Блонд 25мл",79.0,79
"Тоника","Оттеночный шампунь для волос Тоника Медный 25мл",79.0,79
"Тоника","Оттеночный шампунь для волос Тоника Перламутровый Блонд 25мл",79.0,79
"Тоника","Оттеночный шампунь для волос Тоника арктический блонд 25мл",79.0,79
"Influence Beauty","Тушь для ресниц Influence Beauty Manipula 02 10мл",809.0,809
"Influence Beauty","Пудра для лица Influence Beauty Mattronic 04 7г",709.0,1020
"Influence Beauty","Пудра для лица Influence Beauty Mattronic 03 7г",709.0,1020
"Influence Beauty","Пудра для лица Influence Beauty Mattronic 01 7г",709.0,1020
"Influence Beauty","Пудра для лица Influence Beauty Mattronic 02 7г",709.0,1020
"Estrade","Консилер для лица Estrade Good morning! 21 4,8мл",345.0,345
"L'Oreal Paris","Водостойкая тушь для ресниц L'Oreal Paris Telescopic waterproof Черная",1190.0,1190
"Meine Liebe","Концентрированный гель для стирки цветного белья Meine Liebe Premium 800мл",359.0,499
"Meine Liebe","Парфюмированный кондиционер для белья Meine Liebe Premium Сладкие сны 800мл",279.0,399
"BeYoung","Масло для губ BeYoung Pineapple Juicy 101 3,5мл",199.0,199
"BeYoung","Подводка для век с кисточкой BeYoung Perfect Line 04 6,8мл",167.0,279
"BeYoung","Подводка для век с кисточкой BeYoung Perfect Line 03 6,8мл",167.0,279
"BeYoung","Подводка для век с кисточкой BeYoung Perfect Line 06 6,8мл",167.0,279
"BeYoung","Подводка для век с кисточкой BeYoung Perfect Line 05 6,8мл",167.0,279
"Open One 1","Маска - филлер для лица Open One 1 Hydration Expert 100мл",349.0,659
"Open One 1","Энзимная пудра для умывания Open One 1 Deep Clean Expert 150мл",599.0,1190
"Open One 1","Пенка для умывания с зеленым чаем и муцином улитки Open One 1 Deep Clean Expert 160мл",449.0,959
"BeYoung","Жидкая помада для губ BeYoung Color Time 108 10мл",299.0,299
"BeYoung","Жидкая помада для губ BeYoung Color Time 105 10мл",299.0,299
"BeYoung","Жидкая помада для губ BeYoung Color Time 106 10мл",299.0,299
"BeYoung","Жидкая помада для губ BeYoung Color Time 102 10мл",299.0,299
"BeYoung","Жидкая помада для губ BeYoung Color Time 104 10мл",299.0,299
"BeYoung","Жидкая помада для губ BeYoung Color Time 103 10мл",299.0,299
"Milk","Крем - гель для душа Milk Avocado Milk 500мл",209.0,299
"Milk","Крем - гель для душа Milk Cherry milk 500мл",209.0,299
"Milk","Крем - гель для душа Milk Plum Milk 500мл",209.0,299
"Milk","Гель - скраб для тела Milk Citrus Milk 200мл",209.0,299
"Milk","Гель - скраб для тела Milk Coconut Milk 200мл",209.0,299
"Milk","Гель - скраб для тела Milk Coffee Milk 200мл",209.0,299
"Likato Professional","Маска для волос Likato Professional WOW-эффект Ультраувлажнение 10мл",99.0,99
"Likato Professional","Маска для волос Likato Professional WOW-восстановление Intense care 10мл",99.0,99
"Likato Professional","Сыворотка для кожи вокруг глаз с пептидами Likato Professional Pe 4% 30мл",729.0,729
"Likato Professional","Тоник для лица с фруктовыми кислотами Likato Professional AHA acid complex 150мл",499.0,499
"Likato Professional","Сыворотка - концентрат от прыщей для лица и тела Likato Professional Acne Control 110мл",689.0,689
"Likato Professional","Сыворотка для лица с ниацинамидом и цинком Likato Professional Nc 11%, Zn 1% 30мл",599.0,599
"Likato Professional","Гидрофильное масло для очищения и поддержания баланса микробиома кожи Likato Professional Cleansing Oil 110мл",599.0,599
"Likato Professional","Маска для лица очищающая с цинком Likato Professional Zn 50мл",399.0,399
"To My Skin","Гидрофильное масло для лица To My Skin Jojoba + Vitamin E 150мл",759.0,999
"To My Skin","Интенсивно увлажняющий тонер для лица To My Skin Hyaluronic + Vitamin C 200мл",939.0,939
"Garnier Fructis","Разглаживающая маска для волос Garnier Fructis Ламинирование и Блеск 320мл",599.0,799
"Cosmetime","Минеральный дезодорант Cosmetime Deo Crystal Green Tea 100мл",561.0,749
"Libretta","Женские ночные прокладки Libretta Экстра Плюс 7шт",119.0,169
"Libretta","Женские прокладки с мягкой поверхностью Libretta Сенситив нормал+ 8шт",119.0,169
"Libretta","Женские прокладки с мягкой поверхностью Libretta Ультра Супер 16шт",229.0,349
"Eat My","Бальзам для губ Eat My Fresh watermelon SPF 30 4,8г",269.0,269
"Eat My","Бальзам для губ Eat My Almond croissant 4,8г",239.0,239
"Eat My","Бальзам для губ Eat My Color Balm Strawberry & banana smoothie 4,8г",203.0,279
"Eat My","Бальзам для губ Eat My Choco cappuccino 4,8г",239.0,239
"Eat My","Бальзам для губ Eat My Color Balm Blackcurrant slush 4,8г",203.0,279
"Eat My","Бальзам для губ Eat My Cream bubble gum 4,8г",239.0,239
"Eat My","Бальзам для губ Eat My Cherry mousse 4,8г",239.0,239
"Eat My","Бальзам для губ Eat My Juicy peach & lychee SPF 30 4,8г",269.0,269
"Eat My","Бальзам для губ Eat My Exotic Cactus SPF 30 4,8г",269.0,269
"Eat My","Бальзам для губ Eat My Color Balm Cherry & raspberry slush 4,8г",203.0,279
"Eat My","Бальзам для губ Eat My Raspberry ice cream 4,8г",239.0,239
"Eat My","Бальзам для губ Eat My Strawberries & cream 4,8г",239.0,239
"Невская Косметика","Универсальный крем Невская Косметика Пантенол 40мл",129.0,129
"Невская Косметика","Увлажняющая сыворотка для лица Невская Косметика Гиалуроновая 35мл",249.0,249
"Невская Косметика","Увлажняющий крем для кожи вокруг глаз Невская Косметика Гиалуроновый 25мл",159.0,159
"AEVIT by Librederm","Матирующий тоник для лица AEVIT by Librederm Acnekiller 150мл",649.0,649
"Pharmlevel","Спрей для ног Pharmlevel Теймурова Усиленная формула от запаха и пота 150мл",149.0,199
"Librederm","Пенка для умывания Librederm Коллаген Peptide+ 160мл",995.0,995
"7 days","Очищающая пенка для умывания лица 7 days My Beauty Week Cica Ampule 7г",79.0,79
"7 days","Гель - пилинг для лица 7 days My Beauty Week AHA Acid Ampule 8,5г",79.0,79
"7 days","Очищающий скраб для лица 7 days My Beauty Week Soda Ampule 7г",79.0,79
"7 days","Увлажняющая маска для лица 7 days My Beauty Week Hialuronic Ampule 7г",79.0,79
"7 days","Очищающая маска для лица 7 days My Beauty Week Clay Ampule 7г",79.0,79
"Wella","Лак для волос Wella Wellaflex Fullness Volume 5 250мл",599.0,599
"Wella","Лак для волос Wella Wellaflex 2 Days Volume 4 250мл",599.0,599
"Wella","Мусс для волос Wella Wellaflex 2 Days Volume 4 200мл",599.0,599
"Wella","Мусс для волос Wella Wellaflex Heat Protection 5 200мл",599.0,599
"Aravia Laboratories","Укрепляющий крем для лица от морщин с пептидами Aravia Laboratories Skin Therapy Peptide Ampoule Firming cream 50мл",349.0,459
"Aravia Laboratories","Балансирующий крем для лица с PHA-кислотами Aravia Laboratories Skin Therapy PHA-Active Balance cream 50мл",279.0,399
"Aravia Laboratories","Питательный крем для лица с ретинолом 200 МЕ Aravia Laboratories Skin Therapy Retinol Booster Nourishing cream 50мл",279.0,399
"Aravia Laboratories","Крем для сияния кожи с витамином C Aravia Laboratories Skin Therapy Vitamin-C Power Radiance cream 50мл",309.0,479
"KeraSys","Мыло туалетное KeraSys Silk Moisture Bar 100г",168.0,225
"KeraSys","Мыло туалетное KeraSys Mineral Balance Bar 100г",168.0,225
"KeraSys","Мыло туалетное KeraSys Vital Energy Bar 100г",168.0,225
"Estel","Шампунь - комфорт для волос с экстрактом хлопка Estel Обними ' Объятия заботы ' 30мл",109.0,109
"Estel","Кондиционер - восстановление для волос с экстрактом хлопка Estel Обними ' Объятия заботы ' 30мл",109.0,109
"Estel","Кондиционер - баланс для волос с морскими водорослями Estel Обними ' Путь воды ' 30мл",109.0,109
"Estel","Шампунь - увлажнитель для волос с морскими водорослями Estel Обними ' Путь воды ' 30мл",109.0,109
"Estel","Шампунь для поврежденных и секущихся волос Estel Me \\Это сила\\ + бондинг 30мл",99.0,99
"Estel","Шампунь для всех типов волос Estel Me \\Это блеск\\ + иллюминация 30мл",99.0,99
"Estel","Шампунь для окрашенных и тонированных волос Estel Me \\Это цвет\\ + ламинирование 30мл",99.0,99
"Estel","Кондиционер для окрашенных и тонированных волос Estel Me \\Это цвет\\ + ламинирование 30мл",99.0,99
"Estel","Маска для поврежденных и секущихся волос Estel Me \\Это сила\\ + бондинг 30мл",99.0,99
"Stellary","Объёмная тушь для ресниц Stellary Volume mascara Wild Black 01 9мл",669.0,669
"Stellary","Стойкая глянцевая помада Stellary Wild Chic 02 3мл",279.0,559
"Vivienne Sabo","Подводка для век Vivienne Sabo Cabaret Legende 01 1,3мл",699.0,699
"Stellary","Стойкая глянцевая помада для губ Stellary Wild Chic 01 3мл",279.0,559
"Vivienne Sabo","Пудровый карандаш для бровей Vivienne Sabo Powder Veluxe 02 1,2г",505.0,505
"Love Generation","Тушь для ресниц удлиняющая и подкручивающая Love Generation Your Best Friend Mascara Friendly 01 9мл",299.0,409
"Stellary","Подкручивающая тушь для ресниц Stellary Curling mascara Wild Black 01 9мл",669.0,669
"Love Generation","Масло - блеск для губ Love Generation Glossifyer 04 3,5мл",389.0,539
"Love Generation","Тушь для ресниц объёмная и разделяющая Love Generation Big Heart, Charming Lashes Mascara Kindness 01 9мл",299.0,409
"Vivienne Sabo","Пудровый карандаш для бровей Vivienne Sabo Powder Veluxe 03 1,2г",505.0,505
"Love Generation","Масло - блеск для губ Love Generation Glossifyer 05 3,5мл",389.0,539
"Vivienne Sabo","Тушь для ресниц с эффектом по-настоящему невероятного объёма Vivienne Sabo Lashextase Chocolat 02 9мл",729.0,729
"Vivienne Sabo","Пудровый карандаш для бровей Vivienne Sabo Powder Veluxe 01 1,2г",505.0,505
"Love Generation","Масло - блеск для губ Love Generation Glossifyer 01 3,5мл",389.0,539
"Love Generation","Масло - блеск для губ Love Generation Glossifyer 02 3,5мл",389.0,539
"Stellary","Тушь для ресниц Stellary Wild Brown 02 Коричневый 9мл",669.0,669
"Essence","Лак для ногтей Essence fairy Nude 06 8мл",241.0,241
"Essence","Тени для век Essence Jelly Jewels glitter stick 02 2,5г",459.0,459
"Essence","Подводка для век Essence Colour it! Liquid Eyeliner 05 3мл",377.0,377
"Essence","Гелевый карандаш для век Essence Satin Blend gel eyeliner 05 0,22г",355.0,355
"Essence","Карандаш для губ Essence line n'STAIN! Tattoo lip liner 03 2,5мл",293.0,293
"Essence","Блеск для губ Essence Chili Bomb 01 10мл",195.0,195
"Essence","Гелевый карандаш для век Essence Satin Blend gel eyeliner 06 0,22г",355.0,355
"Essence","Гелевый карандаш для век Essence Satin Blend gel eyeliner 04 0,22г",355.0,355
"Essence","Гелевый карандаш для век Essence Satin Blend gel eyeliner 03 0,22г",355.0,355
"Estrade","Матирующий спрей - фиксатор макияжа Estrade Fix Your Art 100мл",539.0,539
"Estrade","Увлажняющий спрей - фиксатор макияжа Estrade Fix Your Art 100мл",449.0,449
"Estrade","Тушь для ресниц Estrade Color Bomb Volume 32 Фиолетовый 13мл",349.0,459
"Art-Visage","Тушь для ресниц активатор роста Art-Visage Chicago Черная 15мл",449.0,449
"Essence","Помада для губ Essence Satin Glow luminous shine lipstick 05 3,5г",355.0,355
"Essence","Румяна для лица Essence Soft touch bouncy blush 10 5г",293.0,293
"Essence","Кремовые тени для век Essence Cream eyeshadow 04 5г",409.0,409
"Essence","Увлажняющая основа для лица Essence Bouncy plump smoothing primer 30мл",459.0,459
"Essence","Помада для губ Essence Satin Glow luminous shine lipstick 04 3,5г",355.0,355
"Essence","Фиксирующий спрей для лица с увлажняющим эффектом Essence Bouncy plump hydrating dewy spray 50мл",409.0,409
"Essence","Тушь для ресниц Essence Lash Princess false lash effect Burgundy 12мл",459.0,459
"Open One 1","Аква - крем для лица с мочевиной 10% Open One 1 Hydration Expert SPF 20 100мл",349.0,659
"Open One 1","Крем - лифтинг для лица с коллагеном и ниацинамидом Open One 1 Anti-Age Expert SPF 20 100мл",349.0,659
"Vister","Краска для обуви Vister Express Clean Ultra White 75мл",199.0,199
"Vilardi","Насадка для швабры из микрофибры Vilardi Intense Clean",179.0,299
"E-Xact","Женские кассеты для бритья E-Xact Sensitive 5 лезвий 2шт",319.0,599
"Essence","Тинт для губ Essence Hydra kiss Lip Tint 06 4мл",355.0,355
"Essence","Матовый консилер для лица Essence Camouflage+ matt 20 8мл",355.0,355
"Essence","Фиксирующий спрей для лица с освежающим эффектом Essence Jelly Grip refreshing aloe spray 50мл",409.0,409
"Essence","Блеск для губ Essence Choco Bomb 01 10мл",173.0,173
"Essence","Румяна для лица Essence Soft touch bouncy blush 20 5г",293.0,293
"Essence","Тинт для губ Essence Hydra kiss Lip Tint 04 4мл",355.0,355
"Essence","Подводка - фломастер для век Essence Eyeliner pen extra long-lasting 020 1мл",293.0,293
"Essence","Хайлайтер для лица в стике Essence Baby got glow 20 5,5г",377.0,377
"Essence","Кремовые тени для век Essence Cream eyeshadow 02 5г",409.0,409
"Essence","Тинт для губ Essence Hydra kiss Lip Tint 07 4мл",355.0,355
"Essence","Матовый консилер для лица Essence Camouflage+ matt 150 8мл",355.0,355
"Stellary","Удлиняющая тушь для ресниц Stellary Extending mascara Wild Black 01 9мл",669.0,669
"Stellary","Влагостойкая термотушь для ресниц Stellary Waterresistant mascara Wild Black 01 9мл",669.0,669
"Paclan","Салфетка из микрофибры для мытья пола 2 в 1 Paclan De Luxe 50*60см",329.0,329
"Wonder Lab","Детская Эко пенка для подмывания Wonder Lab Фиксики 0+ 450мл",399.0,399
"Wonder Lab","Детское Эко мыло Wonder Lab Фиксики Сливочное мороженое 0+ 540мл",329.0,329
"Wonder Lab","Детский Эко шампунь Wonder Lab Фиксики Ягодная вечеринка 0+ 540мл",399.0,399
"Vixion Pro","USB - кабель Vixion Pro VX Lightning Белый 1м",149.0,149
"Vixion Pro","USB - кабель Vixion Pro VX Type-C Белый 1м",149.0,149
"Eveline","Мульти-регенерирующий питательный крем для лица Eveline 100% organic oil 50мл",249.0,449
"Eveline","Глубоко увлажняющий крем для лица Eveline 100% organic oil 50мл",249.0,449
"Eveline","Увлажняющий крем - гель детокс сияние кожи Eveline Expert C 30+ 50мл",249.0,449
"Eveline","Интенсивно выравнивающий крем для лица Eveline bio-лифтинг 100% organic oil 50мл",249.0,449
"Eveline","Двухфазная сыворотка выравнивающая тон кожи против несовершенств Eveline AHA.BHA.PHA. 30мл",299.0,599
"Eveline","Пилинг - тонер для лица Eveline AHA.BHA.PHA. 110мл",229.0,449
"Eveline","Пилинг - бустер для лица Eveline AHA.BHA.PHA. 75мл",229.0,449
"Eveline","Увлажняющий крем для лица Eveline AHA.BHA.PHA. 50мл",299.0,599
"Eveline","Успокаивающее гель - масло для умывания лица Eveline Cica Skin 145мл",479.0,479
"Grass","Комплексная зубная паста Grass Crispi 250мл",299.0,399
"Grass","Отбеливающая зубная паста Grass Crispi 250мл",299.0,399
"Grass","Натуральная зубная паста для чувствительных зубов Grass Crispi 250мл",299.0,399
"Бреф","Чистящие кубики для сливного бачка Бреф Duo-Cubes океан 100г",219.0,399
"Ласка","Гель для стирки синтетических тканей и спортивных вещей Ласка Синтетика и Спорт 1000мл",299.0,449
"Пемолюкс","Универсальный чистящий порошок Пемолюкс Чистота + Гигиена ' Пихта и эвкалипт ' 480г",99.0,99
"Fitness SHOK","Изделие кондитерское глазированное Брауни Горячий шоколад Fitness SHOK Protein Brownie 50г",149.0,149
"Fitness SHOK","Изделие кондитерское глазированное Донат с шоколадной начинкой Fitness SHOK Protein Donut 70г",149.0,149
"Bingo","Капсулы для посудомоечных машин Bingo PRO All-in-one 36шт",799.0,1190
"LONGA VITA","Детская зубная щетка LONGA VITA Влад А4 мягкая 5+",179.0,179
"Molped","Ежедневные прокладки Molped Pure&Soft 60шт",179.0,279
"NSC","Отшелушивающая маска - носочки для ног NSC 40г",194.0,299
"NSC","Увлажняющая маска - носочки для ног NSC 40г",187.0,289
"NSC","Увлажняющая маска - перчатки для рук NSC 40г",289.0,289
"Head and Shoulders","Шампунь для волос против перхоти Head and Shoulders Энергия океана 360мл",389.0,649
"Stellary","Блеск для губ Stellary Lipgloss Big Lips 01 4,2мл",345.0,499
"Глисс Кур","Бальзам для волос Глисс Кур Жидкий Шелк 650мл",499.0,729
"Glade","Освежитель воздуха Glade Automatic ' Ванильные мечты ' автоматический сменный блок 269мл",349.0,499
"Estrade","Оттеночный бальзам для губ Estrade Sugar Bliss 304 4,1г",249.0,329
"Estrade","Оттеночный бальзам для губ Estrade Sugar Bliss 302 4,1г",249.0,329
"Estrade","Оттеночный бальзам для губ Estrade Sugar Bliss 305 4,1г",249.0,329
"Estrade","Оттеночный бальзам для губ Estrade Sugar Bliss 303 4,1г",249.0,329
"Estrade","Оттеночный бальзам для губ Estrade Sugar Bliss 301 4,1г",249.0,329
"1 Toy","Конструктор 1 Toy Blockformers ' Спорткар ' 6+",149.0,269
"Spa 4 Me","Мочалка - варежка для душа и ванны Spa 4 Me",115.0,115
"Dry Ru","Универсальный дезодорант от обильного потоотделения пролонгированного действия Dry Ru Ultra 50мл",1090.0,1090
"Хрумстик","Батончик Хрумстик ' Многозерновой ' с фруктозой 40г",49.0,49
"Ollin Professional","Пудра - объём для волос Ollin Professional Style Сильная фиксация (2) 10г",1140.0,1140
"Ollin Professional","Спрей - кондиционер для волос Ollin Professional Care ' Moisture ' 250мл",699.0,699
"Белоручка","Крем - масло для рук Белоручка ' Французские прогулки ' 75мл",100.0,129
"FarmStay","Эмульсия для лица FarmStay Snail Mucus увлажняющая , с муцином улитки 150мл",549.0,1090
"FarmStay","Тонер для лица FarmStay ' увлажняющий ' с муцином улитки 150мл",549.0,1090
"Ollin Professional","Шампунь Ollin Professional Care сохраняющий цвет и блеск окрашенных волос ' Color&Shine Save ' 1000мл",899.0,899
"Garnier","Мужской дезодорант - антиперспирант Garnier Men ' Mineral ' 150мл",359.0,479
"Rendal","Зубная щетка Rendal Carbon Bristles средней жесткости , с древесным углем",139.0,139
"Дав","Шампунь для волос Дав ' Объём и восстановление ' 380мл",314.0,449
"Spa 4 Me","Мочалка - варежка Spa 4 Me для тела",49.0,49
"Spa 4 Men","Мочалка-лента для тела Spa 4 Men мужская массажная",199.0,199
"Spa 4 Men","Мочалка-лента для тела Spa 4 Men массажная полиэстер",199.0,199
"Master Uni","Пластырь Master Uni бактерицидный на тканевой основе 25шт",75.0,75
"Haus Frau","Перчатки Haus Frau с хлопковым напылением особо прочные S 1 пара",89.0,89
"Haus Frau","Перчатки Haus Frau с хлопковым напылением L 1 пара",69.0,69
"Gillette","Гель после бритья Gillette Sensitive Skin для чувствительной кожи 75мл",399.0,529
"Невская Косметика","Хозяйственное мыло Невская Косметика ' Солнышко ' , с ароматом лимона 140г",69.0,69
"Сьёсс","Шампунь для тусклых и лишенных блеска волос Сьёсс Glossing 450мл",319.0,499
"Ecologica","Влажная водорастворимая туалетная бумага Ecologica ' плотная и мягкая ' 42шт",129.0,189
"Без бренда","Дезодорант - кристалл универсальный ' натуральный ' без запаха 60г",261.0,349
"Kotex","Тампоны Kotex Active Super 16шт",299.0,399
"Essence","Тушь для ресниц Essence Lash without limits extreme lengthening & volume 02 13мл",459.0,459
"Essence","Жидкие румяна для лица Essence Baby got blush 20 10мл",409.0,409
"Essence","Консилер для лица Essence Skin Lovin' Sensitive 05 3,5мл",355.0,355
"Bic","Мужские одноразовые станки для бритья Bic Metal 10шт",299.0,299
"Moskitek","Дихлофос от всех насекомых Moskitek Professional с трубкой 600мл",399.0,399
"Mixit","Увлажняющий бальзам - ополаскиватель для волос с коллагеном и с экстрактами морских водорослей Mixit Hair Expert Collagen+Seaweed 1000мл",479.0,639
"Essence","Сыворотка для уменьшения пор Essence Hello, good stuff! Pore minimizing serum 30мл",565.0,565
"Essence","Жидкий Бронзер для лица Essence Drop of Sunshine 25мл",459.0,459
"Ameli","Женская косметичка Ameli ' банная '",299.0,299
"Venus","Женский станок для бритья Venus Comfortglide Miami + 1 сменная кассета",1190.0,1490
"Essence","Матирующие салфетки для лица Essence All about matt! oil control paper 50шт",241.0,241
"Catrice","Водостойкая пудра для бровей в наборе Catrice Brow Powder Set waterproof 020 4г",419.0,419
"Catrice","Ультраточный водостойкий карандаш для бровей Catrice Slim'Matic Ultra Precise Brow Pencil Waterproof 040 0,05г",315.0,315
"Тафт","Лак для волос Тафт Power ' Невидимая фиксация ' Мегафиксация (5) 225мл",319.0,449
"Catrice","Румяна для лица Catrice Blushin' Charm multi stick 050 5,5г",553.0,553
"Mixit","Термотушь для ресниц Mixit 38 Degrees Mascara 9,8г",967.0,1290
"Essence","Румяна для лица в стике Essence Baby got blush 40 5,5г",355.0,355
"Catrice","Водостойкая тушь для ресниц Catrice Glam & Doll Volume Brown mascara коричневая 10мл",471.0,471
"Luxvisage","Топ покрытие для ногтей Luxvisage Gel Finish 9г",165.0,255
"Catrice","Тональный флюид для лица с эффектом мягкого свечения Catrice Soft Glam Filter 030 30мл",749.0,749
"Catrice","Бальзам для губ Catrice Care In Colours Lip Balm 030 3г",419.0,419
"Holika Holika","Гель Holika Holika для лица универсальный 99% алоэ вера 250мл",589.0,819
"Catrice","Водостойкая пудра для бровей в наборе Catrice Brow Powder Set waterproof 010 4г",419.0,419
"Catrice","Румяна для лица в стике Catrice Blushin' Charm multi stick 040 5,5г",553.0,553
"Essence","Масло для губ Essence Hydra kiss lip oil 01 4мл",355.0,355
"Essence","Консилер для лица Essence Skin Lovin' Sensitive 20 3,5мл",355.0,355
"Essence","Консилер для лица Essence Stay All Day 14h 10 7мл",315.0,315
"Concept","Оттеночный бальзам для волос Concept Fusion ' Magic Silver ' , арктический блонд , 400мл",454.0,649
"Essence","Лак для ногтей Essence Glassy ice mini nail polish 09 5мл",153.0,153
"Аквафор","Картридж Аквафор B100-5 сменный для фильтра - кувшина 1шт",429.0,429
"Essence","Кисть для румян и хайлайтера Essence Blush & highlighter brush 01",459.0,459
"Eveline","Тушь для ресниц Eveline Extension Volume ' объём и удлинение ' 10мл",419.0,419
"Bad Girl","Оттеночный бальзам для волос Bad Girl Blue devil 150мл",314.0,449
"Essence","Кисть для пудры Essence Powder brush 01",541.0,541
"Essence","Бальзам для губ Essence Juicy Bomb glossy butter balm 06 2,5г",315.0,315
"Essence","Рассыпчатая пудра для лица Essence Banana loose powder 6г",459.0,459
"Catrice","Консилер для лица Catrice True Skin high over concealer 20 4,5мл",449.0,449
"Eveline","Тональный крем для лица Eveline Liquid control 010 Light beige 32мл",849.0,849
"Essence","Румяна для лица в стике Essence Baby got blush 10 5,5г",355.0,355
"Catrice","Консилер для лица Catrice Liquid camouflage 020 5мл",419.0,419
"Essence","Консилер для лица Essence Correct & Conceal anti redness 100 3,5мл",355.0,355
"Essence","Карандаш для бровей Essence Eyebrow Designer 11 1г",221.0,221
"Catrice","Тушь для ресниц Catrice Glam & Doll False Lashes 010 9,5мл",471.0,471
"Ameli","Настольное зеркало Ameli круглое в металлической оправе D17см",399.0,399
"Bic","Мужской станок для бритья Bic Flex 5 Hybrid + 2 сменные кассеты",649.0,949
"Catrice","Бальзам для губ Catrice Care In Colours Lip Balm 020 3г",419.0,419
"Palmolive","Гель - крем для душа Palmolive Натурэль ' интенсивное увлажнение ' 750мл",389.0,649
"Травница","Пена для ванн Травница ' хвоя ' 1л",199.0,199
"Essence","Тональная основа для лица в стике Essence Foundation stick 100 10г",565.0,565
"Essence","Консилер для лица Essence Stay All Day 14h 20 7мл",315.0,315
"Influence Beauty","Блеск для губ Influence Beauty Volume Shot lip volumizer 02 , 6мл",599.0,599
"Estel","Маска Estel Curex Color Save для окрашенных волос 500мл",899.0,899
"Catrice","Консилер для лица Catrice True Skin high over concealer 05 4,5мл",449.0,449
"Essence","Подводка для век Essence 24Ever Ink Liner 01 1,2мл",315.0,315
"Haus Frau","Порошок для автоматических стиральных машин Haus Frau антинакипин - 300г",99.0,99
"Catrice","Консилер для лица Catrice Liquid camouflage 007 5мл",419.0,419
"Sensodyne","Зубная паста Sensodyne отбеливающая ' восстановление и защита ' 75мл",249.0,419
"Catrice","Фиксирующий спрей для лица Catrice Prime And Fine Multitalent 50мл",553.0,553
"Valori","Косметический спонж для макияжа Valori Make Up Sponge Bamboo Charcoal с бамбуковым углем",129.0,249
"Estel","Шампунь для волос Estel Curex Чистый цвет для светлых оттенков волос 300мл",529.0,529
"Прелесть Professional","Лак для укладки волос Прелесть Professional Объем Х2 сильная фиксация 3 300мл",269.0,399
"Essence","Водостойкая подводка для век Essence Tiny tip liner 01 1,1г",315.0,315
"Антипятин","Мыло - пятновыводитель Антипятин для белых вещей 90г",93.0,125
"Vivienne Sabo","Двойные румяна для лица Vivienne Sabo Naturel 04 , 6г",565.0,565
"Catrice","Румяна для лица в стике Catrice Blushin' Charm multi stick 010 5,5г",553.0,553
"Catrice","Водостойкая тушь для ресниц Catrice Glam & Doll False Lashes Mascara 010 10мл",471.0,471
"Influence Beauty","Блеск для губ Influence Beauty Volume Shot lip volumizer 01 , 6мл",599.0,599
"Catrice","Подводка - фломастер для век Catrice It's Easy Black liner 1мл",351.0,351
"Ollin Professional","Двухфазный спрей - кондиционер для волос Ollin Professional Bionika ' питание и блеск ' 250мл",995.0,995
"Mixit","Помада - бальзам для губ Mixit Lipstick Balm 03 3г",561.0,749
"Essence","Накладные ресницы Essence Lashes to Impress 07",293.0,293
"Ollin Professional","Шампунь для волос Ollin Professional Bionika ' питание и блеск ' 750мл",1690.0,1690
"Mixit","Крем - баттер для тела Mixit Spa Rituals Volcanic Vanilla Body Butter с ароматом тёплой ванили 250мл",449.0,599
"Eveline","Тушь для ресниц Eveline Big Volume Lash Черная 10мл",327.0,489
"Catrice","Водостойкая подводка - фломастер для век Catrice It's Easy Tattoo liner 010 1,1мл",363.0,363
"Essence","Водостойкая тушь Essence get big! lashes volume boost 12мл",293.0,293
"Essence","Спонж для макияжа Essence Make up & baking sponge 01",355.0,355
"Catrice","Водостойкий карандаш для век Catrice Kohl Kajal 40 0,78г",241.0,241
"Essence","Ухаживающий бальзам для губ Essence The super peptide 01 10мл",355.0,355
"Catrice","Подводка для век Catrice 24H Brush Liner 010 3мл",351.0,351
"NSC","Омолаживающий тонер для лица с ниацинамидом NSC Niacinamide 95% Recovery & Calming 500мл",649.0,649
"SOJ","Ореховый Батончик SOJ Орехи в темном шоколаде 40г",119.0,119
"Catrice","Тушь для ресниц Catrice Allround Mascara 010 11мл",315.0,315
"Essence","Праймер для лица Essence Hydro hero primer 30мл",447.0,447
"Holly Polly","Увлажняющий шампунь для волос Holly Polly ' Ocean Drop ' 400мл",599.0,599
"Catrice","Корректор для области вокруг глаз Catrice Under Eye Brightener 010 4,2г",445.0,445
"ICE Professional by NS","Многофункциональный крем - спрей для волос ICE Professional by NS Unique cream-spray 15 in 1 150мл",645.0,645
"SanFito","Жидкое крем - мыло SanFito ' Лавандовые поля ' 1000мл",103.0,159
"Essence","Бронзер для лица в стике Essence Baby got bronze 10 5,5г",355.0,355
"Frenchi","Укрепляющий лак для ногтей Frenchi Умная эмаль 375 , 11мл",249.0,249
"Catrice","Бронзирующая пудра для лица Catrice Sun Glow 035 9,5г",449.0,449
"Essence","Карандаш для губ Essence 8h Matte Comfort lipliner 11 0,3г",221.0,221
"Essence","Тушь для ресниц Essence Lash Princess false lash effect 01 12мл",459.0,459
"Рексона","Мужской гель для душа и умывания + шампунь 3 в 1 Рексона Men ' Дикий лайм ' 490мл",391.0,559
"Kotex","Женские прокладки Kotex Bio-Care Нормал 8шт",139.0,199
"Catrice","Водостойкая тушь для ресниц Catrice Lashes to Kill Volume mascara 010 12мл",471.0,471
"Stellary","Сатиновая пудра для лица Stellary Compact satin powder 03 7г",669.0,669
"Essence","Ухаживающий бальзам для губ Essence The super peptide 04 10мл",355.0,355
"Consly","Восстанавливающая кремовая пенка для умывания Consly с муцином улитки 100мл",199.0,395
"Essence","Жидкий хайлайтер для лица Essence Drop of Sunshine 25мл",459.0,459
"Frenchi","Лак для ногтей Frenchi Color&Care 35 Daisy 11мл",299.0,299
"Frenchi","Лак для ногтей Frenchi Unicorn 50 Cheer 11мл",299.0,299
"Essence","Тушь для ресниц Essence get big! lashes volume boost 01 8мл",293.0,293
"Catrice","Бальзам для губ Catrice Care In Colours Lip Balm 040 3г",419.0,419
"Essence","Карандаш для бровей Essence Eyebrow Designer 01 1г",221.0,221
"Elseve","Супер бальзам для длинных поврежденных волос Elseve Длина мечты Легкое расчесывание 400мл",599.0,599
"Essence","Палетка теней для век Essence The rose edition 20 10г",541.0,541
"Essence","Лайнер для губ Essence Line in Satin! 02 2,5мл",293.0,293
"Essence","Сыворотка для лица Essence Hello, good stuff! Glow-C serum 30мл",565.0,565
"Ollin Professional","Маска для волос Ollin Professional Matisse Color тонирующая red/красный 100мл",399.0,399
"Свежинка","Чистящее средство - спрей для кухни Свежинка ЖираНет для удаления жирных загрязнений 450г",159.0,159
"Essence","Карандаш для губ Essence 8h Matte Comfort lipliner 10 0,3г",221.0,221
"Catrice","Карандаш для губ Catrice Plumping lip liner 060 0,35г",293.0,293
"Catrice","Гелевая тушь для бровей Catrice Colour & Fix brow gel mascara 030 5мл",419.0,419
"Essence","Румяна для лица в стике Essence Baby got blush 50 5,5г",355.0,355
"Provocateur","Оттеночная глоссер - маска для волос Provocateur Лунный кристалл 150мл",267.0,399
"SPLAT","Зубная паста SPLAT ' Sensitive White ' 100мл",259.0,429
"Catrice","Карандаш для губ Catrice Plumping lip liner 190 0,35г",293.0,293
"Catrice","Карандаш для век Catrice Inside Eye Khol Kajal 010 0,3г",315.0,315
"Love Generation","Помада - бальзам для губ Love Generation Wet Dream 09 1,4г",559.0,559
"Essence","Дневной крем с тонирующим эффектом Essence Magic all in one face cream SPF 10 30мл",459.0,459
"Essence","Водостойкая тушь для ресниц с эффектом суперобъёма Essence I love extreme Crazy Volume 12мл",355.0,355
"Catrice","Карандаш для губ Catrice Plumping lip liner 040 0,35г",293.0,293
"Глисс Кур","Экспресс - кондиционер для поврежденных волос Глисс Кур Экстремальное восстановление 200мл",499.0,769
"Essence","Гель для бровей Essence Fix It Like A Pro 8,5мл",355.0,355
"HADA LABO","Пенка для умывания с супер гиалуроновой кислотой HADA LABO 160мл",1590.0,1590
"Defance","Гелевая зубная паста Defance Oraldent ' Active Gel Extra Freshmint ' 120г",95.0,155
"Ameli","Массажная расческа для волос Ameli , ракушка",349.0,349
"Catrice","Карандаш для губ Catrice Plumping lip liner 150 0,35г",293.0,293
"Catrice","Ультраточный водостойкий карандаш для бровей Catrice Slim'Matic Ultra Precise Brow Pencil Waterproof 025 0,05г",315.0,315
"Catrice","Тени для век Catrice Art Couleurs Eyeshadows 160 2,4г",315.0,315
"L'Oreal Paris","Помада для губ L'Oreal Paris Color Riche 302 4,5мл",1150.0,1150
"Essence","Карандаш для век Essence Long lasting 0,28г",209.0,209
"Orkay","Ароматические палочки Orkay White Sage 15г",99.0,199
"Chirton","Крахмал Chirton для глажения 300мл",199.0,199
"Bad Girl","Оттеночный бальзам для волос Bad Girl Star in shok 150мл",314.0,449
"Essence","Блеск для губ Essence Extreme shine volume lipgloss 14 5мл",247.0,247
"Catrice","Карандаш для бровей Catrice Eye Brow Stylist 15 1,4г",309.0,309
"Глисс Кур","Стойкая краска для волос Глисс Кур Уход & увлажнение с гиалуроновой кислотой 8-1 Холодный пепельно-русый",419.0,619
"Essence","Водостойкая подводка для век Essence Dip eyeliner waterproof 24h long-lasting 01 3мл",315.0,315
"Botaniqua","Увлажняющая сыворотка для лица Botaniqua с гиалуроновой кислотой и коллагеном 30мл",213.0,329
"Essence","Карандаш для губ Essence 8h Matte Comfort lipliner 17 0,3г",221.0,221
"Zondex","Гель - шприц от тараканов и муравьев Zondex 20мл",49.0,49
"Catrice","Бронзирующая пудра для лица Catrice Sun Glow 030 9,5г",449.0,449
"Essence","Тональная основа - тинт для лица Essence Skin tint SPF 30 10 30мл",459.0,459
"L'Oreal Paris","Тушь для ресниц L'Oreal Paris Volume Million Lashes Balm Noir Черный 8,9мл",817.0,1090
"Essence","Пудра для лица Essence Mattifying compact powder 02 12г",355.0,355
"HADA LABO","Увлажняющая пенка для умывания HADA LABO Gokujyun для проблемной кожи 160мл",1290.0,1290
"SVOBODA","Тональный крем для лица SVOBODA Ballet с лецитином Натуральный 41г",129.0,129
"HADA LABO","Увлажняющий крем для лица HADA LABO Gokujyun Premium Hydrating Cream 50г",1650.0,1650
"Essence","Пудра для лица Essence Mattifying compact powder для лица 04 12г",355.0,355
"Essence","Масло для губ Essence Hydra kiss lip oil 07 4мл",355.0,355
"Catrice","Бальзам для губ Catrice Care In Colours Lip Balm 050 3г",419.0,419
"Chigour","Детская зубная щетка Chigour ' машинка ' мягкая 3+",149.0,249
"Бреф","Туалетный блок для унитаза Бреф Сила-актив ' Свежесть лаванды ' 2*50г",199.0,379
"NSC","Антивозрастной крем для лица с ретинолом NSC Liftactiv Retinol Cream 50мл",499.0,499
"Essence","Тинт для губ и лица Essence What a tint! Lip & cheek tint 02 4,9мл",377.0,377
"Mixit","Подводка - Лайнер для век Mixit Liquid Eyeliner Brown 1,8г",449.0,599
"Essence","Бронзер для лица в стике Essence Baby got bronze shimmering bronzer 20 5,5г",377.0,377
"Eveline","Карандаш для бровей Eveline Eyebrow Pencil Soft Brown",169.0,169
"Essence","Карандаш для губ Essence 8h Matte Comfort lipliner 16 0,3г",221.0,221
"Essence","Карандаш для век Essence Long lasting 35 0,28г",209.0,209
"Lebelage","Гель для лица и тела Lebelage увлажняющий , с экстрактом алоэ вера 300мл",599.0,599
"Haus Frau","Перчатки Haus Frau с хлопковым напылением M 1 пара",69.0,69
"Catrice","Карандаш для губ Catrice Plumping lip liner 170 0,35г",293.0,293
"Zinger","Расческа - гребень для волос Zinger PS-348-C Carbon Black",79.0,159
"Missha","Тональный Кушон для лица Missha Magic Cushion Moist Up с увлажняющим эффектом 23 15г",1400.0,2490
"Essence","Кисть для подводки Essence Eyeliner brush 01",293.0,293
"Lavelle","Набор для бровей Lavelle ( тени для бровей + воск для бровей ) 04",299.0,299
"Essence","Водостойкий карандаш для бровей Essence Superlast 24h 20 0,31г",241.0,241
"Catrice","Масло для губ Catrice Glossin' glow tinted lip oil 020 4мл",449.0,449
"Eveline","Тени для век Eveline Casual Nude 8 цветов 9,6г",549.0,549
"Essence","Корректор стик для области вокруг глаз Essence Bright eyes! under eye stick 01 5г",377.0,377
"Essence","Водостойкая тушь для ресниц Essence Lash Princess false lash effect 01 12мл",459.0,459
"Safeguard","Жидкое мыло с антибактериальным эффектом Safeguard Классическое 250мл",199.0,299
"Essence","Тональная основа для лица в стике Essence Foundation stick 130 10г",565.0,565
"Essence","Бальзам для губ Essence Juicy Bomb glossy butter balm 02 2,5г",315.0,315
"Глисс Кур","Бальзам для поврежденных волос Глисс Кур Экстремальное восстановление 650мл",499.0,729
"Frenchi","Лак для ногтей Frenchi Color&Care 39 Tulip 11мл",299.0,299
"Essence","Тени для бровей Essence Brow powder duo set 02 1,8г",355.0,355
"Holika Holika","BB крем для лица Holika Holika Petit BB ' Bouncing ' SPF 30 , 30мл",1030.0,1030
"Delicare","Жидкое крем - мыло для рук Delicare Sensitive Care ' Интенсивное питание ' 500мл",89.0,149
"Frenchi","Лак для ногтей Frenchi Unicorn 47 World 11мл",299.0,299
"Essence","Водостойкий карандаш для бровей Essence Superlast 24h 10 0,31г",241.0,241
"Catrice","Карандаш для губ Catrice Plumping lip liner 069 0,35г",293.0,293
"Essence","Бальзам для губ Essence Juicy Bomb glossy butter balm 03 2,5г",315.0,315
"Essence","Тушь для ресниц Essence The False Lashes Extreme volume & curl 01 10мл",315.0,315
"Essence","Накладные ресницы Essence What the fake! false lashes 01",355.0,355
"Essence","Карандаш для губ Essence 8h Matte Comfort lipliner 02 0,3г",221.0,221
"Synergetic","Натуральный крем для рук и тела Synergetic ' карамельное яблоко и Ваниль ' 380мл",449.0,449
"Essence","Водостойкий карандаш для бровей Essence Superlast 24h 30 0,31г",241.0,241
"Eveline","Пудра для лица Eveline Tea tree антибактериальная матирующая 003 Light beige 9г",539.0,539
"Luxvisage","Карандаш для губ Luxvisage Soft Matte 603 1,5г",194.0,299
"Essence","Карандаш для бровей Essence Eyebrow Designer 13 1г",221.0,221
"Mixit","Матовая помада для губ Mixit Powder Lipstick 05 3,3г",674.0,899
"Mixit","Подводка - Лайнер для век Mixit Liquid Eyeliner Black 1,8г",449.0,599
"Catrice","Карандаш для бровей Catrice Eye Brow Stylist 35 1,4г",309.0,309
"Essence","Карандаш для губ Essence 8h Matte Comfort lipliner 12 0,3г",221.0,221
"Essence","Топовое покрытие для ногтей Essence Top coat 8мл",221.0,221
"Frenchi","Средство для ногтей Frenchi Умная эмаль ' BIO-восстановление ' 11мл",299.0,299
"Дав","Женский дезодорант - антиперспирант Дав Невидимый ' Нежность лепестков ' 150мл",244.0,349
"Librederm","Крем Librederm Пантенол 5% 50мл",399.0,399
"Essence","Корректор для лица Essence Coverstick 20 Песочный 6г",241.0,241
"Levrana","Шампунь для собак и кошек всех пород Levrana Love Pets 500мл",339.0,449
"Essence","Тени для бровей Essence Brow powder duo set 01 1,8г",355.0,355
"L'Oreal Paris","Помада для губ L'Oreal Paris Color Riche Les Nus 179 4,5мл",1150.0,1150
"Catrice","Осветляющая пудра для области вокруг глаз Catrice Under Eye Brightener 010 2,3г",445.0,445
"Estrade","Пудра - бронзатор для лица Estrade Bronze d'or 116 Звездный загар 7г",449.0,449
"Дав","Молочко для тела Дав ' увлажнение и питание ' 200мл",384.0,549
"L'Oreal Paris","Помада для губ L'Oreal Paris Color Riche Les Nus 173 4,5мл",1150.0,1150
"Essence","Карандаш для век Essence Long lasting 12 0,28г",209.0,209
"Essence","Корректор для лица Essence Coverstick 30 Медовый 6г",241.0,241
"Catrice","Ультраточный водостойкий карандаш для бровей Catrice Slim'Matic Ultra Precise Brow Pencil Waterproof 015 0,05г",315.0,315
"Essence","Карандаш для бровей Essence Eyebrow Designer 05 1г",221.0,221
"ZD","Гель для лица ZD ' Гиалурол ' с гиалуроновой кислотой 50мл",149.0,149
"Synergetic","Натуральный крем для рук и тела Synergetic ' сандал и ягоды можжевельника ' 380мл",449.0,449
"Zinger","Триммер для ногтей Zinger CT-09",169.0,169
"Divage","Запеченный хайлайтер для лица Divage Glow Sense 02 5,5г",449.0,449
"Essence","Тушь для ресниц Essence Lash Princess sculpted volume mascara 01 12мл",459.0,459
"Catrice","Лак для ногтей Catrice Gel Affair Nail Lacquer 006 10,5мл",315.0,315
"Essence","Средство для укрепления ногтей Essence The extreme nail hardener 8мл",247.0,247
"Essence","Средство для ухода за ногтями Essence 10in1 nail repair strengthening treatment 8мл",355.0,355
"Essence","Карандаш для губ Essence 8h Matte Comfort lipliner 15 0,3г",221.0,221
"Vivienne Sabo","Блеск для губ Vivienne Sabo Tropique 01 3мл",159.0,355
"Mixit","Матовая помада для губ Mixit Powder Lipstick 01 3,3г",674.0,899
"Essence","Карандаш для век Essence Long lasting 09 0,28г",209.0,209
"Stellary","Тональный крем с эффектом идеальной кожи Stellary Perfect Nude Skin foundation 01 35мл",869.0,869
"Ameli","Резинки для волос Ameli с золотым украшением 6шт",199.0,199
"Delicare","Жидкое крем - мыло для рук Delicare Sensitive Care ' активное увлажнение ' 500мл",89.0,149
"SPLAT","Детская зубная паста SPLAT Juicy Сочный Виноград 3+ 55мл",179.0,269
"ICE Professional by NS","Термозащитный спрей для волос ICE Professional by NS Thermoprotection Hair Spray 150мл",629.0,629
"Stellary","Блеск для губ Stellary Lipgloss Big Lips 15 4,2мл",345.0,499
"Глисс Кур","Бальзам для волос Глисс Кур Исключительное Увлажнение 360мл",289.0,439
"Stellary","Блеск для губ Stellary Lipgloss Big Lips 06 4,2мл",345.0,499
"Bic","Сменные кассеты для бритья Bic Click Soleil 5 4шт",499.0,995
"Frenchi","Лак для ногтей Frenchi Nail Polish 12 11мл",249.0,249
"Catrice","Лак для ногтей Catrice Gel Affair Nail Lacquer 021 10,5мл",315.0,315
"Lavelle","Тени для век Lavelle Matte & Bright 12 цветов 01 9г",275.0,275
"Catrice","Лак для ногтей Catrice Gel Affair Nail Lacquer 019 10,5мл",315.0,315
"Frenchi","Лак для ногтей Frenchi Love Spell 76 Allure 11мл",299.0,299
"Aravia Professional","Крем для тела Aravia Professional Organic ' Vitality SPA ' увлажняющий , укрепляющий 300мл",569.0,995
"L'Oreal Paris","Стойкий тональный крем для лица L'Oreal Paris Infaillible Fresh wear 125 30мл",1690.0,1690
"Green Mama","Освежающий крем для уставших 'тяжелых' ног Green Mama Каштан и Прополис 170мл",549.0,549
"Catrice","Водостойкая тушь для ресниц Catrice Allround Mascara 010 12мл",363.0,363
"Divage","Масло для губ Divage Elixir Lip Oil 01 4,5мл",339.0,499
"Ollin Professional","Тонирующая маска для волос Ollin Professional Matisse Color прямого действия , Brown/Коричневый , 100мл",399.0,399
"Divage","Жидкая матовая помада для губ Divage Matte Cloud Liquid lipstick 04 2,8мл",339.0,499
"L'Oreal Paris","Бальзам для губ L'Oreal Paris Glow Paradise 111 3,8мл",995.0,995
"L'Oreal Paris","Ультраматирующий тональный крем для лица L'Oreal Paris Infaillible 32h Matt Cover 145 30мл",892.0,1190
"Catrice","Водостойкий карандаш для век Catrice Kohl Kajal 30 0,78г",241.0,241
"Missha","BB крем для лица Missha Perfect Cover ' Идеальное покрытие ' SPF 42/PA+++ 25 20мл",999.0,1890
"Lactacyd","Женские прокладки Lactacyd Ultra Normal 10шт",199.0,199
"Relouis","Водостойкий оттеночный гель для бровей Relouis PRO Waterproof Color Brow Gel 02 , Taupe , 7,5г",252.0,389
"Frenchi","Лак для ногтей Frenchi Shimmer 48 Fairytale 11мл",299.0,299
"Ecolatier","Крем для рук Ecolatier Organic argana SOS-восстановление ногтей и кутикулы 100мл",199.0,199
"Missha","Тональный Кушон для лица Missha Magic Cushion Cover Lasting с устойчивым покрытием 23 15г",1780.0,2490
"Influence Beauty","Помада для губ Influence Beauty Influence 10 , 4г",599.0,599
"BelorDesign","Гигиеническая помада для губ BelorDesign Juicy ' Бархатная ' 4,4г",103.0,159
"Divage","Помада для губ Divage Praline 05 4г",399.0,399
"Luxvisage","Тушь для ресниц Luxvisage Perfect color ' Веер пышных ресниц ' , Blue , 8г",243.0,375
"Old Spice","Мужской антиперспирант Old Spice Sport Power 150мл",524.0,699
"Cafe Mimi","Лосьон для тела Cafe Mimi Colours Passion Fruit 300мл",349.0,349
"Divage","Помада для губ Divage Praline 06 4г",399.0,399
"Essence","Бронзер для лица в стике Essence Baby got bronze shimmering bronzer 10 5,5г",377.0,377
"Essence","Карандаш для губ Essence 8h Matte Comfort lipliner 01 0,3г",221.0,221
"Essence","Карандаш для бровей Essence Eyebrow Designer 12 1г",221.0,221
"Essence","Тональная основа для лица в стике Essence Foundation stick 180 10г",565.0,565
"Divage","Палетка для лица Divage Blush & Highlighter Duo Face Palette 01 8г",599.0,599
"L'Oreal Paris","Бальзам для губ L'Oreal Paris Glow Paradise 906 3,8мл",995.0,995
"Catrice","Водостойкий карандаш для век Catrice Kohl Kajal 80 0,78г",241.0,241
"Divage","Жидкая матовая помада для губ Divage Matte Cloud Liquid lipstick 03 2,8мл",339.0,499
"Essence","Базовое покрытие для ногтей Essence Colour grip base coat 8мл",221.0,221
"Eveline","Интенсивно питательный крем - лифтинг для лица Eveline Ceramides & Collagen 60+ 50мл",334.0,499
"Frenchi","Лак для ногтей Frenchi Effects 64 Bell 11мл",299.0,299
"Divage","Жидкая помада для губ Divage Butter Gloss Liquid Lipstick 03 2,8мл",275.0,425
"Cafe Mimi","Лосьон для тела Cafe Mimi Colours Mango Mania 300мл",349.0,349
"Сьёсс","Стойкая крем - краска для волос Сьёсс 7-6 Русый 50мл",329.0,499
"Травница","Жидкое мыло Травница ' травяное ' 1л",99.0,199
"Beauty Bomb","Тинт - фломастер для бровей Beauty Bomb Brow tint marker 01 0,7мл",575.0,575
"Divage","Пудра для лица Divage True Color 04 Sand 9г",339.0,499
"Influence Beauty","Блеск для губ Influence Beauty Volume Shot lip volumizer 06 6мл",599.0,599
"Influence Beauty","Блеск для губ Influence Beauty Volume Shot lip volumizer 05 6мл",599.0,599
"Mixit","Тональная основа с эффектом матового покрытия Mixit Only Matte 03 30мл",711.0,949
"Divage","Тональный крем для лица Divage True Color 03 25мл",469.0,699
"Frenchi","Лак для ногтей Frenchi Nude 24 Kiss 11мл",249.0,249
"Love Generation","Тональный крем для лица с экстрактом матчи Love Generation Matt'ya Face 01 30мл",579.0,579
"Mirrolla","Массажное масло для тела Mirrolla ' антицеллюлитное ' 150мл",249.0,249
"Ollin Professional","Перманентная крем - краска для волос Ollin Professional Color 7/0 Русый 60мл",275.0,275
"L'Oreal Paris","Пудра для лица L'Oreal Paris Infaillible 24H Fresh Wear 120 Vanilla 9г",1490.0,1490
"L'Oreal Paris","Пудра для лица L'Oreal Paris Infaillible 24H Fresh Wear 180 Rose sand 9г",1490.0,1490
"Essence","Кисть для растушёвки Essence All in one blending brush",355.0,355
"Stellary","Сатиновая пудра для лица Stellary Compact satin powder 02 7г",669.0,669
"Lavelle","Подводка - фломастер для век Lavelle Черная",229.0,229
"Stellary","Подводка - фломастер для век Stellary Hypnotic Cobra Eyeliner Black 01 0,5мл",689.0,689
"Essence","Карандаш для губ Essence 8h Matte Comfort lipliner 18 0,3г",221.0,221
"Jeanmishel","Фломастер для бровей Jeanmishel Brow Liner Triple Brush ' One ' , 03 , 0,7мл",259.0,259
"Catrice","Водостойкий карандаш для век Catrice Kohl Kajal 100 0,78г",241.0,241
"Essence","Кисть для теней Essence Eyeshadow brush",293.0,293
"Ollin Professional","Крем - краска для волос Ollin Professional Performance 8/1 Светло-русый пепельный 60мл",435.0,435
"Frenchi","Лак для ногтей Frenchi Color&Care 40 Tuberose 11мл",299.0,299
"Divage","Помада - бальзам для губ Divage Lipstick Nude Balm 03 4г",319.0,499
"Lavelle","Набор для бровей Lavelle ( тени + воск ) 03",299.0,299
"Essence","Ухаживающий бальзам для губ Essence The super balm 01 5мл",409.0,409
"Holika Holika","Тинт для губ Holika Holika Holi Pop Water Tint 01 9мл",325.0,650
"Concept","Стойкая крем - краска для волос Concept Fusion Inspiration 6.7 Belgian Chocolate ( Бельгийский шоколад ) 100мл",272.0,389
"Catrice","Карандаш для губ Catrice Plumping lip liner 180 0,35г",293.0,293
"Ollin Professional","Крем - краска для волос Ollin Professional Performance 4/1 Шатен пепельный 60мл",435.0,435
"Compliment","Гель для тела Compliment 92% 6 в 1 успокаивающий , с экстрактом алоэ вера 400мл",389.0,389
"Divage","Жидкая матовая помада для губ Divage Matte Cloud Liquid lipstick 08 2,8мл",339.0,499
"Beauty Bomb","Тинт для губ Beauty Bomb Blood Shot 01 4мл",307.0,439
"Garnier","Увлажняющий BB крем для лица Garnier гиалуроновый алоэ - уход 5 в 1 Светло-бежевый 50мл",995.0,995
"Luxvisage","Помада для губ Luxvisage Pin-Up матовая 504 Cara 4г",224.0,345
"Бреф","Туалетный блок для унитаза Бреф Сила-актив ' цветочная свежесть ' 2*50г",199.0,379
"Stellary","Консилер для лица Stellary Super Cover Concealer 02 5мл",689.0,689
"Frenchi","Лак для ногтей Frenchi Effects 70 Ondina 11мл",299.0,299
"ICE Professional by NS","Маска - спрей для волос ICE Professional by NS Color Luminiser 200мл",645.0,645
"Divage","Помада - бальзам для губ для губ Divage Lipstick Nude Balm 06 4г",319.0,499
"Green Mama","Крем для рук Green Mama ' календула и масло смородины ' 100мл",465.0,465
"Absolut","Зубная паста Absolut Antibacterial ' 4Fresh ' 110г",119.0,159
"Essence","Подводка для век с глиттером Essence Eye sparkle! 01 4мл",355.0,355
"Divage","Тональный крем для лица Divage True Color 04 25мл",469.0,699
"Duru","Женский дезодорант Duru ' Свежесть океана ' 150мл",194.0,259
"Divage","Стойкий маркер для бровей Divage Microblading brow marker 02 1мл",399.0,599
"Concept","Стойкая крем - краски для волос Concept Fusion Inspiration 9.8 Rose Pearl ( Розовый жемчуг ) 100мл",272.0,389
"Luxvisage","Жидкие матовые тени для век Luxvisage Matt tint 12h 102 DUSTY ROSE 3г",226.0,349
"Lavelle","Румяна для лица Lavelle 2-цветные 03 Персик",249.0,249
"Mixit","Матовая помада для губ Mixit Powder Lipstick 06 3,3г",674.0,899
"Beauty Bomb","Тушь для ресниц Beauty Bomb Kitty Eye Lash 01 9мл",449.0,449
"Love Generation","Скульптор для лица в стике Love Generation Magic 01 5,5г",469.0,469
"L'Oreal Paris","Бальзам для губ L'Oreal Paris Glow Paradise 193 3,8мл",995.0,995
"Consly","Успокаивающая маска для лица Consly Green Tea с экстрактом листьев зеленого чая 25мл",69.0,69
"Ollin Professional","Крем - краска для волос Ollin Professional Performance 5/1 Светлый шатен пепельный 60мл",435.0,435
"Jeanmishel","Фломастер для бровей Jeanmishel Brow Liner Brush ' One ' , 02 , 0,7мл",259.0,259
"Beauty Bomb","Тинт - фломастер для бровей Beauty Bomb Brow tint marker 02 0,7мл",575.0,575
"Essence","Карандаш для век Essence Kajal 29 1г",153.0,153
"Essence","Кисть для растушёвки Essence Blending brush",293.0,293
"Beauty Bomb","Масло для губ Beauty Bomb Glossy oops 05 4мл",329.0,509
"Stellary","Консилер для лица Stellary Super Cover Concealer 04 5мл",689.0,689
"Ninelle","Карандаш для век Ninelle Destino 220 1,5г",649.0,649
"Consly","Маска для лица Consly Charcoal с древесным углем 25мл",69.0,69
"Essence","Тональная основа - тинт для лица Essence Skin tint SPF 30 50 30мл",459.0,459
"Beauty Bomb","Дуохромный карандаш для век Beauty Bomb UFO Conspiracy 01 0,25г",483.0,689
"Beauty Bomb","Карандаш для губ Beauty Bomb Alt Lolita 09 3,5г",277.0,277
"Stellary","Тональный крем с эффектом идеальной кожи Stellary Perfect Nude Skin foundation 04 35мл",869.0,869
"Love Generation","Гель для бровей Love Generation Get High 4,5мл",409.0,409
"Concept","Стойкая крем - краска для волос Concept Fusion Inspiration 9.1 Fost Ash ( Холодный пепел ) 100мл",272.0,389
"L'Oreal Paris","Бальзам для губ L'Oreal Paris Glow Paradise 107 3,8мл",995.0,995
"Frenchi","Лак для ногтей Frenchi Shimmer 63 Gorgeous 11мл",299.0,299
"Beauty Bomb","Дуохромный карандаш для век Beauty Bomb UFO Conspiracy 03 0,25г",483.0,689
"Compliment","Моделирующее обертывание Compliment Slim&Detox для тела 200мл",499.0,499
"Divage","Бальзам для губ Divage Lip Rehab Balm с ароматом карамели 15мл",179.0,269
"Lavelle","Помада для губ Lavelle Lip Cream 10 Малиновый щербет 3,8г",201.0,269
"Mixit","Кремовые румяна для лица Mixit Creamy Blush 02 3г",746.0,995
"Stellary","Кремовый консилер для лица Stellary Nude Skin Concealer 04 3мл",579.0,579
"Ollin Professional","Крем - краска для волос Ollin Professional Performance 9/1 Блондин пепельный 60мл",435.0,435
"Influence Beauty","Блеск для губ Influence Beauty Volume Shot lip volumizer 04 6мл",599.0,599
"Essence","Карандаш для век Essence Kajal 30 1г",153.0,153
"Beauty Bomb","Масло для губ Beauty Bomb Glossy oops 01 4мл",329.0,509
"BeYoung","Автоматический карандаш для бровей BeYoung Ultra Slim 1 0,1г",215.0,215
"Пижон","Биоошейник от паразитов для собак Пижон Premium Зеленый 65см",199.0,199
"Catrice","Водостойкий карандаш для век Catrice 20H Ultra Precision Waterproof 040 0,08г",293.0,293
"BelorDesign","Помада для губ BelorDesign Smart Girl Be Color 107 Цветущая сирень 4,3г",174.0,269
"Essence","Тональная основа мусс для лица Essence Natural matte mousse 43 16г",229.0,459
"Essence","Лак для ногтей Essence gel nail colour 82 8мл",111.0,221
"L'Oreal Paris","Бальзам для губ L'Oreal Paris Glow Paradise 642 3,8мл",995.0,995
"Eveline","Карандаш для губ Eveline MAX INTENSE COLOUR 14 Nude 1,4г",105.0,157
"Beauty Bomb","Карандаш для век Beauty Bomb Peaky White 03 1,35г",199.0,199
"Love Generation","Тинт для губ Love Generation I'm Horny 01 2,5мл",399.0,399
"Beauty Bomb","Масло для губ Beauty Bomb Glossy oops 06 4мл",329.0,509
"Frenchi","Лак для ногтей Frenchi Unicorn 45 Power 11мл",299.0,299
"Love Generation","Масло для губ Love Generation Be Happy 04 2,3мл",415.0,415
"Beauty Bomb","Тональный крем для лица Beauty Bomb Matte & cover foundation ACNE Fighter 01 25мл",649.0,649
"Beauty Bomb","Двухцветный консилер для лица Beauty Bomb My Bomb 01 3,8г",315.0,315
"Divage","Матовая помада для губ Divage Matte Sensuality Lipstick 03 4г",399.0,549
"Influence Beauty","Помада для губ Influence Beauty Influence 07 , 4г",599.0,599
"Beauty Bomb","Жидкая матовая помада для губ Beauty Bomb Only Matte 06 3,3мл",565.0,565
"Love Generation","Гель для бровей Love Generation I'm Strong 9мл",249.0,249
"Cafe Mimi","Крем - баттер для ног Cafe Mimi Coco Fun 50мл",129.0,129
"Mixit","Жидкие матовые тени для век Mixit Matte liquid eyeshadow 02 3,8г",561.0,749
"Mixit","Карандаш для губ Mixit Lip Liner 03 1,35г",449.0,599
"Beauty Bomb","Блеск для губ Beauty Bomb Glossy Bossy 03 12мл",335.0,335
"Consly","Выравнивающая маска для лица Consly Pearl с экстрактом жемчуга 25мл",69.0,69
"Divage","Жидкая помада для губ Divage Butter Gloss Liquid Lipstick 05 2,8мл",275.0,425
"Estrade","Муссовый тинт 3 в 1 Estrade Blush Me Up 903 4мл",465.0,465
"Divage","Матовая помада для губ Divage Matte Sensuality Lipstick 07 4г",399.0,549
"EUNYUL","Тканевая маска EUNYUL для лица , с экстрактом жемчуга",80.0,115
"Art-Visage","Кремовый скульптор для лица Art-Visage Face Focus 302 15г",619.0,619
"Essence","Тени - топпер для век Essence Jelly Jewels glitter 01 4,2г",229.0,459
"Beauty Bomb","Румяна для лица Beauty Bomb Sweetheart 02 3,5г",399.0,399
"Ollin Professional","Крем - краска для волос Ollin Professional Performance 8/43 Светло-русый медно-золотистый 60мл",435.0,435
"Divage","Жидкая помада для губ Divage Butter Gloss Liquid Lipstick 04 2,8мл",275.0,425
"Frenchi","Лак для ногтей Frenchi Effects 66 Navi 11мл",299.0,299
"Beauty Bomb","Помада - бальзам для губ Beauty Bomb Color lip balm 06 4г",323.0,459
"Divage","Жидкая помада для губ Divage Butter Gloss Liquid Lipstick 07 2,8мл",275.0,425
"Estrade","CC крем для лица Estrade сатиновый SPF 10 14 Античный 24мл",489.0,489
"Beauty Bomb","Тушь для ресниц Beauty Bomb Brown Power 01 9мл",449.0,449
"Beauty Bomb","Тинт для губ Beauty Bomb Blood Shot 02 4мл",307.0,439
"Lavelle","Тени для век Lavelle Glitter 01 Королевская роскошь 12,4г",209.0,299
"Frenchi","Лак для ногтей Frenchi Love Spell 80 Hypnotic 11мл",299.0,299
"Beauty Bomb","Масло для губ Beauty Bomb Glossy oops 04 4мл",329.0,509
"Frenchi","Лак для ногтей Frenchi Fruits 95 Peach 11мл",299.0,299
"Jeanmishel","Лак для ногтей Jeanmishel Crystal 727 Голубой блестящий 12мл",149.0,149
"Frenchi","Лак для ногтей Frenchi Effects 67 Parisa 11мл",299.0,299
"Farres","Матирующая пудра для лица Farres Fit me! Бежевый 10г",399.0,399
"Estrade","Хайлайтер для лица Estrade Illuminique 310 Золотое сияние 7г",489.0,489
"BelorDesign","Помада для губ BelorDesign Be Color 131 4,3г",174.0,269
"Art-Visage","Кремовый скульптор для лица Art-Visage Face Focus 303 15г",619.0,619
"Cafe Mimi","Крем для ног Cafe Mimi Matcha Twist 50мл",129.0,129
"Love Generation","Пудра для лица Love Generation Tantrix 02 6,5г",289.0,549
"Mixit","Компактные матовые румяна для лица Mixit Compact Matte Blush 01 10г",561.0,749
"Frenchi","Лак для ногтей Frenchi Frost 83 Iced Diamond 11мл",299.0,299
"Ninelle","Карандаш для век Ninelle Destino 226 1,5г",649.0,649
"Divage","Автоматический карандаш для век Divage Intense color 01 0,25г",249.0,399
"Beauty Bomb","Масло для губ Beauty Bomb Glossy oops 02 4мл",329.0,509
"Love Generation","Помада - бальзам для губ Love Generation Wet Dream 06 1,4г",559.0,559
"Divage","Жидкая матовая помада для губ Divage Matte Cloud Liquid lipstick 01 2,8мл",339.0,499
"Lavelle","Подводка для век Lavelle с кисточкой 01 Черная 5мл",229.0,229
"Stellary","Матирующий тональный крем для лица Stellary Matte Icon 02 35мл",949.0,949
"Lavelle","Карандаш для губ Lavelle Perfect Lips 10 0,75г",139.0,139
"Divage","Автоматический карандаш для губ Divage Let’s Talk long-lasting lip liner 02 0,26г",299.0,449
"Beauty Bomb","Карандаш для губ Beauty Bomb Alt Lolita 03 3,5г",277.0,277
"Mixit","Тональная основа с эффектом матового покрытия Mixit Only Matte 01 30мл",711.0,949
"Frenchi","Лак для ногтей Frenchi Shimmer 62 Queen 11мл",299.0,299
"Beauty Bomb","Автоматический карандаш для бровей Beauty Bomb Pop 03 1г",389.0,389
"Lavelle","Карандаш для век Lavelle Perfect Eyes 03 0,75г",139.0,139
"Ecolatier","Молочко для тела Ecolatier Urban Нежное прикосновение 400мл",429.0,429
"Frenchi","Лак для ногтей Frenchi Color&Care 33 Jasmine 11мл",299.0,299
"Love Generation","Гелевый карандаш для губ Love Generation Lip Pleasure 02 1,35г",399.0,399
"Beauty Bomb","Влагостойкая тушь для ресниц Beauty Bomb Waterlastic 01 9мл",449.0,449
"Frenchi","Лак для ногтей Frenchi Nude 25 Silk 11мл",249.0,249
"Beauty Bomb","Мыло для бровей Beauty Bomb Beach Brows 10г",415.0,415
"Frenchi","Лак для ногтей Frenchi Unicorn 46 Horn 11мл",299.0,299
"Relouis","Плампер для губ Relouis Cool Addiction Lip Plumper 04 3мл",425.0,425
"Divage","Матовая помада для губ Divage Matte Sensuality Lipstick 01 4г",399.0,549
"Parisa Cosmetics","Карандаш для губ Parisa Cosmetics Stay Nude 704 1,2г",249.0,249
"Mixit","Жидкие сияющие тени для век Mixit Sparkle Liquid Eyeshadow 01 3,8г",561.0,749
"Mixit","Жидкие сияющие тени для век Mixit Sparkle Liquid Eyeshadow 02 3,8г",561.0,749
"Lavelle","Карандаш для губ Lavelle Perfect Lips 11 0,75г",139.0,139
"Beauty Bomb","Глянцевый бальзам для губ Beauty Bomb Holy Duck 05 2г",403.0,575
"Lavelle","Глянцевый блеск для губ Lavelle Sugar Kiss 04 7мл",299.0,299
"Compliment","Контрастное обертывание для проблемных зон Compliment ' Мега мята ' 3 в 1 500мл",314.0,449
"Beauty Bomb","Помада - бальзам для губ Beauty Bomb Color lip balm 05 4г",323.0,459
"Divage","Жидкая матовая помада для губ Divage Matte Cloud Liquid lipstick 07 2,8мл",339.0,499
"Beauty Bomb","Карандаш для губ Beauty Bomb Alt Lolita 01 3,5г",277.0,277
"Divage","Матовая помада для губ Divage Matte Sensuality Lipstick 04 4г",399.0,549
"Beauty Bomb","Блеск для губ Beauty Bomb Juicy gloss 02 3,4мл",459.0,459
"Jeanmishel","Лак для ногтей Jeanmishel Гель формула 248 матовый Светло-голубой 12мл",129.0,129
"Divage","Матовая помада для губ Divage Matte Sensuality Lipstick 02 4г",399.0,549
"Beauty Bomb","Дуохромный карандаш для век Beauty Bomb UFO Conspiracy 02 0,25г",483.0,689
"Botaniqua","Интенсивно увлажняющий крем Botaniqua Bio Line с пантенолом 50мл",89.0,169
"Beauty Bomb","Помада - бальзам для губ Beauty Bomb Color lip balm 02 4г",323.0,459
"Love Generation","Гелевый карандаш для губ Love Generation Lip Pleasure 10 1,35г",399.0,399
"Love Generation","Карандаш для губ Love Generation 02 1,2г",139.0,139
"Beauty Bomb","Карандаш для губ Beauty Bomb Alt Lolita 02 3,5г",277.0,277
"Love Generation","Кремовый тинт для губ Love Generation I'm Horny 02 3мл",549.0,549
"Parisa Cosmetics","Матовая помада для губ Parisa Cosmetics Stay Matte 06 3,6г",515.0,515
"Stellary","Матирующий тональный крем для лица Stellary Matte Icon 03 35мл",949.0,949
"Parisa Cosmetics","Неоновый карандаш для век Parisa Cosmetics Neon demon 608 1,2г",229.0,229
"Art-Visage","Жидкая помада для губ Art-Visage Love Matte 61 Бейлис 4мл",469.0,469
"Holika Holika","Объёмная тушь для ресниц Holika Holika Holi Pop Detailcara 01 Черная 3,5г",375.0,750
"BelorDesign","Помада для губ BelorDesign Be Color 121 4,3г",174.0,269
"Parisa Cosmetics","Подводка - фломастер для век Parisa Cosmetics Glam & Glow Серебро 6мл",449.0,449
"Ollin Professional","Крем - краска для волос Ollin Professional Performance 10/22 Светлый блондин фиолетовый 60мл",435.0,435
"Stellary","Блеск для губ Stellary Lipgloss Big Lips 10 4,2мл",345.0,499
"Love Generation","Лайнер для век Love Generation Color Resourse 01 0,6мл",199.0,449
"Estrade","Корректор для лица Estrade Skin Solution 51 Зеленый 4,8мл",329.0,329
"Beauty Bomb","Карандаш для век Beauty Bomb Peaky Brown 02 1,35г",199.0,199
"Parisa Cosmetics","Матовая помада для губ Parisa Cosmetics Stay Matte 08 3,6г",515.0,515
"Farres","Палетка теней для век Farres Choco late 9 цветов 9г",399.0,399
"Ollin Professional","Крем - краска для волос Ollin Professional Performance 7/3 Русый золотистый 60мл",435.0,435
"Lavelle","Глянцевый блеск для губ Lavelle Sugar Kiss 05 7мл",299.0,299
"Frenchi","Лак для ногтей Frenchi Party 56 Light 11мл",299.0,299
"Ollin Professional","Крем - краска для волос Ollin Professional Performance 6/4 Темно-русый медный 60мл",435.0,435
"Ollin Professional","Крем - краска для волос Ollin Professional Performance 8/3 Светло-русый золотистый 60мл",435.0,435
"Farres","Мерцающий жидкий хайлайтер - спрей Farres Shimmer spray светло-розовый 50мл",299.0,299
"Love Generation","Тушь для ресниц Love Generation Empathy Love Every Lash Mascara 01 9мл",399.0,399
"Ollin Professional","Крем - краска для волос Ollin Professional Performance 9/26 Блондин розовый 60мл",435.0,435
"Mixit","Помада - бальзам для губ Mixit Lipstick Balm 02 3г",561.0,749
"Lavelle","Глянцевый блеск для губ Lavelle Sugar Kiss 07 7мл",299.0,299
"Beauty Bomb","Палетка для контуринга лица Beauty Bomb Countouring Queen 02 8г",559.0,559
"Stellary","Тени для век Stellary Mono E-Clipse SP03 1г",325.0,325
"Beauty Bomb","Блеск для губ Beauty Bomb Juicy gloss 01 3,4мл",459.0,459
"Influence Beauty","Гель - блеск для губ Influence Beauty Gloss-X 03 3,4мл",419.0,589
"Art-Visage","Жидкая матовая помада для губ Art-Visage Love Matte 53 Баунти мартини 4мл",469.0,469
"Estrade","Корректор для лица Estrade Skin Solution 53 Персиковый 4,8мл",329.0,329
"Essence","Кисть для бровей Essence Brow brush 01",293.0,293
"Farres","Тональный крем для лица Farres Affinitone 06 40мл",299.0,299
"BelorDesign","Лаковый блеск для губ BelorDesign Nude Harmony 25 4,1г",291.0,449
"BelorDesign","Лаковый блеск для губ BelorDesign Nude Harmony 24 4,1г",291.0,449
"Stellary","Тени для век Stellary Mono E-Clipse F24 1г",325.0,325
"Concept","Стойкая крем - краска для волос Concept Fusion Inspiration 10.08 Vanilla Cloud ( Ванильное облако ) 100мл",272.0,389
"Divage","Матовая помада для губ Divage Matte Sensuality Lipstick 08 4г",399.0,549
"BelorDesign","Лаковый блеск для губ BelorDesign Nude Harmony 28 4,1г",291.0,449
"Stellary","Матирующий тональный крем для лица Stellary Matte Icon 04 35мл",949.0,949
"Love Generation","Блеск для век и губ Love Generation Wet Drops 01 12мл",239.0,339
"Divage","Матовая помада для губ Divage Matte Sensuality Lipstick 06 4г",399.0,549
"Beauty Bomb","Карандаш для губ Beauty Bomb Alt Lolita 08 3,5г",277.0,277
"Parisa Cosmetics","Карандаш для губ Parisa Cosmetics 425 , Естественно-натуральный , 1,5г",149.0,149
"BelorDesign","Помада для губ BelorDesign Be Color 103 4,3г",174.0,269
"Beauty Bomb","Тушь для ресниц Beauty Bomb Volume Star 01 9мл",449.0,449
"Art-Visage","Жидкая матовая помада для губ Art-Visage Love Matte 52 Черничный мохито 4мл",469.0,469
"Ecolatier","Крем для ног Ecolatier Organic Avocado Смягчающий 100мл",89.0,169
"Love Generation","Маска для губ Love Generation Smoothie 02 2мл",365.0,365
"Parisa Cosmetics","Жидкие тени для век с глиттером Parisa Cosmetics Let's Glow 05 4мл",379.0,379
"Essence","Тональная основа - тинт для лица Essence Skin tint SPF 30 60 30мл",459.0,459
"Art-Visage","Жидкая матовая помада для губ Art-Visage Love Matte 54 Ламбруско 4мл",469.0,469
"Essence","Подводка для век Essence Colour it! 04 3мл",377.0,377
"Stellary","Тени для век Stellary Mono E-Clipse F18 1г",325.0,325
"Beauty Bomb","Румяна для лица Beauty Bomb Sweetheart 01 3,5г",399.0,399
"Beauty Bomb","Жидкая матовая помада для губ Beauty Bomb Only Matte 03 3,3мл",565.0,565
"Love Generation","Масло для губ Love Generation Be Happy 02 2,3мл",415.0,415
"Beauty Bomb","Карандаш для губ Beauty Bomb Alt Lolita 06 3,5г",277.0,277
"Ollin Professional","Крем - краска для волос Ollin Professional Performance 11/22 Специальный блондин Фиолетовый 60мл",435.0,435
"Art-Visage","Жидкая матовая помада для губ Art-Visage Love Matte 59 Дайкири 4мл",469.0,469
"Divage","Жидкая помада для губ Divage Butter Gloss Liquid Lipstick 06 2,8мл",275.0,425
"Ollin Professional","Крем - краска для волос Ollin Professional Performance 9/31 Блондин золотисто-пепельный 60мл",435.0,435
"Beauty Bomb","Кремовые румяна для лица Beauty Bomb Cream Stick 02 8г",549.0,549
"Art-Visage","Блеск для губ Art-Visage Avenue 503 Candy rose 3,3мл",269.0,359
"Art-Visage","Жидкая помада для губ Art-Visage Love Matte 63 Рафаэлло 4мл",469.0,469
"Love Generation","Бальзам для губ Love Generation Like a Virgin 02 4г",449.0,449
"Тюльпан","Менструальная чаша Тюльпан силиконовая розовая L",199.0,199
"Stellary","Тени для век Stellary Mono E-Clipse W30 1г",325.0,325
"Frenchi","Лак для ногтей Frenchi 53 Vanilla Donut 11мл",299.0,299
"Art-Visage","Жидкая матовая помада для губ Art-Visage Love Matte 56 Космополитен 4мл",469.0,469
"Beauty Bomb","Помада - бальзам для губ Beauty Bomb Color lip balm 01 4г",323.0,459
"Beauty Bomb","Карандаш - помада для бровей Beauty Bomb Brow Hero 01 1г",469.0,469
"Stellary","Тени для век Stellary Mono E-Clipse F23 1г",325.0,325
"Beauty Bomb","Бальзам для губ Beauty Bomb Bla-bla-balm 01 3,5г",249.0,249
"Ollin Professional","Крем - краска для волос Ollin Professional Performance 6/3 Темно-русый золотистый 60мл",435.0,435
"Love Generation","Кремовый скульптор для лица Love Generation Meditation 01 5г",319.0,449
"Beauty Bomb","Жидкая подводка для век Beauty Bomb Bad Bebe 01 3мл",355.0,355
"Jeanmishel","Лак для ногтей Jeanmishel Гель формула 282 матовый светло-салатовый 12мл",129.0,129
"Stellary","Автоматический карандаш для век Stellary Automatic eyeliner 07 0,28г",355.0,355
"Essence","Корректор стик для области вокруг глаз Essence Bright eyes! under eye stick 02 5г",377.0,377
"Beauty Bomb","Жидкая матовая помада для губ Beauty Bomb Only Matte 02 3,3мл",565.0,565
"Parisa Cosmetics","Оттеночный бальзам для губ Parisa Cosmetics Serum Tinted Lip Balm 02 3,2г",419.0,419
"Art-Visage","Жидкая помада для губ Art-Visage Love Matte 62 Клубничный розе 4мл",469.0,469
"Art-Visage","Жидкая матовая помада для губ Art-Visage Love Matte 51 Персиковый беллини 4мл",469.0,469
"Beauty Bomb","Бальзам для губ Beauty Bomb Bla-bla-balm 03 3,5г",249.0,249
"Love Generation","Гелевый карандаш для губ Love Generation Lip Pleasure 01 1,35г",399.0,399
"Beauty Bomb","Карандаш для губ Beauty Bomb Alt Lolita 10 3,5г",277.0,277
"Love Generation","Масло для губ Love Generation Be Happy 03 2,3мл",415.0,415
"Love Generation","Тональный крем для лица с экстрактом матчи Love Generation Matt'ya Face 03 30мл",579.0,579
"Beauty Bomb","Автоматический карандаш для бровей Beauty Bomb Pop 01 1г",389.0,389
"Beauty Bomb","Кремовые румяна для лица Beauty Bomb Cream Stick 01 8г",549.0,549
"Stellary","Тени для век Stellary Mono E-Clipse F20 1г",325.0,325
"Jeanmishel","Лак для ногтей Jeanmishel 190 12мл",149.0,149
"Beauty Bomb","Помада - бальзам для губ Beauty Bomb Color lip balm 03 4г",323.0,459
"Beauty Bomb","Бальзам для губ Beauty Bomb Tinted Lip Balm 04 3г",459.0,459
"Parisa Cosmetics","Подводка - фломастер для век Parisa Cosmetics Glam & Glow Золото 6мл",449.0,449
"Beauty Bomb","Гелевый карандаш для век Beauty Bomb Laser Blade 03 1,1г",429.0,429
"Love Generation","Пудра для лица Love Generation Tantrix 03 6,5г",289.0,549
"Art-Visage","Карандаш для губ Art-Visage Lip Liner 50 Персиковый 1,3г",289.0,289
"Mixit","Матовая помада для губ Mixit Powder Lipstick 03 3,3г",674.0,899
"Love Generation","Сияющие жидкие тени для век Love Generation Nirvana 01 2,8мл",309.0,309
"Beauty Bomb","Глянцевый бальзам для губ Beauty Bomb Holy Duck 04 2г",403.0,575
"Love Generation","Тональный крем для лица с экстрактом матчи Love Generation Matt'ya Face 04 30мл",579.0,579
"Farres","Палетка теней для век Farres All Over Glitter 02 4 цвета 5,9г",174.0,249
"Love Generation","Тональный крем для лица Love Generation Love is the Foundation 03 30мл",289.0,399
"Love Generation","Тональный флюид для лица Love Generation Bubble 02 40мл",649.0,649
"Parisa Cosmetics","Карандаш для губ Parisa Cosmetics Stay Nude 718 1,2г",249.0,249
"Love Generation","Гелевый карандаш для век Love Generation Color Bunny 05 1,3г",409.0,409
"Frenchi","Лак для ногтей Frenchi Love Spell 74 Whisper 11мл",299.0,299
"Beauty Bomb","Глянцевый бальзам для губ Beauty Bomb Holy Duck 01 2г",403.0,575
"Beauty Bomb","Тональный крем для лица Beauty Bomb Matte & cover foundation ACNE Fighter 03 25мл",649.0,649
"Ollin Professional","Крем - краска для волос Ollin Professional Performance 9/3 Блондин золотистый 60мл",435.0,435
"Beauty Bomb","Бальзам для губ Beauty Bomb Bla-bla-balm 02 3,5г",249.0,249
"Lavelle","Глянцевый блеск для губ Lavelle Sugar Kiss 03 7мл",299.0,299
"Love Generation","Палетка для контуринга лица Love Generation BlushBerry 02 6г",543.0,543
"Frenchi","Лак для ногтей Frenchi Urban 88 Tranquility 11мл",299.0,299
"Beauty Bomb","Румяна для лица Beauty Bomb Sweetheart 03 3,5г",399.0,399
"Parisa Cosmetics","Карандаш для губ Parisa Cosmetics Stay Nude 722 1,2г",249.0,249
"Golden Rose","Лак для ногтей Golden Rose Color Expert 61 Золотой с перламутром 10,2мл",149.0,199
"BelorDesign","Лаковый блеск для губ BelorDesign Nude Harmony 27 4,1г",291.0,449
"Lavelle","Глянцевый блеск для губ Lavelle Sugar Kiss 02 7мл",299.0,299
"Golden Rose","Лак для ногтей Golden Rose Color Expert 12 Нежно-розовый 10,2мл",149.0,199
"Love Generation","Кремовый скульптор для лица Love Generation Meditation 02 5г",319.0,449
"Ollin Professional","Крем - краска для волос Ollin Professional Performance 6/5 Темно-русый махагоновый 60мл",435.0,435
"BelorDesign","Лаковый блеск для губ BelorDesign Nude Harmony 20 4,1г",291.0,449
"Mixit","Жидкие матовые тени для век Mixit Matte liquid eyeshadow 01 3,8г",561.0,749
"BelorDesign","Жидкие матовые тени для век BelorDesign Nude Harmony 11 4,6г",278.0,429
"Beauty Bomb","Глянцевый бальзам для губ Beauty Bomb Holy Duck 03 2г",403.0,575
"Ollin Professional","Крем - краска для волос Ollin Professional Performance 5/5 Светлый шатен махагоновый 60мл",435.0,435
"BelorDesign","Лаковый блеск для губ BelorDesign Nude Harmony 23 4,1г",291.0,449
"Golden Rose","Лак для ногтей Golden Rose Color Expert 44 Желтый 10,2мл",149.0,199
"Parisa Cosmetics","Подводка - фломастер для век Parisa Cosmetics Neon demon 06 0,6мл",299.0,299
"Frenchi","Лак для ногтей Frenchi Party 58 Sparkle 11мл",299.0,299
"Lavelle","Карандаш для век Lavelle Perfect Eyes 06 0,75г",139.0,139
"Parisa Cosmetics","Жидкая матовая помада для губ Parisa Cosmetics Stay All Day 03 4мл",379.0,379
"Lavelle","Глянцевый блеск для губ Lavelle Sugar Kiss 01 7мл",299.0,299
"Ollin Professional","Крем - краска для волос Ollin Professional Performance 11/3 Специальный блондин Золотистый 60мл",435.0,435
"Farres","Палетка теней для век Farres All Over Glitter 05 4 цвета 5,9г",174.0,249
"BelorDesign","Жидкие матовые тени для век BelorDesign Nude Harmony 6 4,6г",278.0,429
"Love Generation","Палетка для контуринга лица Love Generation SculptBerry 02 6г",543.0,543
"Love Generation","Сияющие жидкие тени для век Love Generation Nirvana 03 2,8мл",309.0,309
"Love Generation","Палетка для контуринга лица Love Generation SculptBerry 01 6г",543.0,543
"Love Generation","Блеск - плампер для губ Love Generation Icy-Spicy 04 5мл",329.0,469
"Love Generation","Помада для губ Love Generation Pure Kaif 02 4г",299.0,449
"Love Generation","Сияющие жидкие тени для век Love Generation Nirvana 02 2,8мл",309.0,309
"Stellary","Автоматический карандаш для век Stellary Automatic eyeliner 12 0,28г",355.0,355
"Love Generation","Глиттер для лица Love Generation We Love Glitter 03 1,8г",309.0,309
"Farres","Палетка теней для век Farres All Over Glitter 01 4 цвета 5,9г",174.0,249
"Beauty Bomb","Жидкая матовая помада для губ Beauty Bomb Only Matte 04 3,3мл",565.0,565
"Beauty Bomb","Блеск для губ Beauty Bomb Juicy gloss 03 3,4мл",459.0,459
"Love Generation","Сияющие жидкие тени для век Love Generation Nirvana 06 2,8мл",309.0,309
"Beauty Bomb","Помада для губ Beauty Bomb Lipsy 04 4г",345.0,345
"Estrade","Жидкая подводка для век Estrade Nonstop Longwear liquid eyeliner 205 12мл",199.0,339
"BelorDesign","Жидкие матовые тени для век BelorDesign Nude Harmony 1 4,6г",278.0,429
"Love Generation","Жидкие матовые тени для век Love Generation Nirvana 01 3мл",149.0,309
"Love Generation","Глиттер для лица Love Generation We Love Glitter 01 1,8г",309.0,309
"Beauty Bomb","Помада для губ Beauty Bomb Lipsy 02 4г",345.0,345
"Love Generation","Жидкие матовые тени для век Love Generation Nirvana 06 3мл",149.0,309
"Beauty Bomb","Помада для губ Beauty Bomb Lipsy 01 4г",345.0,345
"Love Generation","Тональный крем для лица Love Generation Love is the Foundation 04 30мл",289.0,399
"Love Generation","Палетка для контуринга лица Love Generation BlushBerry 01 6г",543.0,543
"Love Generation","Помада для губ Love Generation Pure Kaif 04 4г",299.0,449
"Beauty Bomb","Гелевый карандаш для век Beauty Bomb Laser Blade 05 1,1г",429.0,429
"Beauty Bomb","Помада для губ Beauty Bomb Lipsy 05 4г",345.0,345
"Beauty Bomb","Гелевый карандаш для век Beauty Bomb Laser Blade 02 1,1г",429.0,429
"Beauty Bomb","Помада для губ Beauty Bomb Lipsy 06 4г",345.0,345
"Compliment","Сыворотка - концентрат Compliment Slim&Detox для борьбы с выраженным целлюлитом 200мл",559.0,559
"Beauty Bomb","Блеск для губ Beauty Bomb Land Merry-go-round 03 5мл",499.0,499
"Beauty Bomb","Блеск для губ Beauty Bomb Land Merry-go-round 01 5г",499.0,499
"Influence Beauty","Жидкая матовая помада для губ Influence Beauty Hydrogenesis 02 3,2г",699.0,699
"Influence Beauty","Тени для век в стике Influence Beauty Hydrogenesis 03 3г",599.0,599
"Influence Beauty","Тени для век в стике Influence Beauty Hydrogenesis 02 3г",599.0,599
"Influence Beauty","Жидкие румяна для лица сияющие Influence Beauty Hydrogenesis 01 4,5г",799.0,799
"Catrice","Тушь для ресниц объёмная Catrice Tubing Stay In Place Volume Mascara 020 11мл",583.0,583
"Catrice","Пудра для лица матирующая Catrice Soft Blur Matte Airbrush Powder 001N 10г",419.0,419
"Catrice","Пудра для лица матирующая Catrice Soft Blur Matte Airbrush Powder 030W 10г",419.0,419
"Catrice","Тонирующий крем для лица Catrice Skin Like Tinted Moisturizer SPF 30 027C 28мл",689.0,689
"Catrice","Тонирующий крем для лица Catrice Skin Like Tinted Moisturizer SPF 30 020N 28мл",689.0,689
"Catrice","Тонирующий крем для лица Catrice Skin Like Tinted Moisturizer SPF 30 042C 28мл",689.0,689
"Catrice","Лак для ногтей Catrice Sheer Beauties Strengthening Nail Polish 010 10,5мл",351.0,351
"Catrice","Бальзам для губ Catrice Peptide Bliss 020 10мл",363.0,363
"Catrice","Бальзам для губ Catrice Peptide Bliss 050 10мл",363.0,363
"Catrice","Бальзам для губ Catrice Peptide Bliss 010 10мл",363.0,363
"Catrice","Прозрачная крем - пудра для лица Catrice Magic Shine Eraser Gel To Powder 010 10г",583.0,583
"Catrice","Кисть для создания формы бровей Catrice Lift & Laminate Brow Tool",315.0,315
"Catrice","Карандаш для век Catrice Jewel Glide Effect Eye Pencil 040 1,5г",419.0,419
"Catrice","Карандаш для век Catrice Jewel Glide Effect Eye Pencil 010 1,5г",419.0,419
"Catrice","Бальзам для губ Catrice Jelly Spark Lip Balm 010 2,5г",471.0,471
"Likato Professional","Очищающая пенка против жирности кожи и постакне Likato Professional Post Acne 150мл",599.0,599
"Likato Professional","Спрей для экстра-прикорневого объёма Likato Professional h:root 120мл",899.0,899
"Catrice","Карандаш для губ Catrice Gel Glide Long-Lasting Lip Liner 050 1,5г",293.0,293
"Catrice","Карандаш для губ Catrice Gel Glide Long-Lasting Lip Liner 010 1,5г",293.0,293
"Catrice","Карандаш для губ Catrice Gel Glide Long-Lasting Lip Liner 020 1,5г",293.0,293
"The Act","Лосьон для тела с маслом вишни и миндаля The Act Virgin 300мл",869.0,869
"The Act","Скраб - бальзам для тела соляной с кокосом The Act exfoliating sea salt & coconut body balm 300г",749.0,749
"The Act","Крем для рук ламеллярный с натуральными маслами The Act Hand cream 65мл",599.0,599
"The Act","Скраб для тела сахарный The Act sugar exfoliating body scrub 300г",799.0,799
"The Act","Крем для рук ламеллярный The Act Hand cream XX 65мл",599.0,599
"The Act","Лосьон - тоник для лица очищающий The Act clarifying toning lotion 200мл",979.0,979
"The Act","Сыворотка для лица очищающая The Act clarifying face serum 50мл",1050.0,1050
"The Act","Масло для лица массажное The Act face oil 50мл",1150.0,1150
"The Act","Мицеллярная вода для лица без масел The Act Micellar Water",815.0,815
"The Act","Скраб для лица отшелушивающий The Act exfoliating face polish 65мл",899.0,899
"Catrice","Лак для ногтей Catrice Gel Affair Nail Lacquer 051 10,5мл",315.0,315
"Catrice","Блеск для губ Catrice Filler Supreme Lip Gloss 030 3,2мл",363.0,363
"Catrice","Блеск для губ Catrice Filler Supreme Lip Gloss 080 3,2мл",363.0,363
"Catrice","Блеск для губ Catrice Filler Supreme Lip Gloss 020 3,2мл",363.0,363
"Catrice","Карандаш для бровей Catrice Eye Brow Stylist 070 1,4г",309.0,309
"Catrice","Топпер для век в стике Catrice Drunk'n Diamonds Jelly Topper 020 2,5г",471.0,471
"Catrice","Помада для губ матовая Catrice Blur-real 020 3г",471.0,471
"Catrice","Помада для губ матовая Catrice Blur-real 040 3г",471.0,471
"Catrice","Помада для губ матовая Catrice Blur-real 030 3г",471.0,471
"Catrice","Тени для век Catrice Art Couleurs Eyeshadows 460 2г",315.0,315
"Kotex","Ежедневные прокладки Kotex Young 16шт",95.0,135
"Kotex","Тампоны Kotex Natural Супер 16шт",299.0,419
"Kotex","Тампоны Kotex Natural Нормал 16шт",299.0,419
"Molped","Женские прокладки с крылышками Molped Ultra Нормал 18шт",179.0,279
"White Glo","Отбеливающая зубная паста с кокосовым маслом White Glo Coconut oil shine 24г",99.0,99
"White Glo","Зубная паста с корректором цвета White Glo Purple colour corrector 100г",459.0,459
"Essence","Блеск для губ с эффектом увеличения объема Essence What the fake! Plumping lipgloss 103 4мл",409.0,409
"Essence","Блеск для губ с эффектом увеличения объема Essence What the fake! Plumping lipgloss 100 4мл",409.0,409
"Essence","Сыворотка для роста ресниц Essence What the length! lash growth serum 4мл",565.0,565
"Essence","Накладные ресницы Essence What the fake! false lashes 06",355.0,355
"L'OCO","Гель для волос с сильной фиксацией L'OCO Forte 330мл",499.0,499
"L'OCO","Гель для волос с сильной фиксацией L'OCO Forte 180мл",279.0,399
"Global White","Зубная щетка Global White Ежедневный уход Medium",329.0,479
"Essence","Ухаживающий бальзам для губ Essence The super peptide 05 10мл",377.0,377
"Essence","Ухаживающий бальзам для губ Essence The super peptide 06 10мл",355.0,355
"Colgate","Зубная щетка Colgate 360º Суперчистота всей полости рта средней жесткости 2+2",389.0,529
"Essence","Запеченные румяна для лица Essence Soft baked blush 10 4,5г",355.0,355
"Essence","Муссовые румяна для лица Essence Soft Touch mousse blush 40 5г",355.0,355
"Essence","Пудра для лица рассыпчатая фиксирующая Essence Silky Blur 10 9г",459.0,459
"Floresan","Мусс-флюид автозагар Floresan Sunless Tan Бронзовый Dark 150мл",279.0,399
"Essence","Тональная основа для лица Essence Silky Blur 168 30мл",609.0,609
"Essence","Тональная основа для лица Essence Silky Blur 155 30мл",609.0,609
"Essence","Тональная основа для лица Essence Silky Blur 170 30мл",609.0,609
"Essence","Тональная основа для лица Essence Silky Blur 120 30мл",609.0,609
"Essence","Консилер для лица Essence Silky Blur hydrating longwear concealer 170 10мл",409.0,409
"Essence","Консилер для лица Essence Silky Blur hydrating longwear concealer 180 10мл",409.0,409
"Essence","Консилер для лица Essence Silky Blur hydrating longwear concealer 150 10мл",409.0,409
"Essence","Карандаш для губ Essence POUTline soft glide lip pencil 04 0,62г",153.0,153
"Essence","Карандаш для губ Essence POUTline soft glide lip pencil 05 0,62г",153.0,153
"Essence","Помада для губ Essence Satin Glow luminous shine lipstick 07 3,5г",355.0,355
"Essence","Тени для век Essence mono eyeshadow glitter 02 2г",247.0,247
"Essence","Тени для век Essence mono eyeshadow matte 01 2г",241.0,241
"Essence","Тени для век Essence mono eyeshadow pearly 01 2г",241.0,241
"Essence","Лак для ногтей Essence Pearly glaze mini nail polish 16 5мл",153.0,153
"Essence","Масло для губ Essence Hydra kiss lip oil 11 4мл",355.0,355
"Essence","Фиксирующий спрей для лица Essence Glow like honey serum spray 50мл",409.0,409
"Essence","Бальзам для губ Essence GLOWcerin glycerin lip treatment 02 12г",447.0,447
"Essence","Лак для ногтей Essence gel nail polish 05 8мл",221.0,221
"Essence","Лак для ногтей Essence gel nail polish 23 8мл",221.0,221
"Essence","Лак для ногтей Essence gel nail polish 18 8мл",221.0,221
"Essence","Лак для ногтей Essence gel nail polish 29 8мл",221.0,221
"Essence","Лак для ногтей Essence gel nail polish 42 8мл",221.0,221
"Essence","Лак для ногтей Essence gel nail polish 09 8мл",221.0,221
"Essence","Лак для ногтей Essence gel nail polish 34 8мл",221.0,221
"Essence","Жидкая помада для губ матовая Essence Blur souffle 05 3,6мл",377.0,377
"Essence","Жидкая помада для губ матовая Essence Blur souffle 02 3,6мл",377.0,377
"Essence","Жидкая помада для губ матовая Essence Blur souffle 06 3,6мл",377.0,377
"Essence","Жидкая помада для губ матовая Essence Blur souffle 03 3,6мл",377.0,377
"Essence","Жидкая помада для губ матовая Essence Blur souffle 01 3,6мл",377.0,377
"Essence","Бальзам - хайлайтер для лица и тела Essence Balm of sunshine 10 16г",459.0,459
"Essence","Бальзам - хайлайтер для лица и тела Essence Balm of sunshine 20 16г",459.0,459
"Essence","Карандаш для губ Essence 8h Matte Comfort lipliner 21 0,3г",221.0,221
"Catrice","Праймер для лица пенящийся Catrice Soft Glam Foam 010 32,5мл",689.0,689
"Catrice","Фиксирующий спрей для лица Catrice Blend+Bond 55мл",553.0,553
"Catrice","Палетка теней для век Catrice Diamond Treasures Cream to Powder Eyeshadow 030 2,8г",445.0,445
"Catrice","Палетка теней для век Catrice Diamond Treasures Cream to Powder Eyeshadow 010 2,8г",445.0,445
"Catrice","Палетка теней для век Catrice Diamond Treasures Cream to Powder Eyeshadow 020 2,8г",445.0,445
"Catrice","Хайлайтер для лица в стике Catrice Glass Like 010 5,3г",553.0,553
"Catrice","Тушь для ресниц с эффектом объёма и удлинения Catrice Hyper Lash 020 11мл",689.0,689
"Catrice","Тушь для ресниц с эффектом объёма и удлинения Catrice Hyper Lash 010 11мл",689.0,689
"Catrice","Тени для век Catrice Art Couleurs Eyeshadows 430 2г",315.0,315
"Catrice","Пудра рассыпчатая для лица Catrice Bright & Blur 020 8г",583.0,583
"Catrice","Тени для век Catrice Art Couleurs Eyeshadows 450 2г",315.0,315
"Catrice","Фиксирующий спрей с эффектом сияния Catrice Shake Fix Glow Spray 50мл",553.0,553
"Dry Ru","Антиперспирант с парфюмом для активных женщин Dry Ru Active woman 150мл",549.0,549
"Dry Ru","Антиперспирант от обильного потоотделения Dry Ru Roll 50мл",995.0,995
"Ergolux","Лампа светодиодная Ergolux 10Вт 3000К теплый свет Е14",79.0,79
"Catrice","Помада для губ с мерцанием Catrice Diamond Glaze 010 1,6мл",553.0,553
"PresiDENT","Ополаскиватель для полости рта PresiDENT Antibacterial мощная защита от бактерий 400мл",499.0,499
"Mixit","Парфюмированный мист для тела и волос Mixit Spa Rituals Volcanic vanilla 150мл",336.0,449
"Mixit","Крем - баттер для тела Mixit Spa Rituals Blueberry yoghurt 250г",506.0,675
"Mixit","Крем - спрей для волос 15 в 1 Mixit Re:Start 250мл",351.0,469
"Mixit","Гель для душа Mixit Aroma Therapy Namaste 500мл",561.0,749
"Mixit","Очищающий гель с кислотами для проблемной кожи Mixit Stop Acne 150мл",449.0,599
"Old Spice","Мужской антиперспирант Old Spice Cold Spice 150мл",499.0,499
"Глисс Кур","Масло - уход для волос с эффектом термозащиты Глисс Кур 150мл",489.0,699
"Monic Beauty","Тканевая маска для лица с эффектом лифтинга Monic Beauty # Skin code Peptides 24мл",79.0,79
"Monic Beauty","Крем для рук антивозрастной Monic Beauty # Skin code Peptides 100мл",259.0,259
"Monic Beauty","Крем для рук увлажняющий Monic Beauty # Skin code Collagen and Hyaluronic acid 100мл",259.0,259
"Vivienne Sabo","Интенсивно обновляющий винный пилинг для лица Vivienne Sabo Skin Expertiq 33мл",529.0,679
"L'Oreal Paris","Крем для лица лифтинг-уход против морщин L'Oreal Paris Возраст Эксперт 45+ SPF 20 50мл",499.0,899
"Cool Rule","Лак для волос сверхсильной фиксации Cool Rule Кокосовый шейк 225мл",335.0,459
"Kaizer","Кусачки маникюрные двупружинные ручная заточка Kaizer PRO N-04-7D сатин хром",1390.0,1390
"Kloger","Средство для устранения засоров Kloger Professional Активные гранулы 600г",249.0,369
"Vivienne Sabo","Сыворотка для лица с липосомальным ретинолом 1,5% Vivienne Sabo Formule Anti-Age 30мл",759.0,939
"Stellary","Тушь для ресниц Stellary Aquamarine 03 Синий 12мл",299.0,299
"Love Generation","Палетка теней для век Love Generation In My Iconic Era 01 5г",839.0,839
"Love Generation","Блеск для губ Love Generation Gimme Glaze 10 3мл",379.0,379
"Love Generation","База под тени Love Generation Just My Type 01 4г",399.0,399
"Juicy Lab","Детский шампунь - кондиционер с блестками Juicy Lab Душистый Персик 3+ 250мл",269.0,399
"Juicy Lab","Детский гель для душа Juicy Lab Душистый Персик 3+ 400мл",279.0,399
"Divage","Палетка теней для век Divage Eye Game 03 4,5г",339.0,499
"Divage","Палетка теней для век Divage Eye Game 01 4,5г",339.0,499
"Aravia Professional","Спрей для волос солевой Текстурирующий Aravia Professional Texturizing Sea Salt Spray 250мл",605.0,605
"Aravia Professional","Крем Текстурирующий для кудрявых и вьющихся волос Aravia Professional Leave-In Hair Cream 100мл",473.0,473
"Concept","Шампунь - филлер для волос Concept Fusion Color Fix 500мл",549.0,549
"Concept","Шампунь - филлер для волос Concept Fusion Plumping Power 500мл",549.0,549
"Aravia Professional","Гель - стайлинг для укладки кудрявых и вьющихся волос Aravia Professional Curl Control Styling Gel 150мл",579.0,579
"Estel","Сыворотка - хайлайтер для лица Estel Secrets Мгновенное сияние 50мл",1290.0,1290
"Estel","Ночной крем - активатор для лица Estel Secrets Пробуждение красоты 50мл",1890.0,1890
"Estel","Крем - мультикоррекция для лица Estel Secrets Идеальные контуры 50мл",1790.0,1790
"Estel","Крем - акваимпульс для лица Estel Secrets Восхитительное увлажнение 50мл",1690.0,1690
"Vivolife","Бальзам для губ Боро 7 Комплексная защита Vivolife 12мл",175.0,175
"1 Toy","Ползун жуки 1 Toy 3+ 1шт",249.0,249
"Likato Professional","Сухой шампунь с эффектом объёма для всех типов волос Likato Professional 24/7 Hair Dry Shampoo Keratin 150мл",499.0,499
"Likato Professional","Пенка для умывания и поддержания микробиома кожи Likato Professional Microbiome гидробаланс 160мл",787.0,787
"Likato Professional","Тоник для интенсивного увлажнения Likato Professional Microbiome Hydra-focus 200мл",667.0,667
"Likato Professional","Двухфазная сыворотка - спрей для лица от прыщей Likato Professional Microbiome Anti-Acne 50мл",599.0,799
"Consly","Тканевая маска для лица смягчающая с экстрактом авокадо Consly Clear Line 25мл",99.0,99
"Beauty Bomb","Палетка теней для век двойная Beauty Bomb Double Eyeshadow 03 3,4г",499.0,499
"Beauty Bomb","Палетка теней для век двойная Beauty Bomb Double Eyeshadow 04 3,4г",499.0,499
"Beauty Bomb","Палетка теней для век двойная Beauty Bomb Double Eyeshadow 01 3,4г",499.0,499
"Stellary","Карандаш для губ Stellary Lipliner 13 1,35г",289.0,289
"Stellary","Карандаш для губ Stellary Lipliner 11 1,35г",289.0,289
"Stellary","Карандаш для губ Stellary Lipliner 02 1,35г",289.0,289
"Stellary","Карандаш для губ Stellary Lipliner 14 1,35г",289.0,289
"Divage","Помада для губ Divage Praline 14 4г",399.0,399
"Love Generation","Гелевый карандаш для век Love Generation Color Bunny 07 1,3г",409.0,409
"Love Generation","Гелевый карандаш для век Love Generation Color Bunny 04 1,3г",409.0,409
"Я Самая","Мицеллярная вода для лица , глаз и губ Я Самая гипоаллергенная для всех типов кожи 100мл",99.0,99
"NSC","Масло для кутикулы с жасмином NSC Jasmine 3,5мл",349.0,349
"FarmStay","Отшелушивающий гель - скатка для лица с экстрактом авокадо FarmStay Real Avocado Tea Deep Clear Peeling Gel 100мл",299.0,549
"FarmStay","Восстанавливающая ночная маска для лица с центеллой FarmStay Cica Farm 4мл",105.0,105
"1 Toy","Набор для опытов 1 Toy БИОсфера Рыба-ёж",179.0,179
"SoWell","Лак для волос для придания объема сильной фиксации SoWell Volumizer finishing spray 100мл",399.0,399
"SoWell","Лак для волос для придания объема сильной фиксации SoWell Volumizer finishing spray 400мл",699.0,699
"STUDIO","Стойкая крем - краска для волос STUDIO 3D Holography 3.56 Темная вишня",199.0,199
"STUDIO","Стойкая крем - краска для волос STUDIO 3D Holography 7.11 Холодный пепельно-русый",199.0,199
"Рецепты Чистоты","Крем - мыло твердое Рецепты Чистоты Манго и экстракт мелиссы 100г",51.0,69
"L'OCO","Гель для укладки с эффектом мокрых волос L'OCO Get Wet Look 100мл",279.0,279
"L'OCO","Гель для укладки с эффектом мокрых волос L'OCO Get Wet Look 180мл",279.0,399
"L'OCO","Гель для укладки кудрявых волос L'OCO Brilliantine Gel 120мл",279.0,279
"Skinphoria","Увлажняющая сыворотка для лица с гиалуроновой кислотой Skinphoria Hyaluronic Acid 30мл",489.0,489
"Skinphoria","Пилинг для лица с кислотами Skinphoria Red Blood Peeling 30мл",419.0,599
"Skinphoria","Очищающая глиняная маска для лица Skinphoria Clean-Up Clay Mask 75мл",475.0,475
"Skinphoria","Смягчающий , успокаивающий крем - комфорт для чувствительной кожи лица Skinphoria Sensitive Care Cream 50мл",349.0,499
"Skinphoria","Увлажняющий , успокаивающий крем для лица Skinphoria Hydrating and Calming Cream 50мл",499.0,499
"Skinphoria","Интенсивная увлажняющая маска для лица Skinphoria Extra-Hydrating Mask 75мл",499.0,499
"To My Skin","Сыворотка для лица Ботокс-эффект To My Skin Peptide + Hyaluronic 30мл",849.0,849
"To My Skin","Антивозрастная сыворотка для лица To My Skin Retinol + Vitamin C 30мл",849.0,849
"Solzao","Крем для тела Solzao Ipanema Girl Сияние и упругость 250мл",569.0,779
"Феникс+","Скрепки - закладки Феникс+ Енот и Лиса 2шт",149.0,149
"Феникс+","Скрепки - закладки Феникс+ Звери в шапках 2шт",149.0,149
"Феникс+","Скрепки - закладки Феникс+ Капибара 2шт",149.0,149
"Феникс+","Скрепки - закладки Феникс+ Мишка-сердечко 2шт",149.0,149
"Феникс+","Скрепки - закладки Феникс+ Кот и Корги 2шт",149.0,149
"Сомат","Таблетки для посудомоечных машин Сомат All in One Extra 100шт",1490.0,2650
"SEMILY","Тоник для лица SEMILY Ice Face Tonic Hydration and Radiance 200мл",369.0,639
"SEMILY","Энзимная пудра для умывания SEMILY Enzyme Powder Ultra Peeling 75г",469.0,799
"SEMILY","Тонизирующая маска для лица SEMILY Cold Mask After Party 50мл",349.0,729
"SEMILY","Крем для кожи вокруг глаз SEMILY Collagen Eye Zone 25г",369.0,639
"SEMILY","Увлажняющая маска для лица SEMILY Wave Mask Hydra Revolution 50мл",369.0,639
"Асепта","Детская зубная паста с фторидом Асепта For Teens Сочные фрукты от 8 лет 50мл",249.0,329
"Асепта","Детская гелевая зубная паста Асепта for kids со вкусом Тутти-фрутти от 4 до 8 лет 50мл",219.0,279
"Divage","Карандаш для бровей Divage Brow Addiction 01 0,24г",549.0,549
"Divage","Румяна для лица Divage Solo compact blush 09 2г",339.0,499
"Divage","Румяна для лица Divage Solo compact blush 08 2г",339.0,499
"Divage","Пудра для лица Divage Matte Touch 04 10г",629.0,629
"Divage","Пудра для лица Divage Matte Touch 02 10г",629.0,629
"Stellary Skin Studio","Обновляющий красный пилинг для лица Stellary Skin Studio Superfood 30мл",549.0,549
"Stellary Skin Studio","Гидрофильный бальзам для снятия макияжа Stellary Skin Studio Superfood 40мл",425.0,599
"Divage","Карандаш для бровей Divage Brow Addiction 04 0,24г",549.0,549
"Divage","Карандаш для бровей Divage Brow Addiction 02 0,24г",549.0,549
"Divage","Карандаш для бровей Divage Brow Addiction 03 0,24г",549.0,549
"Stellary Skin Studio","Пенка для умывания Stellary Skin Studio Hydrogen Очищение и увлажнение 160мл",485.0,485
"Русская косметика","Жидкое мыло для рук Русская косметика с биокомплексом 7 масел 500мл",244.0,349
"Divage","Помада для губ Divage Praline 13 4г",399.0,399
"Divage","Помада для губ Divage Praline 15 4г",399.0,399
"Divage","Консилер для лица Divage Matte Touch 02 4мл",549.0,549
"Divage","Консилер для лица Divage Matte Touch 02N 4мл",549.0,549
"Divage","Консилер для лица Divage Matte Touch 01N 4мл",549.0,549
"Divage","Бальзам для губ Divage Glow Therapy 06 12мл",329.0,549
"Divage","Жидкая глянцевая помада для губ Divage Glaze Fusion 03 3,7мл",399.0,619
"Divage","Жидкая глянцевая помада для губ Divage Glaze Fusion 01 3,7мл",399.0,619
"Divage","Жидкая глянцевая помада для губ Divage Glaze Fusion 04 3,7мл",399.0,619
"Divage","Жидкая глянцевая помада для губ Divage Glaze Fusion 02 3,7мл",399.0,619
"Divage","Карандаш для век Divage On The Way 05 1,1г",219.0,219
"Divage","Карандаш для век Divage On The Way 04 1,1г",219.0,219
"Divage","Карандаш для век Divage On The Way 06 1,1г",219.0,219
"Divage","Помада - бальзам для губ Divage Melting 01 2,8г",499.0,499
"Divage","Карандаш для век Divage On The Way 03 1,1г",219.0,219
"Love Generation","Кремовый тинт для губ Love Generation I'm Horny 05 3мл",549.0,549
"Stellary","Автоматический карандаш для бровей Stellary Brow Sculpting pencil 01 0,08г",575.0,575
"Stellary","Тональный крем с сатиновым финишем Stellary Skin Privilege 05 21мл",949.0,949
"Stellary","Тональный крем с сатиновым финишем Stellary Skin Privilege 03 21мл",949.0,949
"Stellary","Тональный крем с сатиновым финишем Stellary Skin Privilege 02 21мл",949.0,949
"Miamitats","Кристаллы для лица , тела и волос Miamitats She glam",490.0,490
"To My Skin","Очищающий гель для умывания To My Skin Vitamin C + Niacinamide 200мл",579.0,749
"SEMILY","Матирующая пенка для умывания SEMILY Matte Face Foam Anti-Acne 150мл",369.0,639
"SEMILY","Себорегулирующий гель для умывания SEMILY Face Cleancer Gel Anti-Acne 200мл",369.0,639
"SEMILY","Увлажняющий тоник для лица SEMILY Hyaluronic Face Tonic 200мл",369.0,639
"Nokso'","Пилинг - скатка для лица с ментолом Nokso' Fresh peeling gel 100мл",429.0,769
"SEMILY","Отшелушивающая пенка для умывания SEMILY Ice Face Foam 150мл",369.0,639
"CLEAN+","Энзимная пудра для умывания CLEAN+ Vitamin C + 110мл",995.0,995
"CLEAN+","Энзимная пудра для умывания CLEAN+ Acne Control 110мл",995.0,995
"Monic Beauty","Тканевая маска для лица Monic Beauty Avocado 24мл",59.0,79
"Estrade","Стойкий тональный крем для лица Estrade Cloud Skin 33 24мл",519.0,519
"Divage","Блеск для губ Divage Gloss story 06 4мл",245.0,445
"Без бренда","Женский подарочный набор Believe in magic ( крем для рук 30мл + пилочка для ногтей ) в ассортименте",85.0,169
"Без бренда","Женский подарочный набор Happy New Year ( крем для рук 30мл + пилочка для ногтей ) в ассортименте",79.0,159
"Без бренда","Женский подарочный набор Cinnamon & Candy ( гель для душа 120мл + лосьон для тела 120мл + мочалка для тела ) в ассортименте",249.0,499
"Без бренда","Женский подарочный набор Orange ( крем для рук 30мл + пилочка для ногтей ) в ассортименте",79.0,159
"Без бренда","Женский подарочный набор Lavender ( крем для рук 30мл + мыло твердое 30г + пилочка для ногтей ) в ассортименте",157.0,315
"PresiDENT","Зубная паста PresiDENT White & Yummy Арбузно-мятный сорбет 75г",324.0,499
"Estel","Фиксирующий гель для укладки бровей Estel Only Brow Светло-коричневый 13мл",249.0,499
"Тоника","Оттеночный шампунь для волос Тоника Огненно-красный 25мл",79.0,79
"Influence Beauty","Тени для век в стике Influence Beauty Neostylus 08 1,1г",599.0,859
"Influence Beauty","Тени для век в стике Influence Beauty Neostylus 02 1,1г",599.0,859
"Influence Beauty","Тени для век в стике Influence Beauty Neostylus 07 1,1г",599.0,859
"Estrade","Консилер для лица Estrade Good morning! 22 4,8мл",345.0,345
"Estrade","Консилер для лица Estrade Good morning! 23 4,8мл",345.0,345
"L'Oreal Paris","Маркер для бровей L'Oreal Paris Infaillible Faux Brow dark blonde 1мл",1690.0,1690
"L'Oreal Paris","Маркер для бровей L'Oreal Paris Infaillible Faux Brow Blonde 1мл",1690.0,1690
"L'Oreal Paris","Маркер для бровей L'Oreal Paris Infaillible Faux Brow Light brunette 1мл",1690.0,1690
"L'Oreal Paris","Водостойкая тушь для ресниц L'Oreal Paris Paradise Big Deal waterproof Черная 9,9мл",1192.0,1590
"L'Oreal Paris","Тональный крем - консилер для лица 2 в 1 L'Oreal Paris Infaillible Skin Ink 130 15мл",2070.0,2070
"L'Oreal Paris","Тональный крем - консилер для лица 2 в 1 L'Oreal Paris Infaillible Skin Ink 180 15мл",2070.0,2070
"L'Oreal Paris","Тональный крем - консилер для лица 2 в 1 L'Oreal Paris Infaillible Skin Ink 20 15мл",2070.0,2070
"L'Oreal Paris","Тональный крем - консилер для лица 2 в 1 L'Oreal Paris Infaillible Skin Ink 100 15мл",2070.0,2070
"L'Oreal Paris","Тональный крем - консилер для лица 2 в 1 L'Oreal Paris Infaillible Skin Ink 40 15мл",2070.0,2070
"L'Oreal Paris","Тональный крем - консилер для лица 2 в 1 L'Oreal Paris Infaillible Skin Ink 15 15мл",2070.0,2070
"CLEAN+","Крем для лица с витамином Е , ниацинамидом CLEAN+ Retinol 50мл",749.0,749
"CLEAN+","Гель для умывания CLEAN+ Anti Age Power 200мл",799.0,799
"CLEAN+","Сыворотка для лица с пептидами CLEAN+ Peptide Power 30мл",995.0,995
"CLEAN+","Тоник для лица с муцином улитки и пионом CLEAN+ Anti Age Power 200мл",949.0,949
"CLEAN+","Сыворотка для лица с коллагеном CLEAN+ Retinol 30мл",995.0,995
"Catrice","Блеск для губ Catrice Gloss Obsessed Lip Glaze 020 2,5мл",315.0,315
"Catrice","Блеск для губ Catrice Gloss Obsessed Lip Glaze 030 2,5мл",315.0,315
"Catrice","Блеск для губ Catrice Gloss Obsessed Lip Glaze 040 2,5мл",315.0,315
"Catrice","Блеск для губ Catrice Gloss Obsessed Lip Glaze 050 2,5мл",315.0,315
"Catrice","Жидкая матовая помада для губ Catrice Endless Matte Liquid Lipstick 050 4,5мл",553.0,553
"Estel","Шампунь - шелк для волос с ценными маслами Estel Обними ' Сердце сияния ' 30мл",109.0,109
"ICON SKIN","Пилинг для проблемной кожи ICON SKIN Re:Program 18% Anti-Acne Peel System 30мл",1690.0,1690
"ICON SKIN","Увлажняющая сыворотка - концентрат для лица с гиалуроновой кислотой ICON SKIN Smart Feel the moist Booster Serum 30мл",1890.0,1890
"Love Generation","Масло - блеск для губ Love Generation Glossifyer 03 3,5мл",389.0,539
"Love Generation","Масло - блеск для губ Love Generation Glossifyer 06 3,5мл",389.0,539
"Essence","Накладные ресницы Essence What the fake! false lashes 03",355.0,355
"Essence","Гелевый карандаш для век Essence Satin Blend gel eyeliner 02 0,22г",355.0,355
"Essence","Блеск для губ Essence Extreme shine volume lipgloss 16 5мл",247.0,247
"Essence","Лак для ногтей Essence fairy Frost 01 8мл",241.0,241
"Essence","Карандаш для губ Essence 8h Matte Comfort lipliner 19 0,3г",221.0,221
"Essence","Тени для век в стике Essence Jelly Jewels glitter stick 01 2,5г",459.0,459
"Essence","Тени для век в стике Essence Jelly Jewels glitter stick 03 2,5г",459.0,459
"Essence","Лак для ногтей Essence fairy Rose 03 8мл",241.0,241
"Essence","Гелевый карандаш для век Essence Satin Blend gel eyeliner 01 0,22г",355.0,355
"Essence","Масло для губ Essence Hydra kiss lip oil 09 4мл",355.0,355
"Essence","Лак для ногтей Essence fairy Shimmer 05 8мл",241.0,241
"Essence","Масло для ногтей Essence Juicy Nail 01 11мл",409.0,409
"Essence","Блеск для губ Essence Extreme shine volume lipgloss 17 5мл",247.0,247
"Essence","Скраб для губ Essence Lip swirl sugar scrub 8г",355.0,355
"Essence","Накладные ресницы Essence What the fake! false lashes 04",355.0,355
"Essence","База под тушь Essence Curl fixing lash base 7мл",409.0,409
"Essence","Лак для ногтей Essence fairy Pink 04 8мл",241.0,241
"Essence","Лак для ногтей Essence fairy Cloud 02 8мл",241.0,241
"Essence","Матовый консилер для лица Essence Camouflage+ matt 70 8мл",355.0,355
"Essence","Помада для губ меняющая оттенок Essence Aqua Jelly 2,8г",377.0,377
"Essence","Бронзер для лица Essence Soft touch butter bronzer 40 10г",355.0,355
"Essence","Матовый консилер для лица Essence Camouflage+ matt 80 8мл",355.0,355
"Essence","Водостойкая тушь для ресниц Essence Lash without limits waterproof 03 13мл",459.0,459
"Essence","Румяна для лица Essence Soft touch bouncy blush 40 5г",293.0,293
"Essence","Бронзер для лица Essence Soft touch butter bronzer 10 10г",355.0,355
"Essence","Объёмная тушь для ресниц Essence Lash without limits tubing 04 13мл",459.0,459
"Essence","Хайлайтер для лица Essence Soft touch bouncy glow 30 4г",355.0,355
"Essence","Помада для губ Essence Satin Glow luminous shine lipstick 02 3,5г",355.0,355
"Essence","Базовое покрытие осветляющее Essence The Active Whitener 8мл",241.0,241
"Essence","Румяна для лица Essence Soft touch bouncy blush 30 5г",293.0,293
"Essence","Маска для губ Essence Lip swirl caring mask 01 8г",355.0,355
"Essence","Тинт для губ и лица Essence What A Tint! staining lip & cheek tint 20 5г",377.0,377
"Essence","Бронзер для лица Essence Soft touch butter bronzer 30 10г",355.0,355
"Essence","Бронзер для лица Essence Soft touch butter bronzer 20 10г",355.0,355
"Essence","Подводка для век с эффектом металлик Essence Colour it! metallic liquid eyeliner 02 3мл",377.0,377
"Essence","Помада для губ Essence Satin Glow luminous shine lipstick 06 3,5г",355.0,355
"Essence","Тинт для губ Essence Hydra kiss Lip Tint 02 4мл",355.0,355
"Essence","Кремовые тени для век Essence Cream eyeshadow 03 5г",409.0,409
"Essence","Гидрогелевые патчи для век Essence Hydro gel eyepatches eyespresso 30 пар",913.0,913
"Essence","Матовый консилер для лица Essence Camouflage+ matt 120 8мл",355.0,355
"Essence","Матовый консилер для лица Essence Camouflage+ matt 90 8мл",355.0,355
"Beauty Bomb","Объёмная тушь для ресниц Beauty Bomb Piercy Drama Volume Mascara 01 9мл",451.0,645
"Beauty Bomb","Удлиняющая тушь для ресниц Beauty Bomb Piercy Supreme Lash Mascara 9мл",451.0,645
"Beauty Bomb","Увлажняющий тональный крем для лица Beauty Bomb Waterbomb 01 25мл",699.0,699
"Fitness SHOK","Изделие кондитерское глазированное Брауни белый шоколад и фисташка Fitness SHOK Protein Brownie 50г",149.0,149
"Himalaya Herbals","Очищающий скраб для лица Himalaya Herbals с нимом , для нормальной и жирной кожи 75мл",229.0,229
